gridmet_id,usdm_week,usdm_week_str,usdm_raw,usdm_missing_reason,usdm_category,usdm_intensity,is_abnormally_dry_D0_plus,is_drought_D1_plus,is_severe_D2_plus,is_extreme_D3_plus
fire_00001,2016-04-19,20160419,3,,D3,3.0,1.0,1.0,1.0,1.0
fire_00009,2016-05-03,20160503,4,,D4,4.0,1.0,1.0,1.0,1.0
fire_00010,2016-05-10,20160510,4,,D4,4.0,1.0,1.0,1.0,1.0
fire_00011,2016-05-10,20160510,3,,D3,3.0,1.0,1.0,1.0,1.0
fire_00012,2016-05-10,20160510,2,,D2,2.0,1.0,1.0,1.0,0.0
fire_00003,2016-05-17,20160517,4,,D4,4.0,1.0,1.0,1.0,1.0
fire_00004,2016-05-17,20160517,4,,D4,4.0,1.0,1.0,1.0,1.0
fire_00005,2016-05-17,20160517,3,,D3,3.0,1.0,1.0,1.0,1.0
fire_00002,2016-05-24,20160524,3,,D3,3.0,1.0,1.0,1.0,1.0
fire_00007,2016-05-24,20160524,1,,D1,1.0,1.0,1.0,0.0,0.0
fire_00008,2016-05-24,20160524,1,,D1,1.0,1.0,1.0,0.0,0.0
fire_00013,2016-05-24,20160524,3,,D3,3.0,1.0,1.0,1.0,1.0
fire_00006,2016-05-31,20160531,3,,D3,3.0,1.0,1.0,1.0,1.0
fire_00019,2016-05-31,20160531,2,,D2,2.0,1.0,1.0,1.0,0.0
fire_00020,2016-05-31,20160531,3,,D3,3.0,1.0,1.0,1.0,1.0
fire_00021,2016-05-31,20160531,2,,D2,2.0,1.0,1.0,1.0,0.0
fire_00022,2016-05-31,20160531,3,,D3,3.0,1.0,1.0,1.0,1.0
fire_00023,2016-05-31,20160531,4,,D4,4.0,1.0,1.0,1.0,1.0
fire_00031,2016-05-31,20160531,-1,,None,0.0,0.0,0.0,0.0,0.0
fire_00024,2016-06-07,20160607,0,,D0,0.0,1.0,0.0,0.0,0.0
fire_00028,2016-06-07,20160607,1,,D1,1.0,1.0,1.0,0.0,0.0
fire_00029,2016-06-07,20160607,4,,D4,4.0,1.0,1.0,1.0,1.0
fire_00030,2016-06-07,20160607,4,,D4,4.0,1.0,1.0,1.0,1.0
fire_00032,2016-06-07,20160607,4,,D4,4.0,1.0,1.0,1.0,1.0
fire_00014,2016-06-14,20160614,1,,D1,1.0,1.0,1.0,0.0,0.0
fire_00017,2016-06-14,20160614,1,,D1,1.0,1.0,1.0,0.0,0.0
fire_00018,2016-06-14,20160614,1,,D1,1.0,1.0,1.0,0.0,0.0
fire_00025,2016-06-14,20160614,2,,D2,2.0,1.0,1.0,1.0,0.0
fire_00026,2016-06-14,20160614,3,,D3,3.0,1.0,1.0,1.0,1.0
fire_00027,2016-06-14,20160614,4,,D4,4.0,1.0,1.0,1.0,1.0
fire_00034,2016-06-14,20160614,1,,D1,1.0,1.0,1.0,0.0,0.0
fire_00015,2016-06-21,20160621,3,,D3,3.0,1.0,1.0,1.0,1.0
fire_00016,2016-06-21,20160621,2,,D2,2.0,1.0,1.0,1.0,0.0
fire_00033,2016-06-21,20160621,1,,D1,1.0,1.0,1.0,0.0,0.0
fire_00035,2016-06-21,20160621,4,,D4,4.0,1.0,1.0,1.0,1.0
fire_00036,2016-06-21,20160621,4,,D4,4.0,1.0,1.0,1.0,1.0
fire_00037,2016-06-21,20160621,3,,D3,3.0,1.0,1.0,1.0,1.0
fire_00038,2016-06-21,20160621,4,,D4,4.0,1.0,1.0,1.0,1.0
fire_00039,2016-06-21,20160621,3,,D3,3.0,1.0,1.0,1.0,1.0
fire_00040,2016-06-21,20160621,3,,D3,3.0,1.0,1.0,1.0,1.0
fire_00041,2016-06-21,20160621,1,,D1,1.0,1.0,1.0,0.0,0.0
fire_00042,2016-06-21,20160621,1,,D1,1.0,1.0,1.0,0.0,0.0
fire_00043,2016-06-21,20160621,2,,D2,2.0,1.0,1.0,1.0,0.0
fire_00047,2016-06-28,20160628,1,,D1,1.0,1.0,1.0,0.0,0.0
fire_00048,2016-06-28,20160628,4,,D4,4.0,1.0,1.0,1.0,1.0
fire_00049,2016-06-28,20160628,4,,D4,4.0,1.0,1.0,1.0,1.0
fire_00050,2016-06-28,20160628,1,,D1,1.0,1.0,1.0,0.0,0.0
fire_00051,2016-06-28,20160628,4,,D4,4.0,1.0,1.0,1.0,1.0
fire_00052,2016-06-28,20160628,4,,D4,4.0,1.0,1.0,1.0,1.0
fire_00053,2016-06-28,20160628,3,,D3,3.0,1.0,1.0,1.0,1.0
fire_00055,2016-06-28,20160628,4,,D4,4.0,1.0,1.0,1.0,1.0
fire_00056,2016-06-28,20160628,3,,D3,3.0,1.0,1.0,1.0,1.0
fire_00057,2016-06-28,20160628,4,,D4,4.0,1.0,1.0,1.0,1.0
fire_00044,2016-07-05,20160705,3,,D3,3.0,1.0,1.0,1.0,1.0
fire_00045,2016-07-05,20160705,4,,D4,4.0,1.0,1.0,1.0,1.0
fire_00046,2016-07-05,20160705,0,,D0,0.0,1.0,0.0,0.0,0.0
fire_00054,2016-07-05,20160705,2,,D2,2.0,1.0,1.0,1.0,0.0
fire_00058,2016-07-05,20160705,3,,D3,3.0,1.0,1.0,1.0,1.0
fire_00059,2016-07-05,20160705,3,,D3,3.0,1.0,1.0,1.0,1.0
fire_00060,2016-07-05,20160705,3,,D3,3.0,1.0,1.0,1.0,1.0
fire_00062,2016-07-05,20160705,4,,D4,4.0,1.0,1.0,1.0,1.0
fire_00063,2016-07-05,20160705,3,,D3,3.0,1.0,1.0,1.0,1.0
fire_00061,2016-07-12,20160712,2,,D2,2.0,1.0,1.0,1.0,0.0
fire_00064,2016-07-12,20160712,4,,D4,4.0,1.0,1.0,1.0,1.0
fire_00065,2016-07-12,20160712,3,,D3,3.0,1.0,1.0,1.0,1.0
fire_00066,2016-07-12,20160712,3,,D3,3.0,1.0,1.0,1.0,1.0
fire_00067,2016-07-12,20160712,1,,D1,1.0,1.0,1.0,0.0,0.0
fire_00068,2016-07-12,20160712,0,,D0,0.0,1.0,0.0,0.0,0.0
fire_00070,2016-07-19,20160719,3,,D3,3.0,1.0,1.0,1.0,1.0
fire_00071,2016-07-19,20160719,1,,D1,1.0,1.0,1.0,0.0,0.0
fire_00072,2016-07-19,20160719,3,,D3,3.0,1.0,1.0,1.0,1.0
fire_00073,2016-07-19,20160719,0,,D0,0.0,1.0,0.0,0.0,0.0
fire_00074,2016-07-19,20160719,4,,D4,4.0,1.0,1.0,1.0,1.0
fire_00075,2016-07-19,20160719,1,,D1,1.0,1.0,1.0,0.0,0.0
fire_00083,2016-07-19,20160719,1,,D1,1.0,1.0,1.0,0.0,0.0
fire_00084,2016-07-19,20160719,3,,D3,3.0,1.0,1.0,1.0,1.0
fire_00085,2016-07-19,20160719,1,,D1,1.0,1.0,1.0,0.0,0.0
fire_00069,2016-07-26,20160726,3,,D3,3.0,1.0,1.0,1.0,1.0
fire_00086,2016-07-26,20160726,4,,D4,4.0,1.0,1.0,1.0,1.0
fire_00087,2016-07-26,20160726,3,,D3,3.0,1.0,1.0,1.0,1.0
fire_00088,2016-07-26,20160726,2,,D2,2.0,1.0,1.0,1.0,0.0
fire_00090,2016-07-26,20160726,1,,D1,1.0,1.0,1.0,0.0,0.0
fire_00091,2016-07-26,20160726,1,,D1,1.0,1.0,1.0,0.0,0.0
fire_00092,2016-07-26,20160726,1,,D1,1.0,1.0,1.0,0.0,0.0
fire_00089,2016-08-02,20160802,3,,D3,3.0,1.0,1.0,1.0,1.0
fire_00093,2016-08-02,20160802,4,,D4,4.0,1.0,1.0,1.0,1.0
fire_00094,2016-08-02,20160802,3,,D3,3.0,1.0,1.0,1.0,1.0
fire_00095,2016-08-02,20160802,2,,D2,2.0,1.0,1.0,1.0,0.0
fire_00097,2016-08-02,20160802,3,,D3,3.0,1.0,1.0,1.0,1.0
fire_00098,2016-08-02,20160802,4,,D4,4.0,1.0,1.0,1.0,1.0
fire_00099,2016-08-02,20160802,1,,D1,1.0,1.0,1.0,0.0,0.0
fire_00100,2016-08-02,20160802,4,,D4,4.0,1.0,1.0,1.0,1.0
fire_00102,2016-08-02,20160802,0,,D0,0.0,1.0,0.0,0.0,0.0
fire_00096,2016-08-09,20160809,2,,D2,2.0,1.0,1.0,1.0,0.0
fire_00101,2016-08-09,20160809,3,,D3,3.0,1.0,1.0,1.0,1.0
fire_00103,2016-08-09,20160809,0,,D0,0.0,1.0,0.0,0.0,0.0
fire_00104,2016-08-09,20160809,3,,D3,3.0,1.0,1.0,1.0,1.0
fire_00105,2016-08-09,20160809,1,,D1,1.0,1.0,1.0,0.0,0.0
fire_00106,2016-08-09,20160809,4,,D4,4.0,1.0,1.0,1.0,1.0
fire_00107,2016-08-09,20160809,0,,D0,0.0,1.0,0.0,0.0,0.0
fire_00111,2016-08-16,20160816,3,,D3,3.0,1.0,1.0,1.0,1.0
fire_00115,2016-08-16,20160816,3,,D3,3.0,1.0,1.0,1.0,1.0
fire_00116,2016-08-16,20160816,0,,D0,0.0,1.0,0.0,0.0,0.0
fire_00120,2016-08-16,20160816,4,,D4,4.0,1.0,1.0,1.0,1.0
fire_00121,2016-08-16,20160816,0,,D0,0.0,1.0,0.0,0.0,0.0
fire_00076,2016-08-23,20160823,3,,D3,3.0,1.0,1.0,1.0,1.0
fire_00112,2016-08-23,20160823,0,,D0,0.0,1.0,0.0,0.0,0.0
fire_00113,2016-08-23,20160823,4,,D4,4.0,1.0,1.0,1.0,1.0
fire_00114,2016-08-23,20160823,0,,D0,0.0,1.0,0.0,0.0,0.0
fire_00118,2016-08-23,20160823,1,,D1,1.0,1.0,1.0,0.0,0.0
fire_00119,2016-08-23,20160823,3,,D3,3.0,1.0,1.0,1.0,1.0
fire_00123,2016-08-23,20160823,4,,D4,4.0,1.0,1.0,1.0,1.0
fire_00124,2016-08-23,20160823,1,,D1,1.0,1.0,1.0,0.0,0.0
fire_00077,2016-08-30,20160830,3,,D3,3.0,1.0,1.0,1.0,1.0
fire_00078,2016-08-30,20160830,1,,D1,1.0,1.0,1.0,0.0,0.0
fire_00080,2016-08-30,20160830,3,,D3,3.0,1.0,1.0,1.0,1.0
fire_00081,2016-08-30,20160830,1,,D1,1.0,1.0,1.0,0.0,0.0
fire_00109,2016-08-30,20160830,3,,D3,3.0,1.0,1.0,1.0,1.0
fire_00110,2016-08-30,20160830,2,,D2,2.0,1.0,1.0,1.0,0.0
fire_00079,2016-09-06,20160906,0,,D0,0.0,1.0,0.0,0.0,0.0
fire_00082,2016-09-06,20160906,0,,D0,0.0,1.0,0.0,0.0,0.0
fire_00108,2016-09-06,20160906,2,,D2,2.0,1.0,1.0,1.0,0.0
fire_00117,2016-09-06,20160906,1,,D1,1.0,1.0,1.0,0.0,0.0
fire_00122,2016-09-06,20160906,1,,D1,1.0,1.0,1.0,0.0,0.0
fire_00125,2016-09-06,20160906,0,,D0,0.0,1.0,0.0,0.0,0.0
fire_00127,2016-09-06,20160906,1,,D1,1.0,1.0,1.0,0.0,0.0
fire_00128,2016-09-06,20160906,3,,D3,3.0,1.0,1.0,1.0,1.0
fire_00126,2016-09-13,20160913,1,,D1,1.0,1.0,1.0,0.0,0.0
fire_00129,2016-09-13,20160913,1,,D1,1.0,1.0,1.0,0.0,0.0
fire_00130,2016-09-13,20160913,4,,D4,4.0,1.0,1.0,1.0,1.0
fire_00131,2016-09-13,20160913,1,,D1,1.0,1.0,1.0,0.0,0.0
fire_00132,2016-09-13,20160913,4,,D4,4.0,1.0,1.0,1.0,1.0
fire_00135,2016-09-13,20160913,1,,D1,1.0,1.0,1.0,0.0,0.0
fire_00133,2016-09-20,20160920,4,,D4,4.0,1.0,1.0,1.0,1.0
fire_00134,2016-09-20,20160920,1,,D1,1.0,1.0,1.0,0.0,0.0
fire_00136,2016-09-20,20160920,2,,D2,2.0,1.0,1.0,1.0,0.0
fire_00137,2016-09-20,20160920,3,,D3,3.0,1.0,1.0,1.0,1.0
fire_00138,2016-09-20,20160920,3,,D3,3.0,1.0,1.0,1.0,1.0
fire_00139,2016-09-20,20160920,1,,D1,1.0,1.0,1.0,0.0,0.0
fire_00140,2016-09-20,20160920,1,,D1,1.0,1.0,1.0,0.0,0.0
fire_00141,2016-09-20,20160920,1,,D1,1.0,1.0,1.0,0.0,0.0
fire_00142,2016-09-20,20160920,0,,D0,0.0,1.0,0.0,0.0,0.0
fire_00000,2016-10-04,20161004,0,,D0,0.0,1.0,0.0,0.0,0.0
fire_00143,2016-10-04,20161004,3,,D3,3.0,1.0,1.0,1.0,1.0
fire_00144,2016-10-11,20161011,2,,D2,2.0,1.0,1.0,1.0,0.0
fire_00147,2016-10-18,20161018,4,,D4,4.0,1.0,1.0,1.0,1.0
fire_00148,2016-10-25,20161025,4,,D4,4.0,1.0,1.0,1.0,1.0
fire_00145,2016-11-08,20161108,3,,D3,3.0,1.0,1.0,1.0,1.0
fire_00146,2016-11-08,20161108,4,,D4,4.0,1.0,1.0,1.0,1.0
fire_00150,2017-03-28,20170328,-1,,None,0.0,0.0,0.0,0.0,0.0
fire_00151,2017-03-28,20170328,-1,,None,0.0,0.0,0.0,0.0,0.0
fire_00152,2017-04-11,20170411,0,,D0,0.0,1.0,0.0,0.0,0.0
fire_00153,2017-04-18,20170418,0,,D0,0.0,1.0,0.0,0.0,0.0
fire_00154,2017-04-18,20170418,-1,,None,0.0,0.0,0.0,0.0,0.0
fire_00155,2017-04-25,20170425,-1,,None,0.0,0.0,0.0,0.0,0.0
fire_00156,2017-04-25,20170425,0,,D0,0.0,1.0,0.0,0.0,0.0
fire_00157,2017-04-25,20170425,0,,D0,0.0,1.0,0.0,0.0,0.0
fire_00158,2017-04-25,20170425,0,,D0,0.0,1.0,0.0,0.0,0.0
fire_00159,2017-04-25,20170425,1,,D1,1.0,1.0,1.0,0.0,0.0
fire_00160,2017-04-25,20170425,-1,,None,0.0,0.0,0.0,0.0,0.0
fire_00161,2017-04-25,20170425,0,,D0,0.0,1.0,0.0,0.0,0.0
fire_00162,2017-05-02,20170502,0,,D0,0.0,1.0,0.0,0.0,0.0
fire_00163,2017-05-02,20170502,-1,,None,0.0,0.0,0.0,0.0,0.0
fire_00164,2017-05-09,20170509,-1,,None,0.0,0.0,0.0,0.0,0.0
fire_00165,2017-05-09,20170509,-1,,None,0.0,0.0,0.0,0.0,0.0
fire_00166,2017-05-09,20170509,0,,D0,0.0,1.0,0.0,0.0,0.0
fire_00167,2017-05-09,20170509,0,,D0,0.0,1.0,0.0,0.0,0.0
fire_00168,2017-05-09,20170509,0,,D0,0.0,1.0,0.0,0.0,0.0
fire_00169,2017-05-09,20170509,0,,D0,0.0,1.0,0.0,0.0,0.0
fire_00170,2017-05-09,20170509,-1,,None,0.0,0.0,0.0,0.0,0.0
fire_00171,2017-05-09,20170509,0,,D0,0.0,1.0,0.0,0.0,0.0
fire_00172,2017-05-09,20170509,0,,D0,0.0,1.0,0.0,0.0,0.0
fire_00173,2017-05-09,20170509,-1,,None,0.0,0.0,0.0,0.0,0.0
fire_00174,2017-05-16,20170516,0,,D0,0.0,1.0,0.0,0.0,0.0
fire_00175,2017-05-16,20170516,0,,D0,0.0,1.0,0.0,0.0,0.0
fire_00176,2017-05-16,20170516,-1,,None,0.0,0.0,0.0,0.0,0.0
fire_00177,2017-05-16,20170516,0,,D0,0.0,1.0,0.0,0.0,0.0
fire_00178,2017-05-16,20170516,0,,D0,0.0,1.0,0.0,0.0,0.0
fire_00179,2017-05-16,20170516,0,,D0,0.0,1.0,0.0,0.0,0.0
fire_00180,2017-05-16,20170516,0,,D0,0.0,1.0,0.0,0.0,0.0
fire_00181,2017-05-16,20170516,0,,D0,0.0,1.0,0.0,0.0,0.0
fire_00182,2017-05-16,20170516,-1,,None,0.0,0.0,0.0,0.0,0.0
fire_00183,2017-05-16,20170516,0,,D0,0.0,1.0,0.0,0.0,0.0
fire_00184,2017-05-16,20170516,1,,D1,1.0,1.0,1.0,0.0,0.0
fire_00185,2017-05-16,20170516,1,,D1,1.0,1.0,1.0,0.0,0.0
fire_00186,2017-05-16,20170516,0,,D0,0.0,1.0,0.0,0.0,0.0
fire_00187,2017-05-16,20170516,0,,D0,0.0,1.0,0.0,0.0,0.0
fire_00188,2017-05-23,20170523,0,,D0,0.0,1.0,0.0,0.0,0.0
fire_00189,2017-05-23,20170523,0,,D0,0.0,1.0,0.0,0.0,0.0
fire_00190,2017-05-23,20170523,0,,D0,0.0,1.0,0.0,0.0,0.0
fire_00191,2017-05-23,20170523,-1,,None,0.0,0.0,0.0,0.0,0.0
fire_00192,2017-05-23,20170523,0,,D0,0.0,1.0,0.0,0.0,0.0
fire_00193,2017-05-23,20170523,-1,,None,0.0,0.0,0.0,0.0,0.0
fire_00194,2017-05-23,20170523,0,,D0,0.0,1.0,0.0,0.0,0.0
fire_00195,2017-05-23,20170523,-1,,None,0.0,0.0,0.0,0.0,0.0
fire_00196,2017-05-23,20170523,-1,,None,0.0,0.0,0.0,0.0,0.0
fire_00197,2017-05-23,20170523,-1,,None,0.0,0.0,0.0,0.0,0.0
fire_00198,2017-05-30,20170530,-1,,None,0.0,0.0,0.0,0.0,0.0
fire_00199,2017-05-30,20170530,0,,D0,0.0,1.0,0.0,0.0,0.0
fire_00200,2017-05-30,20170530,0,,D0,0.0,1.0,0.0,0.0,0.0
fire_00201,2017-05-30,20170530,-1,,None,0.0,0.0,0.0,0.0,0.0
fire_00202,2017-05-30,20170530,0,,D0,0.0,1.0,0.0,0.0,0.0
fire_00203,2017-05-30,20170530,0,,D0,0.0,1.0,0.0,0.0,0.0
fire_00204,2017-05-30,20170530,-1,,None,0.0,0.0,0.0,0.0,0.0
fire_00205,2017-05-30,20170530,-1,,None,0.0,0.0,0.0,0.0,0.0
fire_00206,2017-05-30,20170530,-1,,None,0.0,0.0,0.0,0.0,0.0
fire_00207,2017-05-30,20170530,0,,D0,0.0,1.0,0.0,0.0,0.0
fire_00208,2017-05-30,20170530,-1,,None,0.0,0.0,0.0,0.0,0.0
fire_00209,2017-05-30,20170530,-1,,None,0.0,0.0,0.0,0.0,0.0
fire_00210,2017-05-30,20170530,-1,,None,0.0,0.0,0.0,0.0,0.0
fire_00211,2017-05-30,20170530,-1,,None,0.0,0.0,0.0,0.0,0.0
fire_00212,2017-05-30,20170530,-1,,None,0.0,0.0,0.0,0.0,0.0
fire_00213,2017-05-30,20170530,-1,,None,0.0,0.0,0.0,0.0,0.0
fire_00214,2017-06-06,20170606,-1,,None,0.0,0.0,0.0,0.0,0.0
fire_00215,2017-06-06,20170606,-1,,None,0.0,0.0,0.0,0.0,0.0
fire_00216,2017-06-06,20170606,0,,D0,0.0,1.0,0.0,0.0,0.0
fire_00217,2017-06-06,20170606,-1,,None,0.0,0.0,0.0,0.0,0.0
fire_00218,2017-06-06,20170606,-1,,None,0.0,0.0,0.0,0.0,0.0
fire_00219,2017-06-06,20170606,-1,,None,0.0,0.0,0.0,0.0,0.0
fire_00220,2017-06-06,20170606,-1,,None,0.0,0.0,0.0,0.0,0.0
fire_00221,2017-06-06,20170606,-1,,None,0.0,0.0,0.0,0.0,0.0
fire_00222,2017-06-06,20170606,-1,,None,0.0,0.0,0.0,0.0,0.0
fire_00223,2017-06-06,20170606,-1,,None,0.0,0.0,0.0,0.0,0.0
fire_00224,2017-06-06,20170606,0,,D0,0.0,1.0,0.0,0.0,0.0
fire_00225,2017-06-06,20170606,0,,D0,0.0,1.0,0.0,0.0,0.0
fire_00226,2017-06-06,20170606,-1,,None,0.0,0.0,0.0,0.0,0.0
fire_00227,2017-06-06,20170606,0,,D0,0.0,1.0,0.0,0.0,0.0
fire_00228,2017-06-06,20170606,0,,D0,0.0,1.0,0.0,0.0,0.0
fire_00229,2017-06-13,20170613,-1,,None,0.0,0.0,0.0,0.0,0.0
fire_00230,2017-06-13,20170613,0,,D0,0.0,1.0,0.0,0.0,0.0
fire_00231,2017-06-13,20170613,0,,D0,0.0,1.0,0.0,0.0,0.0
fire_00232,2017-06-13,20170613,-1,,None,0.0,0.0,0.0,0.0,0.0
fire_00233,2017-06-13,20170613,-1,,None,0.0,0.0,0.0,0.0,0.0
fire_00234,2017-06-13,20170613,1,,D1,1.0,1.0,1.0,0.0,0.0
fire_00235,2017-06-13,20170613,-1,,None,0.0,0.0,0.0,0.0,0.0
fire_00236,2017-06-13,20170613,0,,D0,0.0,1.0,0.0,0.0,0.0
fire_00237,2017-06-13,20170613,0,,D0,0.0,1.0,0.0,0.0,0.0
fire_00238,2017-06-13,20170613,-1,,None,0.0,0.0,0.0,0.0,0.0
fire_00239,2017-06-13,20170613,-1,,None,0.0,0.0,0.0,0.0,0.0
fire_00240,2017-06-13,20170613,0,,D0,0.0,1.0,0.0,0.0,0.0
fire_00241,2017-06-13,20170613,-1,,None,0.0,0.0,0.0,0.0,0.0
fire_00243,2017-06-13,20170613,-1,,None,0.0,0.0,0.0,0.0,0.0
fire_00244,2017-06-13,20170613,-1,,None,0.0,0.0,0.0,0.0,0.0
fire_00245,2017-06-13,20170613,-1,,None,0.0,0.0,0.0,0.0,0.0
fire_00246,2017-06-13,20170613,-1,,None,0.0,0.0,0.0,0.0,0.0
fire_00242,2017-06-20,20170620,-1,,None,0.0,0.0,0.0,0.0,0.0
fire_00247,2017-06-20,20170620,-1,,None,0.0,0.0,0.0,0.0,0.0
fire_00248,2017-06-20,20170620,-1,,None,0.0,0.0,0.0,0.0,0.0
fire_00249,2017-06-20,20170620,0,,D0,0.0,1.0,0.0,0.0,0.0
fire_00250,2017-06-20,20170620,-1,,None,0.0,0.0,0.0,0.0,0.0
fire_00251,2017-06-20,20170620,1,,D1,1.0,1.0,1.0,0.0,0.0
fire_00252,2017-06-20,20170620,0,,D0,0.0,1.0,0.0,0.0,0.0
fire_00253,2017-06-20,20170620,0,,D0,0.0,1.0,0.0,0.0,0.0
fire_00254,2017-06-20,20170620,-1,,None,0.0,0.0,0.0,0.0,0.0
fire_00255,2017-06-20,20170620,0,,D0,0.0,1.0,0.0,0.0,0.0
fire_00256,2017-06-20,20170620,-1,,None,0.0,0.0,0.0,0.0,0.0
fire_00257,2017-06-20,20170620,-1,,None,0.0,0.0,0.0,0.0,0.0
fire_00258,2017-06-20,20170620,0,,D0,0.0,1.0,0.0,0.0,0.0
fire_00259,2017-06-20,20170620,0,,D0,0.0,1.0,0.0,0.0,0.0
fire_00262,2017-06-20,20170620,-1,,None,0.0,0.0,0.0,0.0,0.0
fire_00263,2017-06-20,20170620,-1,,None,0.0,0.0,0.0,0.0,0.0
fire_00264,2017-06-20,20170620,-1,,None,0.0,0.0,0.0,0.0,0.0
fire_00261,2017-06-27,20170627,-1,,None,0.0,0.0,0.0,0.0,0.0
fire_00265,2017-06-27,20170627,-1,,None,0.0,0.0,0.0,0.0,0.0
fire_00266,2017-06-27,20170627,-1,,None,0.0,0.0,0.0,0.0,0.0
fire_00267,2017-06-27,20170627,0,,D0,0.0,1.0,0.0,0.0,0.0
fire_00268,2017-06-27,20170627,1,,D1,1.0,1.0,1.0,0.0,0.0
fire_00269,2017-06-27,20170627,-1,,None,0.0,0.0,0.0,0.0,0.0
fire_00270,2017-06-27,20170627,-1,,None,0.0,0.0,0.0,0.0,0.0
fire_00271,2017-06-27,20170627,0,,D0,0.0,1.0,0.0,0.0,0.0
fire_00272,2017-06-27,20170627,-1,,None,0.0,0.0,0.0,0.0,0.0
fire_00273,2017-06-27,20170627,-1,,None,0.0,0.0,0.0,0.0,0.0
fire_00274,2017-06-27,20170627,0,,D0,0.0,1.0,0.0,0.0,0.0
fire_00275,2017-06-27,20170627,0,,D0,0.0,1.0,0.0,0.0,0.0
fire_00276,2017-06-27,20170627,0,,D0,0.0,1.0,0.0,0.0,0.0
fire_00277,2017-06-27,20170627,0,,D0,0.0,1.0,0.0,0.0,0.0
fire_00278,2017-06-27,20170627,0,,D0,0.0,1.0,0.0,0.0,0.0
fire_00279,2017-06-27,20170627,0,,D0,0.0,1.0,0.0,0.0,0.0
fire_00280,2017-06-27,20170627,-1,,None,0.0,0.0,0.0,0.0,0.0
fire_00281,2017-06-27,20170627,0,,D0,0.0,1.0,0.0,0.0,0.0
fire_00282,2017-06-27,20170627,-1,,None,0.0,0.0,0.0,0.0,0.0
fire_00283,2017-06-27,20170627,1,,D1,1.0,1.0,1.0,0.0,0.0
fire_00284,2017-06-27,20170627,0,,D0,0.0,1.0,0.0,0.0,0.0
fire_00285,2017-06-27,20170627,-1,,None,0.0,0.0,0.0,0.0,0.0
fire_00286,2017-06-27,20170627,-1,,None,0.0,0.0,0.0,0.0,0.0
fire_00289,2017-06-27,20170627,-1,,None,0.0,0.0,0.0,0.0,0.0
fire_00290,2017-06-27,20170627,-1,,None,0.0,0.0,0.0,0.0,0.0
fire_00287,2017-07-04,20170704,-1,,None,0.0,0.0,0.0,0.0,0.0
fire_00288,2017-07-04,20170704,-1,,None,0.0,0.0,0.0,0.0,0.0
fire_00291,2017-07-04,20170704,-1,,None,0.0,0.0,0.0,0.0,0.0
fire_00292,2017-07-04,20170704,-1,,None,0.0,0.0,0.0,0.0,0.0
fire_00293,2017-07-04,20170704,1,,D1,1.0,1.0,1.0,0.0,0.0
fire_00294,2017-07-04,20170704,-1,,None,0.0,0.0,0.0,0.0,0.0
fire_00295,2017-07-04,20170704,-1,,None,0.0,0.0,0.0,0.0,0.0
fire_00296,2017-07-04,20170704,0,,D0,0.0,1.0,0.0,0.0,0.0
fire_00297,2017-07-04,20170704,-1,,None,0.0,0.0,0.0,0.0,0.0
fire_00298,2017-07-04,20170704,0,,D0,0.0,1.0,0.0,0.0,0.0
fire_00299,2017-07-04,20170704,0,,D0,0.0,1.0,0.0,0.0,0.0
fire_00300,2017-07-04,20170704,-1,,None,0.0,0.0,0.0,0.0,0.0
fire_00301,2017-07-04,20170704,-1,,None,0.0,0.0,0.0,0.0,0.0
fire_00303,2017-07-04,20170704,1,,D1,1.0,1.0,1.0,0.0,0.0
fire_00306,2017-07-04,20170704,0,,D0,0.0,1.0,0.0,0.0,0.0
fire_00307,2017-07-04,20170704,-1,,None,0.0,0.0,0.0,0.0,0.0
fire_00308,2017-07-04,20170704,-1,,None,0.0,0.0,0.0,0.0,0.0
fire_00309,2017-07-04,20170704,-1,,None,0.0,0.0,0.0,0.0,0.0
fire_00310,2017-07-04,20170704,0,,D0,0.0,1.0,0.0,0.0,0.0
fire_00311,2017-07-04,20170704,-1,,None,0.0,0.0,0.0,0.0,0.0
fire_00312,2017-07-04,20170704,0,,D0,0.0,1.0,0.0,0.0,0.0
fire_00313,2017-07-04,20170704,-1,,None,0.0,0.0,0.0,0.0,0.0
fire_00314,2017-07-04,20170704,-1,,None,0.0,0.0,0.0,0.0,0.0
fire_00315,2017-07-04,20170704,-1,,None,0.0,0.0,0.0,0.0,0.0
fire_00316,2017-07-04,20170704,-1,,None,0.0,0.0,0.0,0.0,0.0
fire_00319,2017-07-04,20170704,0,,D0,0.0,1.0,0.0,0.0,0.0
fire_00320,2017-07-04,20170704,-1,,None,0.0,0.0,0.0,0.0,0.0
fire_00321,2017-07-04,20170704,-1,,None,0.0,0.0,0.0,0.0,0.0
fire_00322,2017-07-04,20170704,-1,,None,0.0,0.0,0.0,0.0,0.0
fire_00324,2017-07-04,20170704,0,,D0,0.0,1.0,0.0,0.0,0.0
fire_00325,2017-07-04,20170704,-1,,None,0.0,0.0,0.0,0.0,0.0
fire_00302,2017-07-11,20170711,-1,,None,0.0,0.0,0.0,0.0,0.0
fire_00304,2017-07-11,20170711,-1,,None,0.0,0.0,0.0,0.0,0.0
fire_00317,2017-07-11,20170711,1,,D1,1.0,1.0,1.0,0.0,0.0
fire_00318,2017-07-11,20170711,0,,D0,0.0,1.0,0.0,0.0,0.0
fire_00323,2017-07-11,20170711,0,,D0,0.0,1.0,0.0,0.0,0.0
fire_00326,2017-07-11,20170711,0,,D0,0.0,1.0,0.0,0.0,0.0
fire_00327,2017-07-11,20170711,-1,,None,0.0,0.0,0.0,0.0,0.0
fire_00328,2017-07-11,20170711,-1,,None,0.0,0.0,0.0,0.0,0.0
fire_00329,2017-07-11,20170711,-1,,None,0.0,0.0,0.0,0.0,0.0
fire_00330,2017-07-11,20170711,-1,,None,0.0,0.0,0.0,0.0,0.0
fire_00331,2017-07-11,20170711,0,,D0,0.0,1.0,0.0,0.0,0.0
fire_00332,2017-07-11,20170711,-1,,None,0.0,0.0,0.0,0.0,0.0
fire_00333,2017-07-11,20170711,-1,,None,0.0,0.0,0.0,0.0,0.0
fire_00334,2017-07-11,20170711,-1,,None,0.0,0.0,0.0,0.0,0.0
fire_00335,2017-07-11,20170711,-1,,None,0.0,0.0,0.0,0.0,0.0
fire_00336,2017-07-11,20170711,-1,,None,0.0,0.0,0.0,0.0,0.0
fire_00339,2017-07-11,20170711,1,,D1,1.0,1.0,1.0,0.0,0.0
fire_00340,2017-07-11,20170711,-1,,None,0.0,0.0,0.0,0.0,0.0
fire_00341,2017-07-11,20170711,0,,D0,0.0,1.0,0.0,0.0,0.0
fire_00342,2017-07-11,20170711,-1,,None,0.0,0.0,0.0,0.0,0.0
fire_00347,2017-07-11,20170711,-1,,None,0.0,0.0,0.0,0.0,0.0
fire_00348,2017-07-11,20170711,-1,,None,0.0,0.0,0.0,0.0,0.0
fire_00357,2017-07-11,20170711,-1,,None,0.0,0.0,0.0,0.0,0.0
fire_00305,2017-07-18,20170718,-1,,None,0.0,0.0,0.0,0.0,0.0
fire_00351,2017-07-18,20170718,0,,D0,0.0,1.0,0.0,0.0,0.0
fire_00352,2017-07-18,20170718,-1,,None,0.0,0.0,0.0,0.0,0.0
fire_00353,2017-07-18,20170718,-1,,None,0.0,0.0,0.0,0.0,0.0
fire_00354,2017-07-18,20170718,-1,,None,0.0,0.0,0.0,0.0,0.0
fire_00355,2017-07-18,20170718,-1,,None,0.0,0.0,0.0,0.0,0.0
fire_00356,2017-07-18,20170718,-1,,None,0.0,0.0,0.0,0.0,0.0
fire_00358,2017-07-18,20170718,0,,D0,0.0,1.0,0.0,0.0,0.0
fire_00359,2017-07-18,20170718,0,,D0,0.0,1.0,0.0,0.0,0.0
fire_00360,2017-07-18,20170718,0,,D0,0.0,1.0,0.0,0.0,0.0
fire_00361,2017-07-18,20170718,-1,,None,0.0,0.0,0.0,0.0,0.0
fire_00362,2017-07-18,20170718,0,,D0,0.0,1.0,0.0,0.0,0.0
fire_00363,2017-07-18,20170718,-1,,None,0.0,0.0,0.0,0.0,0.0
fire_00364,2017-07-18,20170718,-1,,None,0.0,0.0,0.0,0.0,0.0
fire_00365,2017-07-18,20170718,0,,D0,0.0,1.0,0.0,0.0,0.0
fire_00338,2017-07-25,20170725,-1,,None,0.0,0.0,0.0,0.0,0.0
fire_00343,2017-07-25,20170725,-1,,None,0.0,0.0,0.0,0.0,0.0
fire_00344,2017-07-25,20170725,-1,,None,0.0,0.0,0.0,0.0,0.0
fire_00345,2017-07-25,20170725,1,,D1,1.0,1.0,1.0,0.0,0.0
fire_00346,2017-07-25,20170725,0,,D0,0.0,1.0,0.0,0.0,0.0
fire_00349,2017-07-25,20170725,-1,,None,0.0,0.0,0.0,0.0,0.0
fire_00350,2017-07-25,20170725,-1,,None,0.0,0.0,0.0,0.0,0.0
fire_00366,2017-07-25,20170725,-1,,None,0.0,0.0,0.0,0.0,0.0
fire_00367,2017-07-25,20170725,-1,,None,0.0,0.0,0.0,0.0,0.0
fire_00368,2017-07-25,20170725,-1,,None,0.0,0.0,0.0,0.0,0.0
fire_00369,2017-07-25,20170725,-1,,None,0.0,0.0,0.0,0.0,0.0
fire_00370,2017-07-25,20170725,-1,,None,0.0,0.0,0.0,0.0,0.0
fire_00371,2017-07-25,20170725,-1,,None,0.0,0.0,0.0,0.0,0.0
fire_00372,2017-07-25,20170725,-1,,None,0.0,0.0,0.0,0.0,0.0
fire_00373,2017-07-25,20170725,-1,,None,0.0,0.0,0.0,0.0,0.0
fire_00374,2017-07-25,20170725,0,,D0,0.0,1.0,0.0,0.0,0.0
fire_00375,2017-07-25,20170725,0,,D0,0.0,1.0,0.0,0.0,0.0
fire_00376,2017-07-25,20170725,-1,,None,0.0,0.0,0.0,0.0,0.0
fire_00377,2017-07-25,20170725,0,,D0,0.0,1.0,0.0,0.0,0.0
fire_00378,2017-07-25,20170725,0,,D0,0.0,1.0,0.0,0.0,0.0
fire_00401,2017-07-25,20170725,-1,,None,0.0,0.0,0.0,0.0,0.0
fire_00409,2017-07-25,20170725,-1,,None,0.0,0.0,0.0,0.0,0.0
fire_00440,2017-07-25,20170725,-1,,None,0.0,0.0,0.0,0.0,0.0
fire_00457,2017-07-25,20170725,-1,,None,0.0,0.0,0.0,0.0,0.0
fire_00379,2017-08-01,20170801,-1,,None,0.0,0.0,0.0,0.0,0.0
fire_00380,2017-08-01,20170801,0,,D0,0.0,1.0,0.0,0.0,0.0
fire_00381,2017-08-01,20170801,0,,D0,0.0,1.0,0.0,0.0,0.0
fire_00382,2017-08-01,20170801,-1,,None,0.0,0.0,0.0,0.0,0.0
fire_00383,2017-08-01,20170801,-1,,None,0.0,0.0,0.0,0.0,0.0
fire_00384,2017-08-01,20170801,0,,D0,0.0,1.0,0.0,0.0,0.0
fire_00385,2017-08-01,20170801,-1,,None,0.0,0.0,0.0,0.0,0.0
fire_00386,2017-08-01,20170801,-1,,None,0.0,0.0,0.0,0.0,0.0
fire_00387,2017-08-01,20170801,-1,,None,0.0,0.0,0.0,0.0,0.0
fire_00388,2017-08-01,20170801,-1,,None,0.0,0.0,0.0,0.0,0.0
fire_00389,2017-08-01,20170801,0,,D0,0.0,1.0,0.0,0.0,0.0
fire_00390,2017-08-01,20170801,0,,D0,0.0,1.0,0.0,0.0,0.0
fire_00391,2017-08-01,20170801,-1,,None,0.0,0.0,0.0,0.0,0.0
fire_00411,2017-08-01,20170801,-1,,None,0.0,0.0,0.0,0.0,0.0
fire_00412,2017-08-01,20170801,-1,,None,0.0,0.0,0.0,0.0,0.0
fire_00392,2017-08-08,20170808,0,,D0,0.0,1.0,0.0,0.0,0.0
fire_00393,2017-08-08,20170808,-1,,None,0.0,0.0,0.0,0.0,0.0
fire_00394,2017-08-08,20170808,-1,,None,0.0,0.0,0.0,0.0,0.0
fire_00395,2017-08-08,20170808,-1,,None,0.0,0.0,0.0,0.0,0.0
fire_00396,2017-08-08,20170808,0,,D0,0.0,1.0,0.0,0.0,0.0
fire_00397,2017-08-08,20170808,0,,D0,0.0,1.0,0.0,0.0,0.0
fire_00398,2017-08-08,20170808,-1,,None,0.0,0.0,0.0,0.0,0.0
fire_00399,2017-08-08,20170808,0,,D0,0.0,1.0,0.0,0.0,0.0
fire_00400,2017-08-08,20170808,-1,,None,0.0,0.0,0.0,0.0,0.0
fire_00402,2017-08-08,20170808,-1,,None,0.0,0.0,0.0,0.0,0.0
fire_00403,2017-08-08,20170808,0,,D0,0.0,1.0,0.0,0.0,0.0
fire_00408,2017-08-08,20170808,-1,,None,0.0,0.0,0.0,0.0,0.0
fire_00404,2017-08-15,20170815,-1,,None,0.0,0.0,0.0,0.0,0.0
fire_00405,2017-08-15,20170815,0,,D0,0.0,1.0,0.0,0.0,0.0
fire_00406,2017-08-15,20170815,-1,,None,0.0,0.0,0.0,0.0,0.0
fire_00407,2017-08-15,20170815,-1,,None,0.0,0.0,0.0,0.0,0.0
fire_00410,2017-08-15,20170815,0,,D0,0.0,1.0,0.0,0.0,0.0
fire_00413,2017-08-15,20170815,-1,,None,0.0,0.0,0.0,0.0,0.0
fire_00414,2017-08-15,20170815,0,,D0,0.0,1.0,0.0,0.0,0.0
fire_00337,2017-08-22,20170822,-1,,None,0.0,0.0,0.0,0.0,0.0
fire_00415,2017-08-22,20170822,0,,D0,0.0,1.0,0.0,0.0,0.0
fire_00416,2017-08-22,20170822,-1,,None,0.0,0.0,0.0,0.0,0.0
fire_00417,2017-08-22,20170822,-1,,None,0.0,0.0,0.0,0.0,0.0
fire_00418,2017-08-22,20170822,-1,,None,0.0,0.0,0.0,0.0,0.0
fire_00419,2017-08-22,20170822,-1,,None,0.0,0.0,0.0,0.0,0.0
fire_00420,2017-08-22,20170822,-1,,None,0.0,0.0,0.0,0.0,0.0
fire_00421,2017-08-22,20170822,0,,D0,0.0,1.0,0.0,0.0,0.0
fire_00422,2017-08-22,20170822,-1,,None,0.0,0.0,0.0,0.0,0.0
fire_00423,2017-08-22,20170822,-1,,None,0.0,0.0,0.0,0.0,0.0
fire_00424,2017-08-22,20170822,-1,,None,0.0,0.0,0.0,0.0,0.0
fire_00425,2017-08-22,20170822,-1,,None,0.0,0.0,0.0,0.0,0.0
fire_00426,2017-08-22,20170822,-1,,None,0.0,0.0,0.0,0.0,0.0
fire_00427,2017-08-22,20170822,-1,,None,0.0,0.0,0.0,0.0,0.0
fire_00428,2017-08-22,20170822,-1,,None,0.0,0.0,0.0,0.0,0.0
fire_00429,2017-08-22,20170822,-1,,None,0.0,0.0,0.0,0.0,0.0
fire_00430,2017-08-22,20170822,-1,,None,0.0,0.0,0.0,0.0,0.0
fire_00431,2017-08-22,20170822,-1,,None,0.0,0.0,0.0,0.0,0.0
fire_00432,2017-08-22,20170822,-1,,None,0.0,0.0,0.0,0.0,0.0
fire_00433,2017-08-22,20170822,-1,,None,0.0,0.0,0.0,0.0,0.0
fire_00434,2017-08-22,20170822,-1,,None,0.0,0.0,0.0,0.0,0.0
fire_00435,2017-08-22,20170822,0,,D0,0.0,1.0,0.0,0.0,0.0
fire_00437,2017-08-22,20170822,-1,,None,0.0,0.0,0.0,0.0,0.0
fire_00454,2017-08-22,20170822,-1,,None,0.0,0.0,0.0,0.0,0.0
fire_00456,2017-08-22,20170822,-1,,None,0.0,0.0,0.0,0.0,0.0
fire_00436,2017-08-29,20170829,-1,,None,0.0,0.0,0.0,0.0,0.0
fire_00438,2017-08-29,20170829,1,,D1,1.0,1.0,1.0,0.0,0.0
fire_00439,2017-08-29,20170829,0,,D0,0.0,1.0,0.0,0.0,0.0
fire_00442,2017-08-29,20170829,-1,,None,0.0,0.0,0.0,0.0,0.0
fire_00443,2017-08-29,20170829,-1,,None,0.0,0.0,0.0,0.0,0.0
fire_00444,2017-08-29,20170829,-1,,None,0.0,0.0,0.0,0.0,0.0
fire_00445,2017-08-29,20170829,0,,D0,0.0,1.0,0.0,0.0,0.0
fire_00446,2017-08-29,20170829,-1,,None,0.0,0.0,0.0,0.0,0.0
fire_00447,2017-08-29,20170829,0,,D0,0.0,1.0,0.0,0.0,0.0
fire_00448,2017-08-29,20170829,0,,D0,0.0,1.0,0.0,0.0,0.0
fire_00449,2017-08-29,20170829,0,,D0,0.0,1.0,0.0,0.0,0.0
fire_00450,2017-08-29,20170829,-1,,None,0.0,0.0,0.0,0.0,0.0
fire_00451,2017-08-29,20170829,-1,,None,0.0,0.0,0.0,0.0,0.0
fire_00452,2017-08-29,20170829,-1,,None,0.0,0.0,0.0,0.0,0.0
fire_00453,2017-08-29,20170829,-1,,None,0.0,0.0,0.0,0.0,0.0
fire_00462,2017-08-29,20170829,-1,,None,0.0,0.0,0.0,0.0,0.0
fire_00441,2017-09-05,20170905,0,,D0,0.0,1.0,0.0,0.0,0.0
fire_00459,2017-09-05,20170905,0,,D0,0.0,1.0,0.0,0.0,0.0
fire_00461,2017-09-05,20170905,0,,D0,0.0,1.0,0.0,0.0,0.0
fire_00463,2017-09-05,20170905,-1,,None,0.0,0.0,0.0,0.0,0.0
fire_00464,2017-09-05,20170905,-1,,None,0.0,0.0,0.0,0.0,0.0
fire_00466,2017-09-05,20170905,-1,,None,0.0,0.0,0.0,0.0,0.0
fire_00467,2017-09-05,20170905,-1,,None,0.0,0.0,0.0,0.0,0.0
fire_00468,2017-09-05,20170905,-1,,None,0.0,0.0,0.0,0.0,0.0
fire_00469,2017-09-05,20170905,-1,,None,0.0,0.0,0.0,0.0,0.0
fire_00470,2017-09-05,20170905,-1,,None,0.0,0.0,0.0,0.0,0.0
fire_00471,2017-09-05,20170905,-1,,None,0.0,0.0,0.0,0.0,0.0
fire_00458,2017-09-12,20170912,-1,,None,0.0,0.0,0.0,0.0,0.0
fire_00472,2017-09-12,20170912,-1,,None,0.0,0.0,0.0,0.0,0.0
fire_00473,2017-09-12,20170912,-1,,None,0.0,0.0,0.0,0.0,0.0
fire_00474,2017-09-12,20170912,-1,,None,0.0,0.0,0.0,0.0,0.0
fire_00475,2017-09-12,20170912,-1,,None,0.0,0.0,0.0,0.0,0.0
fire_00476,2017-09-12,20170912,0,,D0,0.0,1.0,0.0,0.0,0.0
fire_00477,2017-09-12,20170912,-1,,None,0.0,0.0,0.0,0.0,0.0
fire_00478,2017-09-12,20170912,0,,D0,0.0,1.0,0.0,0.0,0.0
fire_00479,2017-09-12,20170912,-1,,None,0.0,0.0,0.0,0.0,0.0
fire_00455,2017-09-19,20170919,0,,D0,0.0,1.0,0.0,0.0,0.0
fire_00460,2017-09-19,20170919,0,,D0,0.0,1.0,0.0,0.0,0.0
fire_00480,2017-09-19,20170919,-1,,None,0.0,0.0,0.0,0.0,0.0
fire_00481,2017-09-19,20170919,-1,,None,0.0,0.0,0.0,0.0,0.0
fire_00482,2017-09-19,20170919,-1,,None,0.0,0.0,0.0,0.0,0.0
fire_00483,2017-09-19,20170919,-1,,None,0.0,0.0,0.0,0.0,0.0
fire_00484,2017-09-19,20170919,0,,D0,0.0,1.0,0.0,0.0,0.0
fire_00485,2017-09-19,20170919,1,,D1,1.0,1.0,1.0,0.0,0.0
fire_00486,2017-09-19,20170919,-1,,None,0.0,0.0,0.0,0.0,0.0
fire_00465,2017-09-26,20170926,-1,,None,0.0,0.0,0.0,0.0,0.0
fire_00487,2017-09-26,20170926,1,,D1,1.0,1.0,1.0,0.0,0.0
fire_00488,2017-09-26,20170926,-1,,None,0.0,0.0,0.0,0.0,0.0
fire_00489,2017-09-26,20170926,0,,D0,0.0,1.0,0.0,0.0,0.0
fire_00490,2017-09-26,20170926,-1,,None,0.0,0.0,0.0,0.0,0.0
fire_00491,2017-09-26,20170926,-1,,None,0.0,0.0,0.0,0.0,0.0
fire_00492,2017-09-26,20170926,-1,,None,0.0,0.0,0.0,0.0,0.0
fire_00493,2017-10-03,20171003,-1,,None,0.0,0.0,0.0,0.0,0.0
fire_00494,2017-10-03,20171003,-1,,None,0.0,0.0,0.0,0.0,0.0
fire_00495,2017-10-03,20171003,-1,,None,0.0,0.0,0.0,0.0,0.0
fire_00496,2017-10-03,20171003,-1,,None,0.0,0.0,0.0,0.0,0.0
fire_00497,2017-10-03,20171003,-1,,None,0.0,0.0,0.0,0.0,0.0
fire_00498,2017-10-03,20171003,-1,,None,0.0,0.0,0.0,0.0,0.0
fire_00499,2017-10-03,20171003,-1,,None,0.0,0.0,0.0,0.0,0.0
fire_00500,2017-10-03,20171003,-1,,None,0.0,0.0,0.0,0.0,0.0
fire_00501,2017-10-03,20171003,-1,,None,0.0,0.0,0.0,0.0,0.0
fire_00502,2017-10-03,20171003,-1,,None,0.0,0.0,0.0,0.0,0.0
fire_00503,2017-10-03,20171003,-1,,None,0.0,0.0,0.0,0.0,0.0
fire_00504,2017-10-03,20171003,-1,,None,0.0,0.0,0.0,0.0,0.0
fire_00505,2017-10-03,20171003,-1,,None,0.0,0.0,0.0,0.0,0.0
fire_00506,2017-10-03,20171003,-1,,None,0.0,0.0,0.0,0.0,0.0
fire_00507,2017-10-03,20171003,-1,,None,0.0,0.0,0.0,0.0,0.0
fire_00508,2017-10-03,20171003,-1,,None,0.0,0.0,0.0,0.0,0.0
fire_00509,2017-10-03,20171003,0,,D0,0.0,1.0,0.0,0.0,0.0
fire_00511,2017-10-03,20171003,-1,,None,0.0,0.0,0.0,0.0,0.0
fire_00512,2017-10-03,20171003,-1,,None,0.0,0.0,0.0,0.0,0.0
fire_00513,2017-10-03,20171003,-1,,None,0.0,0.0,0.0,0.0,0.0
fire_00514,2017-10-03,20171003,1,,D1,1.0,1.0,1.0,0.0,0.0
fire_00517,2017-10-03,20171003,-1,,None,0.0,0.0,0.0,0.0,0.0
fire_00518,2017-10-03,20171003,-1,,None,0.0,0.0,0.0,0.0,0.0
fire_00524,2017-10-03,20171003,-1,,None,0.0,0.0,0.0,0.0,0.0
fire_00525,2017-10-03,20171003,-1,,None,0.0,0.0,0.0,0.0,0.0
fire_00526,2017-10-03,20171003,0,,D0,0.0,1.0,0.0,0.0,0.0
fire_00519,2017-10-10,20171010,-1,,None,0.0,0.0,0.0,0.0,0.0
fire_00520,2017-10-10,20171010,0,,D0,0.0,1.0,0.0,0.0,0.0
fire_00521,2017-10-10,20171010,-1,,None,0.0,0.0,0.0,0.0,0.0
fire_00522,2017-10-10,20171010,-1,,None,0.0,0.0,0.0,0.0,0.0
fire_00523,2017-10-10,20171010,0,,D0,0.0,1.0,0.0,0.0,0.0
fire_00531,2017-10-10,20171010,-1,,None,0.0,0.0,0.0,0.0,0.0
fire_00532,2017-10-10,20171010,0,,D0,0.0,1.0,0.0,0.0,0.0
fire_00533,2017-10-10,20171010,-1,,None,0.0,0.0,0.0,0.0,0.0
fire_00534,2017-10-10,20171010,-1,,None,0.0,0.0,0.0,0.0,0.0
fire_00535,2017-10-10,20171010,-1,,None,0.0,0.0,0.0,0.0,0.0
fire_00536,2017-10-10,20171010,-1,,None,0.0,0.0,0.0,0.0,0.0
fire_00537,2017-10-10,20171010,-1,,None,0.0,0.0,0.0,0.0,0.0
fire_00538,2017-10-10,20171010,0,,D0,0.0,1.0,0.0,0.0,0.0
fire_00539,2017-10-10,20171010,-1,,None,0.0,0.0,0.0,0.0,0.0
fire_00546,2017-10-10,20171010,0,,D0,0.0,1.0,0.0,0.0,0.0
fire_00529,2017-10-17,20171017,0,,D0,0.0,1.0,0.0,0.0,0.0
fire_00530,2017-10-17,20171017,0,,D0,0.0,1.0,0.0,0.0,0.0
fire_00548,2017-10-17,20171017,1,,D1,1.0,1.0,1.0,0.0,0.0
fire_00549,2017-10-17,20171017,0,,D0,0.0,1.0,0.0,0.0,0.0
fire_00551,2017-10-17,20171017,0,,D0,0.0,1.0,0.0,0.0,0.0
fire_00149,2017-10-24,20171024,-1,,None,0.0,0.0,0.0,0.0,0.0
fire_00510,2017-10-24,20171024,-1,,None,0.0,0.0,0.0,0.0,0.0
fire_00515,2017-10-24,20171024,0,,D0,0.0,1.0,0.0,0.0,0.0
fire_00516,2017-10-24,20171024,-1,,None,0.0,0.0,0.0,0.0,0.0
fire_00544,2017-10-31,20171031,-1,,None,0.0,0.0,0.0,0.0,0.0
fire_00545,2017-11-07,20171107,-1,,None,0.0,0.0,0.0,0.0,0.0
fire_00547,2017-11-07,20171107,0,,D0,0.0,1.0,0.0,0.0,0.0
fire_00550,2017-11-21,20171121,0,,D0,0.0,1.0,0.0,0.0,0.0
fire_00552,2017-11-21,20171121,0,,D0,0.0,1.0,0.0,0.0,0.0
fire_00527,2017-11-28,20171128,0,,D0,0.0,1.0,0.0,0.0,0.0
fire_00528,2017-11-28,20171128,0,,D0,0.0,1.0,0.0,0.0,0.0
fire_00540,2017-11-28,20171128,1,,D1,1.0,1.0,1.0,0.0,0.0
fire_00541,2017-11-28,20171128,0,,D0,0.0,1.0,0.0,0.0,0.0
fire_00542,2017-11-28,20171128,1,,D1,1.0,1.0,1.0,0.0,0.0
fire_00543,2017-11-28,20171128,0,,D0,0.0,1.0,0.0,0.0,0.0
fire_00556,2017-11-28,20171128,0,,D0,0.0,1.0,0.0,0.0,0.0
fire_00553,2017-12-05,20171205,0,,D0,0.0,1.0,0.0,0.0,0.0
fire_00554,2017-12-05,20171205,0,,D0,0.0,1.0,0.0,0.0,0.0
fire_00555,2017-12-05,20171205,0,,D0,0.0,1.0,0.0,0.0,0.0
fire_00557,2017-12-12,20171212,1,,D1,1.0,1.0,1.0,0.0,0.0
fire_00558,2017-12-12,20171212,1,,D1,1.0,1.0,1.0,0.0,0.0
fire_00559,2017-12-19,20171219,0,,D0,0.0,1.0,0.0,0.0,0.0
fire_00560,2017-12-26,20171226,-1,,None,0.0,0.0,0.0,0.0,0.0
fire_00562,2018-01-30,20180130,0,,D0,0.0,1.0,0.0,0.0,0.0
fire_00563,2018-02-13,20180213,1,,D1,1.0,1.0,1.0,0.0,0.0
fire_00567,2018-03-20,20180320,2,,D2,2.0,1.0,1.0,1.0,0.0
fire_00568,2018-03-20,20180320,0,,D0,0.0,1.0,0.0,0.0,0.0
fire_00569,2018-04-03,20180403,1,,D1,1.0,1.0,1.0,0.0,0.0
fire_00561,2018-04-10,20180410,1,,D1,1.0,1.0,1.0,0.0,0.0
fire_00566,2018-04-10,20180410,1,,D1,1.0,1.0,1.0,0.0,0.0
fire_00572,2018-04-17,20180417,1,,D1,1.0,1.0,1.0,0.0,0.0
fire_00580,2018-04-17,20180417,0,,D0,0.0,1.0,0.0,0.0,0.0
fire_00573,2018-04-24,20180424,-1,,None,0.0,0.0,0.0,0.0,0.0
fire_00577,2018-04-24,20180424,0,,D0,0.0,1.0,0.0,0.0,0.0
fire_00581,2018-04-24,20180424,1,,D1,1.0,1.0,1.0,0.0,0.0
fire_00571,2018-05-01,20180501,0,,D0,0.0,1.0,0.0,0.0,0.0
fire_00575,2018-05-01,20180501,1,,D1,1.0,1.0,1.0,0.0,0.0
fire_00576,2018-05-01,20180501,1,,D1,1.0,1.0,1.0,0.0,0.0
fire_00578,2018-05-01,20180501,1,,D1,1.0,1.0,1.0,0.0,0.0
fire_00579,2018-05-01,20180501,1,,D1,1.0,1.0,1.0,0.0,0.0
fire_00564,2018-05-08,20180508,0,,D0,0.0,1.0,0.0,0.0,0.0
fire_00570,2018-05-08,20180508,1,,D1,1.0,1.0,1.0,0.0,0.0
fire_00565,2018-05-15,20180515,2,,D2,2.0,1.0,1.0,1.0,0.0
fire_00574,2018-05-15,20180515,2,,D2,2.0,1.0,1.0,1.0,0.0
fire_00582,2018-05-15,20180515,0,,D0,0.0,1.0,0.0,0.0,0.0
fire_00583,2018-05-15,20180515,0,,D0,0.0,1.0,0.0,0.0,0.0
fire_00584,2018-05-15,20180515,0,,D0,0.0,1.0,0.0,0.0,0.0
fire_00585,2018-05-15,20180515,0,,D0,0.0,1.0,0.0,0.0,0.0
fire_00586,2018-05-15,20180515,-1,,None,0.0,0.0,0.0,0.0,0.0
fire_00587,2018-05-15,20180515,2,,D2,2.0,1.0,1.0,1.0,0.0
fire_00588,2018-05-15,20180515,0,,D0,0.0,1.0,0.0,0.0,0.0
fire_00589,2018-05-22,20180522,1,,D1,1.0,1.0,1.0,0.0,0.0
fire_00590,2018-05-22,20180522,0,,D0,0.0,1.0,0.0,0.0,0.0
fire_00591,2018-05-22,20180522,-1,,None,0.0,0.0,0.0,0.0,0.0
fire_00592,2018-05-22,20180522,2,,D2,2.0,1.0,1.0,1.0,0.0
fire_00593,2018-05-22,20180522,0,,D0,0.0,1.0,0.0,0.0,0.0
fire_00594,2018-05-22,20180522,0,,D0,0.0,1.0,0.0,0.0,0.0
fire_00595,2018-05-22,20180522,1,,D1,1.0,1.0,1.0,0.0,0.0
fire_00596,2018-05-22,20180522,0,,D0,0.0,1.0,0.0,0.0,0.0
fire_00597,2018-05-29,20180529,0,,D0,0.0,1.0,0.0,0.0,0.0
fire_00598,2018-05-29,20180529,0,,D0,0.0,1.0,0.0,0.0,0.0
fire_00599,2018-05-29,20180529,0,,D0,0.0,1.0,0.0,0.0,0.0
fire_00600,2018-05-29,20180529,0,,D0,0.0,1.0,0.0,0.0,0.0
fire_00601,2018-05-29,20180529,2,,D2,2.0,1.0,1.0,1.0,0.0
fire_00602,2018-05-29,20180529,2,,D2,2.0,1.0,1.0,1.0,0.0
fire_00603,2018-05-29,20180529,0,,D0,0.0,1.0,0.0,0.0,0.0
fire_00604,2018-05-29,20180529,0,,D0,0.0,1.0,0.0,0.0,0.0
fire_00605,2018-05-29,20180529,2,,D2,2.0,1.0,1.0,1.0,0.0
fire_00606,2018-05-29,20180529,2,,D2,2.0,1.0,1.0,1.0,0.0
fire_00607,2018-05-29,20180529,0,,D0,0.0,1.0,0.0,0.0,0.0
fire_00608,2018-05-29,20180529,0,,D0,0.0,1.0,0.0,0.0,0.0
fire_00609,2018-05-29,20180529,0,,D0,0.0,1.0,0.0,0.0,0.0
fire_00610,2018-05-29,20180529,2,,D2,2.0,1.0,1.0,1.0,0.0
fire_00611,2018-05-29,20180529,2,,D2,2.0,1.0,1.0,1.0,0.0
fire_00612,2018-05-29,20180529,2,,D2,2.0,1.0,1.0,1.0,0.0
fire_00613,2018-05-29,20180529,0,,D0,0.0,1.0,0.0,0.0,0.0
fire_00614,2018-05-29,20180529,0,,D0,0.0,1.0,0.0,0.0,0.0
fire_00615,2018-05-29,20180529,0,,D0,0.0,1.0,0.0,0.0,0.0
fire_00616,2018-05-29,20180529,0,,D0,0.0,1.0,0.0,0.0,0.0
fire_00617,2018-05-29,20180529,0,,D0,0.0,1.0,0.0,0.0,0.0
fire_00618,2018-05-29,20180529,-1,,None,0.0,0.0,0.0,0.0,0.0
fire_00619,2018-05-29,20180529,2,,D2,2.0,1.0,1.0,1.0,0.0
fire_00620,2018-05-29,20180529,2,,D2,2.0,1.0,1.0,1.0,0.0
fire_00621,2018-06-05,20180605,-1,,None,0.0,0.0,0.0,0.0,0.0
fire_00622,2018-06-05,20180605,0,,D0,0.0,1.0,0.0,0.0,0.0
fire_00623,2018-06-05,20180605,0,,D0,0.0,1.0,0.0,0.0,0.0
fire_00624,2018-06-05,20180605,0,,D0,0.0,1.0,0.0,0.0,0.0
fire_00625,2018-06-05,20180605,-1,,None,0.0,0.0,0.0,0.0,0.0
fire_00626,2018-06-05,20180605,-1,,None,0.0,0.0,0.0,0.0,0.0
fire_00627,2018-06-05,20180605,0,,D0,0.0,1.0,0.0,0.0,0.0
fire_00628,2018-06-05,20180605,0,,D0,0.0,1.0,0.0,0.0,0.0
fire_00629,2018-06-05,20180605,1,,D1,1.0,1.0,1.0,0.0,0.0
fire_00630,2018-06-05,20180605,2,,D2,2.0,1.0,1.0,1.0,0.0
fire_00631,2018-06-05,20180605,2,,D2,2.0,1.0,1.0,1.0,0.0
fire_00632,2018-06-05,20180605,2,,D2,2.0,1.0,1.0,1.0,0.0
fire_00633,2018-06-05,20180605,0,,D0,0.0,1.0,0.0,0.0,0.0
fire_00670,2018-06-05,20180605,-1,,None,0.0,0.0,0.0,0.0,0.0
fire_00634,2018-06-12,20180612,2,,D2,2.0,1.0,1.0,1.0,0.0
fire_00635,2018-06-12,20180612,-1,,None,0.0,0.0,0.0,0.0,0.0
fire_00636,2018-06-12,20180612,2,,D2,2.0,1.0,1.0,1.0,0.0
fire_00637,2018-06-12,20180612,-1,,None,0.0,0.0,0.0,0.0,0.0
fire_00638,2018-06-12,20180612,0,,D0,0.0,1.0,0.0,0.0,0.0
fire_00639,2018-06-12,20180612,0,,D0,0.0,1.0,0.0,0.0,0.0
fire_00640,2018-06-12,20180612,0,,D0,0.0,1.0,0.0,0.0,0.0
fire_00641,2018-06-12,20180612,-1,,None,0.0,0.0,0.0,0.0,0.0
fire_00642,2018-06-12,20180612,0,,D0,0.0,1.0,0.0,0.0,0.0
fire_00643,2018-06-12,20180612,-1,,None,0.0,0.0,0.0,0.0,0.0
fire_00644,2018-06-12,20180612,-1,,None,0.0,0.0,0.0,0.0,0.0
fire_00645,2018-06-12,20180612,-1,,None,0.0,0.0,0.0,0.0,0.0
fire_00646,2018-06-12,20180612,0,,D0,0.0,1.0,0.0,0.0,0.0
fire_00647,2018-06-12,20180612,0,,D0,0.0,1.0,0.0,0.0,0.0
fire_00648,2018-06-12,20180612,-1,,None,0.0,0.0,0.0,0.0,0.0
fire_00649,2018-06-12,20180612,-1,,None,0.0,0.0,0.0,0.0,0.0
fire_00650,2018-06-12,20180612,1,,D1,1.0,1.0,1.0,0.0,0.0
fire_00651,2018-06-12,20180612,0,,D0,0.0,1.0,0.0,0.0,0.0
fire_00652,2018-06-19,20180619,2,,D2,2.0,1.0,1.0,1.0,0.0
fire_00653,2018-06-19,20180619,0,,D0,0.0,1.0,0.0,0.0,0.0
fire_00654,2018-06-19,20180619,-1,,None,0.0,0.0,0.0,0.0,0.0
fire_00655,2018-06-19,20180619,0,,D0,0.0,1.0,0.0,0.0,0.0
fire_00656,2018-06-19,20180619,0,,D0,0.0,1.0,0.0,0.0,0.0
fire_00657,2018-06-19,20180619,0,,D0,0.0,1.0,0.0,0.0,0.0
fire_00658,2018-06-19,20180619,2,,D2,2.0,1.0,1.0,1.0,0.0
fire_00661,2018-06-19,20180619,0,,D0,0.0,1.0,0.0,0.0,0.0
fire_00662,2018-06-19,20180619,-1,,None,0.0,0.0,0.0,0.0,0.0
fire_00663,2018-06-19,20180619,-1,,None,0.0,0.0,0.0,0.0,0.0
fire_00664,2018-06-19,20180619,0,,D0,0.0,1.0,0.0,0.0,0.0
fire_00669,2018-06-19,20180619,0,,D0,0.0,1.0,0.0,0.0,0.0
fire_00671,2018-06-19,20180619,0,,D0,0.0,1.0,0.0,0.0,0.0
fire_00672,2018-06-19,20180619,-1,,None,0.0,0.0,0.0,0.0,0.0
fire_00673,2018-06-19,20180619,2,,D2,2.0,1.0,1.0,1.0,0.0
fire_00674,2018-06-19,20180619,-1,,None,0.0,0.0,0.0,0.0,0.0
fire_00675,2018-06-19,20180619,0,,D0,0.0,1.0,0.0,0.0,0.0
fire_00659,2018-06-26,20180626,1,,D1,1.0,1.0,1.0,0.0,0.0
fire_00660,2018-06-26,20180626,1,,D1,1.0,1.0,1.0,0.0,0.0
fire_00666,2018-06-26,20180626,-1,,None,0.0,0.0,0.0,0.0,0.0
fire_00667,2018-06-26,20180626,0,,D0,0.0,1.0,0.0,0.0,0.0
fire_00668,2018-06-26,20180626,1,,D1,1.0,1.0,1.0,0.0,0.0
fire_00676,2018-06-26,20180626,0,,D0,0.0,1.0,0.0,0.0,0.0
fire_00677,2018-06-26,20180626,-1,,None,0.0,0.0,0.0,0.0,0.0
fire_00678,2018-06-26,20180626,0,,D0,0.0,1.0,0.0,0.0,0.0
fire_00679,2018-06-26,20180626,0,,D0,0.0,1.0,0.0,0.0,0.0
fire_00680,2018-06-26,20180626,2,,D2,2.0,1.0,1.0,1.0,0.0
fire_00681,2018-06-26,20180626,1,,D1,1.0,1.0,1.0,0.0,0.0
fire_00682,2018-06-26,20180626,2,,D2,2.0,1.0,1.0,1.0,0.0
fire_00685,2018-06-26,20180626,1,,D1,1.0,1.0,1.0,0.0,0.0
fire_00687,2018-06-26,20180626,0,,D0,0.0,1.0,0.0,0.0,0.0
fire_00689,2018-06-26,20180626,-1,,None,0.0,0.0,0.0,0.0,0.0
fire_00665,2018-07-03,20180703,0,,D0,0.0,1.0,0.0,0.0,0.0
fire_00684,2018-07-03,20180703,0,,D0,0.0,1.0,0.0,0.0,0.0
fire_00686,2018-07-03,20180703,2,,D2,2.0,1.0,1.0,1.0,0.0
fire_00688,2018-07-03,20180703,2,,D2,2.0,1.0,1.0,1.0,0.0
fire_00690,2018-07-03,20180703,1,,D1,1.0,1.0,1.0,0.0,0.0
fire_00691,2018-07-03,20180703,-1,,None,0.0,0.0,0.0,0.0,0.0
fire_00692,2018-07-03,20180703,2,,D2,2.0,1.0,1.0,1.0,0.0
fire_00694,2018-07-03,20180703,2,,D2,2.0,1.0,1.0,1.0,0.0
fire_00695,2018-07-03,20180703,0,,D0,0.0,1.0,0.0,0.0,0.0
fire_00699,2018-07-03,20180703,1,,D1,1.0,1.0,1.0,0.0,0.0
fire_00700,2018-07-03,20180703,0,,D0,0.0,1.0,0.0,0.0,0.0
fire_00701,2018-07-03,20180703,0,,D0,0.0,1.0,0.0,0.0,0.0
fire_00702,2018-07-03,20180703,0,,D0,0.0,1.0,0.0,0.0,0.0
fire_00704,2018-07-03,20180703,0,,D0,0.0,1.0,0.0,0.0,0.0
fire_00705,2018-07-03,20180703,0,,D0,0.0,1.0,0.0,0.0,0.0
fire_00706,2018-07-03,20180703,0,,D0,0.0,1.0,0.0,0.0,0.0
fire_00707,2018-07-03,20180703,0,,D0,0.0,1.0,0.0,0.0,0.0
fire_00708,2018-07-03,20180703,0,,D0,0.0,1.0,0.0,0.0,0.0
fire_00709,2018-07-03,20180703,-1,,None,0.0,0.0,0.0,0.0,0.0
fire_00710,2018-07-03,20180703,2,,D2,2.0,1.0,1.0,1.0,0.0
fire_00711,2018-07-03,20180703,0,,D0,0.0,1.0,0.0,0.0,0.0
fire_00712,2018-07-03,20180703,1,,D1,1.0,1.0,1.0,0.0,0.0
fire_00713,2018-07-03,20180703,0,,D0,0.0,1.0,0.0,0.0,0.0
fire_00683,2018-07-10,20180710,1,,D1,1.0,1.0,1.0,0.0,0.0
fire_00693,2018-07-10,20180710,-1,,None,0.0,0.0,0.0,0.0,0.0
fire_00696,2018-07-10,20180710,0,,D0,0.0,1.0,0.0,0.0,0.0
fire_00697,2018-07-10,20180710,2,,D2,2.0,1.0,1.0,1.0,0.0
fire_00698,2018-07-10,20180710,0,,D0,0.0,1.0,0.0,0.0,0.0
fire_00703,2018-07-10,20180710,-1,,None,0.0,0.0,0.0,0.0,0.0
fire_00714,2018-07-10,20180710,0,,D0,0.0,1.0,0.0,0.0,0.0
fire_00715,2018-07-10,20180710,-1,,None,0.0,0.0,0.0,0.0,0.0
fire_00716,2018-07-10,20180710,1,,D1,1.0,1.0,1.0,0.0,0.0
fire_00717,2018-07-10,20180710,-1,,None,0.0,0.0,0.0,0.0,0.0
fire_00718,2018-07-10,20180710,0,,D0,0.0,1.0,0.0,0.0,0.0
fire_00719,2018-07-10,20180710,-1,,None,0.0,0.0,0.0,0.0,0.0
fire_00720,2018-07-10,20180710,-1,,None,0.0,0.0,0.0,0.0,0.0
fire_00721,2018-07-10,20180710,0,,D0,0.0,1.0,0.0,0.0,0.0
fire_00723,2018-07-10,20180710,0,,D0,0.0,1.0,0.0,0.0,0.0
fire_00724,2018-07-10,20180710,-9,no_drought_or_nodata,,,,,,
fire_00725,2018-07-10,20180710,1,,D1,1.0,1.0,1.0,0.0,0.0
fire_00726,2018-07-10,20180710,2,,D2,2.0,1.0,1.0,1.0,0.0
fire_00727,2018-07-10,20180710,1,,D1,1.0,1.0,1.0,0.0,0.0
fire_00762,2018-07-10,20180710,0,,D0,0.0,1.0,0.0,0.0,0.0
fire_00728,2018-07-17,20180717,0,,D0,0.0,1.0,0.0,0.0,0.0
fire_00729,2018-07-17,20180717,0,,D0,0.0,1.0,0.0,0.0,0.0
fire_00730,2018-07-17,20180717,2,,D2,2.0,1.0,1.0,1.0,0.0
fire_00731,2018-07-17,20180717,2,,D2,2.0,1.0,1.0,1.0,0.0
fire_00732,2018-07-17,20180717,1,,D1,1.0,1.0,1.0,0.0,0.0
fire_00733,2018-07-17,20180717,2,,D2,2.0,1.0,1.0,1.0,0.0
fire_00734,2018-07-17,20180717,0,,D0,0.0,1.0,0.0,0.0,0.0
fire_00735,2018-07-17,20180717,0,,D0,0.0,1.0,0.0,0.0,0.0
fire_00736,2018-07-17,20180717,1,,D1,1.0,1.0,1.0,0.0,0.0
fire_00737,2018-07-17,20180717,0,,D0,0.0,1.0,0.0,0.0,0.0
fire_00738,2018-07-17,20180717,0,,D0,0.0,1.0,0.0,0.0,0.0
fire_00739,2018-07-17,20180717,0,,D0,0.0,1.0,0.0,0.0,0.0
fire_00740,2018-07-17,20180717,1,,D1,1.0,1.0,1.0,0.0,0.0
fire_00741,2018-07-17,20180717,2,,D2,2.0,1.0,1.0,1.0,0.0
fire_00742,2018-07-17,20180717,2,,D2,2.0,1.0,1.0,1.0,0.0
fire_00744,2018-07-17,20180717,0,,D0,0.0,1.0,0.0,0.0,0.0
fire_00745,2018-07-17,20180717,-1,,None,0.0,0.0,0.0,0.0,0.0
fire_00746,2018-07-17,20180717,0,,D0,0.0,1.0,0.0,0.0,0.0
fire_00747,2018-07-17,20180717,0,,D0,0.0,1.0,0.0,0.0,0.0
fire_00748,2018-07-17,20180717,0,,D0,0.0,1.0,0.0,0.0,0.0
fire_00749,2018-07-17,20180717,0,,D0,0.0,1.0,0.0,0.0,0.0
fire_00750,2018-07-24,20180724,0,,D0,0.0,1.0,0.0,0.0,0.0
fire_00751,2018-07-24,20180724,2,,D2,2.0,1.0,1.0,1.0,0.0
fire_00752,2018-07-24,20180724,2,,D2,2.0,1.0,1.0,1.0,0.0
fire_00757,2018-07-24,20180724,1,,D1,1.0,1.0,1.0,0.0,0.0
fire_00758,2018-07-24,20180724,0,,D0,0.0,1.0,0.0,0.0,0.0
fire_00759,2018-07-24,20180724,0,,D0,0.0,1.0,0.0,0.0,0.0
fire_00760,2018-07-24,20180724,1,,D1,1.0,1.0,1.0,0.0,0.0
fire_00761,2018-07-24,20180724,-1,,None,0.0,0.0,0.0,0.0,0.0
fire_00763,2018-07-24,20180724,0,,D0,0.0,1.0,0.0,0.0,0.0
fire_00764,2018-07-24,20180724,-1,,None,0.0,0.0,0.0,0.0,0.0
fire_00765,2018-07-24,20180724,2,,D2,2.0,1.0,1.0,1.0,0.0
fire_00766,2018-07-24,20180724,2,,D2,2.0,1.0,1.0,1.0,0.0
fire_00767,2018-07-24,20180724,0,,D0,0.0,1.0,0.0,0.0,0.0
fire_00768,2018-07-24,20180724,1,,D1,1.0,1.0,1.0,0.0,0.0
fire_00769,2018-07-24,20180724,1,,D1,1.0,1.0,1.0,0.0,0.0
fire_00770,2018-07-24,20180724,-1,,None,0.0,0.0,0.0,0.0,0.0
fire_00773,2018-07-24,20180724,-1,,None,0.0,0.0,0.0,0.0,0.0
fire_00774,2018-07-24,20180724,0,,D0,0.0,1.0,0.0,0.0,0.0
fire_00775,2018-07-24,20180724,0,,D0,0.0,1.0,0.0,0.0,0.0
fire_00753,2018-07-31,20180731,0,,D0,0.0,1.0,0.0,0.0,0.0
fire_00754,2018-07-31,20180731,0,,D0,0.0,1.0,0.0,0.0,0.0
fire_00755,2018-07-31,20180731,0,,D0,0.0,1.0,0.0,0.0,0.0
fire_00756,2018-07-31,20180731,1,,D1,1.0,1.0,1.0,0.0,0.0
fire_00772,2018-07-31,20180731,2,,D2,2.0,1.0,1.0,1.0,0.0
fire_00776,2018-07-31,20180731,1,,D1,1.0,1.0,1.0,0.0,0.0
fire_00777,2018-07-31,20180731,2,,D2,2.0,1.0,1.0,1.0,0.0
fire_00778,2018-07-31,20180731,2,,D2,2.0,1.0,1.0,1.0,0.0
fire_00779,2018-07-31,20180731,-1,,None,0.0,0.0,0.0,0.0,0.0
fire_00780,2018-07-31,20180731,-1,,None,0.0,0.0,0.0,0.0,0.0
fire_00781,2018-07-31,20180731,1,,D1,1.0,1.0,1.0,0.0,0.0
fire_00783,2018-08-07,20180807,0,,D0,0.0,1.0,0.0,0.0,0.0
fire_00785,2018-08-07,20180807,2,,D2,2.0,1.0,1.0,1.0,0.0
fire_00786,2018-08-07,20180807,-1,,None,0.0,0.0,0.0,0.0,0.0
fire_00787,2018-08-07,20180807,0,,D0,0.0,1.0,0.0,0.0,0.0
fire_00790,2018-08-07,20180807,0,,D0,0.0,1.0,0.0,0.0,0.0
fire_00792,2018-08-07,20180807,0,,D0,0.0,1.0,0.0,0.0,0.0
fire_00793,2018-08-07,20180807,2,,D2,2.0,1.0,1.0,1.0,0.0
fire_00794,2018-08-07,20180807,0,,D0,0.0,1.0,0.0,0.0,0.0
fire_00795,2018-08-07,20180807,0,,D0,0.0,1.0,0.0,0.0,0.0
fire_00796,2018-08-07,20180807,-1,,None,0.0,0.0,0.0,0.0,0.0
fire_00722,2018-08-14,20180814,1,,D1,1.0,1.0,1.0,0.0,0.0
fire_00782,2018-08-14,20180814,0,,D0,0.0,1.0,0.0,0.0,0.0
fire_00784,2018-08-14,20180814,2,,D2,2.0,1.0,1.0,1.0,0.0
fire_00788,2018-08-14,20180814,0,,D0,0.0,1.0,0.0,0.0,0.0
fire_00791,2018-08-14,20180814,1,,D1,1.0,1.0,1.0,0.0,0.0
fire_00798,2018-08-14,20180814,0,,D0,0.0,1.0,0.0,0.0,0.0
fire_00799,2018-08-14,20180814,1,,D1,1.0,1.0,1.0,0.0,0.0
fire_00800,2018-08-14,20180814,2,,D2,2.0,1.0,1.0,1.0,0.0
fire_00801,2018-08-14,20180814,2,,D2,2.0,1.0,1.0,1.0,0.0
fire_00797,2018-08-21,20180821,0,,D0,0.0,1.0,0.0,0.0,0.0
fire_00802,2018-08-21,20180821,0,,D0,0.0,1.0,0.0,0.0,0.0
fire_00803,2018-08-21,20180821,2,,D2,2.0,1.0,1.0,1.0,0.0
fire_00804,2018-08-21,20180821,0,,D0,0.0,1.0,0.0,0.0,0.0
fire_00805,2018-08-21,20180821,1,,D1,1.0,1.0,1.0,0.0,0.0
fire_00806,2018-08-21,20180821,2,,D2,2.0,1.0,1.0,1.0,0.0
fire_00743,2018-08-28,20180828,0,,D0,0.0,1.0,0.0,0.0,0.0
fire_00808,2018-08-28,20180828,1,,D1,1.0,1.0,1.0,0.0,0.0
fire_00809,2018-08-28,20180828,2,,D2,2.0,1.0,1.0,1.0,0.0
fire_00810,2018-08-28,20180828,-1,,None,0.0,0.0,0.0,0.0,0.0
fire_00811,2018-08-28,20180828,2,,D2,2.0,1.0,1.0,1.0,0.0
fire_00812,2018-08-28,20180828,1,,D1,1.0,1.0,1.0,0.0,0.0
fire_00813,2018-08-28,20180828,0,,D0,0.0,1.0,0.0,0.0,0.0
fire_00814,2018-08-28,20180828,-1,,None,0.0,0.0,0.0,0.0,0.0
fire_00815,2018-08-28,20180828,0,,D0,0.0,1.0,0.0,0.0,0.0
fire_00816,2018-08-28,20180828,1,,D1,1.0,1.0,1.0,0.0,0.0
fire_00818,2018-08-28,20180828,0,,D0,0.0,1.0,0.0,0.0,0.0
fire_00819,2018-08-28,20180828,0,,D0,0.0,1.0,0.0,0.0,0.0
fire_00789,2018-09-04,20180904,1,,D1,1.0,1.0,1.0,0.0,0.0
fire_00807,2018-09-04,20180904,2,,D2,2.0,1.0,1.0,1.0,0.0
fire_00817,2018-09-04,20180904,0,,D0,0.0,1.0,0.0,0.0,0.0
fire_00821,2018-09-04,20180904,0,,D0,0.0,1.0,0.0,0.0,0.0
fire_00822,2018-09-04,20180904,1,,D1,1.0,1.0,1.0,0.0,0.0
fire_00771,2018-09-11,20180911,2,,D2,2.0,1.0,1.0,1.0,0.0
fire_00820,2018-09-11,20180911,0,,D0,0.0,1.0,0.0,0.0,0.0
fire_00823,2018-09-11,20180911,2,,D2,2.0,1.0,1.0,1.0,0.0
fire_00824,2018-09-18,20180918,-1,,None,0.0,0.0,0.0,0.0,0.0
fire_00825,2018-09-18,20180918,2,,D2,2.0,1.0,1.0,1.0,0.0
fire_00826,2018-09-18,20180918,0,,D0,0.0,1.0,0.0,0.0,0.0
fire_00827,2018-09-18,20180918,-1,,None,0.0,0.0,0.0,0.0,0.0
fire_00830,2018-09-18,20180918,0,,D0,0.0,1.0,0.0,0.0,0.0
fire_00831,2018-09-18,20180918,0,,D0,0.0,1.0,0.0,0.0,0.0
fire_00832,2018-09-18,20180918,2,,D2,2.0,1.0,1.0,1.0,0.0
fire_00828,2018-09-25,20180925,-1,,None,0.0,0.0,0.0,0.0,0.0
fire_00829,2018-09-25,20180925,0,,D0,0.0,1.0,0.0,0.0,0.0
fire_00833,2018-09-25,20180925,0,,D0,0.0,1.0,0.0,0.0,0.0
fire_00834,2018-09-25,20180925,0,,D0,0.0,1.0,0.0,0.0,0.0
fire_00835,2018-10-02,20181002,0,,D0,0.0,1.0,0.0,0.0,0.0
fire_00836,2018-10-02,20181002,0,,D0,0.0,1.0,0.0,0.0,0.0
fire_00837,2018-10-02,20181002,2,,D2,2.0,1.0,1.0,1.0,0.0
fire_00838,2018-10-09,20181009,0,,D0,0.0,1.0,0.0,0.0,0.0
fire_00839,2018-10-09,20181009,0,,D0,0.0,1.0,0.0,0.0,0.0
fire_00840,2018-10-09,20181009,1,,D1,1.0,1.0,1.0,0.0,0.0
fire_00841,2018-10-09,20181009,1,,D1,1.0,1.0,1.0,0.0,0.0
fire_00842,2018-10-09,20181009,0,,D0,0.0,1.0,0.0,0.0,0.0
fire_00843,2018-10-16,20181016,2,,D2,2.0,1.0,1.0,1.0,0.0
fire_00844,2018-10-16,20181016,0,,D0,0.0,1.0,0.0,0.0,0.0
fire_00845,2018-10-23,20181023,0,,D0,0.0,1.0,0.0,0.0,0.0
fire_00846,2018-10-30,20181030,0,,D0,0.0,1.0,0.0,0.0,0.0
fire_00849,2018-10-30,20181030,1,,D1,1.0,1.0,1.0,0.0,0.0
fire_00847,2018-11-06,20181106,1,,D1,1.0,1.0,1.0,0.0,0.0
fire_00848,2018-11-06,20181106,0,,D0,0.0,1.0,0.0,0.0,0.0
fire_00850,2018-11-06,20181106,0,,D0,0.0,1.0,0.0,0.0,0.0
fire_00851,2018-11-06,20181106,0,,D0,0.0,1.0,0.0,0.0,0.0
fire_00852,2018-11-06,20181106,2,,D2,2.0,1.0,1.0,1.0,0.0
fire_00853,2018-11-06,20181106,2,,D2,2.0,1.0,1.0,1.0,0.0
fire_00855,2018-11-06,20181106,1,,D1,1.0,1.0,1.0,0.0,0.0
fire_00856,2018-11-06,20181106,1,,D1,1.0,1.0,1.0,0.0,0.0
fire_00857,2018-11-06,20181106,0,,D0,0.0,1.0,0.0,0.0,0.0
fire_00859,2018-11-06,20181106,2,,D2,2.0,1.0,1.0,1.0,0.0
fire_00854,2018-11-13,20181113,0,,D0,0.0,1.0,0.0,0.0,0.0
fire_00858,2018-11-13,20181113,2,,D2,2.0,1.0,1.0,1.0,0.0
fire_00860,2018-11-13,20181113,0,,D0,0.0,1.0,0.0,0.0,0.0
fire_00861,2018-12-25,20181225,1,,D1,1.0,1.0,1.0,0.0,0.0
fire_00863,2019-04-23,20190423,-1,,None,0.0,0.0,0.0,0.0,0.0
fire_00864,2019-04-23,20190423,-1,,None,0.0,0.0,0.0,0.0,0.0
fire_00865,2019-04-23,20190423,-1,,None,0.0,0.0,0.0,0.0,0.0
fire_00866,2019-04-23,20190423,-1,,None,0.0,0.0,0.0,0.0,0.0
fire_00867,2019-04-30,20190430,-1,,None,0.0,0.0,0.0,0.0,0.0
fire_00868,2019-04-30,20190430,-1,,None,0.0,0.0,0.0,0.0,0.0
fire_00869,2019-05-07,20190507,-1,,None,0.0,0.0,0.0,0.0,0.0
fire_00870,2019-05-07,20190507,-9,no_drought_or_nodata,,,,,,
fire_00871,2019-05-14,20190514,-1,,None,0.0,0.0,0.0,0.0,0.0
fire_00872,2019-05-14,20190514,-1,,None,0.0,0.0,0.0,0.0,0.0
fire_00873,2019-05-14,20190514,0,,D0,0.0,1.0,0.0,0.0,0.0
fire_00874,2019-05-21,20190521,-1,,None,0.0,0.0,0.0,0.0,0.0
fire_00875,2019-05-21,20190521,-1,,None,0.0,0.0,0.0,0.0,0.0
fire_00878,2019-05-21,20190521,-1,,None,0.0,0.0,0.0,0.0,0.0
fire_00876,2019-05-28,20190528,-1,,None,0.0,0.0,0.0,0.0,0.0
fire_00877,2019-05-28,20190528,-1,,None,0.0,0.0,0.0,0.0,0.0
fire_00879,2019-05-28,20190528,-1,,None,0.0,0.0,0.0,0.0,0.0
fire_00880,2019-05-28,20190528,-1,,None,0.0,0.0,0.0,0.0,0.0
fire_00881,2019-05-28,20190528,-1,,None,0.0,0.0,0.0,0.0,0.0
fire_00882,2019-05-28,20190528,-1,,None,0.0,0.0,0.0,0.0,0.0
fire_00883,2019-05-28,20190528,-1,,None,0.0,0.0,0.0,0.0,0.0
fire_00884,2019-06-04,20190604,-1,,None,0.0,0.0,0.0,0.0,0.0
fire_00885,2019-06-04,20190604,-1,,None,0.0,0.0,0.0,0.0,0.0
fire_00886,2019-06-04,20190604,-1,,None,0.0,0.0,0.0,0.0,0.0
fire_00887,2019-06-04,20190604,-1,,None,0.0,0.0,0.0,0.0,0.0
fire_00888,2019-06-04,20190604,-1,,None,0.0,0.0,0.0,0.0,0.0
fire_00889,2019-06-04,20190604,-1,,None,0.0,0.0,0.0,0.0,0.0
fire_00890,2019-06-04,20190604,-1,,None,0.0,0.0,0.0,0.0,0.0
fire_00891,2019-06-04,20190604,-1,,None,0.0,0.0,0.0,0.0,0.0
fire_00892,2019-06-04,20190604,-1,,None,0.0,0.0,0.0,0.0,0.0
fire_00893,2019-06-04,20190604,-1,,None,0.0,0.0,0.0,0.0,0.0
fire_00894,2019-06-04,20190604,-1,,None,0.0,0.0,0.0,0.0,0.0
fire_00895,2019-06-04,20190604,-1,,None,0.0,0.0,0.0,0.0,0.0
fire_00896,2019-06-04,20190604,-1,,None,0.0,0.0,0.0,0.0,0.0
fire_00897,2019-06-04,20190604,-1,,None,0.0,0.0,0.0,0.0,0.0
fire_00898,2019-06-04,20190604,0,,D0,0.0,1.0,0.0,0.0,0.0
fire_00899,2019-06-11,20190611,-1,,None,0.0,0.0,0.0,0.0,0.0
fire_00900,2019-06-11,20190611,-1,,None,0.0,0.0,0.0,0.0,0.0
fire_00901,2019-06-11,20190611,-1,,None,0.0,0.0,0.0,0.0,0.0
fire_00903,2019-06-11,20190611,-1,,None,0.0,0.0,0.0,0.0,0.0
fire_00862,2019-06-18,20190618,-1,,None,0.0,0.0,0.0,0.0,0.0
fire_00902,2019-06-18,20190618,0,,D0,0.0,1.0,0.0,0.0,0.0
fire_00904,2019-06-18,20190618,0,,D0,0.0,1.0,0.0,0.0,0.0
fire_00905,2019-06-18,20190618,-1,,None,0.0,0.0,0.0,0.0,0.0
fire_00906,2019-06-18,20190618,-1,,None,0.0,0.0,0.0,0.0,0.0
fire_00907,2019-06-18,20190618,-1,,None,0.0,0.0,0.0,0.0,0.0
fire_00908,2019-06-18,20190618,-1,,None,0.0,0.0,0.0,0.0,0.0
fire_00909,2019-06-18,20190618,-1,,None,0.0,0.0,0.0,0.0,0.0
fire_00910,2019-06-18,20190618,-1,,None,0.0,0.0,0.0,0.0,0.0
fire_00911,2019-06-18,20190618,-1,,None,0.0,0.0,0.0,0.0,0.0
fire_00912,2019-06-18,20190618,-1,,None,0.0,0.0,0.0,0.0,0.0
fire_00913,2019-06-25,20190625,0,,D0,0.0,1.0,0.0,0.0,0.0
fire_00914,2019-06-25,20190625,-1,,None,0.0,0.0,0.0,0.0,0.0
fire_00915,2019-06-25,20190625,0,,D0,0.0,1.0,0.0,0.0,0.0
fire_00916,2019-06-25,20190625,0,,D0,0.0,1.0,0.0,0.0,0.0
fire_00917,2019-06-25,20190625,-1,,None,0.0,0.0,0.0,0.0,0.0
fire_00918,2019-06-25,20190625,-1,,None,0.0,0.0,0.0,0.0,0.0
fire_00919,2019-06-25,20190625,-1,,None,0.0,0.0,0.0,0.0,0.0
fire_00920,2019-06-25,20190625,-1,,None,0.0,0.0,0.0,0.0,0.0
fire_00921,2019-07-02,20190702,-1,,None,0.0,0.0,0.0,0.0,0.0
fire_00922,2019-07-02,20190702,-1,,None,0.0,0.0,0.0,0.0,0.0
fire_00923,2019-07-02,20190702,-1,,None,0.0,0.0,0.0,0.0,0.0
fire_00924,2019-07-02,20190702,-1,,None,0.0,0.0,0.0,0.0,0.0
fire_00925,2019-07-02,20190702,-1,,None,0.0,0.0,0.0,0.0,0.0
fire_00926,2019-07-02,20190702,-1,,None,0.0,0.0,0.0,0.0,0.0
fire_00927,2019-07-02,20190702,-1,,None,0.0,0.0,0.0,0.0,0.0
fire_00928,2019-07-02,20190702,-1,,None,0.0,0.0,0.0,0.0,0.0
fire_00929,2019-07-09,20190709,0,,D0,0.0,1.0,0.0,0.0,0.0
fire_00930,2019-07-09,20190709,0,,D0,0.0,1.0,0.0,0.0,0.0
fire_00931,2019-07-09,20190709,-1,,None,0.0,0.0,0.0,0.0,0.0
fire_00932,2019-07-09,20190709,-1,,None,0.0,0.0,0.0,0.0,0.0
fire_00933,2019-07-09,20190709,-1,,None,0.0,0.0,0.0,0.0,0.0
fire_00934,2019-07-09,20190709,0,,D0,0.0,1.0,0.0,0.0,0.0
fire_00935,2019-07-09,20190709,-1,,None,0.0,0.0,0.0,0.0,0.0
fire_00936,2019-07-09,20190709,-1,,None,0.0,0.0,0.0,0.0,0.0
fire_00937,2019-07-09,20190709,-1,,None,0.0,0.0,0.0,0.0,0.0
fire_00938,2019-07-09,20190709,-1,,None,0.0,0.0,0.0,0.0,0.0
fire_00939,2019-07-09,20190709,-1,,None,0.0,0.0,0.0,0.0,0.0
fire_00940,2019-07-09,20190709,-1,,None,0.0,0.0,0.0,0.0,0.0
fire_00941,2019-07-09,20190709,0,,D0,0.0,1.0,0.0,0.0,0.0
fire_00942,2019-07-09,20190709,-1,,None,0.0,0.0,0.0,0.0,0.0
fire_00943,2019-07-09,20190709,-1,,None,0.0,0.0,0.0,0.0,0.0
fire_00944,2019-07-09,20190709,0,,D0,0.0,1.0,0.0,0.0,0.0
fire_00945,2019-07-16,20190716,-1,,None,0.0,0.0,0.0,0.0,0.0
fire_00946,2019-07-16,20190716,-1,,None,0.0,0.0,0.0,0.0,0.0
fire_00947,2019-07-16,20190716,-1,,None,0.0,0.0,0.0,0.0,0.0
fire_00948,2019-07-16,20190716,-1,,None,0.0,0.0,0.0,0.0,0.0
fire_00949,2019-07-16,20190716,-1,,None,0.0,0.0,0.0,0.0,0.0
fire_00950,2019-07-16,20190716,-1,,None,0.0,0.0,0.0,0.0,0.0
fire_00951,2019-07-16,20190716,-1,,None,0.0,0.0,0.0,0.0,0.0
fire_00952,2019-07-16,20190716,-1,,None,0.0,0.0,0.0,0.0,0.0
fire_00953,2019-07-16,20190716,-1,,None,0.0,0.0,0.0,0.0,0.0
fire_00954,2019-07-16,20190716,-1,,None,0.0,0.0,0.0,0.0,0.0
fire_00955,2019-07-23,20190723,-1,,None,0.0,0.0,0.0,0.0,0.0
fire_00956,2019-07-23,20190723,-1,,None,0.0,0.0,0.0,0.0,0.0
fire_00957,2019-07-23,20190723,-9,no_drought_or_nodata,,,,,,
fire_00958,2019-07-23,20190723,-1,,None,0.0,0.0,0.0,0.0,0.0
fire_00959,2019-07-23,20190723,-1,,None,0.0,0.0,0.0,0.0,0.0
fire_00960,2019-07-23,20190723,0,,D0,0.0,1.0,0.0,0.0,0.0
fire_00961,2019-07-23,20190723,-1,,None,0.0,0.0,0.0,0.0,0.0
fire_00962,2019-07-23,20190723,-1,,None,0.0,0.0,0.0,0.0,0.0
fire_00963,2019-07-23,20190723,-1,,None,0.0,0.0,0.0,0.0,0.0
fire_00964,2019-07-23,20190723,-1,,None,0.0,0.0,0.0,0.0,0.0
fire_00965,2019-07-23,20190723,-1,,None,0.0,0.0,0.0,0.0,0.0
fire_00966,2019-07-30,20190730,0,,D0,0.0,1.0,0.0,0.0,0.0
fire_00967,2019-07-30,20190730,-1,,None,0.0,0.0,0.0,0.0,0.0
fire_00968,2019-07-30,20190730,-1,,None,0.0,0.0,0.0,0.0,0.0
fire_00969,2019-07-30,20190730,-1,,None,0.0,0.0,0.0,0.0,0.0
fire_00970,2019-07-30,20190730,-1,,None,0.0,0.0,0.0,0.0,0.0
fire_00971,2019-07-30,20190730,-1,,None,0.0,0.0,0.0,0.0,0.0
fire_00972,2019-07-30,20190730,-1,,None,0.0,0.0,0.0,0.0,0.0
fire_00973,2019-07-30,20190730,-1,,None,0.0,0.0,0.0,0.0,0.0
fire_00974,2019-07-30,20190730,-1,,None,0.0,0.0,0.0,0.0,0.0
fire_00975,2019-07-30,20190730,0,,D0,0.0,1.0,0.0,0.0,0.0
fire_00976,2019-07-30,20190730,-1,,None,0.0,0.0,0.0,0.0,0.0
fire_00977,2019-07-30,20190730,-1,,None,0.0,0.0,0.0,0.0,0.0
fire_00978,2019-07-30,20190730,-1,,None,0.0,0.0,0.0,0.0,0.0
fire_00979,2019-08-06,20190806,-1,,None,0.0,0.0,0.0,0.0,0.0
fire_00980,2019-08-06,20190806,-1,,None,0.0,0.0,0.0,0.0,0.0
fire_00981,2019-08-06,20190806,-1,,None,0.0,0.0,0.0,0.0,0.0
fire_00982,2019-08-06,20190806,-1,,None,0.0,0.0,0.0,0.0,0.0
fire_00983,2019-08-06,20190806,-1,,None,0.0,0.0,0.0,0.0,0.0
fire_00984,2019-08-06,20190806,0,,D0,0.0,1.0,0.0,0.0,0.0
fire_00985,2019-08-06,20190806,-1,,None,0.0,0.0,0.0,0.0,0.0
fire_00986,2019-08-06,20190806,-1,,None,0.0,0.0,0.0,0.0,0.0
fire_00987,2019-08-06,20190806,-1,,None,0.0,0.0,0.0,0.0,0.0
fire_00988,2019-08-06,20190806,-1,,None,0.0,0.0,0.0,0.0,0.0
fire_00989,2019-08-06,20190806,-1,,None,0.0,0.0,0.0,0.0,0.0
fire_00990,2019-08-06,20190806,-1,,None,0.0,0.0,0.0,0.0,0.0
fire_00991,2019-08-13,20190813,-1,,None,0.0,0.0,0.0,0.0,0.0
fire_00992,2019-08-13,20190813,-1,,None,0.0,0.0,0.0,0.0,0.0
fire_00993,2019-08-13,20190813,-1,,None,0.0,0.0,0.0,0.0,0.0
fire_00994,2019-08-13,20190813,0,,D0,0.0,1.0,0.0,0.0,0.0
fire_00995,2019-08-13,20190813,-1,,None,0.0,0.0,0.0,0.0,0.0
fire_00996,2019-08-13,20190813,0,,D0,0.0,1.0,0.0,0.0,0.0
fire_00997,2019-08-13,20190813,-1,,None,0.0,0.0,0.0,0.0,0.0
fire_00998,2019-08-13,20190813,-1,,None,0.0,0.0,0.0,0.0,0.0
fire_00999,2019-08-20,20190820,-1,,None,0.0,0.0,0.0,0.0,0.0
fire_01000,2019-08-20,20190820,0,,D0,0.0,1.0,0.0,0.0,0.0
fire_01001,2019-08-20,20190820,-1,,None,0.0,0.0,0.0,0.0,0.0
fire_01002,2019-08-20,20190820,-1,,None,0.0,0.0,0.0,0.0,0.0
fire_01003,2019-08-20,20190820,0,,D0,0.0,1.0,0.0,0.0,0.0
fire_01004,2019-08-20,20190820,-1,,None,0.0,0.0,0.0,0.0,0.0
fire_01005,2019-08-20,20190820,-9,no_drought_or_nodata,,,,,,
fire_01006,2019-08-20,20190820,0,,D0,0.0,1.0,0.0,0.0,0.0
fire_01007,2019-08-20,20190820,-1,,None,0.0,0.0,0.0,0.0,0.0
fire_01008,2019-08-27,20190827,-1,,None,0.0,0.0,0.0,0.0,0.0
fire_01009,2019-08-27,20190827,-1,,None,0.0,0.0,0.0,0.0,0.0
fire_01010,2019-08-27,20190827,-1,,None,0.0,0.0,0.0,0.0,0.0
fire_01011,2019-08-27,20190827,-1,,None,0.0,0.0,0.0,0.0,0.0
fire_01012,2019-08-27,20190827,-1,,None,0.0,0.0,0.0,0.0,0.0
fire_01013,2019-08-27,20190827,-1,,None,0.0,0.0,0.0,0.0,0.0
fire_01014,2019-08-27,20190827,-1,,None,0.0,0.0,0.0,0.0,0.0
fire_01015,2019-08-27,20190827,-1,,None,0.0,0.0,0.0,0.0,0.0
fire_01016,2019-08-27,20190827,-1,,None,0.0,0.0,0.0,0.0,0.0
fire_01017,2019-08-27,20190827,-1,,None,0.0,0.0,0.0,0.0,0.0
fire_01018,2019-08-27,20190827,0,,D0,0.0,1.0,0.0,0.0,0.0
fire_01019,2019-08-27,20190827,-1,,None,0.0,0.0,0.0,0.0,0.0
fire_01020,2019-08-27,20190827,-1,,None,0.0,0.0,0.0,0.0,0.0
fire_01021,2019-09-03,20190903,-1,,None,0.0,0.0,0.0,0.0,0.0
fire_01022,2019-09-03,20190903,-1,,None,0.0,0.0,0.0,0.0,0.0
fire_01023,2019-09-03,20190903,-1,,None,0.0,0.0,0.0,0.0,0.0
fire_01024,2019-09-03,20190903,-1,,None,0.0,0.0,0.0,0.0,0.0
fire_01025,2019-09-03,20190903,-1,,None,0.0,0.0,0.0,0.0,0.0
fire_01026,2019-09-03,20190903,-1,,None,0.0,0.0,0.0,0.0,0.0
fire_01027,2019-09-03,20190903,-1,,None,0.0,0.0,0.0,0.0,0.0
fire_01028,2019-09-03,20190903,-1,,None,0.0,0.0,0.0,0.0,0.0
fire_01029,2019-09-03,20190903,-1,,None,0.0,0.0,0.0,0.0,0.0
fire_01030,2019-09-03,20190903,-1,,None,0.0,0.0,0.0,0.0,0.0
fire_01031,2019-09-03,20190903,-1,,None,0.0,0.0,0.0,0.0,0.0
fire_01032,2019-09-03,20190903,-1,,None,0.0,0.0,0.0,0.0,0.0
fire_01033,2019-09-03,20190903,-1,,None,0.0,0.0,0.0,0.0,0.0
fire_01034,2019-09-03,20190903,-1,,None,0.0,0.0,0.0,0.0,0.0
fire_01035,2019-09-03,20190903,-1,,None,0.0,0.0,0.0,0.0,0.0
fire_01036,2019-09-03,20190903,-1,,None,0.0,0.0,0.0,0.0,0.0
fire_01037,2019-09-03,20190903,-1,,None,0.0,0.0,0.0,0.0,0.0
fire_01038,2019-09-03,20190903,-1,,None,0.0,0.0,0.0,0.0,0.0
fire_01039,2019-09-03,20190903,0,,D0,0.0,1.0,0.0,0.0,0.0
fire_01040,2019-09-03,20190903,-1,,None,0.0,0.0,0.0,0.0,0.0
fire_01041,2019-09-10,20190910,0,,D0,0.0,1.0,0.0,0.0,0.0
fire_01042,2019-09-10,20190910,-1,,None,0.0,0.0,0.0,0.0,0.0
fire_01043,2019-09-10,20190910,0,,D0,0.0,1.0,0.0,0.0,0.0
fire_01044,2019-09-10,20190910,-1,,None,0.0,0.0,0.0,0.0,0.0
fire_01045,2019-09-10,20190910,0,,D0,0.0,1.0,0.0,0.0,0.0
fire_01046,2019-09-17,20190917,-1,,None,0.0,0.0,0.0,0.0,0.0
fire_01047,2019-09-17,20190917,-1,,None,0.0,0.0,0.0,0.0,0.0
fire_01048,2019-09-17,20190917,-1,,None,0.0,0.0,0.0,0.0,0.0
fire_01049,2019-09-17,20190917,0,,D0,0.0,1.0,0.0,0.0,0.0
fire_01050,2019-09-17,20190917,-1,,None,0.0,0.0,0.0,0.0,0.0
fire_01051,2019-09-17,20190917,-1,,None,0.0,0.0,0.0,0.0,0.0
fire_01052,2019-09-17,20190917,-1,,None,0.0,0.0,0.0,0.0,0.0
fire_01053,2019-09-17,20190917,0,,D0,0.0,1.0,0.0,0.0,0.0
fire_01054,2019-09-17,20190917,-1,,None,0.0,0.0,0.0,0.0,0.0
fire_01055,2019-09-17,20190917,0,,D0,0.0,1.0,0.0,0.0,0.0
fire_01056,2019-09-24,20190924,-1,,None,0.0,0.0,0.0,0.0,0.0
fire_01057,2019-09-24,20190924,-1,,None,0.0,0.0,0.0,0.0,0.0
fire_01058,2019-09-24,20190924,-1,,None,0.0,0.0,0.0,0.0,0.0
fire_01059,2019-09-24,20190924,0,,D0,0.0,1.0,0.0,0.0,0.0
fire_01060,2019-09-24,20190924,-1,,None,0.0,0.0,0.0,0.0,0.0
fire_01061,2019-09-24,20190924,-1,,None,0.0,0.0,0.0,0.0,0.0
fire_01062,2019-10-01,20191001,-1,,None,0.0,0.0,0.0,0.0,0.0
fire_01063,2019-10-01,20191001,-1,,None,0.0,0.0,0.0,0.0,0.0
fire_01064,2019-10-01,20191001,-1,,None,0.0,0.0,0.0,0.0,0.0
fire_01065,2019-10-01,20191001,-1,,None,0.0,0.0,0.0,0.0,0.0
fire_01066,2019-10-01,20191001,-1,,None,0.0,0.0,0.0,0.0,0.0
fire_01067,2019-10-01,20191001,-1,,None,0.0,0.0,0.0,0.0,0.0
fire_01068,2019-10-01,20191001,-1,,None,0.0,0.0,0.0,0.0,0.0
fire_01069,2019-10-01,20191001,-1,,None,0.0,0.0,0.0,0.0,0.0
fire_01070,2019-10-01,20191001,-1,,None,0.0,0.0,0.0,0.0,0.0
fire_01071,2019-10-01,20191001,-1,,None,0.0,0.0,0.0,0.0,0.0
fire_01072,2019-10-01,20191001,-1,,None,0.0,0.0,0.0,0.0,0.0
fire_01073,2019-10-08,20191008,-1,,None,0.0,0.0,0.0,0.0,0.0
fire_01074,2019-10-08,20191008,-1,,None,0.0,0.0,0.0,0.0,0.0
fire_01075,2019-10-08,20191008,-1,,None,0.0,0.0,0.0,0.0,0.0
fire_01076,2019-10-08,20191008,-1,,None,0.0,0.0,0.0,0.0,0.0
fire_01077,2019-10-08,20191008,-1,,None,0.0,0.0,0.0,0.0,0.0
fire_01078,2019-10-08,20191008,-1,,None,0.0,0.0,0.0,0.0,0.0
fire_01079,2019-10-08,20191008,-1,,None,0.0,0.0,0.0,0.0,0.0
fire_01080,2019-10-08,20191008,-1,,None,0.0,0.0,0.0,0.0,0.0
fire_01081,2019-10-08,20191008,-1,,None,0.0,0.0,0.0,0.0,0.0
fire_01082,2019-10-08,20191008,-1,,None,0.0,0.0,0.0,0.0,0.0
fire_01083,2019-10-08,20191008,-1,,None,0.0,0.0,0.0,0.0,0.0
fire_01084,2019-10-08,20191008,-1,,None,0.0,0.0,0.0,0.0,0.0
fire_01085,2019-10-08,20191008,-1,,None,0.0,0.0,0.0,0.0,0.0
fire_01086,2019-10-08,20191008,-1,,None,0.0,0.0,0.0,0.0,0.0
fire_01087,2019-10-08,20191008,-1,,None,0.0,0.0,0.0,0.0,0.0
fire_01088,2019-10-15,20191015,-1,,None,0.0,0.0,0.0,0.0,0.0
fire_01089,2019-10-15,20191015,-1,,None,0.0,0.0,0.0,0.0,0.0
fire_01090,2019-10-15,20191015,-1,,None,0.0,0.0,0.0,0.0,0.0
fire_01091,2019-10-15,20191015,-1,,None,0.0,0.0,0.0,0.0,0.0
fire_01092,2019-10-15,20191015,-1,,None,0.0,0.0,0.0,0.0,0.0
fire_01093,2019-10-15,20191015,-1,,None,0.0,0.0,0.0,0.0,0.0
fire_01094,2019-10-22,20191022,-1,,None,0.0,0.0,0.0,0.0,0.0
fire_01095,2019-10-22,20191022,-1,,None,0.0,0.0,0.0,0.0,0.0
fire_01096,2019-10-22,20191022,-1,,None,0.0,0.0,0.0,0.0,0.0
fire_01097,2019-10-22,20191022,-1,,None,0.0,0.0,0.0,0.0,0.0
fire_01100,2019-10-22,20191022,-1,,None,0.0,0.0,0.0,0.0,0.0
fire_01101,2019-10-22,20191022,-1,,None,0.0,0.0,0.0,0.0,0.0
fire_01102,2019-10-22,20191022,-1,,None,0.0,0.0,0.0,0.0,0.0
fire_01103,2019-10-22,20191022,-1,,None,0.0,0.0,0.0,0.0,0.0
fire_01104,2019-10-22,20191022,-1,,None,0.0,0.0,0.0,0.0,0.0
fire_01105,2019-10-22,20191022,-1,,None,0.0,0.0,0.0,0.0,0.0
fire_01106,2019-10-22,20191022,-1,,None,0.0,0.0,0.0,0.0,0.0
fire_01107,2019-10-22,20191022,-1,,None,0.0,0.0,0.0,0.0,0.0
fire_01108,2019-10-22,20191022,-1,,None,0.0,0.0,0.0,0.0,0.0
fire_01109,2019-10-22,20191022,-1,,None,0.0,0.0,0.0,0.0,0.0
fire_01110,2019-10-29,20191029,-1,,None,0.0,0.0,0.0,0.0,0.0
fire_01111,2019-10-29,20191029,-1,,None,0.0,0.0,0.0,0.0,0.0
fire_01112,2019-10-29,20191029,-1,,None,0.0,0.0,0.0,0.0,0.0
fire_01113,2019-10-29,20191029,-1,,None,0.0,0.0,0.0,0.0,0.0
fire_01114,2019-10-29,20191029,-1,,None,0.0,0.0,0.0,0.0,0.0
fire_01115,2019-10-29,20191029,-1,,None,0.0,0.0,0.0,0.0,0.0
fire_01116,2019-10-29,20191029,-1,,None,0.0,0.0,0.0,0.0,0.0
fire_01117,2019-10-29,20191029,-1,,None,0.0,0.0,0.0,0.0,0.0
fire_01118,2019-11-19,20191119,0,,D0,0.0,1.0,0.0,0.0,0.0
fire_01119,2019-11-19,20191119,0,,D0,0.0,1.0,0.0,0.0,0.0
fire_01120,2020-02-11,20200211,-1,,None,0.0,0.0,0.0,0.0,0.0
fire_01121,2020-02-11,20200211,0,,D0,0.0,1.0,0.0,0.0,0.0
fire_01122,2020-02-18,20200218,0,,D0,0.0,1.0,0.0,0.0,0.0
fire_01123,2020-02-18,20200218,0,,D0,0.0,1.0,0.0,0.0,0.0
fire_01124,2020-02-18,20200218,0,,D0,0.0,1.0,0.0,0.0,0.0
fire_01125,2020-02-25,20200225,1,,D1,1.0,1.0,1.0,0.0,0.0
fire_01126,2020-02-25,20200225,-1,,None,0.0,0.0,0.0,0.0,0.0
fire_01127,2020-03-03,20200303,-1,,None,0.0,0.0,0.0,0.0,0.0
fire_01128,2020-03-31,20200331,-1,,None,0.0,0.0,0.0,0.0,0.0
fire_01129,2020-04-21,20200421,2,,D2,2.0,1.0,1.0,1.0,0.0
fire_01130,2020-04-21,20200421,3,,D3,3.0,1.0,1.0,1.0,1.0
fire_01131,2020-04-21,20200421,1,,D1,1.0,1.0,1.0,0.0,0.0
fire_01132,2020-04-28,20200428,0,,D0,0.0,1.0,0.0,0.0,0.0
fire_01133,2020-05-05,20200505,-1,,None,0.0,0.0,0.0,0.0,0.0
fire_01134,2020-05-05,20200505,2,,D2,2.0,1.0,1.0,1.0,0.0
fire_01135,2020-05-12,20200512,-1,,None,0.0,0.0,0.0,0.0,0.0
fire_01136,2020-05-19,20200519,1,,D1,1.0,1.0,1.0,0.0,0.0
fire_01137,2020-05-19,20200519,2,,D2,2.0,1.0,1.0,1.0,0.0
fire_01138,2020-05-19,20200519,-1,,None,0.0,0.0,0.0,0.0,0.0
fire_01139,2020-05-26,20200526,-1,,None,0.0,0.0,0.0,0.0,0.0
fire_01140,2020-05-26,20200526,-1,,None,0.0,0.0,0.0,0.0,0.0
fire_01141,2020-05-26,20200526,1,,D1,1.0,1.0,1.0,0.0,0.0
fire_01142,2020-05-26,20200526,2,,D2,2.0,1.0,1.0,1.0,0.0
fire_01143,2020-05-26,20200526,2,,D2,2.0,1.0,1.0,1.0,0.0
fire_01144,2020-05-26,20200526,0,,D0,0.0,1.0,0.0,0.0,0.0
fire_01145,2020-05-26,20200526,-1,,None,0.0,0.0,0.0,0.0,0.0
fire_01146,2020-05-26,20200526,2,,D2,2.0,1.0,1.0,1.0,0.0
fire_01147,2020-06-02,20200602,0,,D0,0.0,1.0,0.0,0.0,0.0
fire_01148,2020-06-02,20200602,1,,D1,1.0,1.0,1.0,0.0,0.0
fire_01149,2020-06-02,20200602,0,,D0,0.0,1.0,0.0,0.0,0.0
fire_01150,2020-06-02,20200602,2,,D2,2.0,1.0,1.0,1.0,0.0
fire_01151,2020-06-02,20200602,2,,D2,2.0,1.0,1.0,1.0,0.0
fire_01152,2020-06-02,20200602,2,,D2,2.0,1.0,1.0,1.0,0.0
fire_01153,2020-06-02,20200602,2,,D2,2.0,1.0,1.0,1.0,0.0
fire_01154,2020-06-02,20200602,2,,D2,2.0,1.0,1.0,1.0,0.0
fire_01155,2020-06-02,20200602,2,,D2,2.0,1.0,1.0,1.0,0.0
fire_01156,2020-06-02,20200602,-1,,None,0.0,0.0,0.0,0.0,0.0
fire_01157,2020-06-02,20200602,1,,D1,1.0,1.0,1.0,0.0,0.0
fire_01158,2020-06-02,20200602,1,,D1,1.0,1.0,1.0,0.0,0.0
fire_01159,2020-06-02,20200602,-1,,None,0.0,0.0,0.0,0.0,0.0
fire_01160,2020-06-02,20200602,-1,,None,0.0,0.0,0.0,0.0,0.0
fire_01161,2020-06-02,20200602,-1,,None,0.0,0.0,0.0,0.0,0.0
fire_01162,2020-06-02,20200602,-1,,None,0.0,0.0,0.0,0.0,0.0
fire_01163,2020-06-02,20200602,1,,D1,1.0,1.0,1.0,0.0,0.0
fire_01164,2020-06-02,20200602,2,,D2,2.0,1.0,1.0,1.0,0.0
fire_01165,2020-06-02,20200602,-1,,None,0.0,0.0,0.0,0.0,0.0
fire_01166,2020-06-02,20200602,-1,,None,0.0,0.0,0.0,0.0,0.0
fire_01167,2020-06-02,20200602,-1,,None,0.0,0.0,0.0,0.0,0.0
fire_01168,2020-06-02,20200602,-1,,None,0.0,0.0,0.0,0.0,0.0
fire_01169,2020-06-09,20200609,-1,,None,0.0,0.0,0.0,0.0,0.0
fire_01170,2020-06-09,20200609,-1,,None,0.0,0.0,0.0,0.0,0.0
fire_01171,2020-06-09,20200609,2,,D2,2.0,1.0,1.0,1.0,0.0
fire_01172,2020-06-09,20200609,2,,D2,2.0,1.0,1.0,1.0,0.0
fire_01173,2020-06-09,20200609,1,,D1,1.0,1.0,1.0,0.0,0.0
fire_01174,2020-06-09,20200609,1,,D1,1.0,1.0,1.0,0.0,0.0
fire_01175,2020-06-09,20200609,-1,,None,0.0,0.0,0.0,0.0,0.0
fire_01176,2020-06-09,20200609,-1,,None,0.0,0.0,0.0,0.0,0.0
fire_01177,2020-06-09,20200609,-9,no_drought_or_nodata,,,,,,
fire_01178,2020-06-09,20200609,0,,D0,0.0,1.0,0.0,0.0,0.0
fire_01179,2020-06-09,20200609,-1,,None,0.0,0.0,0.0,0.0,0.0
fire_01180,2020-06-09,20200609,1,,D1,1.0,1.0,1.0,0.0,0.0
fire_01181,2020-06-09,20200609,2,,D2,2.0,1.0,1.0,1.0,0.0
fire_01182,2020-06-09,20200609,1,,D1,1.0,1.0,1.0,0.0,0.0
fire_01183,2020-06-09,20200609,2,,D2,2.0,1.0,1.0,1.0,0.0
fire_01184,2020-06-09,20200609,-1,,None,0.0,0.0,0.0,0.0,0.0
fire_01185,2020-06-09,20200609,-1,,None,0.0,0.0,0.0,0.0,0.0
fire_01186,2020-06-16,20200616,2,,D2,2.0,1.0,1.0,1.0,0.0
fire_01187,2020-06-16,20200616,1,,D1,1.0,1.0,1.0,0.0,0.0
fire_01188,2020-06-16,20200616,2,,D2,2.0,1.0,1.0,1.0,0.0
fire_01189,2020-06-16,20200616,0,,D0,0.0,1.0,0.0,0.0,0.0
fire_01190,2020-06-16,20200616,2,,D2,2.0,1.0,1.0,1.0,0.0
fire_01191,2020-06-16,20200616,1,,D1,1.0,1.0,1.0,0.0,0.0
fire_01192,2020-06-16,20200616,1,,D1,1.0,1.0,1.0,0.0,0.0
fire_01193,2020-06-16,20200616,-1,,None,0.0,0.0,0.0,0.0,0.0
fire_01194,2020-06-16,20200616,-1,,None,0.0,0.0,0.0,0.0,0.0
fire_01195,2020-06-16,20200616,1,,D1,1.0,1.0,1.0,0.0,0.0
fire_01196,2020-06-16,20200616,-1,,None,0.0,0.0,0.0,0.0,0.0
fire_01197,2020-06-16,20200616,-1,,None,0.0,0.0,0.0,0.0,0.0
fire_01198,2020-06-16,20200616,1,,D1,1.0,1.0,1.0,0.0,0.0
fire_01199,2020-06-16,20200616,0,,D0,0.0,1.0,0.0,0.0,0.0
fire_01200,2020-06-16,20200616,0,,D0,0.0,1.0,0.0,0.0,0.0
fire_01201,2020-06-16,20200616,-1,,None,0.0,0.0,0.0,0.0,0.0
fire_01202,2020-06-23,20200623,1,,D1,1.0,1.0,1.0,0.0,0.0
fire_01203,2020-06-23,20200623,-1,,None,0.0,0.0,0.0,0.0,0.0
fire_01204,2020-06-23,20200623,1,,D1,1.0,1.0,1.0,0.0,0.0
fire_01205,2020-06-23,20200623,-1,,None,0.0,0.0,0.0,0.0,0.0
fire_01206,2020-06-23,20200623,1,,D1,1.0,1.0,1.0,0.0,0.0
fire_01207,2020-06-23,20200623,0,,D0,0.0,1.0,0.0,0.0,0.0
fire_01208,2020-06-23,20200623,-1,,None,0.0,0.0,0.0,0.0,0.0
fire_01209,2020-06-23,20200623,1,,D1,1.0,1.0,1.0,0.0,0.0
fire_01210,2020-06-23,20200623,2,,D2,2.0,1.0,1.0,1.0,0.0
fire_01211,2020-06-23,20200623,2,,D2,2.0,1.0,1.0,1.0,0.0
fire_01212,2020-06-23,20200623,-1,,None,0.0,0.0,0.0,0.0,0.0
fire_01213,2020-06-23,20200623,-1,,None,0.0,0.0,0.0,0.0,0.0
fire_01214,2020-06-30,20200630,1,,D1,1.0,1.0,1.0,0.0,0.0
fire_01215,2020-06-30,20200630,-1,,None,0.0,0.0,0.0,0.0,0.0
fire_01216,2020-06-30,20200630,-1,,None,0.0,0.0,0.0,0.0,0.0
fire_01217,2020-06-30,20200630,1,,D1,1.0,1.0,1.0,0.0,0.0
fire_01218,2020-06-30,20200630,-1,,None,0.0,0.0,0.0,0.0,0.0
fire_01219,2020-06-30,20200630,0,,D0,0.0,1.0,0.0,0.0,0.0
fire_01220,2020-06-30,20200630,0,,D0,0.0,1.0,0.0,0.0,0.0
fire_01221,2020-06-30,20200630,1,,D1,1.0,1.0,1.0,0.0,0.0
fire_01222,2020-06-30,20200630,0,,D0,0.0,1.0,0.0,0.0,0.0
fire_01223,2020-06-30,20200630,-1,,None,0.0,0.0,0.0,0.0,0.0
fire_01224,2020-06-30,20200630,2,,D2,2.0,1.0,1.0,1.0,0.0
fire_01225,2020-06-30,20200630,1,,D1,1.0,1.0,1.0,0.0,0.0
fire_01226,2020-06-30,20200630,2,,D2,2.0,1.0,1.0,1.0,0.0
fire_01227,2020-06-30,20200630,1,,D1,1.0,1.0,1.0,0.0,0.0
fire_01228,2020-06-30,20200630,2,,D2,2.0,1.0,1.0,1.0,0.0
fire_01229,2020-07-07,20200707,-1,,None,0.0,0.0,0.0,0.0,0.0
fire_01230,2020-07-07,20200707,1,,D1,1.0,1.0,1.0,0.0,0.0
fire_01231,2020-07-07,20200707,1,,D1,1.0,1.0,1.0,0.0,0.0
fire_01232,2020-07-07,20200707,-1,,None,0.0,0.0,0.0,0.0,0.0
fire_01233,2020-07-07,20200707,2,,D2,2.0,1.0,1.0,1.0,0.0
fire_01234,2020-07-07,20200707,-1,,None,0.0,0.0,0.0,0.0,0.0
fire_01235,2020-07-07,20200707,0,,D0,0.0,1.0,0.0,0.0,0.0
fire_01236,2020-07-07,20200707,0,,D0,0.0,1.0,0.0,0.0,0.0
fire_01237,2020-07-07,20200707,1,,D1,1.0,1.0,1.0,0.0,0.0
fire_01238,2020-07-07,20200707,2,,D2,2.0,1.0,1.0,1.0,0.0
fire_01239,2020-07-14,20200714,1,,D1,1.0,1.0,1.0,0.0,0.0
fire_01240,2020-07-14,20200714,-1,,None,0.0,0.0,0.0,0.0,0.0
fire_01241,2020-07-14,20200714,3,,D3,3.0,1.0,1.0,1.0,1.0
fire_01242,2020-07-14,20200714,1,,D1,1.0,1.0,1.0,0.0,0.0
fire_01243,2020-07-14,20200714,2,,D2,2.0,1.0,1.0,1.0,0.0
fire_01244,2020-07-14,20200714,1,,D1,1.0,1.0,1.0,0.0,0.0
fire_01245,2020-07-14,20200714,2,,D2,2.0,1.0,1.0,1.0,0.0
fire_01246,2020-07-14,20200714,2,,D2,2.0,1.0,1.0,1.0,0.0
fire_01247,2020-07-14,20200714,1,,D1,1.0,1.0,1.0,0.0,0.0
fire_01248,2020-07-14,20200714,-1,,None,0.0,0.0,0.0,0.0,0.0
fire_01249,2020-07-14,20200714,1,,D1,1.0,1.0,1.0,0.0,0.0
fire_01250,2020-07-14,20200714,1,,D1,1.0,1.0,1.0,0.0,0.0
fire_01251,2020-07-21,20200721,2,,D2,2.0,1.0,1.0,1.0,0.0
fire_01252,2020-07-21,20200721,-1,,None,0.0,0.0,0.0,0.0,0.0
fire_01253,2020-07-21,20200721,2,,D2,2.0,1.0,1.0,1.0,0.0
fire_01254,2020-07-21,20200721,-1,,None,0.0,0.0,0.0,0.0,0.0
fire_01255,2020-07-21,20200721,1,,D1,1.0,1.0,1.0,0.0,0.0
fire_01256,2020-07-21,20200721,0,,D0,0.0,1.0,0.0,0.0,0.0
fire_01257,2020-07-21,20200721,-1,,None,0.0,0.0,0.0,0.0,0.0
fire_01259,2020-07-21,20200721,-1,,None,0.0,0.0,0.0,0.0,0.0
fire_01260,2020-07-21,20200721,-1,,None,0.0,0.0,0.0,0.0,0.0
fire_01261,2020-07-21,20200721,-1,,None,0.0,0.0,0.0,0.0,0.0
fire_01262,2020-07-21,20200721,2,,D2,2.0,1.0,1.0,1.0,0.0
fire_01263,2020-07-28,20200728,-1,,None,0.0,0.0,0.0,0.0,0.0
fire_01264,2020-07-28,20200728,-1,,None,0.0,0.0,0.0,0.0,0.0
fire_01265,2020-07-28,20200728,-1,,None,0.0,0.0,0.0,0.0,0.0
fire_01266,2020-07-28,20200728,-1,,None,0.0,0.0,0.0,0.0,0.0
fire_01267,2020-07-28,20200728,1,,D1,1.0,1.0,1.0,0.0,0.0
fire_01268,2020-07-28,20200728,-1,,None,0.0,0.0,0.0,0.0,0.0
fire_01269,2020-07-28,20200728,-1,,None,0.0,0.0,0.0,0.0,0.0
fire_01270,2020-07-28,20200728,1,,D1,1.0,1.0,1.0,0.0,0.0
fire_01271,2020-07-28,20200728,-1,,None,0.0,0.0,0.0,0.0,0.0
fire_01272,2020-07-28,20200728,1,,D1,1.0,1.0,1.0,0.0,0.0
fire_01273,2020-07-28,20200728,2,,D2,2.0,1.0,1.0,1.0,0.0
fire_01274,2020-07-28,20200728,-1,,None,0.0,0.0,0.0,0.0,0.0
fire_01275,2020-07-28,20200728,2,,D2,2.0,1.0,1.0,1.0,0.0
fire_01276,2020-07-28,20200728,-1,,None,0.0,0.0,0.0,0.0,0.0
fire_01277,2020-07-28,20200728,-1,,None,0.0,0.0,0.0,0.0,0.0
fire_01278,2020-07-28,20200728,1,,D1,1.0,1.0,1.0,0.0,0.0
fire_01279,2020-07-28,20200728,-1,,None,0.0,0.0,0.0,0.0,0.0
fire_01280,2020-08-04,20200804,-1,,None,0.0,0.0,0.0,0.0,0.0
fire_01281,2020-08-04,20200804,2,,D2,2.0,1.0,1.0,1.0,0.0
fire_01282,2020-08-04,20200804,2,,D2,2.0,1.0,1.0,1.0,0.0
fire_01283,2020-08-04,20200804,1,,D1,1.0,1.0,1.0,0.0,0.0
fire_01284,2020-08-04,20200804,-1,,None,0.0,0.0,0.0,0.0,0.0
fire_01285,2020-08-04,20200804,-1,,None,0.0,0.0,0.0,0.0,0.0
fire_01286,2020-08-04,20200804,-1,,None,0.0,0.0,0.0,0.0,0.0
fire_01287,2020-08-11,20200811,2,,D2,2.0,1.0,1.0,1.0,0.0
fire_01288,2020-08-11,20200811,-1,,None,0.0,0.0,0.0,0.0,0.0
fire_01289,2020-08-11,20200811,2,,D2,2.0,1.0,1.0,1.0,0.0
fire_01290,2020-08-11,20200811,1,,D1,1.0,1.0,1.0,0.0,0.0
fire_01291,2020-08-11,20200811,-1,,None,0.0,0.0,0.0,0.0,0.0
fire_01292,2020-08-11,20200811,0,,D0,0.0,1.0,0.0,0.0,0.0
fire_01293,2020-08-11,20200811,-1,,None,0.0,0.0,0.0,0.0,0.0
fire_01294,2020-08-11,20200811,2,,D2,2.0,1.0,1.0,1.0,0.0
fire_01295,2020-08-11,20200811,-1,,None,0.0,0.0,0.0,0.0,0.0
fire_01296,2020-08-11,20200811,2,,D2,2.0,1.0,1.0,1.0,0.0
fire_01297,2020-08-11,20200811,1,,D1,1.0,1.0,1.0,0.0,0.0
fire_01298,2020-08-11,20200811,2,,D2,2.0,1.0,1.0,1.0,0.0
fire_01299,2020-08-11,20200811,-1,,None,0.0,0.0,0.0,0.0,0.0
fire_01300,2020-08-11,20200811,1,,D1,1.0,1.0,1.0,0.0,0.0
fire_01301,2020-08-11,20200811,1,,D1,1.0,1.0,1.0,0.0,0.0
fire_01302,2020-08-11,20200811,1,,D1,1.0,1.0,1.0,0.0,0.0
fire_01303,2020-08-11,20200811,-1,,None,0.0,0.0,0.0,0.0,0.0
fire_01304,2020-08-11,20200811,2,,D2,2.0,1.0,1.0,1.0,0.0
fire_01305,2020-08-11,20200811,1,,D1,1.0,1.0,1.0,0.0,0.0
fire_01306,2020-08-11,20200811,2,,D2,2.0,1.0,1.0,1.0,0.0
fire_01307,2020-08-11,20200811,2,,D2,2.0,1.0,1.0,1.0,0.0
fire_01308,2020-08-11,20200811,2,,D2,2.0,1.0,1.0,1.0,0.0
fire_01309,2020-08-11,20200811,1,,D1,1.0,1.0,1.0,0.0,0.0
fire_01314,2020-08-11,20200811,2,,D2,2.0,1.0,1.0,1.0,0.0
fire_01310,2020-08-18,20200818,1,,D1,1.0,1.0,1.0,0.0,0.0
fire_01311,2020-08-18,20200818,-1,,None,0.0,0.0,0.0,0.0,0.0
fire_01312,2020-08-18,20200818,1,,D1,1.0,1.0,1.0,0.0,0.0
fire_01313,2020-08-18,20200818,1,,D1,1.0,1.0,1.0,0.0,0.0
fire_01315,2020-08-18,20200818,-1,,None,0.0,0.0,0.0,0.0,0.0
fire_01316,2020-08-18,20200818,1,,D1,1.0,1.0,1.0,0.0,0.0
fire_01317,2020-08-18,20200818,1,,D1,1.0,1.0,1.0,0.0,0.0
fire_01318,2020-08-25,20200825,-1,,None,0.0,0.0,0.0,0.0,0.0
fire_01319,2020-08-25,20200825,1,,D1,1.0,1.0,1.0,0.0,0.0
fire_01320,2020-08-25,20200825,2,,D2,2.0,1.0,1.0,1.0,0.0
fire_01321,2020-09-01,20200901,1,,D1,1.0,1.0,1.0,0.0,0.0
fire_01322,2020-09-01,20200901,0,,D0,0.0,1.0,0.0,0.0,0.0
fire_01323,2020-09-01,20200901,-1,,None,0.0,0.0,0.0,0.0,0.0
fire_01324,2020-09-01,20200901,2,,D2,2.0,1.0,1.0,1.0,0.0
fire_01325,2020-09-01,20200901,2,,D2,2.0,1.0,1.0,1.0,0.0
fire_01326,2020-09-01,20200901,1,,D1,1.0,1.0,1.0,0.0,0.0
fire_01327,2020-09-01,20200901,3,,D3,3.0,1.0,1.0,1.0,1.0
fire_01328,2020-09-08,20200908,3,,D3,3.0,1.0,1.0,1.0,1.0
fire_01329,2020-09-08,20200908,1,,D1,1.0,1.0,1.0,0.0,0.0
fire_01330,2020-09-08,20200908,3,,D3,3.0,1.0,1.0,1.0,1.0
fire_01331,2020-09-08,20200908,-1,,None,0.0,0.0,0.0,0.0,0.0
fire_01332,2020-09-15,20200915,0,,D0,0.0,1.0,0.0,0.0,0.0
fire_01333,2020-09-22,20200922,2,,D2,2.0,1.0,1.0,1.0,0.0
fire_01334,2020-09-22,20200922,2,,D2,2.0,1.0,1.0,1.0,0.0
fire_01335,2020-09-22,20200922,-1,,None,0.0,0.0,0.0,0.0,0.0
fire_01336,2020-09-22,20200922,-1,,None,0.0,0.0,0.0,0.0,0.0
fire_01337,2020-09-22,20200922,1,,D1,1.0,1.0,1.0,0.0,0.0
fire_01338,2020-09-29,20200929,1,,D1,1.0,1.0,1.0,0.0,0.0
fire_01339,2020-09-29,20200929,1,,D1,1.0,1.0,1.0,0.0,0.0
fire_01340,2020-09-29,20200929,2,,D2,2.0,1.0,1.0,1.0,0.0
fire_01341,2020-10-06,20201006,2,,D2,2.0,1.0,1.0,1.0,0.0
fire_01342,2020-10-06,20201006,1,,D1,1.0,1.0,1.0,0.0,0.0
fire_01343,2020-10-13,20201013,-1,,None,0.0,0.0,0.0,0.0,0.0
fire_01344,2020-10-13,20201013,1,,D1,1.0,1.0,1.0,0.0,0.0
fire_01345,2020-10-20,20201020,3,,D3,3.0,1.0,1.0,1.0,1.0
fire_01346,2020-10-20,20201020,2,,D2,2.0,1.0,1.0,1.0,0.0
fire_01347,2020-10-20,20201020,3,,D3,3.0,1.0,1.0,1.0,1.0
fire_01348,2020-10-20,20201020,3,,D3,3.0,1.0,1.0,1.0,1.0
fire_01349,2020-10-20,20201020,2,,D2,2.0,1.0,1.0,1.0,0.0
fire_01350,2020-10-20,20201020,2,,D2,2.0,1.0,1.0,1.0,0.0
fire_01351,2020-10-20,20201020,-1,,None,0.0,0.0,0.0,0.0,0.0
fire_01352,2020-10-20,20201020,-1,,None,0.0,0.0,0.0,0.0,0.0
fire_01353,2020-10-27,20201027,-1,,None,0.0,0.0,0.0,0.0,0.0
fire_01354,2020-11-03,20201103,-1,,None,0.0,0.0,0.0,0.0,0.0
fire_01355,2020-11-10,20201110,2,,D2,2.0,1.0,1.0,1.0,0.0
fire_01356,2020-11-24,20201124,-1,,None,0.0,0.0,0.0,0.0,0.0
fire_01358,2020-11-24,20201124,-1,,None,0.0,0.0,0.0,0.0,0.0
fire_01357,2020-12-01,20201201,-1,,None,0.0,0.0,0.0,0.0,0.0
fire_01359,2020-12-01,20201201,3,,D3,3.0,1.0,1.0,1.0,1.0
fire_01360,2020-12-01,20201201,0,,D0,0.0,1.0,0.0,0.0,0.0
fire_01361,2020-12-08,20201208,0,,D0,0.0,1.0,0.0,0.0,0.0
fire_01362,2021-01-12,20210112,1,,D1,1.0,1.0,1.0,0.0,0.0
fire_01363,2021-01-12,20210112,2,,D2,2.0,1.0,1.0,1.0,0.0
fire_01364,2021-01-12,20210112,1,,D1,1.0,1.0,1.0,0.0,0.0
fire_01365,2021-01-12,20210112,1,,D1,1.0,1.0,1.0,0.0,0.0
fire_01366,2021-01-12,20210112,1,,D1,1.0,1.0,1.0,0.0,0.0
fire_01367,2021-01-12,20210112,1,,D1,1.0,1.0,1.0,0.0,0.0
fire_01368,2021-01-12,20210112,2,,D2,2.0,1.0,1.0,1.0,0.0
fire_01369,2021-01-12,20210112,1,,D1,1.0,1.0,1.0,0.0,0.0
fire_01370,2021-01-12,20210112,1,,D1,1.0,1.0,1.0,0.0,0.0
fire_01371,2021-01-12,20210112,1,,D1,1.0,1.0,1.0,0.0,0.0
fire_01372,2021-03-09,20210309,3,,D3,3.0,1.0,1.0,1.0,1.0
fire_01373,2021-03-23,20210323,3,,D3,3.0,1.0,1.0,1.0,1.0
fire_01374,2021-03-23,20210323,1,,D1,1.0,1.0,1.0,0.0,0.0
fire_01375,2021-03-30,20210330,2,,D2,2.0,1.0,1.0,1.0,0.0
fire_01376,2021-03-30,20210330,1,,D1,1.0,1.0,1.0,0.0,0.0
fire_01377,2021-04-06,20210406,0,,D0,0.0,1.0,0.0,0.0,0.0
fire_01378,2021-04-13,20210413,2,,D2,2.0,1.0,1.0,1.0,0.0
fire_01379,2021-04-13,20210413,3,,D3,3.0,1.0,1.0,1.0,1.0
fire_01380,2021-04-20,20210420,2,,D2,2.0,1.0,1.0,1.0,0.0
fire_01381,2021-04-20,20210420,3,,D3,3.0,1.0,1.0,1.0,1.0
fire_01382,2021-04-27,20210427,3,,D3,3.0,1.0,1.0,1.0,1.0
fire_01383,2021-04-27,20210427,2,,D2,2.0,1.0,1.0,1.0,0.0
fire_01384,2021-04-27,20210427,2,,D2,2.0,1.0,1.0,1.0,0.0
fire_01385,2021-04-27,20210427,0,,D0,0.0,1.0,0.0,0.0,0.0
fire_01386,2021-04-27,20210427,2,,D2,2.0,1.0,1.0,1.0,0.0
fire_01387,2021-04-27,20210427,2,,D2,2.0,1.0,1.0,1.0,0.0
fire_01388,2021-05-04,20210504,3,,D3,3.0,1.0,1.0,1.0,1.0
fire_01389,2021-05-04,20210504,3,,D3,3.0,1.0,1.0,1.0,1.0
fire_01390,2021-05-04,20210504,3,,D3,3.0,1.0,1.0,1.0,1.0
fire_01391,2021-05-04,20210504,3,,D3,3.0,1.0,1.0,1.0,1.0
fire_01392,2021-05-04,20210504,3,,D3,3.0,1.0,1.0,1.0,1.0
fire_01393,2021-05-11,20210511,3,,D3,3.0,1.0,1.0,1.0,1.0
fire_01394,2021-05-11,20210511,3,,D3,3.0,1.0,1.0,1.0,1.0
fire_01395,2021-05-11,20210511,3,,D3,3.0,1.0,1.0,1.0,1.0
fire_01396,2021-05-11,20210511,2,,D2,2.0,1.0,1.0,1.0,0.0
fire_01397,2021-05-11,20210511,2,,D2,2.0,1.0,1.0,1.0,0.0
fire_01398,2021-05-11,20210511,3,,D3,3.0,1.0,1.0,1.0,1.0
fire_01399,2021-05-18,20210518,3,,D3,3.0,1.0,1.0,1.0,1.0
fire_01400,2021-05-18,20210518,2,,D2,2.0,1.0,1.0,1.0,0.0
fire_01401,2021-05-18,20210518,3,,D3,3.0,1.0,1.0,1.0,1.0
fire_01402,2021-05-18,20210518,2,,D2,2.0,1.0,1.0,1.0,0.0
fire_01403,2021-05-25,20210525,3,,D3,3.0,1.0,1.0,1.0,1.0
fire_01404,2021-05-25,20210525,3,,D3,3.0,1.0,1.0,1.0,1.0
fire_01405,2021-05-25,20210525,2,,D2,2.0,1.0,1.0,1.0,0.0
fire_01406,2021-05-25,20210525,3,,D3,3.0,1.0,1.0,1.0,1.0
fire_01407,2021-05-25,20210525,3,,D3,3.0,1.0,1.0,1.0,1.0
fire_01408,2021-05-25,20210525,2,,D2,2.0,1.0,1.0,1.0,0.0
fire_01409,2021-05-25,20210525,2,,D2,2.0,1.0,1.0,1.0,0.0
fire_01410,2021-06-01,20210601,3,,D3,3.0,1.0,1.0,1.0,1.0
fire_01411,2021-06-01,20210601,4,,D4,4.0,1.0,1.0,1.0,1.0
fire_01412,2021-06-01,20210601,2,,D2,2.0,1.0,1.0,1.0,0.0
fire_01413,2021-06-01,20210601,1,,D1,1.0,1.0,1.0,0.0,0.0
fire_01414,2021-06-01,20210601,4,,D4,4.0,1.0,1.0,1.0,1.0
fire_01415,2021-06-08,20210608,2,,D2,2.0,1.0,1.0,1.0,0.0
fire_01416,2021-06-08,20210608,4,,D4,4.0,1.0,1.0,1.0,1.0
fire_01417,2021-06-08,20210608,4,,D4,4.0,1.0,1.0,1.0,1.0
fire_01418,2021-06-08,20210608,3,,D3,3.0,1.0,1.0,1.0,1.0
fire_01419,2021-06-08,20210608,2,,D2,2.0,1.0,1.0,1.0,0.0
fire_01420,2021-06-08,20210608,4,,D4,4.0,1.0,1.0,1.0,1.0
fire_01421,2021-06-08,20210608,4,,D4,4.0,1.0,1.0,1.0,1.0
fire_01422,2021-06-08,20210608,3,,D3,3.0,1.0,1.0,1.0,1.0
fire_01423,2021-06-15,20210615,4,,D4,4.0,1.0,1.0,1.0,1.0
fire_01424,2021-06-15,20210615,4,,D4,4.0,1.0,1.0,1.0,1.0
fire_01425,2021-06-15,20210615,4,,D4,4.0,1.0,1.0,1.0,1.0
fire_01426,2021-06-15,20210615,3,,D3,3.0,1.0,1.0,1.0,1.0
fire_01427,2021-06-15,20210615,4,,D4,4.0,1.0,1.0,1.0,1.0
fire_01428,2021-06-15,20210615,4,,D4,4.0,1.0,1.0,1.0,1.0
fire_01429,2021-06-15,20210615,3,,D3,3.0,1.0,1.0,1.0,1.0
fire_01430,2021-06-15,20210615,4,,D4,4.0,1.0,1.0,1.0,1.0
fire_01431,2021-06-15,20210615,1,,D1,1.0,1.0,1.0,0.0,0.0
fire_01432,2021-06-15,20210615,2,,D2,2.0,1.0,1.0,1.0,0.0
fire_01433,2021-06-15,20210615,4,,D4,4.0,1.0,1.0,1.0,1.0
fire_01434,2021-06-15,20210615,4,,D4,4.0,1.0,1.0,1.0,1.0
fire_01435,2021-06-15,20210615,2,,D2,2.0,1.0,1.0,1.0,0.0
fire_01436,2021-06-15,20210615,1,,D1,1.0,1.0,1.0,0.0,0.0
fire_01437,2021-06-15,20210615,4,,D4,4.0,1.0,1.0,1.0,1.0
fire_01438,2021-06-15,20210615,3,,D3,3.0,1.0,1.0,1.0,1.0
fire_01439,2021-06-15,20210615,3,,D3,3.0,1.0,1.0,1.0,1.0
fire_01440,2021-06-15,20210615,4,,D4,4.0,1.0,1.0,1.0,1.0
fire_01441,2021-06-15,20210615,1,,D1,1.0,1.0,1.0,0.0,0.0
fire_01442,2021-06-22,20210622,3,,D3,3.0,1.0,1.0,1.0,1.0
fire_01443,2021-06-22,20210622,3,,D3,3.0,1.0,1.0,1.0,1.0
fire_01444,2021-06-22,20210622,3,,D3,3.0,1.0,1.0,1.0,1.0
fire_01445,2021-06-22,20210622,3,,D3,3.0,1.0,1.0,1.0,1.0
fire_01446,2021-06-22,20210622,4,,D4,4.0,1.0,1.0,1.0,1.0
fire_01447,2021-06-22,20210622,4,,D4,4.0,1.0,1.0,1.0,1.0
fire_01448,2021-06-22,20210622,3,,D3,3.0,1.0,1.0,1.0,1.0
fire_01449,2021-06-22,20210622,3,,D3,3.0,1.0,1.0,1.0,1.0
fire_01450,2021-06-22,20210622,2,,D2,2.0,1.0,1.0,1.0,0.0
fire_01451,2021-06-22,20210622,2,,D2,2.0,1.0,1.0,1.0,0.0
fire_01452,2021-06-22,20210622,3,,D3,3.0,1.0,1.0,1.0,1.0
fire_01453,2021-06-22,20210622,3,,D3,3.0,1.0,1.0,1.0,1.0
fire_01454,2021-06-22,20210622,3,,D3,3.0,1.0,1.0,1.0,1.0
fire_01455,2021-06-22,20210622,4,,D4,4.0,1.0,1.0,1.0,1.0
fire_01456,2021-06-22,20210622,4,,D4,4.0,1.0,1.0,1.0,1.0
fire_01475,2021-06-22,20210622,3,,D3,3.0,1.0,1.0,1.0,1.0
fire_01457,2021-06-29,20210629,1,,D1,1.0,1.0,1.0,0.0,0.0
fire_01458,2021-06-29,20210629,3,,D3,3.0,1.0,1.0,1.0,1.0
fire_01459,2021-06-29,20210629,3,,D3,3.0,1.0,1.0,1.0,1.0
fire_01460,2021-06-29,20210629,4,,D4,4.0,1.0,1.0,1.0,1.0
fire_01461,2021-06-29,20210629,3,,D3,3.0,1.0,1.0,1.0,1.0
fire_01462,2021-06-29,20210629,3,,D3,3.0,1.0,1.0,1.0,1.0
fire_01463,2021-06-29,20210629,4,,D4,4.0,1.0,1.0,1.0,1.0
fire_01477,2021-06-29,20210629,3,,D3,3.0,1.0,1.0,1.0,1.0
fire_01464,2021-07-06,20210706,3,,D3,3.0,1.0,1.0,1.0,1.0
fire_01465,2021-07-06,20210706,3,,D3,3.0,1.0,1.0,1.0,1.0
fire_01466,2021-07-06,20210706,1,,D1,1.0,1.0,1.0,0.0,0.0
fire_01467,2021-07-06,20210706,4,,D4,4.0,1.0,1.0,1.0,1.0
fire_01468,2021-07-06,20210706,4,,D4,4.0,1.0,1.0,1.0,1.0
fire_01469,2021-07-06,20210706,3,,D3,3.0,1.0,1.0,1.0,1.0
fire_01470,2021-07-06,20210706,3,,D3,3.0,1.0,1.0,1.0,1.0
fire_01471,2021-07-06,20210706,4,,D4,4.0,1.0,1.0,1.0,1.0
fire_01472,2021-07-06,20210706,3,,D3,3.0,1.0,1.0,1.0,1.0
fire_01473,2021-07-06,20210706,4,,D4,4.0,1.0,1.0,1.0,1.0
fire_01474,2021-07-06,20210706,4,,D4,4.0,1.0,1.0,1.0,1.0
fire_01476,2021-07-13,20210713,-9,no_drought_or_nodata,,,,,,
fire_01478,2021-07-13,20210713,4,,D4,4.0,1.0,1.0,1.0,1.0
fire_01479,2021-07-13,20210713,3,,D3,3.0,1.0,1.0,1.0,1.0
fire_01480,2021-07-13,20210713,2,,D2,2.0,1.0,1.0,1.0,0.0
fire_01481,2021-07-13,20210713,4,,D4,4.0,1.0,1.0,1.0,1.0
fire_01482,2021-07-13,20210713,3,,D3,3.0,1.0,1.0,1.0,1.0
fire_01483,2021-07-20,20210720,2,,D2,2.0,1.0,1.0,1.0,0.0
fire_01484,2021-07-20,20210720,4,,D4,4.0,1.0,1.0,1.0,1.0
fire_01485,2021-07-20,20210720,3,,D3,3.0,1.0,1.0,1.0,1.0
fire_01486,2021-07-27,20210727,3,,D3,3.0,1.0,1.0,1.0,1.0
fire_01487,2021-07-27,20210727,3,,D3,3.0,1.0,1.0,1.0,1.0
fire_01488,2021-07-27,20210727,4,,D4,4.0,1.0,1.0,1.0,1.0
fire_01489,2021-07-27,20210727,4,,D4,4.0,1.0,1.0,1.0,1.0
fire_01490,2021-07-27,20210727,3,,D3,3.0,1.0,1.0,1.0,1.0
fire_01491,2021-07-27,20210727,3,,D3,3.0,1.0,1.0,1.0,1.0
fire_01492,2021-07-27,20210727,4,,D4,4.0,1.0,1.0,1.0,1.0
fire_01493,2021-07-27,20210727,3,,D3,3.0,1.0,1.0,1.0,1.0
fire_01494,2021-07-27,20210727,3,,D3,3.0,1.0,1.0,1.0,1.0
fire_01495,2021-07-27,20210727,2,,D2,2.0,1.0,1.0,1.0,0.0
fire_01496,2021-07-27,20210727,4,,D4,4.0,1.0,1.0,1.0,1.0
fire_01497,2021-07-27,20210727,4,,D4,4.0,1.0,1.0,1.0,1.0
fire_01498,2021-08-03,20210803,3,,D3,3.0,1.0,1.0,1.0,1.0
fire_01499,2021-08-03,20210803,4,,D4,4.0,1.0,1.0,1.0,1.0
fire_01500,2021-08-03,20210803,4,,D4,4.0,1.0,1.0,1.0,1.0
fire_01501,2021-08-10,20210810,4,,D4,4.0,1.0,1.0,1.0,1.0
fire_01502,2021-08-10,20210810,4,,D4,4.0,1.0,1.0,1.0,1.0
fire_01503,2021-08-10,20210810,3,,D3,3.0,1.0,1.0,1.0,1.0
fire_01504,2021-08-10,20210810,4,,D4,4.0,1.0,1.0,1.0,1.0
fire_01505,2021-08-10,20210810,4,,D4,4.0,1.0,1.0,1.0,1.0
fire_01506,2021-08-10,20210810,4,,D4,4.0,1.0,1.0,1.0,1.0
fire_01507,2021-08-10,20210810,3,,D3,3.0,1.0,1.0,1.0,1.0
fire_01508,2021-08-17,20210817,2,,D2,2.0,1.0,1.0,1.0,0.0
fire_01509,2021-08-17,20210817,4,,D4,4.0,1.0,1.0,1.0,1.0
fire_01510,2021-08-17,20210817,4,,D4,4.0,1.0,1.0,1.0,1.0
fire_01511,2021-08-17,20210817,2,,D2,2.0,1.0,1.0,1.0,0.0
fire_01512,2021-08-17,20210817,2,,D2,2.0,1.0,1.0,1.0,0.0
fire_01513,2021-08-17,20210817,4,,D4,4.0,1.0,1.0,1.0,1.0
fire_01514,2021-08-24,20210824,4,,D4,4.0,1.0,1.0,1.0,1.0
fire_01515,2021-08-24,20210824,2,,D2,2.0,1.0,1.0,1.0,0.0
fire_01516,2021-08-24,20210824,2,,D2,2.0,1.0,1.0,1.0,0.0
fire_01517,2021-08-24,20210824,2,,D2,2.0,1.0,1.0,1.0,0.0
fire_01518,2021-08-24,20210824,3,,D3,3.0,1.0,1.0,1.0,1.0
fire_01519,2021-08-24,20210824,3,,D3,3.0,1.0,1.0,1.0,1.0
fire_01520,2021-08-24,20210824,4,,D4,4.0,1.0,1.0,1.0,1.0
fire_01521,2021-08-31,20210831,4,,D4,4.0,1.0,1.0,1.0,1.0
fire_01522,2021-08-31,20210831,4,,D4,4.0,1.0,1.0,1.0,1.0
fire_01523,2021-08-31,20210831,1,,D1,1.0,1.0,1.0,0.0,0.0
fire_01524,2021-08-31,20210831,3,,D3,3.0,1.0,1.0,1.0,1.0
fire_01525,2021-09-07,20210907,4,,D4,4.0,1.0,1.0,1.0,1.0
fire_01526,2021-09-07,20210907,4,,D4,4.0,1.0,1.0,1.0,1.0
fire_01527,2021-09-14,20210914,4,,D4,4.0,1.0,1.0,1.0,1.0
fire_01528,2021-09-14,20210914,2,,D2,2.0,1.0,1.0,1.0,0.0
fire_01529,2021-09-14,20210914,4,,D4,4.0,1.0,1.0,1.0,1.0
fire_01530,2021-09-14,20210914,4,,D4,4.0,1.0,1.0,1.0,1.0
fire_01531,2021-09-28,20210928,3,,D3,3.0,1.0,1.0,1.0,1.0
fire_01532,2021-10-05,20211005,4,,D4,4.0,1.0,1.0,1.0,1.0
fire_01533,2021-10-05,20211005,4,,D4,4.0,1.0,1.0,1.0,1.0
fire_01534,2021-10-05,20211005,4,,D4,4.0,1.0,1.0,1.0,1.0
fire_01535,2021-10-05,20211005,3,,D3,3.0,1.0,1.0,1.0,1.0
fire_01536,2021-10-12,20211012,4,,D4,4.0,1.0,1.0,1.0,1.0
fire_01537,2021-10-12,20211012,3,,D3,3.0,1.0,1.0,1.0,1.0
fire_01538,2021-10-12,20211012,3,,D3,3.0,1.0,1.0,1.0,1.0
fire_01539,2021-10-19,20211019,4,,D4,4.0,1.0,1.0,1.0,1.0
fire_01540,2021-11-16,20211116,2,,D2,2.0,1.0,1.0,1.0,0.0
fire_01541,2022-01-18,20220118,2,,D2,2.0,1.0,1.0,1.0,0.0
fire_01542,2022-02-08,20220208,-9,no_drought_or_nodata,,,,,,
fire_01543,2022-02-08,20220208,2,,D2,2.0,1.0,1.0,1.0,0.0
fire_01544,2022-02-22,20220222,2,,D2,2.0,1.0,1.0,1.0,0.0
fire_01545,2022-03-01,20220301,2,,D2,2.0,1.0,1.0,1.0,0.0
fire_01547,2022-03-08,20220308,3,,D3,3.0,1.0,1.0,1.0,1.0
fire_01548,2022-03-08,20220308,2,,D2,2.0,1.0,1.0,1.0,0.0
fire_01549,2022-03-22,20220322,3,,D3,3.0,1.0,1.0,1.0,1.0
fire_01550,2022-04-19,20220419,3,,D3,3.0,1.0,1.0,1.0,1.0
fire_01551,2022-04-26,20220426,2,,D2,2.0,1.0,1.0,1.0,0.0
fire_01552,2022-05-03,20220503,1,,D1,1.0,1.0,1.0,0.0,0.0
fire_01553,2022-05-03,20220503,3,,D3,3.0,1.0,1.0,1.0,1.0
fire_01555,2022-05-10,20220510,1,,D1,1.0,1.0,1.0,0.0,0.0
fire_01556,2022-05-10,20220510,3,,D3,3.0,1.0,1.0,1.0,1.0
fire_01557,2022-05-17,20220517,3,,D3,3.0,1.0,1.0,1.0,1.0
fire_01558,2022-05-17,20220517,2,,D2,2.0,1.0,1.0,1.0,0.0
fire_01559,2022-05-17,20220517,3,,D3,3.0,1.0,1.0,1.0,1.0
fire_01561,2022-05-17,20220517,2,,D2,2.0,1.0,1.0,1.0,0.0
fire_01562,2022-05-17,20220517,3,,D3,3.0,1.0,1.0,1.0,1.0
fire_01563,2022-05-17,20220517,3,,D3,3.0,1.0,1.0,1.0,1.0
fire_01564,2022-05-17,20220517,3,,D3,3.0,1.0,1.0,1.0,1.0
fire_01565,2022-05-24,20220524,2,,D2,2.0,1.0,1.0,1.0,0.0
fire_01566,2022-05-24,20220524,3,,D3,3.0,1.0,1.0,1.0,1.0
fire_01567,2022-05-24,20220524,2,,D2,2.0,1.0,1.0,1.0,0.0
fire_01568,2022-05-31,20220531,4,,D4,4.0,1.0,1.0,1.0,1.0
fire_01569,2022-05-31,20220531,2,,D2,2.0,1.0,1.0,1.0,0.0
fire_01570,2022-05-31,20220531,3,,D3,3.0,1.0,1.0,1.0,1.0
fire_01571,2022-05-31,20220531,2,,D2,2.0,1.0,1.0,1.0,0.0
fire_01572,2022-06-07,20220607,2,,D2,2.0,1.0,1.0,1.0,0.0
fire_01573,2022-06-07,20220607,3,,D3,3.0,1.0,1.0,1.0,1.0
fire_01574,2022-06-07,20220607,3,,D3,3.0,1.0,1.0,1.0,1.0
fire_01575,2022-06-07,20220607,4,,D4,4.0,1.0,1.0,1.0,1.0
fire_01576,2022-06-07,20220607,3,,D3,3.0,1.0,1.0,1.0,1.0
fire_01577,2022-06-07,20220607,2,,D2,2.0,1.0,1.0,1.0,0.0
fire_01578,2022-06-07,20220607,1,,D1,1.0,1.0,1.0,0.0,0.0
fire_01579,2022-06-07,20220607,1,,D1,1.0,1.0,1.0,0.0,0.0
fire_01580,2022-06-07,20220607,3,,D3,3.0,1.0,1.0,1.0,1.0
fire_01581,2022-06-14,20220614,1,,D1,1.0,1.0,1.0,0.0,0.0
fire_01582,2022-06-14,20220614,2,,D2,2.0,1.0,1.0,1.0,0.0
fire_01583,2022-06-14,20220614,4,,D4,4.0,1.0,1.0,1.0,1.0
fire_01584,2022-06-14,20220614,3,,D3,3.0,1.0,1.0,1.0,1.0
fire_01585,2022-06-21,20220621,-9,no_drought_or_nodata,,,,,,
fire_01586,2022-06-21,20220621,2,,D2,2.0,1.0,1.0,1.0,0.0
fire_01587,2022-06-21,20220621,2,,D2,2.0,1.0,1.0,1.0,0.0
fire_01588,2022-06-21,20220621,2,,D2,2.0,1.0,1.0,1.0,0.0
fire_01589,2022-06-21,20220621,2,,D2,2.0,1.0,1.0,1.0,0.0
fire_01590,2022-06-21,20220621,2,,D2,2.0,1.0,1.0,1.0,0.0
fire_01591,2022-06-21,20220621,2,,D2,2.0,1.0,1.0,1.0,0.0
fire_01592,2022-06-21,20220621,3,,D3,3.0,1.0,1.0,1.0,1.0
fire_01593,2022-06-21,20220621,2,,D2,2.0,1.0,1.0,1.0,0.0
fire_01594,2022-06-21,20220621,2,,D2,2.0,1.0,1.0,1.0,0.0
fire_01595,2022-06-21,20220621,3,,D3,3.0,1.0,1.0,1.0,1.0
fire_01596,2022-06-21,20220621,3,,D3,3.0,1.0,1.0,1.0,1.0
fire_01597,2022-06-21,20220621,2,,D2,2.0,1.0,1.0,1.0,0.0
fire_01598,2022-06-28,20220628,3,,D3,3.0,1.0,1.0,1.0,1.0
fire_01599,2022-06-28,20220628,2,,D2,2.0,1.0,1.0,1.0,0.0
fire_01600,2022-06-28,20220628,4,,D4,4.0,1.0,1.0,1.0,1.0
fire_01601,2022-06-28,20220628,3,,D3,3.0,1.0,1.0,1.0,1.0
fire_01602,2022-06-28,20220628,3,,D3,3.0,1.0,1.0,1.0,1.0
fire_01603,2022-06-28,20220628,3,,D3,3.0,1.0,1.0,1.0,1.0
fire_01604,2022-06-28,20220628,2,,D2,2.0,1.0,1.0,1.0,0.0
fire_01605,2022-07-05,20220705,3,,D3,3.0,1.0,1.0,1.0,1.0
fire_01606,2022-07-05,20220705,4,,D4,4.0,1.0,1.0,1.0,1.0
fire_01607,2022-07-05,20220705,3,,D3,3.0,1.0,1.0,1.0,1.0
fire_01608,2022-07-05,20220705,1,,D1,1.0,1.0,1.0,0.0,0.0
fire_01609,2022-07-05,20220705,2,,D2,2.0,1.0,1.0,1.0,0.0
fire_01610,2022-07-12,20220712,3,,D3,3.0,1.0,1.0,1.0,1.0
fire_01611,2022-07-12,20220712,3,,D3,3.0,1.0,1.0,1.0,1.0
fire_01612,2022-07-12,20220712,3,,D3,3.0,1.0,1.0,1.0,1.0
fire_01613,2022-07-12,20220712,3,,D3,3.0,1.0,1.0,1.0,1.0
fire_01614,2022-07-12,20220712,1,,D1,1.0,1.0,1.0,0.0,0.0
fire_01615,2022-07-12,20220712,2,,D2,2.0,1.0,1.0,1.0,0.0
fire_01616,2022-07-12,20220712,4,,D4,4.0,1.0,1.0,1.0,1.0
fire_01617,2022-07-12,20220712,2,,D2,2.0,1.0,1.0,1.0,0.0
fire_01618,2022-07-12,20220712,2,,D2,2.0,1.0,1.0,1.0,0.0
fire_01619,2022-07-12,20220712,2,,D2,2.0,1.0,1.0,1.0,0.0
fire_01620,2022-07-19,20220719,4,,D4,4.0,1.0,1.0,1.0,1.0
fire_01621,2022-07-19,20220719,2,,D2,2.0,1.0,1.0,1.0,0.0
fire_01622,2022-07-19,20220719,4,,D4,4.0,1.0,1.0,1.0,1.0
fire_01623,2022-07-19,20220719,3,,D3,3.0,1.0,1.0,1.0,1.0
fire_01624,2022-07-19,20220719,1,,D1,1.0,1.0,1.0,0.0,0.0
fire_01625,2022-07-19,20220719,2,,D2,2.0,1.0,1.0,1.0,0.0
fire_01626,2022-07-26,20220726,3,,D3,3.0,1.0,1.0,1.0,1.0
fire_01627,2022-07-26,20220726,2,,D2,2.0,1.0,1.0,1.0,0.0
fire_01628,2022-07-26,20220726,4,,D4,4.0,1.0,1.0,1.0,1.0
fire_01629,2022-07-26,20220726,3,,D3,3.0,1.0,1.0,1.0,1.0
fire_01630,2022-07-26,20220726,4,,D4,4.0,1.0,1.0,1.0,1.0
fire_01631,2022-07-26,20220726,3,,D3,3.0,1.0,1.0,1.0,1.0
fire_01632,2022-07-26,20220726,3,,D3,3.0,1.0,1.0,1.0,1.0
fire_01633,2022-07-26,20220726,4,,D4,4.0,1.0,1.0,1.0,1.0
fire_01634,2022-07-26,20220726,3,,D3,3.0,1.0,1.0,1.0,1.0
fire_01674,2022-07-26,20220726,4,,D4,4.0,1.0,1.0,1.0,1.0
fire_01635,2022-08-02,20220802,3,,D3,3.0,1.0,1.0,1.0,1.0
fire_01636,2022-08-02,20220802,2,,D2,2.0,1.0,1.0,1.0,0.0
fire_01637,2022-08-02,20220802,3,,D3,3.0,1.0,1.0,1.0,1.0
fire_01638,2022-08-09,20220809,4,,D4,4.0,1.0,1.0,1.0,1.0
fire_01639,2022-08-09,20220809,3,,D3,3.0,1.0,1.0,1.0,1.0
fire_01640,2022-08-09,20220809,4,,D4,4.0,1.0,1.0,1.0,1.0
fire_01641,2022-08-09,20220809,2,,D2,2.0,1.0,1.0,1.0,0.0
fire_01642,2022-08-09,20220809,3,,D3,3.0,1.0,1.0,1.0,1.0
fire_01643,2022-08-16,20220816,2,,D2,2.0,1.0,1.0,1.0,0.0
fire_01644,2022-08-16,20220816,2,,D2,2.0,1.0,1.0,1.0,0.0
fire_01645,2022-08-23,20220823,2,,D2,2.0,1.0,1.0,1.0,0.0
fire_01646,2022-08-23,20220823,3,,D3,3.0,1.0,1.0,1.0,1.0
fire_01647,2022-08-23,20220823,1,,D1,1.0,1.0,1.0,0.0,0.0
fire_01648,2022-08-23,20220823,1,,D1,1.0,1.0,1.0,0.0,0.0
fire_01649,2022-08-23,20220823,2,,D2,2.0,1.0,1.0,1.0,0.0
fire_01650,2022-08-23,20220823,3,,D3,3.0,1.0,1.0,1.0,1.0
fire_01651,2022-08-23,20220823,1,,D1,1.0,1.0,1.0,0.0,0.0
fire_01652,2022-08-30,20220830,3,,D3,3.0,1.0,1.0,1.0,1.0
fire_01653,2022-08-30,20220830,2,,D2,2.0,1.0,1.0,1.0,0.0
fire_01654,2022-08-30,20220830,4,,D4,4.0,1.0,1.0,1.0,1.0
fire_01655,2022-08-30,20220830,3,,D3,3.0,1.0,1.0,1.0,1.0
fire_01656,2022-08-30,20220830,3,,D3,3.0,1.0,1.0,1.0,1.0
fire_01657,2022-08-30,20220830,3,,D3,3.0,1.0,1.0,1.0,1.0
fire_01658,2022-08-30,20220830,2,,D2,2.0,1.0,1.0,1.0,0.0
fire_01659,2022-08-30,20220830,1,,D1,1.0,1.0,1.0,0.0,0.0
fire_01660,2022-08-30,20220830,2,,D2,2.0,1.0,1.0,1.0,0.0
fire_01661,2022-08-30,20220830,2,,D2,2.0,1.0,1.0,1.0,0.0
fire_01662,2022-08-30,20220830,2,,D2,2.0,1.0,1.0,1.0,0.0
fire_01663,2022-08-30,20220830,2,,D2,2.0,1.0,1.0,1.0,0.0
fire_01664,2022-08-30,20220830,4,,D4,4.0,1.0,1.0,1.0,1.0
fire_01665,2022-08-30,20220830,2,,D2,2.0,1.0,1.0,1.0,0.0
fire_01666,2022-08-30,20220830,4,,D4,4.0,1.0,1.0,1.0,1.0
fire_01667,2022-08-30,20220830,3,,D3,3.0,1.0,1.0,1.0,1.0
fire_01668,2022-08-30,20220830,2,,D2,2.0,1.0,1.0,1.0,0.0
fire_01669,2022-09-06,20220906,3,,D3,3.0,1.0,1.0,1.0,1.0
fire_01670,2022-09-06,20220906,2,,D2,2.0,1.0,1.0,1.0,0.0
fire_01671,2022-09-13,20220913,2,,D2,2.0,1.0,1.0,1.0,0.0
fire_01672,2022-09-20,20220920,3,,D3,3.0,1.0,1.0,1.0,1.0
fire_01673,2022-10-18,20221018,2,,D2,2.0,1.0,1.0,1.0,0.0
fire_01675,2023-05-09,20230509,0,,D0,0.0,1.0,0.0,0.0,0.0
fire_01676,2023-05-16,20230516,-1,,None,0.0,0.0,0.0,0.0,0.0
fire_01677,2023-05-16,20230516,-1,,None,0.0,0.0,0.0,0.0,0.0
fire_01678,2023-05-23,20230523,-1,,None,0.0,0.0,0.0,0.0,0.0
fire_01679,2023-05-23,20230523,-1,,None,0.0,0.0,0.0,0.0,0.0
fire_01680,2023-05-30,20230530,-1,,None,0.0,0.0,0.0,0.0,0.0
fire_01681,2023-05-30,20230530,-1,,None,0.0,0.0,0.0,0.0,0.0
fire_01682,2023-05-30,20230530,-1,,None,0.0,0.0,0.0,0.0,0.0
fire_01683,2023-05-30,20230530,-1,,None,0.0,0.0,0.0,0.0,0.0
fire_01684,2023-06-06,20230606,-1,,None,0.0,0.0,0.0,0.0,0.0
fire_01685,2023-06-06,20230606,-1,,None,0.0,0.0,0.0,0.0,0.0
fire_01686,2023-06-06,20230606,0,,D0,0.0,1.0,0.0,0.0,0.0
fire_01687,2023-06-06,20230606,-1,,None,0.0,0.0,0.0,0.0,0.0
fire_01688,2023-06-13,20230613,-1,,None,0.0,0.0,0.0,0.0,0.0
fire_01689,2023-06-13,20230613,-1,,None,0.0,0.0,0.0,0.0,0.0
fire_01690,2023-06-13,20230613,-1,,None,0.0,0.0,0.0,0.0,0.0
fire_01691,2023-06-13,20230613,-1,,None,0.0,0.0,0.0,0.0,0.0
fire_01692,2023-06-13,20230613,-1,,None,0.0,0.0,0.0,0.0,0.0
fire_01693,2023-06-13,20230613,-1,,None,0.0,0.0,0.0,0.0,0.0
fire_01694,2023-06-13,20230613,-1,,None,0.0,0.0,0.0,0.0,0.0
fire_01695,2023-06-13,20230613,-1,,None,0.0,0.0,0.0,0.0,0.0
fire_01696,2023-06-13,20230613,-1,,None,0.0,0.0,0.0,0.0,0.0
fire_01697,2023-06-20,20230620,-1,,None,0.0,0.0,0.0,0.0,0.0
fire_01698,2023-06-20,20230620,-1,,None,0.0,0.0,0.0,0.0,0.0
fire_01699,2023-06-20,20230620,-1,,None,0.0,0.0,0.0,0.0,0.0
fire_01700,2023-06-20,20230620,-1,,None,0.0,0.0,0.0,0.0,0.0
fire_01701,2023-06-20,20230620,-1,,None,0.0,0.0,0.0,0.0,0.0
fire_01702,2023-06-27,20230627,-1,,None,0.0,0.0,0.0,0.0,0.0
fire_01703,2023-06-27,20230627,-1,,None,0.0,0.0,0.0,0.0,0.0
fire_01704,2023-06-27,20230627,-1,,None,0.0,0.0,0.0,0.0,0.0
fire_01705,2023-06-27,20230627,0,,D0,0.0,1.0,0.0,0.0,0.0
fire_01706,2023-06-27,20230627,-1,,None,0.0,0.0,0.0,0.0,0.0
fire_01707,2023-06-27,20230627,0,,D0,0.0,1.0,0.0,0.0,0.0
fire_01708,2023-06-27,20230627,-1,,None,0.0,0.0,0.0,0.0,0.0
fire_01709,2023-07-04,20230704,-1,,None,0.0,0.0,0.0,0.0,0.0
fire_01710,2023-07-04,20230704,-1,,None,0.0,0.0,0.0,0.0,0.0
fire_01711,2023-07-04,20230704,-1,,None,0.0,0.0,0.0,0.0,0.0
fire_01712,2023-07-04,20230704,-1,,None,0.0,0.0,0.0,0.0,0.0
fire_01713,2023-07-04,20230704,-1,,None,0.0,0.0,0.0,0.0,0.0
fire_01714,2023-07-04,20230704,-1,,None,0.0,0.0,0.0,0.0,0.0
fire_01715,2023-07-04,20230704,-1,,None,0.0,0.0,0.0,0.0,0.0
fire_01716,2023-07-04,20230704,-1,,None,0.0,0.0,0.0,0.0,0.0
fire_01717,2023-07-04,20230704,-1,,None,0.0,0.0,0.0,0.0,0.0
fire_01718,2023-07-04,20230704,-1,,None,0.0,0.0,0.0,0.0,0.0
fire_01719,2023-07-11,20230711,-1,,None,0.0,0.0,0.0,0.0,0.0
fire_01720,2023-07-11,20230711,-1,,None,0.0,0.0,0.0,0.0,0.0
fire_01721,2023-07-11,20230711,-1,,None,0.0,0.0,0.0,0.0,0.0
fire_01722,2023-07-11,20230711,-1,,None,0.0,0.0,0.0,0.0,0.0
fire_01723,2023-07-11,20230711,-1,,None,0.0,0.0,0.0,0.0,0.0
fire_01724,2023-07-11,20230711,-1,,None,0.0,0.0,0.0,0.0,0.0
fire_01725,2023-07-11,20230711,-1,,None,0.0,0.0,0.0,0.0,0.0
fire_01726,2023-07-11,20230711,-1,,None,0.0,0.0,0.0,0.0,0.0
fire_01727,2023-07-11,20230711,-1,,None,0.0,0.0,0.0,0.0,0.0
fire_01728,2023-07-11,20230711,-1,,None,0.0,0.0,0.0,0.0,0.0
fire_01729,2023-07-18,20230718,-1,,None,0.0,0.0,0.0,0.0,0.0
fire_01730,2023-07-18,20230718,-1,,None,0.0,0.0,0.0,0.0,0.0
fire_01731,2023-07-18,20230718,-1,,None,0.0,0.0,0.0,0.0,0.0
fire_01732,2023-07-18,20230718,-1,,None,0.0,0.0,0.0,0.0,0.0
fire_01733,2023-07-18,20230718,-1,,None,0.0,0.0,0.0,0.0,0.0
fire_01734,2023-07-25,20230725,-1,,None,0.0,0.0,0.0,0.0,0.0
fire_01735,2023-07-25,20230725,-1,,None,0.0,0.0,0.0,0.0,0.0
fire_01736,2023-07-25,20230725,-1,,None,0.0,0.0,0.0,0.0,0.0
fire_01737,2023-07-25,20230725,-1,,None,0.0,0.0,0.0,0.0,0.0
fire_01738,2023-07-25,20230725,-1,,None,0.0,0.0,0.0,0.0,0.0
fire_01739,2023-07-25,20230725,0,,D0,0.0,1.0,0.0,0.0,0.0
fire_01740,2023-07-25,20230725,-1,,None,0.0,0.0,0.0,0.0,0.0
fire_01741,2023-07-25,20230725,-1,,None,0.0,0.0,0.0,0.0,0.0
fire_01742,2023-07-25,20230725,-1,,None,0.0,0.0,0.0,0.0,0.0
fire_01743,2023-07-25,20230725,-1,,None,0.0,0.0,0.0,0.0,0.0
fire_01744,2023-07-25,20230725,-1,,None,0.0,0.0,0.0,0.0,0.0
fire_01745,2023-07-25,20230725,0,,D0,0.0,1.0,0.0,0.0,0.0
fire_01746,2023-07-25,20230725,-1,,None,0.0,0.0,0.0,0.0,0.0
fire_01747,2023-08-01,20230801,-1,,None,0.0,0.0,0.0,0.0,0.0
fire_01748,2023-08-01,20230801,-1,,None,0.0,0.0,0.0,0.0,0.0
fire_01749,2023-08-01,20230801,-1,,None,0.0,0.0,0.0,0.0,0.0
fire_01750,2023-08-01,20230801,-1,,None,0.0,0.0,0.0,0.0,0.0
fire_01751,2023-08-01,20230801,-1,,None,0.0,0.0,0.0,0.0,0.0
fire_01752,2023-08-01,20230801,-1,,None,0.0,0.0,0.0,0.0,0.0
fire_01753,2023-08-01,20230801,-1,,None,0.0,0.0,0.0,0.0,0.0
fire_01754,2023-08-01,20230801,-1,,None,0.0,0.0,0.0,0.0,0.0
fire_01755,2023-08-01,20230801,-1,,None,0.0,0.0,0.0,0.0,0.0
fire_01756,2023-08-08,20230808,-1,,None,0.0,0.0,0.0,0.0,0.0
fire_01757,2023-08-08,20230808,-1,,None,0.0,0.0,0.0,0.0,0.0
fire_01758,2023-08-08,20230808,-1,,None,0.0,0.0,0.0,0.0,0.0
fire_01759,2023-08-08,20230808,-1,,None,0.0,0.0,0.0,0.0,0.0
fire_01760,2023-08-08,20230808,-1,,None,0.0,0.0,0.0,0.0,0.0
fire_01761,2023-08-08,20230808,-1,,None,0.0,0.0,0.0,0.0,0.0
fire_01762,2023-08-08,20230808,-1,,None,0.0,0.0,0.0,0.0,0.0
fire_01763,2023-08-08,20230808,1,,D1,1.0,1.0,1.0,0.0,0.0
fire_01764,2023-08-08,20230808,-1,,None,0.0,0.0,0.0,0.0,0.0
fire_01767,2023-08-08,20230808,0,,D0,0.0,1.0,0.0,0.0,0.0
fire_01768,2023-08-08,20230808,-1,,None,0.0,0.0,0.0,0.0,0.0
fire_01794,2023-08-08,20230808,-1,,None,0.0,0.0,0.0,0.0,0.0
fire_01765,2023-08-15,20230815,-1,,None,0.0,0.0,0.0,0.0,0.0
fire_01766,2023-08-15,20230815,-1,,None,0.0,0.0,0.0,0.0,0.0
fire_01769,2023-08-15,20230815,-1,,None,0.0,0.0,0.0,0.0,0.0
fire_01770,2023-08-15,20230815,-1,,None,0.0,0.0,0.0,0.0,0.0
fire_01771,2023-08-29,20230829,-1,,None,0.0,0.0,0.0,0.0,0.0
fire_01772,2023-09-05,20230905,-1,,None,0.0,0.0,0.0,0.0,0.0
fire_01773,2023-09-05,20230905,-1,,None,0.0,0.0,0.0,0.0,0.0
fire_01795,2023-09-05,20230905,-1,,None,0.0,0.0,0.0,0.0,0.0
fire_01774,2023-09-12,20230912,-1,,None,0.0,0.0,0.0,0.0,0.0
fire_01775,2023-09-19,20230919,-1,,None,0.0,0.0,0.0,0.0,0.0
fire_01776,2023-10-03,20231003,-1,,None,0.0,0.0,0.0,0.0,0.0
fire_01777,2023-10-03,20231003,-1,,None,0.0,0.0,0.0,0.0,0.0
fire_01778,2023-10-03,20231003,-1,,None,0.0,0.0,0.0,0.0,0.0
fire_01779,2023-10-10,20231010,-1,,None,0.0,0.0,0.0,0.0,0.0
fire_01780,2023-10-24,20231024,-1,,None,0.0,0.0,0.0,0.0,0.0
fire_01781,2023-10-24,20231024,-1,,None,0.0,0.0,0.0,0.0,0.0
fire_01782,2023-10-24,20231024,-1,,None,0.0,0.0,0.0,0.0,0.0
fire_01783,2023-11-07,20231107,-1,,None,0.0,0.0,0.0,0.0,0.0
fire_01784,2023-11-07,20231107,-1,,None,0.0,0.0,0.0,0.0,0.0
fire_01785,2023-11-07,20231107,-1,,None,0.0,0.0,0.0,0.0,0.0
fire_01786,2023-11-14,20231114,-1,,None,0.0,0.0,0.0,0.0,0.0
fire_01787,2023-11-14,20231114,-1,,None,0.0,0.0,0.0,0.0,0.0
fire_01788,2023-11-21,20231121,-1,,None,0.0,0.0,0.0,0.0,0.0
fire_01789,2023-11-28,20231128,-1,,None,0.0,0.0,0.0,0.0,0.0
fire_01790,2023-12-05,20231205,-1,,None,0.0,0.0,0.0,0.0,0.0
fire_01791,2023-12-05,20231205,-1,,None,0.0,0.0,0.0,0.0,0.0
fire_01792,2023-12-12,20231212,-1,,None,0.0,0.0,0.0,0.0,0.0
fire_01793,2023-12-19,20231219,-1,,None,0.0,0.0,0.0,0.0,0.0
fire_01796,2024-02-13,20240213,-1,,None,0.0,0.0,0.0,0.0,0.0
fire_01797,2024-02-20,20240220,-1,,None,0.0,0.0,0.0,0.0,0.0
fire_01798,2024-03-26,20240326,-1,,None,0.0,0.0,0.0,0.0,0.0
fire_01799,2024-04-09,20240409,-1,,None,0.0,0.0,0.0,0.0,0.0
fire_01800,2024-04-16,20240416,-1,,None,0.0,0.0,0.0,0.0,0.0
fire_01801,2024-04-16,20240416,-1,,None,0.0,0.0,0.0,0.0,0.0
fire_01802,2024-04-23,20240423,-1,,None,0.0,0.0,0.0,0.0,0.0
fire_01803,2024-04-23,20240423,-1,,None,0.0,0.0,0.0,0.0,0.0
fire_01804,2024-04-30,20240430,-1,,None,0.0,0.0,0.0,0.0,0.0
fire_01805,2024-04-30,20240430,-1,,None,0.0,0.0,0.0,0.0,0.0
fire_01806,2024-04-30,20240430,-1,,None,0.0,0.0,0.0,0.0,0.0
fire_01807,2024-04-30,20240430,-1,,None,0.0,0.0,0.0,0.0,0.0
fire_01808,2024-04-30,20240430,-1,,None,0.0,0.0,0.0,0.0,0.0
fire_01809,2024-04-30,20240430,-1,,None,0.0,0.0,0.0,0.0,0.0
fire_01810,2024-05-07,20240507,-1,,None,0.0,0.0,0.0,0.0,0.0
fire_01811,2024-05-07,20240507,-1,,None,0.0,0.0,0.0,0.0,0.0
fire_01812,2024-05-07,20240507,-1,,None,0.0,0.0,0.0,0.0,0.0
fire_01813,2024-05-07,20240507,-1,,None,0.0,0.0,0.0,0.0,0.0
fire_01814,2024-05-07,20240507,-1,,None,0.0,0.0,0.0,0.0,0.0
fire_01815,2024-05-07,20240507,-1,,None,0.0,0.0,0.0,0.0,0.0
fire_01816,2024-05-07,20240507,-1,,None,0.0,0.0,0.0,0.0,0.0
fire_01817,2024-05-07,20240507,-1,,None,0.0,0.0,0.0,0.0,0.0
fire_01818,2024-05-07,20240507,-1,,None,0.0,0.0,0.0,0.0,0.0
fire_01819,2024-05-07,20240507,-1,,None,0.0,0.0,0.0,0.0,0.0
fire_01820,2024-05-07,20240507,-1,,None,0.0,0.0,0.0,0.0,0.0
fire_01821,2024-05-07,20240507,-1,,None,0.0,0.0,0.0,0.0,0.0
fire_01822,2024-05-14,20240514,-1,,None,0.0,0.0,0.0,0.0,0.0
fire_01823,2024-05-14,20240514,-1,,None,0.0,0.0,0.0,0.0,0.0
fire_01824,2024-05-14,20240514,-1,,None,0.0,0.0,0.0,0.0,0.0
fire_01825,2024-05-14,20240514,-1,,None,0.0,0.0,0.0,0.0,0.0
fire_01826,2024-05-14,20240514,-1,,None,0.0,0.0,0.0,0.0,0.0
fire_01827,2024-05-14,20240514,-1,,None,0.0,0.0,0.0,0.0,0.0
fire_01828,2024-05-14,20240514,-1,,None,0.0,0.0,0.0,0.0,0.0
fire_01829,2024-05-21,20240521,-1,,None,0.0,0.0,0.0,0.0,0.0
fire_01830,2024-05-21,20240521,-1,,None,0.0,0.0,0.0,0.0,0.0
fire_01831,2024-05-21,20240521,-1,,None,0.0,0.0,0.0,0.0,0.0
fire_01832,2024-05-21,20240521,-1,,None,0.0,0.0,0.0,0.0,0.0
fire_01833,2024-05-21,20240521,-1,,None,0.0,0.0,0.0,0.0,0.0
fire_01834,2024-05-21,20240521,-1,,None,0.0,0.0,0.0,0.0,0.0
fire_01835,2024-05-21,20240521,-1,,None,0.0,0.0,0.0,0.0,0.0
fire_01836,2024-05-21,20240521,-1,,None,0.0,0.0,0.0,0.0,0.0
fire_01837,2024-05-21,20240521,-1,,None,0.0,0.0,0.0,0.0,0.0
fire_01838,2024-05-21,20240521,-1,,None,0.0,0.0,0.0,0.0,0.0
fire_01839,2024-05-21,20240521,-1,,None,0.0,0.0,0.0,0.0,0.0
fire_01840,2024-05-21,20240521,-1,,None,0.0,0.0,0.0,0.0,0.0
fire_01841,2024-05-21,20240521,-1,,None,0.0,0.0,0.0,0.0,0.0
fire_01842,2024-05-21,20240521,-1,,None,0.0,0.0,0.0,0.0,0.0
fire_01843,2024-05-21,20240521,-1,,None,0.0,0.0,0.0,0.0,0.0
fire_01844,2024-05-21,20240521,-1,,None,0.0,0.0,0.0,0.0,0.0
fire_01845,2024-05-21,20240521,-1,,None,0.0,0.0,0.0,0.0,0.0
fire_01846,2024-05-21,20240521,-1,,None,0.0,0.0,0.0,0.0,0.0
fire_01847,2024-05-21,20240521,-1,,None,0.0,0.0,0.0,0.0,0.0
fire_01848,2024-05-21,20240521,-1,,None,0.0,0.0,0.0,0.0,0.0
fire_01849,2024-05-21,20240521,-1,,None,0.0,0.0,0.0,0.0,0.0
fire_01850,2024-05-21,20240521,-1,,None,0.0,0.0,0.0,0.0,0.0
fire_01851,2024-05-21,20240521,-1,,None,0.0,0.0,0.0,0.0,0.0
fire_01858,2024-05-21,20240521,-1,,None,0.0,0.0,0.0,0.0,0.0
fire_01859,2024-05-21,20240521,-1,,None,0.0,0.0,0.0,0.0,0.0
fire_01860,2024-05-21,20240521,-1,,None,0.0,0.0,0.0,0.0,0.0
fire_01852,2024-05-28,20240528,-1,,None,0.0,0.0,0.0,0.0,0.0
fire_01853,2024-05-28,20240528,-1,,None,0.0,0.0,0.0,0.0,0.0
fire_01854,2024-05-28,20240528,-1,,None,0.0,0.0,0.0,0.0,0.0
fire_01855,2024-05-28,20240528,-1,,None,0.0,0.0,0.0,0.0,0.0
fire_01856,2024-05-28,20240528,-1,,None,0.0,0.0,0.0,0.0,0.0
fire_01857,2024-05-28,20240528,-1,,None,0.0,0.0,0.0,0.0,0.0
fire_01861,2024-05-28,20240528,-1,,None,0.0,0.0,0.0,0.0,0.0
fire_01862,2024-05-28,20240528,-1,,None,0.0,0.0,0.0,0.0,0.0
fire_01863,2024-05-28,20240528,-1,,None,0.0,0.0,0.0,0.0,0.0
fire_01864,2024-05-28,20240528,-1,,None,0.0,0.0,0.0,0.0,0.0
fire_01865,2024-05-28,20240528,-1,,None,0.0,0.0,0.0,0.0,0.0
fire_01866,2024-05-28,20240528,-1,,None,0.0,0.0,0.0,0.0,0.0
fire_01867,2024-05-28,20240528,-1,,None,0.0,0.0,0.0,0.0,0.0
fire_01868,2024-05-28,20240528,-1,,None,0.0,0.0,0.0,0.0,0.0
fire_01869,2024-05-28,20240528,-1,,None,0.0,0.0,0.0,0.0,0.0
fire_01870,2024-05-28,20240528,-1,,None,0.0,0.0,0.0,0.0,0.0
fire_01871,2024-05-28,20240528,-1,,None,0.0,0.0,0.0,0.0,0.0
fire_01872,2024-05-28,20240528,-1,,None,0.0,0.0,0.0,0.0,0.0
fire_01873,2024-05-28,20240528,-1,,None,0.0,0.0,0.0,0.0,0.0
fire_01874,2024-05-28,20240528,-1,,None,0.0,0.0,0.0,0.0,0.0
fire_01875,2024-05-28,20240528,-1,,None,0.0,0.0,0.0,0.0,0.0
fire_01876,2024-05-28,20240528,-1,,None,0.0,0.0,0.0,0.0,0.0
fire_01877,2024-05-28,20240528,-1,,None,0.0,0.0,0.0,0.0,0.0
fire_01878,2024-05-28,20240528,-1,,None,0.0,0.0,0.0,0.0,0.0
fire_01879,2024-05-28,20240528,-1,,None,0.0,0.0,0.0,0.0,0.0
fire_01880,2024-05-28,20240528,-1,,None,0.0,0.0,0.0,0.0,0.0
fire_01881,2024-05-28,20240528,-1,,None,0.0,0.0,0.0,0.0,0.0
fire_01882,2024-05-28,20240528,-1,,None,0.0,0.0,0.0,0.0,0.0
fire_01883,2024-06-04,20240604,-1,,None,0.0,0.0,0.0,0.0,0.0
fire_01884,2024-06-04,20240604,-1,,None,0.0,0.0,0.0,0.0,0.0
fire_01885,2024-06-04,20240604,-1,,None,0.0,0.0,0.0,0.0,0.0
fire_01886,2024-06-04,20240604,-1,,None,0.0,0.0,0.0,0.0,0.0
fire_01887,2024-06-04,20240604,-1,,None,0.0,0.0,0.0,0.0,0.0
fire_01888,2024-06-04,20240604,-1,,None,0.0,0.0,0.0,0.0,0.0
fire_01889,2024-06-04,20240604,-1,,None,0.0,0.0,0.0,0.0,0.0
fire_01890,2024-06-04,20240604,-1,,None,0.0,0.0,0.0,0.0,0.0
fire_01891,2024-06-04,20240604,-1,,None,0.0,0.0,0.0,0.0,0.0
fire_01892,2024-06-04,20240604,-1,,None,0.0,0.0,0.0,0.0,0.0
fire_01893,2024-06-04,20240604,-1,,None,0.0,0.0,0.0,0.0,0.0
fire_01894,2024-06-04,20240604,-1,,None,0.0,0.0,0.0,0.0,0.0
fire_01895,2024-06-04,20240604,-1,,None,0.0,0.0,0.0,0.0,0.0
fire_01896,2024-06-04,20240604,-1,,None,0.0,0.0,0.0,0.0,0.0
fire_01897,2024-06-04,20240604,-1,,None,0.0,0.0,0.0,0.0,0.0
fire_01898,2024-06-04,20240604,-1,,None,0.0,0.0,0.0,0.0,0.0
fire_01899,2024-06-04,20240604,-1,,None,0.0,0.0,0.0,0.0,0.0
fire_01900,2024-06-04,20240604,-1,,None,0.0,0.0,0.0,0.0,0.0
fire_01901,2024-06-04,20240604,-1,,None,0.0,0.0,0.0,0.0,0.0
fire_01902,2024-06-04,20240604,-1,,None,0.0,0.0,0.0,0.0,0.0
fire_01903,2024-06-04,20240604,-1,,None,0.0,0.0,0.0,0.0,0.0
fire_01904,2024-06-04,20240604,-1,,None,0.0,0.0,0.0,0.0,0.0
fire_01905,2024-06-04,20240604,-1,,None,0.0,0.0,0.0,0.0,0.0
fire_01906,2024-06-04,20240604,-1,,None,0.0,0.0,0.0,0.0,0.0
fire_01907,2024-06-04,20240604,-1,,None,0.0,0.0,0.0,0.0,0.0
fire_01908,2024-06-04,20240604,-1,,None,0.0,0.0,0.0,0.0,0.0
fire_01909,2024-06-04,20240604,-1,,None,0.0,0.0,0.0,0.0,0.0
fire_01910,2024-06-04,20240604,-1,,None,0.0,0.0,0.0,0.0,0.0
fire_01911,2024-06-04,20240604,-1,,None,0.0,0.0,0.0,0.0,0.0
fire_01912,2024-06-04,20240604,-1,,None,0.0,0.0,0.0,0.0,0.0
fire_01913,2024-06-04,20240604,-1,,None,0.0,0.0,0.0,0.0,0.0
fire_01914,2024-06-04,20240604,-1,,None,0.0,0.0,0.0,0.0,0.0
fire_01915,2024-06-04,20240604,-1,,None,0.0,0.0,0.0,0.0,0.0
fire_01916,2024-06-04,20240604,-1,,None,0.0,0.0,0.0,0.0,0.0
fire_01917,2024-06-04,20240604,-1,,None,0.0,0.0,0.0,0.0,0.0
fire_01918,2024-06-11,20240611,-1,,None,0.0,0.0,0.0,0.0,0.0
fire_01919,2024-06-11,20240611,-1,,None,0.0,0.0,0.0,0.0,0.0
fire_01920,2024-06-11,20240611,-1,,None,0.0,0.0,0.0,0.0,0.0
fire_01921,2024-06-11,20240611,-1,,None,0.0,0.0,0.0,0.0,0.0
fire_01922,2024-06-11,20240611,-1,,None,0.0,0.0,0.0,0.0,0.0
fire_01923,2024-06-11,20240611,-1,,None,0.0,0.0,0.0,0.0,0.0
fire_01924,2024-06-11,20240611,-1,,None,0.0,0.0,0.0,0.0,0.0
fire_01925,2024-06-11,20240611,-1,,None,0.0,0.0,0.0,0.0,0.0
fire_01926,2024-06-11,20240611,-1,,None,0.0,0.0,0.0,0.0,0.0
fire_01927,2024-06-11,20240611,-1,,None,0.0,0.0,0.0,0.0,0.0
fire_01928,2024-06-11,20240611,-1,,None,0.0,0.0,0.0,0.0,0.0
fire_01929,2024-06-11,20240611,-1,,None,0.0,0.0,0.0,0.0,0.0
fire_01930,2024-06-11,20240611,-1,,None,0.0,0.0,0.0,0.0,0.0
fire_01931,2024-06-11,20240611,-1,,None,0.0,0.0,0.0,0.0,0.0
fire_01932,2024-06-11,20240611,-1,,None,0.0,0.0,0.0,0.0,0.0
fire_01933,2024-06-11,20240611,-1,,None,0.0,0.0,0.0,0.0,0.0
fire_01934,2024-06-11,20240611,-1,,None,0.0,0.0,0.0,0.0,0.0
fire_01935,2024-06-11,20240611,-1,,None,0.0,0.0,0.0,0.0,0.0
fire_01936,2024-06-11,20240611,-1,,None,0.0,0.0,0.0,0.0,0.0
fire_01937,2024-06-11,20240611,-1,,None,0.0,0.0,0.0,0.0,0.0
fire_01938,2024-06-11,20240611,-1,,None,0.0,0.0,0.0,0.0,0.0
fire_01939,2024-06-11,20240611,-1,,None,0.0,0.0,0.0,0.0,0.0
fire_01940,2024-06-11,20240611,-1,,None,0.0,0.0,0.0,0.0,0.0
fire_01941,2024-06-11,20240611,-1,,None,0.0,0.0,0.0,0.0,0.0
fire_01942,2024-06-11,20240611,-1,,None,0.0,0.0,0.0,0.0,0.0
fire_01943,2024-06-11,20240611,-1,,None,0.0,0.0,0.0,0.0,0.0
fire_01944,2024-06-11,20240611,-1,,None,0.0,0.0,0.0,0.0,0.0
fire_01945,2024-06-11,20240611,-1,,None,0.0,0.0,0.0,0.0,0.0
fire_01946,2024-06-11,20240611,-1,,None,0.0,0.0,0.0,0.0,0.0
fire_01947,2024-06-11,20240611,-1,,None,0.0,0.0,0.0,0.0,0.0
fire_01948,2024-06-11,20240611,-1,,None,0.0,0.0,0.0,0.0,0.0
fire_01949,2024-06-11,20240611,-1,,None,0.0,0.0,0.0,0.0,0.0
fire_01950,2024-06-11,20240611,-1,,None,0.0,0.0,0.0,0.0,0.0
fire_01951,2024-06-11,20240611,-1,,None,0.0,0.0,0.0,0.0,0.0
fire_01952,2024-06-11,20240611,-1,,None,0.0,0.0,0.0,0.0,0.0
fire_01953,2024-06-18,20240618,-1,,None,0.0,0.0,0.0,0.0,0.0
fire_01954,2024-06-18,20240618,-1,,None,0.0,0.0,0.0,0.0,0.0
fire_01955,2024-06-18,20240618,-1,,None,0.0,0.0,0.0,0.0,0.0
fire_01956,2024-06-18,20240618,-1,,None,0.0,0.0,0.0,0.0,0.0
fire_01957,2024-06-18,20240618,-1,,None,0.0,0.0,0.0,0.0,0.0
fire_01958,2024-06-18,20240618,-1,,None,0.0,0.0,0.0,0.0,0.0
fire_01959,2024-06-18,20240618,-1,,None,0.0,0.0,0.0,0.0,0.0
fire_01960,2024-06-18,20240618,-1,,None,0.0,0.0,0.0,0.0,0.0
fire_01961,2024-06-18,20240618,-1,,None,0.0,0.0,0.0,0.0,0.0
fire_01962,2024-06-18,20240618,-1,,None,0.0,0.0,0.0,0.0,0.0
fire_01963,2024-06-18,20240618,-1,,None,0.0,0.0,0.0,0.0,0.0
fire_01964,2024-06-18,20240618,-1,,None,0.0,0.0,0.0,0.0,0.0
fire_01965,2024-06-18,20240618,-1,,None,0.0,0.0,0.0,0.0,0.0
fire_01966,2024-06-18,20240618,-1,,None,0.0,0.0,0.0,0.0,0.0
fire_01967,2024-06-18,20240618,-1,,None,0.0,0.0,0.0,0.0,0.0
fire_01968,2024-06-18,20240618,-1,,None,0.0,0.0,0.0,0.0,0.0
fire_01969,2024-06-18,20240618,-1,,None,0.0,0.0,0.0,0.0,0.0
fire_01970,2024-06-18,20240618,-1,,None,0.0,0.0,0.0,0.0,0.0
fire_01971,2024-06-18,20240618,-1,,None,0.0,0.0,0.0,0.0,0.0
fire_01972,2024-06-18,20240618,-1,,None,0.0,0.0,0.0,0.0,0.0
fire_01973,2024-06-18,20240618,-1,,None,0.0,0.0,0.0,0.0,0.0
fire_01974,2024-06-18,20240618,-1,,None,0.0,0.0,0.0,0.0,0.0
fire_01975,2024-06-18,20240618,-1,,None,0.0,0.0,0.0,0.0,0.0
fire_01976,2024-06-18,20240618,-1,,None,0.0,0.0,0.0,0.0,0.0
fire_01977,2024-06-18,20240618,-1,,None,0.0,0.0,0.0,0.0,0.0
fire_01978,2024-06-18,20240618,-1,,None,0.0,0.0,0.0,0.0,0.0
fire_01979,2024-06-18,20240618,-1,,None,0.0,0.0,0.0,0.0,0.0
fire_01980,2024-06-18,20240618,-1,,None,0.0,0.0,0.0,0.0,0.0
fire_01981,2024-06-18,20240618,-1,,None,0.0,0.0,0.0,0.0,0.0
fire_01982,2024-06-18,20240618,-1,,None,0.0,0.0,0.0,0.0,0.0
fire_01983,2024-06-18,20240618,-1,,None,0.0,0.0,0.0,0.0,0.0
fire_01984,2024-06-18,20240618,-1,,None,0.0,0.0,0.0,0.0,0.0
fire_01985,2024-06-18,20240618,-1,,None,0.0,0.0,0.0,0.0,0.0
fire_01989,2024-06-18,20240618,-1,,None,0.0,0.0,0.0,0.0,0.0
fire_01992,2024-06-18,20240618,-1,,None,0.0,0.0,0.0,0.0,0.0
fire_01986,2024-06-25,20240625,-1,,None,0.0,0.0,0.0,0.0,0.0
fire_01987,2024-06-25,20240625,-1,,None,0.0,0.0,0.0,0.0,0.0
fire_01988,2024-06-25,20240625,-1,,None,0.0,0.0,0.0,0.0,0.0
fire_01990,2024-06-25,20240625,-1,,None,0.0,0.0,0.0,0.0,0.0
fire_01991,2024-06-25,20240625,-1,,None,0.0,0.0,0.0,0.0,0.0
fire_01993,2024-06-25,20240625,-1,,None,0.0,0.0,0.0,0.0,0.0
fire_01994,2024-06-25,20240625,-1,,None,0.0,0.0,0.0,0.0,0.0
fire_01995,2024-06-25,20240625,-1,,None,0.0,0.0,0.0,0.0,0.0
fire_01996,2024-06-25,20240625,-1,,None,0.0,0.0,0.0,0.0,0.0
fire_01997,2024-06-25,20240625,-1,,None,0.0,0.0,0.0,0.0,0.0
fire_01998,2024-06-25,20240625,-1,,None,0.0,0.0,0.0,0.0,0.0
fire_01999,2024-06-25,20240625,-1,,None,0.0,0.0,0.0,0.0,0.0
fire_02000,2024-06-25,20240625,-1,,None,0.0,0.0,0.0,0.0,0.0
fire_02001,2024-06-25,20240625,-1,,None,0.0,0.0,0.0,0.0,0.0
fire_02002,2024-06-25,20240625,-1,,None,0.0,0.0,0.0,0.0,0.0
fire_02003,2024-06-25,20240625,-1,,None,0.0,0.0,0.0,0.0,0.0
fire_02004,2024-06-25,20240625,-1,,None,0.0,0.0,0.0,0.0,0.0
fire_02005,2024-06-25,20240625,-1,,None,0.0,0.0,0.0,0.0,0.0
fire_02006,2024-06-25,20240625,-1,,None,0.0,0.0,0.0,0.0,0.0
fire_02007,2024-06-25,20240625,-1,,None,0.0,0.0,0.0,0.0,0.0
fire_02008,2024-06-25,20240625,-1,,None,0.0,0.0,0.0,0.0,0.0
fire_02009,2024-06-25,20240625,-1,,None,0.0,0.0,0.0,0.0,0.0
fire_02010,2024-06-25,20240625,-1,,None,0.0,0.0,0.0,0.0,0.0
fire_02011,2024-06-25,20240625,-1,,None,0.0,0.0,0.0,0.0,0.0
fire_02012,2024-06-25,20240625,-1,,None,0.0,0.0,0.0,0.0,0.0
fire_02013,2024-06-25,20240625,-1,,None,0.0,0.0,0.0,0.0,0.0
fire_02014,2024-06-25,20240625,-9,no_drought_or_nodata,,,,,,
fire_02015,2024-06-25,20240625,-1,,None,0.0,0.0,0.0,0.0,0.0
fire_02016,2024-06-25,20240625,-1,,None,0.0,0.0,0.0,0.0,0.0
fire_02017,2024-06-25,20240625,-1,,None,0.0,0.0,0.0,0.0,0.0
fire_02018,2024-06-25,20240625,-1,,None,0.0,0.0,0.0,0.0,0.0
fire_02019,2024-06-25,20240625,-1,,None,0.0,0.0,0.0,0.0,0.0
fire_02020,2024-06-25,20240625,-1,,None,0.0,0.0,0.0,0.0,0.0
fire_02021,2024-06-25,20240625,-1,,None,0.0,0.0,0.0,0.0,0.0
fire_02022,2024-06-25,20240625,-1,,None,0.0,0.0,0.0,0.0,0.0
fire_02023,2024-06-25,20240625,-1,,None,0.0,0.0,0.0,0.0,0.0
fire_02024,2024-06-25,20240625,-1,,None,0.0,0.0,0.0,0.0,0.0
fire_02025,2024-06-25,20240625,-1,,None,0.0,0.0,0.0,0.0,0.0
fire_02026,2024-06-25,20240625,-1,,None,0.0,0.0,0.0,0.0,0.0
fire_02027,2024-06-25,20240625,-1,,None,0.0,0.0,0.0,0.0,0.0
fire_02028,2024-06-25,20240625,-1,,None,0.0,0.0,0.0,0.0,0.0
fire_02029,2024-06-25,20240625,-1,,None,0.0,0.0,0.0,0.0,0.0
fire_02030,2024-06-25,20240625,-1,,None,0.0,0.0,0.0,0.0,0.0
fire_02031,2024-06-25,20240625,-1,,None,0.0,0.0,0.0,0.0,0.0
fire_02032,2024-07-02,20240702,-1,,None,0.0,0.0,0.0,0.0,0.0
fire_02033,2024-07-02,20240702,-1,,None,0.0,0.0,0.0,0.0,0.0
fire_02034,2024-07-02,20240702,-1,,None,0.0,0.0,0.0,0.0,0.0
fire_02035,2024-07-02,20240702,-1,,None,0.0,0.0,0.0,0.0,0.0
fire_02036,2024-07-02,20240702,-1,,None,0.0,0.0,0.0,0.0,0.0
fire_02037,2024-07-02,20240702,-1,,None,0.0,0.0,0.0,0.0,0.0
fire_02038,2024-07-02,20240702,-1,,None,0.0,0.0,0.0,0.0,0.0
fire_02039,2024-07-02,20240702,-1,,None,0.0,0.0,0.0,0.0,0.0
fire_02040,2024-07-02,20240702,-1,,None,0.0,0.0,0.0,0.0,0.0
fire_02041,2024-07-02,20240702,-1,,None,0.0,0.0,0.0,0.0,0.0
fire_02042,2024-07-02,20240702,-1,,None,0.0,0.0,0.0,0.0,0.0
fire_02043,2024-07-02,20240702,-1,,None,0.0,0.0,0.0,0.0,0.0
fire_02044,2024-07-02,20240702,-1,,None,0.0,0.0,0.0,0.0,0.0
fire_02045,2024-07-02,20240702,-1,,None,0.0,0.0,0.0,0.0,0.0
fire_02046,2024-07-02,20240702,-1,,None,0.0,0.0,0.0,0.0,0.0
fire_02047,2024-07-02,20240702,-1,,None,0.0,0.0,0.0,0.0,0.0
fire_02048,2024-07-02,20240702,-1,,None,0.0,0.0,0.0,0.0,0.0
fire_02049,2024-07-02,20240702,-1,,None,0.0,0.0,0.0,0.0,0.0
fire_02050,2024-07-02,20240702,-1,,None,0.0,0.0,0.0,0.0,0.0
fire_02051,2024-07-02,20240702,-1,,None,0.0,0.0,0.0,0.0,0.0
fire_02052,2024-07-02,20240702,-1,,None,0.0,0.0,0.0,0.0,0.0
fire_02053,2024-07-02,20240702,-1,,None,0.0,0.0,0.0,0.0,0.0
fire_02054,2024-07-02,20240702,-1,,None,0.0,0.0,0.0,0.0,0.0
fire_02055,2024-07-02,20240702,-1,,None,0.0,0.0,0.0,0.0,0.0
fire_02056,2024-07-02,20240702,-1,,None,0.0,0.0,0.0,0.0,0.0
fire_02057,2024-07-02,20240702,-1,,None,0.0,0.0,0.0,0.0,0.0
fire_02058,2024-07-02,20240702,0,,D0,0.0,1.0,0.0,0.0,0.0
fire_02059,2024-07-02,20240702,-1,,None,0.0,0.0,0.0,0.0,0.0
fire_02060,2024-07-02,20240702,-1,,None,0.0,0.0,0.0,0.0,0.0
fire_02061,2024-07-02,20240702,-1,,None,0.0,0.0,0.0,0.0,0.0
fire_02062,2024-07-02,20240702,0,,D0,0.0,1.0,0.0,0.0,0.0
fire_02063,2024-07-02,20240702,-1,,None,0.0,0.0,0.0,0.0,0.0
fire_02064,2024-07-02,20240702,-1,,None,0.0,0.0,0.0,0.0,0.0
fire_02065,2024-07-02,20240702,-1,,None,0.0,0.0,0.0,0.0,0.0
fire_02066,2024-07-02,20240702,-1,,None,0.0,0.0,0.0,0.0,0.0
fire_02067,2024-07-02,20240702,0,,D0,0.0,1.0,0.0,0.0,0.0
fire_02068,2024-07-02,20240702,-1,,None,0.0,0.0,0.0,0.0,0.0
fire_02069,2024-07-02,20240702,-1,,None,0.0,0.0,0.0,0.0,0.0
fire_02070,2024-07-02,20240702,-1,,None,0.0,0.0,0.0,0.0,0.0
fire_02071,2024-07-02,20240702,-1,,None,0.0,0.0,0.0,0.0,0.0
fire_02072,2024-07-02,20240702,-1,,None,0.0,0.0,0.0,0.0,0.0
fire_02073,2024-07-02,20240702,-1,,None,0.0,0.0,0.0,0.0,0.0
fire_02074,2024-07-02,20240702,-1,,None,0.0,0.0,0.0,0.0,0.0
fire_02075,2024-07-02,20240702,-1,,None,0.0,0.0,0.0,0.0,0.0
fire_02076,2024-07-02,20240702,-1,,None,0.0,0.0,0.0,0.0,0.0
fire_02077,2024-07-02,20240702,-1,,None,0.0,0.0,0.0,0.0,0.0
fire_02078,2024-07-02,20240702,-1,,None,0.0,0.0,0.0,0.0,0.0
fire_02079,2024-07-09,20240709,-1,,None,0.0,0.0,0.0,0.0,0.0
fire_02080,2024-07-09,20240709,-1,,None,0.0,0.0,0.0,0.0,0.0
fire_02081,2024-07-09,20240709,-1,,None,0.0,0.0,0.0,0.0,0.0
fire_02082,2024-07-09,20240709,-1,,None,0.0,0.0,0.0,0.0,0.0
fire_02083,2024-07-09,20240709,-1,,None,0.0,0.0,0.0,0.0,0.0
fire_02084,2024-07-09,20240709,-1,,None,0.0,0.0,0.0,0.0,0.0
fire_02085,2024-07-09,20240709,-1,,None,0.0,0.0,0.0,0.0,0.0
fire_02086,2024-07-09,20240709,-1,,None,0.0,0.0,0.0,0.0,0.0
fire_02087,2024-07-09,20240709,-1,,None,0.0,0.0,0.0,0.0,0.0
fire_02088,2024-07-09,20240709,-1,,None,0.0,0.0,0.0,0.0,0.0
fire_02089,2024-07-09,20240709,-1,,None,0.0,0.0,0.0,0.0,0.0
fire_02090,2024-07-09,20240709,-1,,None,0.0,0.0,0.0,0.0,0.0
fire_02091,2024-07-09,20240709,-1,,None,0.0,0.0,0.0,0.0,0.0
fire_02092,2024-07-09,20240709,-1,,None,0.0,0.0,0.0,0.0,0.0
fire_02093,2024-07-09,20240709,-1,,None,0.0,0.0,0.0,0.0,0.0
fire_02094,2024-07-09,20240709,0,,D0,0.0,1.0,0.0,0.0,0.0
fire_02095,2024-07-09,20240709,0,,D0,0.0,1.0,0.0,0.0,0.0
fire_02096,2024-07-09,20240709,-1,,None,0.0,0.0,0.0,0.0,0.0
fire_02097,2024-07-09,20240709,-1,,None,0.0,0.0,0.0,0.0,0.0
fire_02098,2024-07-09,20240709,-1,,None,0.0,0.0,0.0,0.0,0.0
fire_02099,2024-07-09,20240709,-1,,None,0.0,0.0,0.0,0.0,0.0
fire_02100,2024-07-09,20240709,1,,D1,1.0,1.0,1.0,0.0,0.0
fire_02101,2024-07-09,20240709,-1,,None,0.0,0.0,0.0,0.0,0.0
fire_02102,2024-07-09,20240709,-1,,None,0.0,0.0,0.0,0.0,0.0
fire_02103,2024-07-09,20240709,-1,,None,0.0,0.0,0.0,0.0,0.0
fire_02104,2024-07-09,20240709,1,,D1,1.0,1.0,1.0,0.0,0.0
fire_02105,2024-07-09,20240709,-1,,None,0.0,0.0,0.0,0.0,0.0
fire_02106,2024-07-09,20240709,0,,D0,0.0,1.0,0.0,0.0,0.0
fire_02107,2024-07-09,20240709,-1,,None,0.0,0.0,0.0,0.0,0.0
fire_02108,2024-07-09,20240709,-1,,None,0.0,0.0,0.0,0.0,0.0
fire_02109,2024-07-09,20240709,-1,,None,0.0,0.0,0.0,0.0,0.0
fire_02110,2024-07-09,20240709,-1,,None,0.0,0.0,0.0,0.0,0.0
fire_02111,2024-07-09,20240709,-1,,None,0.0,0.0,0.0,0.0,0.0
fire_02178,2024-07-09,20240709,0,,D0,0.0,1.0,0.0,0.0,0.0
fire_02182,2024-07-09,20240709,-1,,None,0.0,0.0,0.0,0.0,0.0
fire_02402,2024-07-09,20240709,-1,,None,0.0,0.0,0.0,0.0,0.0
fire_02403,2024-07-09,20240709,-1,,None,0.0,0.0,0.0,0.0,0.0
fire_02112,2024-07-16,20240716,-1,,None,0.0,0.0,0.0,0.0,0.0
fire_02113,2024-07-16,20240716,-1,,None,0.0,0.0,0.0,0.0,0.0
fire_02114,2024-07-16,20240716,-1,,None,0.0,0.0,0.0,0.0,0.0
fire_02115,2024-07-16,20240716,-1,,None,0.0,0.0,0.0,0.0,0.0
fire_02116,2024-07-16,20240716,-1,,None,0.0,0.0,0.0,0.0,0.0
fire_02117,2024-07-16,20240716,-1,,None,0.0,0.0,0.0,0.0,0.0
fire_02118,2024-07-16,20240716,-1,,None,0.0,0.0,0.0,0.0,0.0
fire_02119,2024-07-16,20240716,-1,,None,0.0,0.0,0.0,0.0,0.0
fire_02120,2024-07-16,20240716,-1,,None,0.0,0.0,0.0,0.0,0.0
fire_02121,2024-07-16,20240716,-1,,None,0.0,0.0,0.0,0.0,0.0
fire_02122,2024-07-16,20240716,-1,,None,0.0,0.0,0.0,0.0,0.0
fire_02123,2024-07-16,20240716,-1,,None,0.0,0.0,0.0,0.0,0.0
fire_02124,2024-07-16,20240716,-1,,None,0.0,0.0,0.0,0.0,0.0
fire_02125,2024-07-16,20240716,-1,,None,0.0,0.0,0.0,0.0,0.0
fire_02126,2024-07-16,20240716,-1,,None,0.0,0.0,0.0,0.0,0.0
fire_02127,2024-07-16,20240716,-1,,None,0.0,0.0,0.0,0.0,0.0
fire_02128,2024-07-16,20240716,-1,,None,0.0,0.0,0.0,0.0,0.0
fire_02129,2024-07-16,20240716,-1,,None,0.0,0.0,0.0,0.0,0.0
fire_02130,2024-07-16,20240716,-1,,None,0.0,0.0,0.0,0.0,0.0
fire_02131,2024-07-16,20240716,-1,,None,0.0,0.0,0.0,0.0,0.0
fire_02132,2024-07-16,20240716,-1,,None,0.0,0.0,0.0,0.0,0.0
fire_02133,2024-07-16,20240716,-1,,None,0.0,0.0,0.0,0.0,0.0
fire_02134,2024-07-16,20240716,0,,D0,0.0,1.0,0.0,0.0,0.0
fire_02135,2024-07-16,20240716,0,,D0,0.0,1.0,0.0,0.0,0.0
fire_02136,2024-07-16,20240716,-1,,None,0.0,0.0,0.0,0.0,0.0
fire_02137,2024-07-16,20240716,-1,,None,0.0,0.0,0.0,0.0,0.0
fire_02138,2024-07-16,20240716,-1,,None,0.0,0.0,0.0,0.0,0.0
fire_02139,2024-07-16,20240716,-1,,None,0.0,0.0,0.0,0.0,0.0
fire_02140,2024-07-16,20240716,-1,,None,0.0,0.0,0.0,0.0,0.0
fire_02141,2024-07-16,20240716,-1,,None,0.0,0.0,0.0,0.0,0.0
fire_02142,2024-07-16,20240716,0,,D0,0.0,1.0,0.0,0.0,0.0
fire_02143,2024-07-16,20240716,0,,D0,0.0,1.0,0.0,0.0,0.0
fire_02144,2024-07-16,20240716,-1,,None,0.0,0.0,0.0,0.0,0.0
fire_02145,2024-07-16,20240716,-1,,None,0.0,0.0,0.0,0.0,0.0
fire_02146,2024-07-16,20240716,-1,,None,0.0,0.0,0.0,0.0,0.0
fire_02147,2024-07-16,20240716,-1,,None,0.0,0.0,0.0,0.0,0.0
fire_02148,2024-07-16,20240716,-1,,None,0.0,0.0,0.0,0.0,0.0
fire_02149,2024-07-16,20240716,-1,,None,0.0,0.0,0.0,0.0,0.0
fire_02150,2024-07-16,20240716,0,,D0,0.0,1.0,0.0,0.0,0.0
fire_02151,2024-07-16,20240716,0,,D0,0.0,1.0,0.0,0.0,0.0
fire_02152,2024-07-16,20240716,-1,,None,0.0,0.0,0.0,0.0,0.0
fire_02153,2024-07-16,20240716,-1,,None,0.0,0.0,0.0,0.0,0.0
fire_02180,2024-07-16,20240716,-1,,None,0.0,0.0,0.0,0.0,0.0
fire_02154,2024-07-23,20240723,-1,,None,0.0,0.0,0.0,0.0,0.0
fire_02155,2024-07-23,20240723,-1,,None,0.0,0.0,0.0,0.0,0.0
fire_02156,2024-07-23,20240723,-1,,None,0.0,0.0,0.0,0.0,0.0
fire_02157,2024-07-23,20240723,-1,,None,0.0,0.0,0.0,0.0,0.0
fire_02158,2024-07-23,20240723,-1,,None,0.0,0.0,0.0,0.0,0.0
fire_02159,2024-07-23,20240723,-1,,None,0.0,0.0,0.0,0.0,0.0
fire_02160,2024-07-23,20240723,-1,,None,0.0,0.0,0.0,0.0,0.0
fire_02161,2024-07-23,20240723,-1,,None,0.0,0.0,0.0,0.0,0.0
fire_02162,2024-07-23,20240723,-1,,None,0.0,0.0,0.0,0.0,0.0
fire_02163,2024-07-23,20240723,-1,,None,0.0,0.0,0.0,0.0,0.0
fire_02164,2024-07-23,20240723,-1,,None,0.0,0.0,0.0,0.0,0.0
fire_02165,2024-07-23,20240723,-1,,None,0.0,0.0,0.0,0.0,0.0
fire_02166,2024-07-23,20240723,-1,,None,0.0,0.0,0.0,0.0,0.0
fire_02167,2024-07-23,20240723,-1,,None,0.0,0.0,0.0,0.0,0.0
fire_02168,2024-07-23,20240723,-1,,None,0.0,0.0,0.0,0.0,0.0
fire_02169,2024-07-23,20240723,-1,,None,0.0,0.0,0.0,0.0,0.0
fire_02170,2024-07-23,20240723,-1,,None,0.0,0.0,0.0,0.0,0.0
fire_02171,2024-07-23,20240723,-1,,None,0.0,0.0,0.0,0.0,0.0
fire_02172,2024-07-23,20240723,-1,,None,0.0,0.0,0.0,0.0,0.0
fire_02173,2024-07-23,20240723,-1,,None,0.0,0.0,0.0,0.0,0.0
fire_02174,2024-07-23,20240723,-1,,None,0.0,0.0,0.0,0.0,0.0
fire_02175,2024-07-23,20240723,-1,,None,0.0,0.0,0.0,0.0,0.0
fire_02176,2024-07-23,20240723,-1,,None,0.0,0.0,0.0,0.0,0.0
fire_02177,2024-07-23,20240723,-1,,None,0.0,0.0,0.0,0.0,0.0
fire_02179,2024-07-23,20240723,-1,,None,0.0,0.0,0.0,0.0,0.0
fire_02181,2024-07-23,20240723,-1,,None,0.0,0.0,0.0,0.0,0.0
fire_02183,2024-07-23,20240723,-1,,None,0.0,0.0,0.0,0.0,0.0
fire_02184,2024-07-30,20240730,-1,,None,0.0,0.0,0.0,0.0,0.0
fire_02185,2024-07-30,20240730,-1,,None,0.0,0.0,0.0,0.0,0.0
fire_02186,2024-07-30,20240730,-1,,None,0.0,0.0,0.0,0.0,0.0
fire_02187,2024-07-30,20240730,-1,,None,0.0,0.0,0.0,0.0,0.0
fire_02188,2024-07-30,20240730,-1,,None,0.0,0.0,0.0,0.0,0.0
fire_02189,2024-07-30,20240730,-1,,None,0.0,0.0,0.0,0.0,0.0
fire_02190,2024-07-30,20240730,-1,,None,0.0,0.0,0.0,0.0,0.0
fire_02191,2024-07-30,20240730,-1,,None,0.0,0.0,0.0,0.0,0.0
fire_02192,2024-07-30,20240730,-1,,None,0.0,0.0,0.0,0.0,0.0
fire_02193,2024-07-30,20240730,-1,,None,0.0,0.0,0.0,0.0,0.0
fire_02194,2024-07-30,20240730,-1,,None,0.0,0.0,0.0,0.0,0.0
fire_02195,2024-07-30,20240730,-1,,None,0.0,0.0,0.0,0.0,0.0
fire_02196,2024-07-30,20240730,-1,,None,0.0,0.0,0.0,0.0,0.0
fire_02215,2024-07-30,20240730,-1,,None,0.0,0.0,0.0,0.0,0.0
fire_02253,2024-07-30,20240730,-1,,None,0.0,0.0,0.0,0.0,0.0
fire_02296,2024-07-30,20240730,0,,D0,0.0,1.0,0.0,0.0,0.0
fire_02197,2024-08-06,20240806,-1,,None,0.0,0.0,0.0,0.0,0.0
fire_02198,2024-08-06,20240806,-1,,None,0.0,0.0,0.0,0.0,0.0
fire_02199,2024-08-06,20240806,0,,D0,0.0,1.0,0.0,0.0,0.0
fire_02200,2024-08-06,20240806,-1,,None,0.0,0.0,0.0,0.0,0.0
fire_02201,2024-08-06,20240806,-1,,None,0.0,0.0,0.0,0.0,0.0
fire_02202,2024-08-06,20240806,-1,,None,0.0,0.0,0.0,0.0,0.0
fire_02203,2024-08-06,20240806,-1,,None,0.0,0.0,0.0,0.0,0.0
fire_02204,2024-08-06,20240806,-1,,None,0.0,0.0,0.0,0.0,0.0
fire_02205,2024-08-06,20240806,-1,,None,0.0,0.0,0.0,0.0,0.0
fire_02206,2024-08-06,20240806,-1,,None,0.0,0.0,0.0,0.0,0.0
fire_02207,2024-08-06,20240806,-1,,None,0.0,0.0,0.0,0.0,0.0
fire_02208,2024-08-06,20240806,-1,,None,0.0,0.0,0.0,0.0,0.0
fire_02209,2024-08-06,20240806,-1,,None,0.0,0.0,0.0,0.0,0.0
fire_02210,2024-08-06,20240806,-1,,None,0.0,0.0,0.0,0.0,0.0
fire_02211,2024-08-06,20240806,-1,,None,0.0,0.0,0.0,0.0,0.0
fire_02212,2024-08-06,20240806,-1,,None,0.0,0.0,0.0,0.0,0.0
fire_02213,2024-08-06,20240806,-1,,None,0.0,0.0,0.0,0.0,0.0
fire_02214,2024-08-06,20240806,-1,,None,0.0,0.0,0.0,0.0,0.0
fire_02216,2024-08-06,20240806,-1,,None,0.0,0.0,0.0,0.0,0.0
fire_02217,2024-08-06,20240806,-1,,None,0.0,0.0,0.0,0.0,0.0
fire_02218,2024-08-06,20240806,-1,,None,0.0,0.0,0.0,0.0,0.0
fire_02219,2024-08-13,20240813,-1,,None,0.0,0.0,0.0,0.0,0.0
fire_02220,2024-08-13,20240813,-1,,None,0.0,0.0,0.0,0.0,0.0
fire_02221,2024-08-13,20240813,-1,,None,0.0,0.0,0.0,0.0,0.0
fire_02222,2024-08-13,20240813,-1,,None,0.0,0.0,0.0,0.0,0.0
fire_02223,2024-08-13,20240813,-1,,None,0.0,0.0,0.0,0.0,0.0
fire_02224,2024-08-13,20240813,-1,,None,0.0,0.0,0.0,0.0,0.0
fire_02225,2024-08-13,20240813,-1,,None,0.0,0.0,0.0,0.0,0.0
fire_02226,2024-08-13,20240813,-1,,None,0.0,0.0,0.0,0.0,0.0
fire_02227,2024-08-13,20240813,-1,,None,0.0,0.0,0.0,0.0,0.0
fire_02228,2024-08-13,20240813,-1,,None,0.0,0.0,0.0,0.0,0.0
fire_02229,2024-08-13,20240813,-1,,None,0.0,0.0,0.0,0.0,0.0
fire_02230,2024-08-13,20240813,-1,,None,0.0,0.0,0.0,0.0,0.0
fire_02231,2024-08-13,20240813,-1,,None,0.0,0.0,0.0,0.0,0.0
fire_02232,2024-08-13,20240813,-1,,None,0.0,0.0,0.0,0.0,0.0
fire_02233,2024-08-13,20240813,-1,,None,0.0,0.0,0.0,0.0,0.0
fire_02234,2024-08-13,20240813,-1,,None,0.0,0.0,0.0,0.0,0.0
fire_02235,2024-08-13,20240813,-1,,None,0.0,0.0,0.0,0.0,0.0
fire_02236,2024-08-13,20240813,-1,,None,0.0,0.0,0.0,0.0,0.0
fire_02237,2024-08-13,20240813,-1,,None,0.0,0.0,0.0,0.0,0.0
fire_02238,2024-08-13,20240813,-1,,None,0.0,0.0,0.0,0.0,0.0
fire_02239,2024-08-13,20240813,-1,,None,0.0,0.0,0.0,0.0,0.0
fire_02240,2024-08-20,20240820,-1,,None,0.0,0.0,0.0,0.0,0.0
fire_02241,2024-08-20,20240820,-1,,None,0.0,0.0,0.0,0.0,0.0
fire_02242,2024-08-20,20240820,-1,,None,0.0,0.0,0.0,0.0,0.0
fire_02243,2024-08-20,20240820,-1,,None,0.0,0.0,0.0,0.0,0.0
fire_02244,2024-08-20,20240820,-1,,None,0.0,0.0,0.0,0.0,0.0
fire_02245,2024-08-20,20240820,-1,,None,0.0,0.0,0.0,0.0,0.0
fire_02246,2024-08-20,20240820,-1,,None,0.0,0.0,0.0,0.0,0.0
fire_02247,2024-08-20,20240820,-1,,None,0.0,0.0,0.0,0.0,0.0
fire_02248,2024-08-20,20240820,-1,,None,0.0,0.0,0.0,0.0,0.0
fire_02249,2024-08-20,20240820,-1,,None,0.0,0.0,0.0,0.0,0.0
fire_02250,2024-08-20,20240820,-1,,None,0.0,0.0,0.0,0.0,0.0
fire_02251,2024-08-20,20240820,-1,,None,0.0,0.0,0.0,0.0,0.0
fire_02252,2024-08-20,20240820,-1,,None,0.0,0.0,0.0,0.0,0.0
fire_02254,2024-08-20,20240820,-1,,None,0.0,0.0,0.0,0.0,0.0
fire_02255,2024-08-20,20240820,-1,,None,0.0,0.0,0.0,0.0,0.0
fire_02256,2024-08-20,20240820,-1,,None,0.0,0.0,0.0,0.0,0.0
fire_02257,2024-08-20,20240820,-1,,None,0.0,0.0,0.0,0.0,0.0
fire_02258,2024-08-20,20240820,-1,,None,0.0,0.0,0.0,0.0,0.0
fire_02259,2024-08-20,20240820,-1,,None,0.0,0.0,0.0,0.0,0.0
fire_02260,2024-08-20,20240820,-1,,None,0.0,0.0,0.0,0.0,0.0
fire_02261,2024-08-20,20240820,-1,,None,0.0,0.0,0.0,0.0,0.0
fire_02262,2024-08-20,20240820,-1,,None,0.0,0.0,0.0,0.0,0.0
fire_02263,2024-08-20,20240820,-1,,None,0.0,0.0,0.0,0.0,0.0
fire_02264,2024-08-27,20240827,-1,,None,0.0,0.0,0.0,0.0,0.0
fire_02265,2024-08-27,20240827,-1,,None,0.0,0.0,0.0,0.0,0.0
fire_02266,2024-08-27,20240827,-1,,None,0.0,0.0,0.0,0.0,0.0
fire_02267,2024-08-27,20240827,0,,D0,0.0,1.0,0.0,0.0,0.0
fire_02268,2024-08-27,20240827,-1,,None,0.0,0.0,0.0,0.0,0.0
fire_02269,2024-08-27,20240827,-1,,None,0.0,0.0,0.0,0.0,0.0
fire_02270,2024-08-27,20240827,-1,,None,0.0,0.0,0.0,0.0,0.0
fire_02271,2024-08-27,20240827,-1,,None,0.0,0.0,0.0,0.0,0.0
fire_02272,2024-08-27,20240827,-1,,None,0.0,0.0,0.0,0.0,0.0
fire_02273,2024-08-27,20240827,-1,,None,0.0,0.0,0.0,0.0,0.0
fire_02274,2024-08-27,20240827,-1,,None,0.0,0.0,0.0,0.0,0.0
fire_02275,2024-08-27,20240827,0,,D0,0.0,1.0,0.0,0.0,0.0
fire_02276,2024-08-27,20240827,0,,D0,0.0,1.0,0.0,0.0,0.0
fire_02277,2024-08-27,20240827,-1,,None,0.0,0.0,0.0,0.0,0.0
fire_02278,2024-08-27,20240827,-1,,None,0.0,0.0,0.0,0.0,0.0
fire_02279,2024-08-27,20240827,-1,,None,0.0,0.0,0.0,0.0,0.0
fire_02280,2024-08-27,20240827,-1,,None,0.0,0.0,0.0,0.0,0.0
fire_02281,2024-08-27,20240827,-1,,None,0.0,0.0,0.0,0.0,0.0
fire_02282,2024-08-27,20240827,-1,,None,0.0,0.0,0.0,0.0,0.0
fire_02283,2024-08-27,20240827,-1,,None,0.0,0.0,0.0,0.0,0.0
fire_02284,2024-09-03,20240903,-1,,None,0.0,0.0,0.0,0.0,0.0
fire_02285,2024-09-03,20240903,-1,,None,0.0,0.0,0.0,0.0,0.0
fire_02286,2024-09-03,20240903,-1,,None,0.0,0.0,0.0,0.0,0.0
fire_02287,2024-09-03,20240903,0,,D0,0.0,1.0,0.0,0.0,0.0
fire_02288,2024-09-03,20240903,0,,D0,0.0,1.0,0.0,0.0,0.0
fire_02289,2024-09-03,20240903,-1,,None,0.0,0.0,0.0,0.0,0.0
fire_02290,2024-09-03,20240903,0,,D0,0.0,1.0,0.0,0.0,0.0
fire_02291,2024-09-03,20240903,-1,,None,0.0,0.0,0.0,0.0,0.0
fire_02292,2024-09-03,20240903,0,,D0,0.0,1.0,0.0,0.0,0.0
fire_02293,2024-09-03,20240903,-1,,None,0.0,0.0,0.0,0.0,0.0
fire_02294,2024-09-03,20240903,-1,,None,0.0,0.0,0.0,0.0,0.0
fire_02295,2024-09-03,20240903,-1,,None,0.0,0.0,0.0,0.0,0.0
fire_02297,2024-09-03,20240903,-1,,None,0.0,0.0,0.0,0.0,0.0
fire_02298,2024-09-03,20240903,-1,,None,0.0,0.0,0.0,0.0,0.0
fire_02299,2024-09-03,20240903,-1,,None,0.0,0.0,0.0,0.0,0.0
fire_02300,2024-09-03,20240903,-1,,None,0.0,0.0,0.0,0.0,0.0
fire_02301,2024-09-03,20240903,-1,,None,0.0,0.0,0.0,0.0,0.0
fire_02302,2024-09-03,20240903,-1,,None,0.0,0.0,0.0,0.0,0.0
fire_02303,2024-09-03,20240903,0,,D0,0.0,1.0,0.0,0.0,0.0
fire_02304,2024-09-03,20240903,-1,,None,0.0,0.0,0.0,0.0,0.0
fire_02305,2024-09-03,20240903,-1,,None,0.0,0.0,0.0,0.0,0.0
fire_02306,2024-09-03,20240903,-1,,None,0.0,0.0,0.0,0.0,0.0
fire_02307,2024-09-03,20240903,-1,,None,0.0,0.0,0.0,0.0,0.0
fire_02308,2024-09-10,20240910,0,,D0,0.0,1.0,0.0,0.0,0.0
fire_02309,2024-09-10,20240910,0,,D0,0.0,1.0,0.0,0.0,0.0
fire_02310,2024-09-10,20240910,0,,D0,0.0,1.0,0.0,0.0,0.0
fire_02311,2024-09-10,20240910,0,,D0,0.0,1.0,0.0,0.0,0.0
fire_02312,2024-09-10,20240910,-1,,None,0.0,0.0,0.0,0.0,0.0
fire_02313,2024-09-10,20240910,0,,D0,0.0,1.0,0.0,0.0,0.0
fire_02314,2024-09-17,20240917,0,,D0,0.0,1.0,0.0,0.0,0.0
fire_02315,2024-09-17,20240917,0,,D0,0.0,1.0,0.0,0.0,0.0
fire_02316,2024-09-24,20240924,0,,D0,0.0,1.0,0.0,0.0,0.0
fire_02317,2024-09-24,20240924,0,,D0,0.0,1.0,0.0,0.0,0.0
fire_02318,2024-09-24,20240924,0,,D0,0.0,1.0,0.0,0.0,0.0
fire_02319,2024-09-24,20240924,0,,D0,0.0,1.0,0.0,0.0,0.0
fire_02320,2024-09-24,20240924,-1,,None,0.0,0.0,0.0,0.0,0.0
fire_02321,2024-09-24,20240924,-1,,None,0.0,0.0,0.0,0.0,0.0
fire_02322,2024-09-24,20240924,-1,,None,0.0,0.0,0.0,0.0,0.0
fire_02323,2024-09-24,20240924,-1,,None,0.0,0.0,0.0,0.0,0.0
fire_02324,2024-09-24,20240924,0,,D0,0.0,1.0,0.0,0.0,0.0
fire_02325,2024-09-24,20240924,-1,,None,0.0,0.0,0.0,0.0,0.0
fire_02326,2024-09-24,20240924,0,,D0,0.0,1.0,0.0,0.0,0.0
fire_02327,2024-09-24,20240924,0,,D0,0.0,1.0,0.0,0.0,0.0
fire_02328,2024-10-01,20241001,-1,,None,0.0,0.0,0.0,0.0,0.0
fire_02329,2024-10-01,20241001,-1,,None,0.0,0.0,0.0,0.0,0.0
fire_02330,2024-10-01,20241001,0,,D0,0.0,1.0,0.0,0.0,0.0
fire_02331,2024-10-01,20241001,-1,,None,0.0,0.0,0.0,0.0,0.0
fire_02332,2024-10-01,20241001,0,,D0,0.0,1.0,0.0,0.0,0.0
fire_02333,2024-10-01,20241001,0,,D0,0.0,1.0,0.0,0.0,0.0
fire_02334,2024-10-01,20241001,0,,D0,0.0,1.0,0.0,0.0,0.0
fire_02335,2024-10-01,20241001,0,,D0,0.0,1.0,0.0,0.0,0.0
fire_02336,2024-10-01,20241001,1,,D1,1.0,1.0,1.0,0.0,0.0
fire_02337,2024-10-01,20241001,0,,D0,0.0,1.0,0.0,0.0,0.0
fire_02338,2024-10-01,20241001,0,,D0,0.0,1.0,0.0,0.0,0.0
fire_02339,2024-10-01,20241001,-1,,None,0.0,0.0,0.0,0.0,0.0
fire_02340,2024-10-01,20241001,0,,D0,0.0,1.0,0.0,0.0,0.0
fire_02341,2024-10-01,20241001,1,,D1,1.0,1.0,1.0,0.0,0.0
fire_02342,2024-10-01,20241001,0,,D0,0.0,1.0,0.0,0.0,0.0
fire_02343,2024-10-01,20241001,0,,D0,0.0,1.0,0.0,0.0,0.0
fire_02344,2024-10-01,20241001,0,,D0,0.0,1.0,0.0,0.0,0.0
fire_02345,2024-10-08,20241008,-1,,None,0.0,0.0,0.0,0.0,0.0
fire_02346,2024-10-08,20241008,-1,,None,0.0,0.0,0.0,0.0,0.0
fire_02347,2024-10-08,20241008,-1,,None,0.0,0.0,0.0,0.0,0.0
fire_02348,2024-10-08,20241008,-1,,None,0.0,0.0,0.0,0.0,0.0
fire_02349,2024-10-15,20241015,-1,,None,0.0,0.0,0.0,0.0,0.0
fire_02350,2024-10-15,20241015,-1,,None,0.0,0.0,0.0,0.0,0.0
fire_02351,2024-10-15,20241015,0,,D0,0.0,1.0,0.0,0.0,0.0
fire_02352,2024-10-15,20241015,0,,D0,0.0,1.0,0.0,0.0,0.0
fire_02353,2024-10-15,20241015,-1,,None,0.0,0.0,0.0,0.0,0.0
fire_02354,2024-10-15,20241015,0,,D0,0.0,1.0,0.0,0.0,0.0
fire_02355,2024-10-15,20241015,-1,,None,0.0,0.0,0.0,0.0,0.0
fire_02356,2024-10-15,20241015,0,,D0,0.0,1.0,0.0,0.0,0.0
fire_02357,2024-10-15,20241015,-1,,None,0.0,0.0,0.0,0.0,0.0
fire_02358,2024-10-15,20241015,-1,,None,0.0,0.0,0.0,0.0,0.0
fire_02359,2024-10-15,20241015,0,,D0,0.0,1.0,0.0,0.0,0.0
fire_02360,2024-10-22,20241022,0,,D0,0.0,1.0,0.0,0.0,0.0
fire_02361,2024-10-22,20241022,-1,,None,0.0,0.0,0.0,0.0,0.0
fire_02362,2024-10-22,20241022,-1,,None,0.0,0.0,0.0,0.0,0.0
fire_02363,2024-10-22,20241022,0,,D0,0.0,1.0,0.0,0.0,0.0
fire_02364,2024-10-22,20241022,-1,,None,0.0,0.0,0.0,0.0,0.0
fire_02365,2024-10-22,20241022,0,,D0,0.0,1.0,0.0,0.0,0.0
fire_02366,2024-10-22,20241022,0,,D0,0.0,1.0,0.0,0.0,0.0
fire_02376,2024-10-22,20241022,0,,D0,0.0,1.0,0.0,0.0,0.0
fire_02367,2024-10-29,20241029,-1,,None,0.0,0.0,0.0,0.0,0.0
fire_02368,2024-10-29,20241029,-1,,None,0.0,0.0,0.0,0.0,0.0
fire_02369,2024-10-29,20241029,0,,D0,0.0,1.0,0.0,0.0,0.0
fire_02370,2024-10-29,20241029,-1,,None,0.0,0.0,0.0,0.0,0.0
fire_02371,2024-10-29,20241029,-1,,None,0.0,0.0,0.0,0.0,0.0
fire_02372,2024-10-29,20241029,-9,no_drought_or_nodata,,,,,,
fire_02373,2024-10-29,20241029,0,,D0,0.0,1.0,0.0,0.0,0.0
fire_02374,2024-10-29,20241029,0,,D0,0.0,1.0,0.0,0.0,0.0
fire_02375,2024-10-29,20241029,0,,D0,0.0,1.0,0.0,0.0,0.0
fire_02377,2024-11-05,20241105,-1,,None,0.0,0.0,0.0,0.0,0.0
fire_02378,2024-11-05,20241105,-1,,None,0.0,0.0,0.0,0.0,0.0
fire_02379,2024-11-05,20241105,-1,,None,0.0,0.0,0.0,0.0,0.0
fire_02380,2024-11-05,20241105,0,,D0,0.0,1.0,0.0,0.0,0.0
fire_02381,2024-11-05,20241105,0,,D0,0.0,1.0,0.0,0.0,0.0
fire_02382,2024-11-05,20241105,-1,,None,0.0,0.0,0.0,0.0,0.0
fire_02383,2024-11-05,20241105,0,,D0,0.0,1.0,0.0,0.0,0.0
fire_02384,2024-11-12,20241112,0,,D0,0.0,1.0,0.0,0.0,0.0
fire_02385,2024-11-12,20241112,0,,D0,0.0,1.0,0.0,0.0,0.0
fire_02386,2024-11-12,20241112,-1,,None,0.0,0.0,0.0,0.0,0.0
fire_02387,2024-11-12,20241112,0,,D0,0.0,1.0,0.0,0.0,0.0
fire_02388,2024-11-12,20241112,-1,,None,0.0,0.0,0.0,0.0,0.0
fire_02389,2024-11-12,20241112,3,,D3,3.0,1.0,1.0,1.0,1.0
fire_02390,2024-11-19,20241119,0,,D0,0.0,1.0,0.0,0.0,0.0
fire_02391,2024-11-19,20241119,0,,D0,0.0,1.0,0.0,0.0,0.0
fire_02392,2024-11-19,20241119,-1,,None,0.0,0.0,0.0,0.0,0.0
fire_02393,2024-11-19,20241119,0,,D0,0.0,1.0,0.0,0.0,0.0
fire_02394,2024-11-19,20241119,-1,,None,0.0,0.0,0.0,0.0,0.0
fire_02395,2024-11-26,20241126,-1,,None,0.0,0.0,0.0,0.0,0.0
fire_02396,2024-11-26,20241126,0,,D0,0.0,1.0,0.0,0.0,0.0
fire_02397,2024-12-03,20241203,-1,,None,0.0,0.0,0.0,0.0,0.0
fire_02398,2024-12-03,20241203,-1,,None,0.0,0.0,0.0,0.0,0.0
fire_02399,2024-12-10,20241210,-1,,None,0.0,0.0,0.0,0.0,0.0
fire_02400,2024-12-10,20241210,0,,D0,0.0,1.0,0.0,0.0,0.0
fire_02401,2024-12-17,20241217,-1,,None,0.0,0.0,0.0,0.0,0.0
