gridmet_id,Name,fire_start_date,year,month,Latitude,Longitude,AcresBurned,log_acres,nwcg_size_class,severity_tier,tmmx_F_7d_mean,tmmn_F_7d_mean,vpd_kPa_7d_mean,vs_m_s_7d_mean,rmin_pct_7d_mean,pr_mm_30d_sum,erc_7d_mean,bi_7d_mean,fm100_pct_7d_mean,fm1000_pct_30d_mean,elevation,slope_degrees,northness,eastness,usdm_raw,usdm_category,usdm_intensity,is_abnormally_dry_D0_plus,is_drought_D1_plus,is_severe_D2_plus,is_extreme_D3_plus,fbfm40_code,fbfm40_group,evt_code,evc_code,evh_code,canopy_cover,fvt_code,fvc_code,has_canopy_cover
fire_00000,Creek Fire,2016-10-10,2016,10,38.40958,-122.43172,65.0,4.189654742026425,C,Small,76.98714285714304,50.73285714285722,1.3514285714285712,3.071428571428572,26.585714285714285,2.3,51.85714285714285,39.0,12.814285714285717,10.673333333333334,223.80414,2.0,-0.4067366430758001,-0.913545457642601,0,D0,0.0,1.0,0.0,0.0,0.0,183.0,timber_litter,7901.0,14.0,14.0,45.0,2914.0,14.0,1.0
fire_00001,Taglio Fire,2016-04-24,2016,4,37.2171,-121.08036,30.0,3.4339872044851463,C,Small,84.11000000000008,52.55857142857144,1.6528571428571426,2.9285714285714284,25.842857142857145,40.2,36.142857142857146,25.0,11.400000000000002,18.82333333333333,62.611248,1.0,0.1736481776669304,0.984807753012208,3,D3,3.0,1.0,1.0,1.0,1.0,93.0,nonburnable_or_other,7984.0,64.0,64.0,0.0,2964.0,64.0,0.0
fire_00002,Tulloch Fire,2016-05-30,2016,5,37.927613,-120.528836,85.0,4.454347296253507,C,Small,81.33285714285712,54.15285714285718,1.4157142857142857,3.242857142857143,30.228571428571424,2.2,50.0,40.85714285714285,11.014285714285714,14.01,254.46841,5.0,-0.4067366430758001,-0.913545457642601,3,D3,3.0,1.0,1.0,1.0,1.0,102.0,grass,9301.0,351.0,304.0,0.0,2270.0,125.0,0.0
fire_00003,Metz Fire,2016-05-22,2016,5,36.38123,-121.20059,3876.0,8.262816937670928,F,Large,77.57857142857151,47.415714285714344,1.2642857142857142,5.057142857142858,29.4,9.2,42.42857142857143,44.0,12.8,15.17333333333333,257.852,11.0,-0.6946583704589974,0.7193398003386511,4,D4,4.0,1.0,1.0,1.0,1.0,102.0,grass,9301.0,342.0,303.0,0.0,2184.0,123.0,0.0
fire_00004,Wheatland Fire,2016-05-23,2016,5,34.276,-118.354,156.0,5.056245805348308,D,Medium,73.10428571428582,51.2214285714287,0.9557142857142856,3.071428571428572,36.52857142857143,9.1,49.71428571428572,39.71428571428572,11.928571428571429,11.576666666666666,395.88687,10.0,-0.7986355100472928,-0.6018150231520484,4,D4,4.0,1.0,1.0,1.0,1.0,122.0,grass_shrub,7092.0,224.0,215.0,0.0,2092.0,112.0,0.0
fire_00005,DeWolf Fire,2016-05-25,2016,5,36.88286,-119.654,278.0,5.631211781821365,D,Medium,80.92142857142849,49.858571428571544,1.524285714285714,3.271428571428572,25.685714285714283,6.2,52.85714285714285,43.285714285714285,10.114285714285714,13.733333333333333,127.14908,0.0,-0.6018150231520483,-0.7986355100472928,3,D3,3.0,1.0,1.0,1.0,1.0,98.0,nonburnable_or_other,7292.0,11.0,11.0,0.0,11.0,11.0,0.0
fire_00006,Coe Fire,2016-06-07,2016,6,37.17072,-121.42238,120.0,4.795790545596741,D,Medium,93.21285714285716,64.25857142857154,2.41,2.914285714285714,21.785714285714285,0.0,59.142857142857146,45.142857142857146,7.5857142857142845,14.146666666666668,604.9648,5.0,-0.6691306063588582,0.7431448254773942,3,D3,3.0,1.0,1.0,1.0,1.0,144.0,shrub,7105.0,240.0,221.0,0.0,2105.0,115.0,0.0
fire_00007,Dunstone Fire,2016-05-27,2016,5,39.33035,-121.78973,91.0,4.5217885770490405,C,Small,76.62714285714286,54.41000000000008,1.15,2.685714285714286,35.68571428571429,18.8,43.142857142857146,28.571428571428573,11.900000000000002,14.29,22.501198,0.0,0.0697564737441252,-0.9975640502598244,1,D1,1.0,1.0,1.0,0.0,0.0,103.0,grass,9829.0,356.0,303.0,0.0,2280.0,125.0,0.0
fire_00008,70 Fire,2016-05-29,2016,5,39.624017,-121.595093,30.0,3.4339872044851463,C,Small,80.87000000000016,54.075714285714426,1.3228571428571427,2.128571428571429,35.714285714285715,12.6,49.0,34.0,10.871428571428572,14.03,148.76733,4.0,0.7431448254773942,-0.6691306063588581,1,D1,1.0,1.0,1.0,0.0,0.0,102.0,grass,9301.0,348.0,303.0,0.0,2270.0,124.0,0.0
fire_00009,Shedd Fire,2016-05-10,2016,5,35.61961,-120.39993,150.0,5.017279836814924,D,Medium,73.61857142857153,49.88428571428576,0.8985714285714285,3.0285714285714285,38.25714285714285,1.8,42.285714285714285,30.714285714285715,12.757142857142856,14.726666666666668,383.70276,3.0,0.7880107536067219,0.6156614753256583,4,D4,4.0,1.0,1.0,1.0,1.0,102.0,grass,7987.0,331.0,303.0,0.0,2967.0,123.0,0.0
fire_00010,Bryson Fire,2016-05-12,2016,5,35.8378273,-121.0381507,25.0,3.258096538021482,C,Small,75.83000000000004,47.08142857142868,1.1057142857142856,2.8571428571428577,32.214285714285715,0.9,44.85714285714285,31.0,12.357142857142858,14.246666666666668,309.84625,2.0,0.2756373558169991,0.9612616959383188,4,D4,4.0,1.0,1.0,1.0,1.0,144.0,shrub,7105.0,234.0,221.0,0.0,2105.0,113.0,0.0
fire_00011,Avocado Fire,2016-05-15,2016,5,36.78769,-119.38248,132.0,4.890349128221754,D,Medium,87.4785714285714,55.38714285714305,1.6857142857142855,1.6999999999999995,30.82857142857143,13.5,47.71428571428572,31.571428571428573,11.814285714285711,13.903333333333334,377.89685,13.0,-0.7547095802227721,-0.656059028990507,3,D3,3.0,1.0,1.0,1.0,1.0,102.0,grass,9301.0,334.0,302.0,0.0,2270.0,123.0,0.0
fire_00012,Athens Fire,2016-05-17,2016,5,38.8390117,-121.3090268,169.0,5.135798437050262,D,Medium,86.1928571428571,53.20142857142864,1.491428571428571,2.257142857142857,32.214285714285715,18.5,37.42857142857143,28.714285714285715,14.128571428571428,17.4,40.019466,0.0,0.7771459614569706,-0.6293203910498378,2,D2,2.0,1.0,1.0,1.0,0.0,91.0,nonburnable_or_other,7298.0,24.0,24.0,0.0,2904.0,24.0,0.0
fire_00013,Pala Fire,2016-05-31,2016,5,33.41639,-117.08829,70.0,4.262679877041316,C,Small,72.07571428571433,52.84142857142856,0.5871428571428571,3.2285714285714286,51.971428571428575,9.1,33.57142857142857,29.428571428571427,15.55714285714286,15.3,423.75464,15.0,-0.1564344650402308,0.9876883405951378,3,D3,3.0,1.0,1.0,1.0,1.0,145.0,shrub,7110.0,252.0,230.0,0.0,2110.0,115.0,0.0
fire_00014,Coal Fire,2016-06-20,2016,6,39.595,-121.6008,112.0,4.727387818712341,D,Medium,79.04428571428573,55.56714285714288,1.2871428571428571,3.1,38.15714285714285,8.3,56.0,38.85714285714285,9.885714285714286,11.296666666666669,133.95549,5.0,0.3583679495453004,-0.9335804264972016,1,D1,1.0,1.0,1.0,0.0,0.0,186.0,timber_litter,7960.0,143.0,120.0,45.0,2960.0,104.0,1.0
fire_00015,Frazier Fire,2016-06-27,2016,6,35.70821,-120.82266,86.0,4.465908118654584,C,Small,103.34428571428563,51.992857142857204,3.715714285714287,5.042857142857144,3.871428571428571,0.0,75.71428571428571,78.28571428571429,5.728571428571429,11.026666666666666,378.6205,4.0,0.2079116908177594,0.9781476007338056,3,D3,3.0,1.0,1.0,1.0,1.0,102.0,grass,9301.0,348.0,304.0,0.0,2270.0,124.0,0.0
fire_00016,Campo Fire,2016-06-27,2016,6,38.22017,-120.8678,33.0,3.5263605246161616,C,Small,96.78714285714274,56.21000000000008,2.682857142857143,2.4714285714285715,17.071428571428573,0.0,70.0,50.42857142857143,7.271428571428571,10.726666666666668,100.42059,3.0,0.2588190451025203,-0.9659258262890684,2,D2,2.0,1.0,1.0,1.0,0.0,91.0,nonburnable_or_other,7299.0,25.0,25.0,0.0,2905.0,25.0,0.0
fire_00017,Paskenta Fire,2016-06-21,2016,6,39.93965,-122.40142,43.0,3.784189633918261,C,Small,80.17571428571432,56.31285714285716,1.422857142857143,3.557142857142857,33.48571428571429,25.0,55.0,33.857142857142854,9.985714285714286,11.453333333333337,159.50978,1.0,0.9510565162951536,0.3090169943749474,1,D1,1.0,1.0,1.0,0.0,0.0,122.0,grass_shrub,7151.0,130.0,111.0,35.0,2151.0,103.0,1.0
fire_00018,Moore Fire,2016-06-21,2016,6,38.86804,-121.37704,88.0,4.48863636973214,C,Small,82.10428571428562,54.02428571428568,1.5214285714285716,2.314285714285714,30.37142857142857,0.0,56.71428571428572,37.285714285714285,9.928571428571429,11.823333333333334,29.226515,0.0,-0.5150380749100544,-0.8571673007021121,1,D1,1.0,1.0,1.0,0.0,0.0,122.0,grass_shrub,7662.0,352.0,303.0,0.0,2662.0,125.0,0.0
fire_00019,Aukum Fire,2016-06-03,2016,6,38.64107,-120.6955,25.0,3.258096538021482,C,Small,87.01571428571434,55.56714285714298,1.89,1.3571428571428572,25.8,27.8,47.57142857142857,29.142857142857142,9.842857142857143,15.206666666666663,638.44073,3.0,0.992546151641322,-0.1218693434051472,2,D2,2.0,1.0,1.0,1.0,0.0,91.0,nonburnable_or_other,7296.0,22.0,22.0,0.0,2902.0,22.0,0.0
fire_00020,Hidden Fire,2016-06-03,2016,6,36.80296,-121.40304,30.0,3.4339872044851463,C,Small,82.02714285714286,49.98714285714284,1.125714285714286,2.9142857142857146,34.957142857142856,2.8,36.42857142857143,30.0,14.742857142857144,16.713333333333335,155.3788,4.0,0.981627183447664,0.1908089953765448,3,D3,3.0,1.0,1.0,1.0,1.0,91.0,nonburnable_or_other,7299.0,25.0,25.0,0.0,2905.0,25.0,0.0
fire_00021,Clay Fire,2016-06-03,2016,6,38.3131,-121.06452,32.0,3.49650756146648,C,Small,92.93000000000004,58.01000000000008,2.1414285714285715,2.1,24.2,4.8,54.42857142857143,37.0,9.62857142857143,14.023333333333332,52.80946,1.0,-0.2923717047227371,-0.9563047559630352,2,D2,2.0,1.0,1.0,1.0,0.0,102.0,grass,7129.0,338.0,304.0,0.0,2129.0,123.0,0.0
fire_00022,Temecula Fire,2016-06-04,2016,6,33.476894,-117.140883,139.0,4.941642422609304,D,Medium,84.41857142857152,57.1357142857143,1.4628571428571429,2.7142857142857144,37.885714285714286,9.3,40.85714285714285,31.857142857142858,13.885714285714284,14.583333333333334,308.45648,3.0,0.2756373558169991,0.9612616959383188,3,D3,3.0,1.0,1.0,1.0,1.0,121.0,grass_shrub,7914.0,17.0,17.0,0.0,2917.0,17.0,0.0
fire_00023,Coleman Fire,2016-06-04,2016,6,36.01542,-121.25029,2520.0,7.83241092718792,F,Large,96.24714285714282,49.62714285714286,2.75,2.457142857142857,12.2,3.5,57.42857142857143,42.57142857142857,9.085714285714284,13.603333333333332,326.19083,2.0,-0.544639035015027,-0.8386705679454242,4,D4,4.0,1.0,1.0,1.0,1.0,102.0,grass,9301.0,338.0,304.0,0.0,2270.0,123.0,0.0
fire_00024,Keswick Fire,2016-06-11,2016,6,40.61388,-122.46777,24.0,3.218875824868201,C,Small,93.2642857142858,66.93285714285712,2.481428571428572,2.7857142857142856,29.12857142857143,17.6,63.85714285714285,47.285714285714285,7.042857142857143,13.066666666666668,260.34518,5.0,-0.2079116908177593,0.9781476007338056,0,D0,0.0,1.0,0.0,0.0,0.0,103.0,grass,7105.0,235.0,216.0,0.0,2105.0,115.0,0.0
fire_00025,Camanche Fire,2016-06-17,2016,6,38.26874,-120.90265,210.0,5.351858133476067,D,Medium,82.77285714285713,52.04428571428574,1.557142857142857,2.8285714285714287,27.3,0.4,60.42857142857143,45.0,8.985714285714286,12.060000000000002,128.0517,6.0,0.882947592858927,0.4694715627858908,2,D2,2.0,1.0,1.0,1.0,0.0,102.0,grass,9301.0,356.0,304.0,0.0,2270.0,125.0,0.0
fire_00026,Border Fire,2016-06-19,2016,6,32.60729,-116.63028,7609.0,8.937218450855731,G,Extreme,82.18142857142868,48.624285714285676,1.4271428571428568,3.5285714285714285,28.7,0.8,41.57142857142857,36.71428571428572,13.94285714285714,15.43,696.2889,6.0,-0.9335804264972016,-0.3583679495453004,3,D3,3.0,1.0,1.0,1.0,1.0,145.0,shrub,7110.0,230.0,213.0,0.0,2110.0,113.0,0.0
fire_00027,Arroyo Fire,2016-06-18,2016,6,36.2833,-121.3306,70.0,4.262679877041316,C,Small,76.01000000000008,48.624285714285676,1.2,3.457142857142857,25.885714285714283,0.9,61.142857142857146,50.57142857142857,8.9,12.45,370.3399,22.0,-0.6427876096865394,0.766044443118978,4,D4,4.0,1.0,1.0,1.0,1.0,99.0,nonburnable_or_other,9062.0,31.0,31.0,0.0,31.0,31.0,0.0
fire_00028,Hoag Fire,2016-06-11,2016,6,39.7947,-121.857,80.0,4.394449154672439,C,Small,91.56714285714288,64.38714285714283,2.0557142857142856,3.0285714285714285,33.34285714285714,4.0,58.42857142857143,45.0,8.971428571428572,13.22,67.45242,1.0,-0.8090169943749475,-0.587785252292473,1,D1,1.0,1.0,1.0,0.0,0.0,121.0,grass_shrub,9301.0,327.0,303.0,0.0,2270.0,122.0,0.0
fire_00029,Cotton Fire,2016-06-11,2016,6,35.77135,-120.251,61.0,4.127134385045092,C,Small,95.52714285714286,57.3928571428572,2.5628571428571427,2.685714285714286,16.62857142857143,0.4,67.85714285714286,50.85714285714285,6.942857142857143,11.95,443.1575,3.0,-0.156434465040231,-0.9876883405951375,4,D4,4.0,1.0,1.0,1.0,1.0,102.0,grass,9301.0,339.0,304.0,0.0,2270.0,123.0,0.0
fire_00030,Old Fire,2016-06-12,2016,6,36.49914,-121.04993,83.0,4.430816798843313,C,Small,89.33000000000004,48.57285714285714,2.0285714285714285,3.6571428571428575,17.74285714285714,0.0,59.285714285714285,51.142857142857146,8.728571428571428,13.496666666666668,590.5037,11.0,0.4694715627858908,0.8829475928589269,4,D4,4.0,1.0,1.0,1.0,1.0,145.0,shrub,7105.0,245.0,220.0,0.0,2105.0,114.0,0.0
fire_00031,Pony Fire,2016-06-07,2016,6,41.623,-123.557,2860.0,7.95892649305011,F,Large,87.35000000000011,62.61285714285716,1.94,2.585714285714286,30.1,15.2,54.57142857142857,39.85714285714285,7.642857142857143,15.23,1384.344,27.0,-0.1218693434051473,0.992546151641322,-1,,0.0,0.0,0.0,0.0,0.0,165.0,timber_understory,7028.0,142.0,115.0,45.0,2028.0,104.0,1.0
fire_00032,Sherpa Fire,2016-06-15,2016,6,34.776,-119.643,7474.0,8.919319398258887,G,Extreme,79.84142857142857,51.787142857143046,1.812857142857143,3.0285714285714285,15.642857142857142,0.0,86.42857142857143,65.71428571428571,5.6571428571428575,7.400000000000001,1588.4285,3.0,0.7193398003386512,0.6946583704589973,4,D4,4.0,1.0,1.0,1.0,1.0,122.0,grass_shrub,7014.0,138.0,117.0,35.0,2014.0,103.0,1.0
fire_00033,Creek Fire,2016-06-26,2016,6,38.69971,-122.15457,277.0,5.627621113690637,D,Medium,94.91000000000008,58.13857142857148,2.605714285714286,2.7857142857142856,17.45714285714286,0.0,68.0,51.71428571428572,7.899999999999999,11.023333333333332,240.65424,6.0,0.9998476951563912,-0.0174524064372835,1,D1,1.0,1.0,1.0,0.0,0.0,121.0,grass_shrub,7114.0,127.0,109.0,35.0,2114.0,103.0,1.0
fire_00034,70 Fire,2016-06-21,2016,6,39.43351,-121.6051,49.0,3.912023005428146,C,Small,81.46142857142863,54.92428571428578,1.407142857142857,2.5,34.01428571428571,5.0,57.142857142857146,36.42857142857143,9.885714285714286,11.136666666666663,38.244946,1.0,-0.156434465040231,-0.9876883405951375,1,D1,1.0,1.0,1.0,0.0,0.0,186.0,timber_litter,7980.0,144.0,112.0,45.0,2960.0,104.0,1.0
fire_00035,Erskine Fire,2016-06-23,2016,6,35.6115,-118.45628,48019.0,10.779372869775244,G,Extreme,92.1071428571428,60.17000000000006,2.564285714285714,4.642857142857143,14.814285714285717,1.2,74.85714285714286,71.57142857142857,6.971428571428572,9.783333333333337,918.49225,21.0,-1.8369701987210287e-16,-1.0,4,D4,4.0,1.0,1.0,1.0,1.0,102.0,grass,7105.0,221.0,213.0,0.0,2097.0,111.0,0.0
fire_00036,Lowe Fire,2016-06-23,2016,6,36.1934,-120.9293,52.0,3.970291913552122,C,Small,94.44714285714302,53.58714285714304,2.731428571428571,3.085714285714286,12.92857142857143,0.0,67.42857142857143,54.57142857142857,8.257142857142856,11.273333333333335,378.0759,2.0,0.2923717047227367,-0.9563047559630354,4,D4,4.0,1.0,1.0,1.0,1.0,102.0,grass,9301.0,332.0,304.0,0.0,2270.0,123.0,0.0
fire_00037,Dinosaur Fire,2016-06-25,2016,6,37.07147,-121.20155,1246.0,7.1284959456800365,F,Large,92.77571428571432,58.8071428571429,2.5700000000000003,3.6428571428571423,17.6,0.0,65.71428571428571,56.71428571428572,8.22857142857143,11.376666666666669,335.10065,9.0,-0.0523359562429438,0.9986295347545738,3,D3,3.0,1.0,1.0,1.0,1.0,102.0,grass,9301.0,349.0,303.0,0.0,2270.0,124.0,0.0
fire_00038,Laguna Fire,2016-06-26,2016,6,33.57872,-117.77395,47.0,3.871201010907891,C,Small,88.27571428571432,63.23000000000004,1.7800000000000005,2.814285714285714,34.8,0.5,46.57142857142857,36.42857142857143,11.44285714285714,14.24,229.39378,3.0,-0.9135454576426008,0.4067366430758004,4,D4,4.0,1.0,1.0,1.0,1.0,122.0,grass_shrub,7092.0,246.0,225.0,0.0,2092.0,114.0,0.0
fire_00039,Grant Fire,2016-06-25,2016,6,37.74369,-121.58677,211.0,5.356586274672012,D,Medium,90.4357142857143,57.21285714285716,2.16,3.3857142857142857,22.02857142857143,0.0,60.85714285714285,50.71428571428572,8.942857142857141,11.906666666666668,106.472404,1.0,0.4226182617406994,0.90630778703665,3,D3,3.0,1.0,1.0,1.0,1.0,122.0,grass_shrub,9829.0,348.0,303.0,0.0,2280.0,124.0,0.0
fire_00040,Marina Fire,2016-06-25,2016,6,37.97,-119.14,650.0,6.478509642208569,E,Medium,80.35571428571426,48.418571428571525,1.8257142857142856,5.428571428571429,16.285714285714285,47.8,63.71428571428572,65.57142857142857,6.957142857142857,12.169999999999998,2324.2112,37.0,0.2249510543438649,0.9743700647852352,3,D3,3.0,1.0,1.0,1.0,1.0,142.0,shrub,7062.0,128.0,103.0,0.0,2062.0,102.0,0.0
fire_00041,Reservoir Fire,2016-06-26,2016,6,39.12366,-122.50373,215.0,5.375278407684165,D,Medium,89.71571428571434,59.167142857142984,2.261428571428572,3.242857142857143,18.714285714285715,4.5,62.85714285714285,51.285714285714285,8.614285714285716,11.616666666666664,919.4099,7.0,0.0174524064372831,-0.9998476951563912,1,D1,1.0,1.0,1.0,0.0,0.0,145.0,shrub,7105.0,250.0,220.0,0.0,2105.0,115.0,0.0
fire_00042,Trailhead Fire,2016-06-28,2016,6,38.96741,-120.9375,5645.0,8.638702608813434,G,Extreme,93.18714285714273,62.304285714285825,2.565714285714286,2.442857142857143,20.428571428571427,0.0,70.0,49.71428571428572,6.842857142857143,11.053333333333333,381.61212,16.0,-0.9743700647852352,0.2249510543438652,1,D1,1.0,1.0,1.0,0.0,0.0,145.0,shrub,7105.0,252.0,219.0,0.0,2105.0,115.0,0.0
fire_00043,Rancho Fire,2016-06-28,2016,6,38.385,-121.003611,372.0,5.921578419643816,E,Medium,97.22428571428578,60.42714285714296,2.857142857142857,2.657142857142857,17.071428571428573,0.0,69.57142857142857,47.71428571428572,6.985714285714287,10.430000000000003,100.08262,2.0,0.9659258262890684,0.2588190451025207,2,D2,2.0,1.0,1.0,1.0,0.0,186.0,timber_litter,7129.0,346.0,303.0,45.0,2264.0,104.0,1.0
fire_00044,Big Fire,2016-07-11,2016,7,36.92244,-119.39619,188.0,5.241747015059643,D,Medium,91.28428571428586,62.09857142857146,2.177142857142857,3.528571428571429,26.12857142857143,2.0,74.85714285714286,60.57142857142857,7.457142857142856,9.083333333333334,546.24445,6.0,0.754709580222772,0.6560590289905073,3,D3,3.0,1.0,1.0,1.0,1.0,144.0,shrub,7114.0,139.0,123.0,35.0,2114.0,103.0,1.0
fire_00045,Sage Fire,2016-07-09,2016,7,34.36763,-118.57245,1100.0,7.00397413672268,F,Large,84.9071428571429,56.93000000000004,1.6142857142857143,2.9142857142857146,25.6,0.0,64.57142857142857,49.42857142857143,9.185714285714283,10.973333333333333,453.81302,5.0,0.1736481776669304,0.984807753012208,4,D4,4.0,1.0,1.0,1.0,1.0,122.0,grass_shrub,7110.0,242.0,220.0,45.0,2118.0,103.0,1.0
fire_00046,Fiddler Fire,2016-07-08,2016,7,40.36873,-122.72913,303.0,5.717027701406222,E,Medium,94.70428571428582,62.97285714285704,2.391428571428572,1.9428571428571424,25.071428571428573,14.7,72.71428571428571,47.142857142857146,7.057142857142857,9.67,340.84802,3.0,-0.984807753012208,-0.1736481776669304,0,D0,0.0,1.0,0.0,0.0,0.0,102.0,grass,9301.0,335.0,304.0,0.0,2270.0,123.0,0.0
fire_00047,Colyear Fire,2016-06-30,2016,6,40.0353,-122.56939,464.0,6.142037405587356,E,Medium,100.13000000000004,69.24714285714302,3.232857142857142,2.942857142857143,17.15714285714286,22.5,72.14285714285714,55.85714285714285,6.4,10.166666666666666,341.2723,5.0,-0.6156614753256583,0.788010753606722,1,D1,1.0,1.0,1.0,0.0,0.0,144.0,shrub,9337.0,221.0,217.0,0.0,2105.0,113.0,0.0
fire_00048,Deer Fire,2016-07-01,2016,7,35.20993,-118.72272,1785.0,7.487733761436444,F,Large,101.1071428571429,68.37285714285714,3.741428571428572,4.1,10.014285714285714,0.0,89.28571428571429,79.0,4.5285714285714285,7.583333333333333,372.40585,16.0,0.838670567945424,-0.544639035015027,4,D4,4.0,1.0,1.0,1.0,1.0,102.0,grass,9301.0,339.0,304.0,0.0,2270.0,123.0,0.0
fire_00049,Pine Fire,2016-06-30,2016,6,34.701,-119.144,2304.0,7.742835955430749,F,Large,89.61285714285717,57.44428571428574,2.7485714285714287,3.4714285714285715,6.442857142857144,0.0,92.0,76.14285714285714,3.828571428571428,8.073333333333334,1912.3102,3.0,0.9781476007338056,-0.2079116908177598,4,D4,4.0,1.0,1.0,1.0,1.0,122.0,grass_shrub,7110.0,222.0,208.0,0.0,2110.0,112.0,0.0
fire_00050,Flores Fire,2016-07-01,2016,7,40.07846,-122.2071,88.0,4.48863636973214,C,Small,103.21571428571434,67.0357142857144,3.3428571428571425,3.8857142857142857,17.25714285714286,31.1,71.28571428571429,63.0,6.571428571428571,10.413333333333334,84.84517,0.0,-0.1045284632676535,0.9945218953682732,1,D1,1.0,1.0,1.0,0.0,0.0,102.0,grass,7980.0,134.0,109.0,35.0,2960.0,103.0,1.0
fire_00051,Curry Fire,2016-07-01,2016,7,36.0749,-120.452041,2944.0,7.987864096085687,F,Large,100.15571428571425,62.7928571428572,3.4199999999999995,2.9857142857142853,9.642857142857142,0.0,82.71428571428571,64.57142857142857,5.142857142857143,9.08,592.22205,9.0,-0.6819983600624986,-0.7313537016191705,4,D4,4.0,1.0,1.0,1.0,1.0,122.0,grass_shrub,7105.0,221.0,220.0,15.0,2114.0,103.0,1.0
fire_00052,Lone Pine Fire,2016-07-01,2016,7,36.58972,-118.15589,30.0,3.4339872044851463,C,Small,95.5785714285714,69.65857142857143,3.4057142857142857,2.0142857142857142,9.757142857142856,4.6,99.71428571428572,65.28571428571429,3.257142857142857,5.599999999999999,1601.6255,7.0,0.2588190451025207,0.9659258262890684,4,D4,4.0,1.0,1.0,1.0,1.0,102.0,grass,7082.0,218.0,202.0,0.0,2082.0,111.0,0.0
fire_00053,Appaloosa Fire,2016-07-02,2016,7,38.02845,-120.61153,310.0,5.739792912179234,E,Medium,99.5642857142857,65.05571428571426,3.005714285714286,2.9142857142857146,17.185714285714287,0.0,69.14285714285714,53.142857142857146,6.828571428571429,11.633333333333336,523.12036,9.0,-0.0523359562429443,-0.9986295347545738,3,D3,3.0,1.0,1.0,1.0,1.0,102.0,grass,9301.0,346.0,303.0,0.0,2270.0,124.0,0.0
fire_00054,Scott Fire,2016-07-10,2016,7,38.517772,-121.103642,87.0,4.477336814478207,C,Small,88.32714285714286,57.95857142857144,1.8057142857142856,3.685714285714286,28.0,0.0,66.0,51.85714285714285,9.271428571428572,9.51,62.735558,1.0,0.7547095802227719,-0.6560590289905074,2,D2,2.0,1.0,1.0,1.0,0.0,102.0,grass,9301.0,344.0,304.0,0.0,2270.0,124.0,0.0
fire_00055,Frame Fire,2016-07-04,2016,7,36.14161,-120.62048,145.0,4.983606621708336,D,Medium,98.58714285714305,58.65285714285718,3.0428571428571423,3.057142857142857,11.528571428571428,0.0,78.85714285714286,62.142857142857146,5.6571428571428575,10.066666666666668,616.02106,5.0,-0.0348994967025009,0.9993908270190958,4,D4,4.0,1.0,1.0,1.0,1.0,144.0,shrub,7114.0,138.0,123.0,35.0,2114.0,103.0,1.0
fire_00056,Broken Fire,2016-07-04,2016,7,37.25601,-119.65776,103.0,4.6443908991413725,D,Medium,96.76142857142862,69.14428571428574,2.892857142857143,1.7571428571428571,20.51428571428572,5.3,70.71428571428571,45.285714285714285,6.342857142857143,11.21,977.79193,3.0,-0.6018150231520483,-0.7986355100472928,3,D3,3.0,1.0,1.0,1.0,1.0,165.0,timber_understory,7114.0,140.0,118.0,45.0,2114.0,104.0,1.0
fire_00057,Kuehner Fire,2016-07-01,2016,7,34.27619,-118.63264,45.0,3.828641396489095,C,Small,95.37285714285704,64.0785714285714,2.494285714285714,2.528571428571429,18.65714285714285,0.0,62.142857142857146,45.71428571428572,8.385714285714286,12.406666666666668,609.9275,10.0,-0.9455185755993168,0.3255681544571566,4,D4,4.0,1.0,1.0,1.0,1.0,145.0,shrub,7110.0,234.0,215.0,0.0,2110.0,113.0,0.0
fire_00058,Shelter Fire,2016-07-11,2016,7,33.11645,-116.58542,15.0,2.772588722239781,C,Small,82.00142857142865,59.7071428571429,1.8942857142857144,3.257142857142857,18.21428571428571,0.0,78.57142857142857,62.142857142857146,6.257142857142858,9.343333333333334,1563.0847,1.0,0.2249510543438649,-0.9743700647852352,3,D3,3.0,1.0,1.0,1.0,1.0,145.0,shrub,7110.0,250.0,220.0,0.0,2110.0,115.0,0.0
fire_00059,Pacheco Fire,2016-07-12,2016,7,38.08056,-120.81394,341.0,5.834810737062605,E,Medium,87.27285714285713,54.92428571428578,1.7028571428571428,2.242857142857143,26.74285714285714,0.0,60.71428571428572,40.85714285714285,10.442857142857145,10.72,301.04004,6.0,0.4226182617406996,-0.9063077870366498,3,D3,3.0,1.0,1.0,1.0,1.0,122.0,grass_shrub,9301.0,339.0,303.0,35.0,2114.0,103.0,1.0
fire_00060,Stagecoach Fire,2016-07-12,2016,7,37.96311,-120.67335,35.0,3.58351893845611,C,Small,88.01857142857152,55.67000000000006,1.8485714285714283,2.742857142857144,24.0,0.0,66.57142857142857,49.57142857142857,9.44285714285714,9.956666666666669,276.37173,1.0,-0.9876883405951375,0.1564344650402309,3,D3,3.0,1.0,1.0,1.0,1.0,91.0,nonburnable_or_other,7299.0,25.0,25.0,0.0,2905.0,25.0,0.0
fire_00061,Dunnigan Fire,2016-07-15,2016,7,38.8866,-122.04726,84.0,4.442651256490317,C,Small,93.59857142857146,58.34428571428574,2.3657142857142857,3.0142857142857147,20.842857142857145,0.0,62.142857142857146,49.285714285714285,10.485714285714284,9.98,89.15217,1.0,0.3583679495453004,0.9335804264972016,2,D2,2.0,1.0,1.0,1.0,0.0,102.0,grass,7129.0,331.0,304.0,0.0,2129.0,123.0,0.0
fire_00062,Onyx Fire,2016-07-13,2016,7,35.68313,-118.21793,221.0,5.402677381872279,D,Medium,91.36142857142862,61.40428571428572,2.524285714285714,5.457142857142856,14.771428571428572,0.0,87.71428571428571,88.42857142857143,5.728571428571428,6.883333333333332,892.68823,12.0,0.9510565162951536,0.3090169943749474,4,D4,4.0,1.0,1.0,1.0,1.0,91.0,nonburnable_or_other,7296.0,22.0,22.0,0.0,2902.0,22.0,0.0
fire_00063,Sherwood Fire,2016-07-13,2016,7,36.92244,-119.39619,78.0,4.3694478524670215,C,Small,90.1785714285714,60.247142857143025,2.0742857142857143,3.628571428571429,24.87142857142857,0.0,74.14285714285714,61.285714285714285,7.828571428571429,8.913333333333332,546.24445,6.0,0.754709580222772,0.6560590289905073,3,D3,3.0,1.0,1.0,1.0,1.0,144.0,shrub,7114.0,139.0,123.0,35.0,2114.0,103.0,1.0
fire_00064,Famoso Fire,2016-07-15,2016,7,35.60748,-118.94811,138.0,4.934473933130692,D,Medium,94.85857142857144,65.44142857142866,2.8,4.142857142857143,19.37142857142857,0.0,84.42857142857143,73.14285714285714,6.385714285714284,6.740000000000001,381.13284,1.0,0.1908089953765451,-0.981627183447664,4,D4,4.0,1.0,1.0,1.0,1.0,122.0,grass_shrub,9337.0,229.0,211.0,0.0,2270.0,112.0,0.0
fire_00065,Green Fire,2016-07-15,2016,7,37.0099,-119.5792,123.0,4.820281565605037,D,Medium,93.57285714285715,60.01571428571424,2.3685714285714283,3.542857142857143,22.32857142857143,0.0,70.0,57.85714285714285,9.014285714285716,9.203333333333337,349.0719,7.0,-0.4067366430758001,-0.913545457642601,3,D3,3.0,1.0,1.0,1.0,1.0,102.0,grass,9337.0,222.0,216.0,0.0,2114.0,102.0,0.0
fire_00066,Feather Fire,2016-07-18,2016,7,32.9612,-116.7945,100.0,4.61512051684126,D,Medium,90.3071428571428,57.264285714285805,1.88,2.457142857142857,25.285714285714285,0.0,57.57142857142857,42.42857142857143,10.771428571428572,11.203333333333337,642.395,4.0,0.3746065934159119,0.9271838545667874,3,D3,3.0,1.0,1.0,1.0,1.0,102.0,grass,7110.0,230.0,219.0,0.0,2129.0,125.0,0.0
fire_00067,Foothill Fire,2016-07-19,2016,7,39.0863,-122.7891,69.0,4.248495242049359,C,Small,93.65,52.5071428571429,2.3300000000000005,4.1,19.800000000000004,0.0,62.0,56.57142857142857,9.428571428571429,11.076666666666664,422.95218,9.0,-0.0348994967025007,-0.9993908270190958,1,D1,1.0,1.0,1.0,0.0,0.0,91.0,nonburnable_or_other,7297.0,23.0,23.0,0.0,2903.0,23.0,0.0
fire_00068,Bailey Fire,2016-07-19,2016,7,41.96191,-122.59328,26.0,3.295836866004329,C,Small,86.65571428571425,51.89000000000002,1.7671428571428571,2.8000000000000003,24.82857142857143,4.800000000000001,64.42857142857143,48.71428571428572,8.985714285714286,10.153333333333336,816.9119,7.0,-0.90630778703665,-0.4226182617406993,0,D0,0.0,1.0,0.0,0.0,0.0,91.0,nonburnable_or_other,7299.0,25.0,25.0,0.0,2905.0,25.0,0.0
fire_00069,Goose Fire,2016-07-30,2016,7,37.01591,-119.50507,2241.0,7.715123603632105,F,Large,104.24428571428574,71.04714285714303,3.967142857142857,2.5285714285714285,12.171428571428567,0.0,87.0,62.57142857142857,5.057142857142857,7.5166666666666675,402.28165,9.0,-0.2249510543438652,-0.9743700647852352,3,D3,3.0,1.0,1.0,1.0,1.0,165.0,timber_understory,7114.0,140.0,124.0,45.0,2114.0,104.0,1.0
fire_00070,Baker Fire,2016-07-21,2016,7,37.98171,-120.64241,57.0,4.060443010546419,C,Small,93.47000000000006,60.915714285714344,2.49,2.242857142857143,19.22857142857143,0.0,70.57142857142857,49.142857142857146,8.042857142857143,9.45333333333333,333.08505,11.0,-0.6018150231520483,-0.7986355100472928,3,D3,3.0,1.0,1.0,1.0,1.0,162.0,timber_understory,9302.0,125.0,118.0,35.0,2271.0,103.0,1.0
fire_00071,Oak Fire,2016-07-22,2016,7,38.33475,-122.02564,57.0,4.060443010546419,C,Small,90.59000000000002,55.798571428571464,2.041428571428572,5.671428571428571,22.65714285714285,0.0,65.85714285714286,66.42857142857143,9.242857142857142,9.056666666666668,82.005394,5.0,-0.4383711467890775,0.8987940462991669,1,D1,1.0,1.0,1.0,0.0,0.0,91.0,nonburnable_or_other,7299.0,25.0,25.0,0.0,2905.0,25.0,0.0
fire_00072,Roblar Fire,2016-07-21,2016,7,33.393,-117.35093,1245.0,7.127693699347399,F,Large,84.72714285714287,62.84428571428574,1.5285714285714285,2.585714285714286,34.05714285714286,0.0,48.0,37.0,11.742857142857142,13.226666666666668,294.49182,4.0,0.4539904997395468,0.8910065241883678,3,D3,3.0,1.0,1.0,1.0,1.0,142.0,shrub,7110.0,239.0,226.0,0.0,2110.0,113.0,0.0
fire_00073,Table Fire,2016-07-21,2016,7,41.71847,-122.36924,23.0,3.1780538303479458,C,Small,86.73285714285723,52.32714285714286,1.7642857142857142,2.7142857142857144,24.58571428571429,6.4,58.42857142857143,39.0,9.3,11.25,865.1607,4.0,0.6018150231520479,-0.798635510047293,0,D0,0.0,1.0,0.0,0.0,0.0,102.0,grass,9301.0,340.0,303.0,0.0,2270.0,124.0,0.0
fire_00074,Bradley Fire,2016-07-22,2016,7,35.85093,-120.81081,100.0,4.61512051684126,D,Medium,96.71000000000008,53.51000000000008,2.7028571428571424,3.185714285714286,13.171428571428573,0.0,67.0,55.0,9.571428571428571,9.073333333333332,255.40294,5.0,-0.1564344650402308,0.9876883405951378,4,D4,4.0,1.0,1.0,1.0,1.0,122.0,grass_shrub,9337.0,249.0,226.0,0.0,2270.0,114.0,0.0
fire_00075,Soberanes Fire,2016-07-22,2016,7,36.45994,-121.89938,132127.0,11.791526428685817,G,Extreme,69.8642857142858,54.487142857142736,0.8342857142857143,4.7,42.18571428571428,0.0,51.142857142857146,46.42857142857143,11.257142857142856,11.74333333333333,337.9066,11.0,0.0871557427476578,-0.9961946980917455,1,D1,1.0,1.0,1.0,0.0,0.0,185.0,timber_litter,7105.0,239.0,215.0,55.0,2015.0,105.0,1.0
fire_00076,Holy Fire,2016-08-31,2016,8,33.6542,-117.5221,150.0,5.017279836814924,D,Medium,85.98714285714304,68.29571428571438,1.9,2.7142857142857144,31.885714285714283,0.0,69.14285714285714,50.285714285714285,9.085714285714287,8.21,646.8099,13.0,0.8746197071393959,-0.4848096202463369,3,D3,3.0,1.0,1.0,1.0,1.0,121.0,grass_shrub,7110.0,355.0,303.0,0.0,2110.0,115.0,0.0
fire_00077,Ken Fire,2016-09-03,2016,9,34.25858,-117.4415,20.0,3.044522437723423,C,Small,88.35285714285718,62.43285714285722,2.474285714285714,2.5428571428571423,14.914285714285713,0.9,84.14285714285714,60.42857142857143,6.557142857142858,6.536666666666666,919.3568,15.0,-0.544639035015027,-0.8386705679454242,3,D3,3.0,1.0,1.0,1.0,1.0,145.0,shrub,7110.0,240.0,213.0,0.0,2110.0,114.0,0.0
fire_00078,Saddle Fire,2016-09-05,2016,9,39.6871,-121.571,800.0,6.68586094706836,E,Medium,87.2214285714287,60.71000000000008,2.1785714285714284,2.985714285714286,19.985714285714288,0.0,83.71428571428571,62.57142857142857,6.5857142857142845,6.470000000000001,326.43216,4.0,-0.4226182617406993,0.90630778703665,1,D1,1.0,1.0,1.0,0.0,0.0,102.0,grass,9301.0,339.0,303.0,0.0,2270.0,123.0,0.0
fire_00079,Ruff Fire ,2016-09-10,2016,9,39.7299,-123.5044,50.0,3.9318256327243257,C,Small,80.43285714285722,45.77000000000006,1.4928571428571429,7.814285714285715,17.971428571428568,0.0,62.85714285714285,80.28571428571429,10.94285714285714,9.21,486.13672,5.0,-0.0523359562429443,-0.9986295347545738,0,D0,0.0,1.0,0.0,0.0,0.0,183.0,timber_litter,9129.0,136.0,117.0,35.0,2152.0,103.0,1.0
fire_00080,Spring Fire,2016-09-07,2016,9,34.3183,-117.3189,50.0,3.9318256327243257,C,Small,85.49857142857157,58.4214285714286,2.32,3.542857142857143,11.842857142857143,0.0,88.85714285714286,72.71428571428571,5.571428571428571,6.05,972.85754,2.0,-0.6819983600624984,0.7313537016191706,3,D3,3.0,1.0,1.0,1.0,1.0,122.0,grass_shrub,7082.0,226.0,208.0,0.0,2082.0,112.0,0.0
fire_00081,Phoenix Fire,2016-09-07,2016,9,39.39051,-120.51887,38.0,3.6635616461296463,C,Small,65.31285714285715,43.66142857142862,1.002857142857143,3.157142857142857,22.928571428571427,0.8,79.57142857142857,60.85714285714285,7.1571428571428575,6.783333333333333,2203.6682,11.0,-0.5150380749100543,0.8571673007021123,1,D1,1.0,1.0,1.0,0.0,0.0,99.0,nonburnable_or_other,9213.0,100.0,100.0,0.0,2002.0,100.0,0.0
fire_00082,Lake Fire,2016-09-10,2016,9,40.68192,-122.4096,75.0,4.330733340286331,C,Small,91.43857142857138,64.10428571428572,2.787142857142857,3.042857142857143,13.05714285714286,0.0,90.71428571428572,69.42857142857143,5.342857142857143,5.853333333333333,265.25333,3.0,-0.7193398003386513,0.6946583704589971,0,D0,0.0,1.0,0.0,0.0,0.0,145.0,shrub,7105.0,251.0,218.0,0.0,2105.0,115.0,0.0
fire_00083,Storksbill Fire,2016-07-22,2016,7,38.79549,-121.00299,50.0,3.9318256327243257,C,Small,91.05285714285718,57.804285714285825,2.3114285714285714,2.957142857142857,19.842857142857145,0.0,75.28571428571429,57.142857142857146,7.242857142857142,8.649999999999999,421.5281,6.0,-0.1736481776669303,0.984807753012208,1,D1,1.0,1.0,1.0,0.0,0.0,144.0,shrub,7114.0,131.0,135.0,35.0,2114.0,103.0,1.0
fire_00084,Rock Fire,2016-07-22,2016,7,33.00056,-116.9571,28.0,3.367295829986474,C,Small,91.67000000000006,62.150000000000105,1.9157142857142857,2.585714285714286,29.31428571428572,0.0,47.0,35.42857142857143,12.285714285714286,13.456666666666669,589.1442,7.0,0.6427876096865394,0.766044443118978,3,D3,3.0,1.0,1.0,1.0,1.0,91.0,nonburnable_or_other,7296.0,22.0,22.0,0.0,2902.0,22.0,0.0
fire_00085,Franklin Fire,2016-07-24,2016,7,38.01264,-122.1885,40.0,3.713572066704308,C,Small,82.54142857142855,55.3357142857143,1.4528571428571428,4.257142857142858,28.542857142857137,0.0,54.285714285714285,50.142857142857146,11.285714285714286,11.47,191.63138,2.0,0.5877852522924729,-0.8090169943749476,1,D1,1.0,1.0,1.0,0.0,0.0,102.0,grass,9301.0,353.0,304.0,0.0,2270.0,125.0,0.0
fire_00086,Fork Fire,2016-07-29,2016,7,37.24006,-119.4741,38.0,3.6635616461296463,C,Small,98.89571428571428,66.85571428571426,3.3628571428571425,2.071428571428572,11.885714285714286,0.0,88.57142857142857,59.285714285714285,4.799999999999999,7.333333333333333,1052.0995,20.0,-0.0348994967025007,-0.9993908270190958,4,D4,4.0,1.0,1.0,1.0,1.0,122.0,grass_shrub,7105.0,241.0,221.0,45.0,2030.0,103.0,1.0
fire_00087,Frymire Fire,2016-07-30,2016,7,37.81434,-120.69521,32.0,3.49650756146648,C,Small,103.19000000000003,65.69857142857146,3.688571428571428,3.4857142857142853,10.185714285714283,0.0,79.14285714285714,66.57142857142857,6.042857142857143,8.826666666666666,66.70743,0.0,0.1736481776669299,-0.984807753012208,3,D3,3.0,1.0,1.0,1.0,1.0,102.0,grass,7987.0,353.0,303.0,0.0,2967.0,125.0,0.0
fire_00088,Sierra Fire,2016-07-30,2016,7,37.41896,-121.79669,114.0,4.74493212836325,D,Medium,94.34428571428563,72.02428571428568,3.1,3.357142857142857,13.085714285714284,0.0,77.85714285714286,63.57142857142857,5.871428571428572,9.103333333333332,557.3917,3.0,-0.1908089953765446,-0.981627183447664,2,D2,2.0,1.0,1.0,1.0,0.0,102.0,grass,9301.0,344.0,304.0,0.0,2270.0,124.0,0.0
fire_00089,Gopher Fire,2016-08-10,2016,8,33.22558,-117.14547,35.0,3.58351893845611,C,Small,84.54714285714303,63.41000000000008,1.1357142857142857,2.6,46.84285714285715,0.0,42.57142857142857,32.285714285714285,14.414285714285713,13.15,184.24078,3.0,0.9455185755993168,-0.3255681544571567,3,D3,3.0,1.0,1.0,1.0,1.0,91.0,nonburnable_or_other,7299.0,25.0,25.0,0.0,2905.0,25.0,0.0
fire_00090,Baker Fire,2016-08-03,2016,8,40.19611,-122.26736,80.0,4.394449154672439,C,Small,103.65285714285729,68.03857142857137,3.5814285714285714,2.657142857142857,16.499999999999996,0.0,81.57142857142857,55.0,5.971428571428571,7.56,120.728905,1.0,-0.5150380749100543,0.8571673007021123,1,D1,1.0,1.0,1.0,0.0,0.0,145.0,shrub,9301.0,341.0,303.0,0.0,2105.0,114.0,0.0
fire_00091,99 Fire,2016-08-02,2016,8,39.6708,-121.7192,520.0,6.255750041753367,E,Medium,101.21000000000008,66.11000000000008,3.1614285714285706,1.9142857142857144,18.77142857142857,0.0,75.85714285714286,49.42857142857143,6.5,9.496666666666666,76.014854,3.0,-0.8987940462991669,-0.4383711467890774,1,D1,1.0,1.0,1.0,0.0,0.0,102.0,grass,9301.0,326.0,304.0,0.0,2270.0,112.0,0.0
fire_00092,Cold Fire,2016-08-02,2016,8,38.52513,-122.06788,5731.0,8.653819788948063,G,Extreme,100.77285714285735,61.55857142857154,3.2642857142857147,3.7285714285714286,13.928571428571429,0.0,76.28571428571429,65.71428571428571,6.514285714285713,9.333333333333334,355.53497,15.0,-0.9945218953682732,0.1045284632676537,1,D1,1.0,1.0,1.0,0.0,0.0,144.0,shrub,9301.0,333.0,303.0,0.0,2105.0,112.0,0.0
fire_00093,Hart Fire,2016-08-04,2016,8,35.24504,-118.60344,100.0,4.61512051684126,D,Medium,97.17285714285714,68.65571428571447,3.3185714285714285,3.628571428571429,13.542857142857144,0.0,92.57142857142856,75.71428571428571,5.128571428571429,5.946666666666668,846.84326,8.0,0.5150380749100542,0.8571673007021123,4,D4,4.0,1.0,1.0,1.0,1.0,163.0,timber_understory,9302.0,139.0,124.0,35.0,2271.0,103.0,1.0
fire_00094,Grub Fire,2016-08-04,2016,8,37.3228,-119.7738,85.0,4.454347296253507,C,Small,102.54714285714303,69.94142857142856,3.608571428571429,2.028571428571429,14.185714285714283,0.0,86.14285714285714,57.42857142857143,5.314285714285714,7.716666666666666,719.8018,7.0,-0.8910065241883679,-0.4539904997395466,3,D3,3.0,1.0,1.0,1.0,1.0,102.0,grass,9301.0,347.0,304.0,0.0,2270.0,124.0,0.0
fire_00095,Deer Fire,2016-08-05,2016,8,38.2581,-120.8657,26.0,3.295836866004329,C,Small,98.4071428571429,61.84142857142856,2.887142857142857,2.185714285714285,16.942857142857143,0.0,80.28571428571429,54.85714285714285,6.371428571428572,8.383333333333335,171.2974,3.0,-0.8191520442889918,-0.5735764363510462,2,D2,2.0,1.0,1.0,1.0,0.0,102.0,grass,9301.0,348.0,304.0,0.0,2270.0,124.0,0.0
fire_00096,Oak Fire,2016-08-12,2016,8,37.06531,-121.68577,25.0,3.258096538021482,C,Small,77.86142857142852,53.58714285714304,1.0614285714285714,3.3714285714285714,34.89999999999999,0.0,48.142857142857146,40.71428571428572,13.357142857142858,12.51666666666667,162.12675,1.0,-0.9271838545667872,0.3746065934159122,2,D2,2.0,1.0,1.0,1.0,0.0,186.0,timber_litter,7113.0,153.0,116.0,55.0,2113.0,105.0,1.0
fire_00097,Pilot Fire,2016-08-07,2016,8,34.28771,-117.27338,8110.0,9.000976444070345,G,Extreme,86.73285714285723,63.66714285714288,2.202857142857143,2.642857142857143,24.514285714285712,2.3,79.57142857142857,50.57142857142857,7.3428571428571425,5.870000000000002,1400.5885,17.0,0.9961946980917455,-0.0871557427476583,3,D3,3.0,1.0,1.0,1.0,1.0,122.0,grass_shrub,7110.0,231.0,223.0,25.0,2014.0,103.0,1.0
fire_00098,Kugelman Fire,2016-08-09,2016,8,36.09974,-120.51057,45.0,3.828641396489095,C,Small,95.1928571428571,57.36714285714288,2.891428571428572,2.471428571428571,10.942857142857145,0.0,88.0,63.142857142857146,5.814285714285714,6.829999999999998,538.51733,10.0,-0.6293203910498378,-0.7771459614569706,4,D4,4.0,1.0,1.0,1.0,1.0,103.0,grass,9301.0,333.0,303.0,0.0,2105.0,112.0,0.0
fire_00099,Knoxville Fire,2016-08-09,2016,8,38.68403,-122.26015,36.0,3.610917912644224,C,Small,90.38428571428587,55.15571428571426,2.0800000000000005,2.885714285714286,18.95714285714286,0.0,73.71428571428571,55.85714285714285,8.342857142857143,8.956666666666667,229.72583,8.0,-0.3746065934159123,-0.9271838545667872,1,D1,1.0,1.0,1.0,0.0,0.0,186.0,timber_litter,7131.0,336.0,303.0,45.0,2265.0,104.0,1.0
fire_00100,Mineral Fire,2016-08-08,2016,8,36.09974,-120.51057,7050.0,8.860924729719041,G,Extreme,95.81000000000009,57.65,2.9385714285714286,2.6,12.171428571428567,0.0,87.57142857142857,63.71428571428572,5.842857142857143,6.886666666666666,538.51733,10.0,-0.6293203910498378,-0.7771459614569706,4,D4,4.0,1.0,1.0,1.0,1.0,103.0,grass,9301.0,333.0,303.0,0.0,2105.0,112.0,0.0
fire_00101,Blue Cut Fire,2016-08-16,2016,8,34.30372,-117.49342,36274.0,10.498884077752388,G,Extreme,92.26142857142852,61.070000000000064,2.45,3.142857142857143,17.3,0.0,78.28571428571429,61.71428571428572,7.557142857142857,7.1866666666666665,1236.4216,1.0,-0.3907311284892738,0.9205048534524404,3,D3,3.0,1.0,1.0,1.0,1.0,122.0,grass_shrub,7110.0,239.0,219.0,25.0,2014.0,103.0,1.0
fire_00102,Mountain Fire,2016-08-09,2016,8,40.61213,-122.47091,35.0,3.58351893845611,C,Small,96.91571428571434,64.49000000000002,2.88,2.6000000000000005,18.557142857142853,0.0,82.14285714285714,57.42857142857143,6.514285714285713,7.14,260.34518,5.0,-0.2079116908177593,0.9781476007338056,0,D0,0.0,1.0,0.0,0.0,0.0,103.0,grass,7105.0,235.0,216.0,0.0,2105.0,115.0,0.0
fire_00103,Summit Fire,2016-08-12,2016,8,40.9878,-123.77832,21.0,3.091042453358316,C,Small,80.43285714285722,54.87285714285714,1.69,6.242857142857143,23.34285714285713,0.0,76.42857142857143,82.42857142857143,7.228571428571429,8.953333333333335,980.34467,22.0,-0.5000000000000004,-0.8660254037844385,0,D0,0.0,1.0,0.0,0.0,0.0,142.0,shrub,7043.0,180.0,128.0,85.0,2043.0,108.0,1.0
fire_00104,Chimney Fire,2016-08-13,2016,8,35.70595,-120.98316,46235.0,10.741513994414158,G,Extreme,91.49000000000002,45.46142857142862,2.1,3.1857142857142864,16.54285714285714,0.0,65.14285714285714,53.42857142857143,11.028571428571428,8.933333333333334,304.14804,5.0,-0.2923717047227366,0.9563047559630355,3,D3,3.0,1.0,1.0,1.0,1.0,102.0,grass,7113.0,130.0,108.0,0.0,2129.0,123.0,0.0
fire_00105,Clayton Fire,2016-08-13,2016,8,38.89741,-122.60664,3929.0,8.276394704863307,F,Large,91.56714285714298,54.5642857142857,2.224285714285714,2.342857142857143,17.571428571428573,0.0,67.85714285714286,48.71428571428572,9.400000000000002,9.68,421.30466,0.0,-0.9945218953682732,-0.1045284632676535,1,D1,1.0,1.0,1.0,0.0,0.0,102.0,grass,9301.0,339.0,303.0,0.0,2184.0,126.0,0.0
fire_00106,Cedar Fire,2016-08-16,2016,8,35.7506,-118.5678,29322.0,10.286127470002349,G,Extreme,82.69571428571427,55.82428571428568,2.1128571428571425,2.771428571428572,11.771428571428572,0.0,93.71428571428572,68.42857142857143,4.985714285714286,5.4099999999999975,1765.1586,16.0,-0.3746065934159123,-0.9271838545667872,4,D4,4.0,1.0,1.0,1.0,1.0,122.0,grass_shrub,7105.0,238.0,213.0,0.0,2029.0,105.0,0.0
fire_00107,Stafford Fire,2016-08-11,2016,8,40.4572,-124.05804,23.0,3.1780538303479458,C,Small,74.41571428571434,51.19571428571438,0.8714285714285713,5.128571428571428,43.98571428571428,0.0,45.57142857142857,46.71428571428572,13.385714285714286,13.393333333333333,41.395687,6.0,-0.9510565162951536,0.3090169943749475,0,D0,0.0,1.0,0.0,0.0,0.0,185.0,timber_litter,7015.0,167.0,113.0,65.0,2015.0,106.0,1.0
fire_00108,Boys Fire,2016-09-11,2016,9,38.558,-121.1309,40.0,3.713572066704308,C,Small,89.17571428571432,56.67285714285714,2.085714285714286,2.671428571428572,19.87142857142857,0.0,66.28571428571429,45.85714285714285,9.471428571428572,8.393333333333334,62.57406,0.0,-0.1908089953765446,-0.981627183447664,2,D2,2.0,1.0,1.0,1.0,0.0,102.0,grass,9301.0,339.0,303.0,0.0,2270.0,124.0,0.0
fire_00109,Sunny Fire,2016-09-03,2016,9,36.84479,-119.34487,158.0,5.068904202220232,D,Medium,94.37000000000006,63.5642857142857,2.678571428571428,2.0285714285714285,16.6,0.0,85.71428571428571,56.0,6.585714285714286,6.019999999999999,574.1556,6.0,0.9335804264972016,0.3583679495453002,3,D3,3.0,1.0,1.0,1.0,1.0,121.0,grass_shrub,9301.0,340.0,302.0,0.0,2220.0,114.0,0.0
fire_00110,Oak Fire,2016-09-01,2016,9,37.11831,-121.69784,25.0,3.258096538021482,C,Small,76.75571428571446,55.3357142857143,1.0971428571428572,3.4571428571428577,30.442857142857147,0.0,54.0,45.57142857142857,10.999999999999998,11.873333333333337,207.65726,8.0,0.6560590289905073,0.754709580222772,2,D2,2.0,1.0,1.0,1.0,0.0,121.0,grass_shrub,7914.0,17.0,17.0,0.0,2917.0,17.0,0.0
fire_00111,Beale Fire,2016-08-18,2016,8,36.16965,-121.38775,389.0,5.966146739123692,E,Medium,87.76142857142852,64.28428571428576,2.5528571428571425,2.242857142857143,13.500000000000002,0.0,92.28571428571428,62.285714285714285,5.528571428571429,5.193333333333332,1358.374,10.0,0.9563047559630352,-0.2923717047227371,3,D3,3.0,1.0,1.0,1.0,1.0,122.0,grass_shrub,7014.0,132.0,112.0,35.0,2014.0,103.0,1.0
fire_00112,Mina Fire,2016-08-30,2016,8,39.8748511,-123.4267011,36.0,3.610917912644224,C,Small,94.91000000000008,52.58428571428576,2.7842857142857147,3.742857142857143,8.328571428571427,0.0,87.42857142857143,75.14285714285714,5.128571428571429,7.909999999999999,551.7697,22.0,-0.2419218955996677,-0.9702957262759964,0,D0,0.0,1.0,0.0,0.0,0.0,122.0,grass_shrub,7029.0,149.0,120.0,45.0,2029.0,104.0,1.0
fire_00113,Havilah Fire,2016-08-28,2016,8,35.4976,-118.5097,304.0,5.720311776607412,E,Medium,85.75571428571426,57.44428571428584,2.0614285714285714,3.2857142857142856,17.842857142857145,0.0,88.85714285714286,68.71428571428571,6.1,5.523333333333334,1114.5634,13.0,0.8746197071393959,-0.4848096202463369,4,D4,4.0,1.0,1.0,1.0,1.0,122.0,grass_shrub,7105.0,325.0,308.0,0.0,2105.0,113.0,0.0
fire_00114,Gap Fire,2016-08-27,2016,8,41.851,-123.118,33867.0,10.430225894762168,G,Extreme,93.0071428571429,59.11571428571434,2.847142857142857,2.914285714285714,11.3,0.0,86.71428571428571,66.14285714285714,5.071428571428571,7.563333333333333,1026.5188,13.0,0.1908089953765451,-0.981627183447664,0,D0,0.0,1.0,0.0,0.0,0.0,165.0,timber_understory,7043.0,172.0,133.0,75.0,2043.0,107.0,1.0
fire_00115,Bird Fire,2016-08-20,2016,8,37.62215,-121.36665,147.0,4.997212273764115,D,Medium,96.27285714285713,58.26714285714288,2.702857142857144,2.742857142857143,15.04285714285714,0.0,72.57142857142857,54.85714285714285,7.9,8.826666666666666,78.560486,3.0,0.6946583704589973,0.7193398003386512,3,D3,3.0,1.0,1.0,1.0,1.0,122.0,grass_shrub,9337.0,215.0,208.0,0.0,2270.0,111.0,0.0
fire_00116,Tully Fire,2016-08-22,2016,8,41.28486,-123.82268,599.0,6.396929655216146,E,Medium,102.5214285714287,62.89571428571428,3.43,3.5857142857142854,16.985714285714288,0.0,75.57142857142857,63.285714285714285,6.514285714285714,9.403333333333332,149.73578,15.0,-0.838670567945424,-0.5446390350150271,0,D0,0.0,1.0,0.0,0.0,0.0,165.0,timber_understory,7043.0,178.0,129.0,75.0,2043.0,107.0,1.0
fire_00117,Willard Fire,2016-09-11,2016,9,40.3915,-120.7845,2575.0,7.853993087224244,F,Large,77.01285714285716,42.32428571428568,1.582857142857143,3.5857142857142854,12.571428571428571,0.0,84.28571428571429,69.71428571428571,7.014285714285714,6.213333333333335,1445.16,1.0,0.9876883405951375,-0.1564344650402311,1,D1,1.0,1.0,1.0,0.0,0.0,101.0,grass,9336.0,226.0,205.0,0.0,2282.0,114.0,0.0
fire_00118,Santos Fire,2016-08-26,2016,8,39.79547,-121.71662,88.0,4.48863636973214,C,Small,95.0642857142858,62.87000000000006,2.7342857142857144,2.2,18.257142857142856,0.0,83.71428571428571,56.285714285714285,6.457142857142857,6.863333333333332,439.5805,2.0,-0.3907311284892738,-0.9205048534524404,1,D1,1.0,1.0,1.0,0.0,0.0,184.0,timber_litter,7030.0,145.0,118.0,45.0,2030.0,104.0,1.0
fire_00119,Willow Fire,2016-08-28,2016,8,38.1874,-120.6381,450.0,6.111467339502679,E,Medium,90.35857142857144,60.2214285714287,2.231428571428572,2.685714285714286,20.81428571428572,0.0,78.0,56.57142857142857,7.542857142857144,7.426666666666668,406.3786,7.0,-0.0348994967025007,-0.9993908270190958,3,D3,3.0,1.0,1.0,1.0,1.0,91.0,nonburnable_or_other,7299.0,25.0,25.0,0.0,2905.0,25.0,0.0
fire_00120,Tule Fire,2016-08-22,2016,8,36.1648,-118.73906,395.0,5.981414211254481,E,Medium,91.56714285714298,63.89857142857146,2.8885714285714283,1.9714285714285715,8.757142857142856,0.0,98.0,64.14285714285714,4.2,5.013333333333334,1154.7098,32.0,-0.992546151641322,-0.1218693434051473,4,D4,4.0,1.0,1.0,1.0,1.0,99.0,nonburnable_or_other,9213.0,100.0,100.0,0.0,2002.0,100.0,0.0
fire_00121,Grade Fire,2016-08-24,2016,8,41.7813,-122.611,710.0,6.566672429803241,E,Medium,98.99857142857147,58.78142857142858,3.174285714285714,2.6,11.7,1.1,81.28571428571429,59.57142857142857,6.228571428571429,8.13,854.2727,15.0,-0.7986355100472929,0.6018150231520482,0,D0,0.0,1.0,0.0,0.0,0.0,188.0,timber_litter,7008.0,130.0,107.0,45.0,2027.0,103.0,1.0
fire_00122,Howard Fire,2016-09-11,2016,9,41.4657,-120.9066,380.0,5.942799375126701,E,Medium,77.78428571428586,39.23857142857158,1.4528571428571428,3.1000000000000005,16.77142857142857,1.0,64.14285714285714,52.42857142857143,11.5,8.323333333333334,1447.242,8.0,-1.0,1.2246467991473532e-16,1,D1,1.0,1.0,1.0,0.0,0.0,101.0,grass,7126.0,218.0,206.0,0.0,2126.0,111.0,0.0
fire_00123,Range Fire,2016-08-26,2016,8,35.2013,-118.7212,600.0,6.398594934535208,E,Medium,93.34142857142857,67.13857142857138,2.891428571428571,3.128571428571429,14.328571428571427,0.0,96.85714285714286,73.0,4.642857142857143,4.8133333333333335,521.806,24.0,0.8987940462991668,-0.4383711467890778,4,D4,4.0,1.0,1.0,1.0,1.0,121.0,grass_shrub,9301.0,326.0,304.0,0.0,2270.0,122.0,0.0
fire_00124,Mockingbird Fire,2016-08-30,2016,8,39.1408865,-122.9148951,20.0,3.044522437723423,C,Small,89.58714285714305,51.11857142857152,2.105714285714286,3.142857142857143,14.400000000000002,0.0,72.28571428571429,57.85714285714285,8.028571428571427,9.2,425.55844,3.0,0.2419218955996676,0.9702957262759964,1,D1,1.0,1.0,1.0,0.0,0.0,122.0,grass_shrub,7662.0,342.0,304.0,0.0,2662.0,124.0,0.0
fire_00125,Moffett Fire,2016-09-12,2016,9,41.6314,-122.7933,32.0,3.49650756146648,C,Small,81.97571428571432,48.34142857142856,1.7257142857142858,3.128571428571429,14.428571428571429,0.0,73.85714285714286,59.0,9.014285714285716,7.396666666666666,925.9942,12.0,-0.8480480961564261,-0.5299192642332048,0,D0,0.0,1.0,0.0,0.0,0.0,145.0,shrub,7105.0,244.0,219.0,0.0,2105.0,114.0,0.0
fire_00126,Old Fire,2016-09-16,2016,9,39.8851,-121.6998,30.0,3.4339872044851463,C,Small,83.67285714285704,57.0071428571429,2.144285714285714,2.7,16.97142857142857,0.3,87.42857142857143,63.142857142857146,6.07142857142857,5.859999999999999,403.92993,16.0,-0.4694715627858909,0.8829475928589269,1,D1,1.0,1.0,1.0,0.0,0.0,101.0,grass,7029.0,145.0,138.0,35.0,2029.0,104.0,1.0
fire_00127,Hog Fire,2016-09-13,2016,9,40.30594,-122.1295,321.0,5.7745515455444085,E,Medium,94.06142857142852,60.06714285714288,2.8171428571428576,3.3285714285714287,12.72857142857143,0.0,83.14285714285714,63.71428571428572,6.128571428571428,6.916666666666667,183.51744,3.0,0.9510565162951536,-0.3090169943749477,1,D1,1.0,1.0,1.0,0.0,0.0,145.0,shrub,9301.0,337.0,303.0,0.0,2105.0,114.0,0.0
fire_00128,Old Fire,2016-09-13,2016,9,37.75972,-120.029626,150.0,5.017279836814924,D,Medium,84.83000000000004,50.75857142857144,1.9257142857142853,2.4285714285714284,14.385714285714286,0.0,84.71428571428571,59.285714285714285,6.714285714285715,6.093333333333335,976.1134,13.0,-0.4067366430758001,-0.913545457642601,3,D3,3.0,1.0,1.0,1.0,1.0,122.0,grass_shrub,7029.0,155.0,121.0,55.0,2029.0,105.0,1.0
fire_00129,Auburn Fire,2016-09-17,2016,9,39.20427,-121.05948,47.0,3.871201010907891,C,Small,78.6071428571429,49.91000000000008,1.5685714285714285,2.3000000000000003,23.942857142857147,0.0,67.0,40.42857142857143,10.085714285714287,7.200000000000001,770.5447,4.0,0.3583679495453004,-0.9335804264972016,1,D1,1.0,1.0,1.0,0.0,0.0,91.0,nonburnable_or_other,7299.0,25.0,25.0,0.0,2905.0,25.0,0.0
fire_00130,Owens River Fire,2016-09-17,2016,9,37.75985,-118.95309,5443.0,8.602269363771356,G,Extreme,68.16714285714288,38.18428571428566,1.134285714285714,2.214285714285714,18.085714285714285,1.6,78.57142857142857,53.285714285714285,7.7857142857142865,6.863333333333333,2349.369,7.0,-0.6156614753256583,0.788010753606722,4,D4,4.0,1.0,1.0,1.0,1.0,165.0,timber_understory,7031.0,141.0,118.0,45.0,2031.0,104.0,1.0
fire_00131,Soup Complex,2016-09-17,2016,9,41.2649,-120.3178,2652.0,7.88344635413774,F,Large,72.48714285714304,36.25571428571446,1.3071428571428572,3.4,13.757142857142858,0.0,79.28571428571429,64.57142857142857,7.271428571428572,7.126666666666669,1683.2048,13.0,-0.754709580222772,0.6560590289905073,1,D1,1.0,1.0,1.0,0.0,0.0,189.0,timber_litter,7027.0,142.0,123.0,45.0,2027.0,104.0,1.0
fire_00132,Canyon Fire,2016-09-17,2016,9,34.63445,-120.54421,12518.0,9.435002769259665,G,Extreme,67.57571428571421,52.429999999999936,0.4714285714285714,3.071428571428572,56.6,0.0,26.857142857142858,27.0,17.914285714285715,17.6,195.50023,7.0,0.6427876096865394,0.766044443118978,4,D4,4.0,1.0,1.0,1.0,1.0,123.0,grass_shrub,7113.0,148.0,134.0,45.0,2113.0,104.0,1.0
fire_00133,Washington Fire,2016-09-22,2016,9,34.75134,-120.55297,215.0,5.375278407684165,D,Medium,71.25285714285718,52.01857142857152,0.5485714285714286,4.142857142857143,48.6,0.0,28.285714285714285,28.571428571428573,17.285714285714285,17.6,128.92786,2.0,0.3583679495453004,-0.9335804264972016,4,D4,4.0,1.0,1.0,1.0,1.0,122.0,grass_shrub,7110.0,223.0,223.0,0.0,2110.0,112.0,0.0
fire_00134,Bangor Fire,2016-09-22,2016,9,39.4403,-121.42647,130.0,4.875197323201151,D,Medium,90.10142857142864,60.298571428571464,2.561428571428572,2.5428571428571423,14.028571428571428,0.0,79.85714285714286,58.0,7.214285714285714,6.906666666666666,265.82452,9.0,-0.0523359562429443,-0.9986295347545738,1,D1,1.0,1.0,1.0,0.0,0.0,163.0,timber_understory,9302.0,142.0,124.0,45.0,2271.0,104.0,1.0
fire_00135,Butte Fire,2016-09-20,2016,9,39.188321,-121.78003,300.0,5.707110264748875,E,Medium,88.61000000000008,55.54142857142856,2.232857142857143,1.7142857142857142,17.32857142857143,0.0,71.28571428571429,42.71428571428572,8.757142857142858,7.669999999999999,75.95132,6.0,-0.4539904997395469,-0.8910065241883678,1,D1,1.0,1.0,1.0,0.0,0.0,102.0,grass,9301.0,347.0,303.0,0.0,2270.0,124.0,0.0
fire_00136,Bell Fire,2016-09-23,2016,9,38.5212,-120.8416,45.0,3.828641396489095,C,Small,85.08714285714305,56.724285714285784,2.128571428571429,2.614285714285714,17.385714285714286,0.0,71.71428571428571,52.71428571428572,8.171428571428573,8.086666666666668,366.6819,6.0,0.2249510543438649,-0.9743700647852352,2,D2,2.0,1.0,1.0,1.0,0.0,144.0,shrub,7114.0,132.0,111.0,35.0,2114.0,103.0,1.0
fire_00137,Marshes Fire,2016-09-26,2016,9,37.79635,-120.32484,1080.0,6.985641817639208,F,Large,83.90428571428582,52.43000000000014,1.9714285714285715,3.7714285714285714,17.12857142857143,0.0,76.71428571428571,64.85714285714286,7.928571428571428,7.150000000000002,636.89886,7.0,-0.8571673007021123,-0.5150380749100542,3,D3,3.0,1.0,1.0,1.0,1.0,165.0,timber_understory,7114.0,140.0,109.0,45.0,2114.0,104.0,1.0
fire_00138,Newmark Fire,2016-09-23,2016,9,36.6543,-119.5327,70.0,4.262679877041316,C,Small,92.00428571428561,58.49857142857146,2.591428571428572,2.7285714285714286,15.971428571428572,0.0,76.28571428571429,56.85714285714285,8.085714285714285,6.883333333333332,107.33227,0.0,0.6156614753256583,0.788010753606722,3,D3,3.0,1.0,1.0,1.0,1.0,93.0,nonburnable_or_other,7981.0,61.0,61.0,0.0,2961.0,61.0,0.0
fire_00139,Cow Fire,2016-09-25,2016,9,40.0,-121.93923,100.0,4.61512051684126,D,Medium,88.14714285714302,57.16142857142862,2.2971428571428576,4.385714285714286,16.528571428571432,0.0,81.42857142857143,73.28571428571429,6.814285714285715,6.926666666666668,231.23735,9.0,-0.1908089953765446,-0.981627183447664,1,D1,1.0,1.0,1.0,0.0,0.0,101.0,grass,9301.0,355.0,303.0,0.0,2270.0,123.0,0.0
fire_00140,Sawmill Fire,2016-09-25,2016,9,38.80017,-122.82895,1547.0,7.344719054149673,F,Large,80.25285714285728,57.34142857142856,1.782857142857143,5.785714285714285,22.485714285714288,0.0,79.14285714285714,81.42857142857143,7.485714285714287,6.609999999999999,632.1133,13.0,0.9876883405951378,0.1564344650402308,1,D1,1.0,1.0,1.0,0.0,0.0,91.0,nonburnable_or_other,7299.0,25.0,25.0,0.0,2905.0,25.0,0.0
fire_00141,Tobin Fire,2016-09-26,2016,9,39.92,-121.32,248.0,5.517452896464707,D,Medium,75.75285714285718,52.01857142857152,1.7014285714285715,5.614285714285714,18.21428571428571,0.6,84.85714285714286,86.42857142857143,6.471428571428571,5.959999999999999,691.5591,15.0,-0.8090169943749473,0.5877852522924732,1,D1,1.0,1.0,1.0,0.0,0.0,102.0,grass,7105.0,232.0,208.0,25.0,2029.0,103.0,1.0
fire_00142,Loma Fire,2016-09-26,2016,9,37.10632,-121.85318,4474.0,8.406261630708956,F,Large,76.26714285714299,57.62428571428578,1.637142857142857,4.071428571428571,23.642857142857142,1.4,76.42857142857143,65.57142857142857,7.257142857142857,7.343333333333334,955.2722,11.0,-0.0697564737441255,-0.9975640502598242,0,D0,0.0,1.0,0.0,0.0,0.0,162.0,timber_understory,7043.0,168.0,135.0,65.0,2043.0,106.0,1.0
fire_00143,Sacata Fire,2016-10-11,2016,10,36.94536,-119.25959,2100.0,7.650168700845001,F,Large,79.19857142857146,49.96142857142862,1.871428571428572,2.2285714285714286,11.785714285714285,0.0,76.71428571428571,53.42857142857143,8.314285714285713,7.176666666666666,607.5994,9.0,-0.838670567945424,-0.5446390350150271,3,D3,3.0,1.0,1.0,1.0,1.0,122.0,grass_shrub,9337.0,242.0,229.0,0.0,2270.0,114.0,0.0
fire_00144,Emerald Fire,2016-10-14,2016,10,38.93449,-120.10744,176.0,5.176149732573829,D,Medium,63.64142857142866,36.281428571428684,0.8728571428571428,3.0,18.67142857142857,11.1,61.42857142857143,48.142857142857146,9.471428571428572,9.626666666666669,2152.6396,21.0,0.1391731009600654,0.9902680687415704,2,D2,2.0,1.0,1.0,1.0,0.0,122.0,grass_shrub,7032.0,137.0,111.0,35.0,2032.0,103.0,1.0
fire_00145,Gopher Fire,2016-11-13,2016,11,33.254355,-117.158475,28.0,3.367295829986474,C,Small,85.75571428571426,59.24428571428574,2.031428571428572,2.657142857142857,18.04285714285714,2.0,54.42857142857143,40.57142857142857,9.042857142857144,13.653333333333334,174.46751,4.0,6.123233995736766e-17,1.0,3,D3,3.0,1.0,1.0,1.0,1.0,185.0,timber_litter,7980.0,148.0,116.0,45.0,2960.0,104.0,1.0
fire_00146,Marek Fire,2016-11-14,2016,11,34.31,-118.335,4824.0,8.481566013773087,F,Large,81.97571428571422,64.9785714285715,2.398571428571429,2.2857142857142856,9.4,9.7,77.0,55.142857142857146,5.485714285714286,9.416666666666666,714.23694,14.0,0.7071067811865474,-0.7071067811865477,4,D4,4.0,1.0,1.0,1.0,1.0,122.0,grass_shrub,7110.0,240.0,220.0,55.0,2118.0,105.0,1.0
fire_00147,Jacobson Fire,2016-10-20,2016,10,36.217,-118.551,10.0,2.3978952727983707,C,Small,60.65857142857144,37.18142857142868,0.8714285714285713,3.3857142857142857,22.371428571428574,0.4,73.71428571428571,51.85714285714285,9.214285714285714,6.4366666666666665,2266.4565,11.0,0.0871557427476581,0.9961946980917455,4,D4,4.0,1.0,1.0,1.0,1.0,141.0,shrub,7098.0,225.0,204.0,0.0,2098.0,113.0,0.0
fire_00148,Meadow Fire,2016-10-29,2016,10,35.984,-118.551,4347.0,8.3774712482411,F,Large,67.98714285714304,39.72714285714286,0.942857142857143,3.4,23.071428571428573,6.800000000000001,62.85714285714285,40.71428571428572,10.514285714285714,7.569999999999999,1517.8163,11.0,-0.374606593415912,0.9271838545667874,4,D4,4.0,1.0,1.0,1.0,1.0,183.0,timber_litter,7027.0,134.0,112.0,25.0,2027.0,104.0,1.0
fire_00149, Bridge Fire,2017-10-31,2017,10,40.774,-122.309,37.0,3.6375861597263857,C,Small,86.03857142857137,51.4785714285714,1.9514285714285715,2.914285714285714,15.485714285714286,16.5,64.71428571428571,45.85714285714285,9.514285714285714,8.106666666666667,314.29718,3.0,-0.4539904997395467,0.8910065241883679,-1,,0.0,0.0,0.0,0.0,0.0,165.0,timber_understory,7030.0,150.0,120.0,55.0,2030.0,105.0,1.0
fire_00150,Grace Fire,2017-04-03,2017,4,40.48712,-121.85645,45.0,3.828641396489095,C,Small,62.2785714285714,39.1357142857144,0.7671428571428571,4.971428571428571,33.385714285714286,142.1,16.142857142857142,22.142857142857142,16.07142857142857,23.976666666666667,1058.5598,6.0,-0.9993908270190958,-0.0348994967025009,-1,,0.0,0.0,0.0,0.0,0.0,165.0,timber_understory,7027.0,152.0,120.0,55.0,2027.0,105.0,1.0
fire_00151,West Fire,2017-04-03,2017,4,41.16716,-120.58342,380.0,5.942799375126701,E,Medium,47.492857142857204,26.74142857142856,0.43,4.257142857142857,34.24285714285714,47.89999999999999,23.285714285714285,16.285714285714285,14.928571428571429,21.1,1925.3137,14.0,0.3583679495453004,-0.9335804264972016,-1,,0.0,0.0,0.0,0.0,0.0,122.0,grass_shrub,7017.0,134.0,116.0,35.0,2017.0,103.0,1.0
fire_00152,66 Fire,2017-04-13,2017,4,33.56777,-116.08003,15.0,2.772588722239781,C,Small,88.55857142857144,59.03857142857138,2.5685714285714285,3.942857142857143,10.171428571428573,0.0,82.42857142857143,71.71428571428571,5.671428571428571,8.926666666666668,-58.17272,0.0,-0.766044443118978,-0.6427876096865393,0,D0,0.0,1.0,0.0,0.0,0.0,122.0,grass_shrub,7087.0,224.0,205.0,0.0,2087.0,112.0,0.0
fire_00153,Jayne Fire,2017-04-20,2017,4,36.07228,-120.26561,4532.0,8.41913925094085,F,Large,70.07000000000006,46.23285714285722,0.6885714285714286,2.1142857142857143,43.42857142857142,35.4,27.285714285714285,14.285714285714286,15.685714285714283,18.17,295.949,6.0,0.848048096156426,0.5299192642332049,0,D0,0.0,1.0,0.0,0.0,0.0,99.0,nonburnable_or_other,9062.0,100.0,100.0,0.0,2002.0,100.0,0.0
fire_00154,Soledad Fire,2017-04-24,2017,4,36.44141,-121.34695,10.0,2.3978952727983707,C,Small,73.54142857142867,48.29000000000002,0.8014285714285714,3.8857142857142857,39.87142857142857,18.6,26.571428571428573,23.285714285714285,16.45714285714286,18.90333333333333,53.910484,0.0,-0.2923717047227371,-0.9563047559630352,-1,,0.0,0.0,0.0,0.0,0.0,93.0,nonburnable_or_other,7984.0,64.0,64.0,0.0,2964.0,64.0,0.0
fire_00155,El Dorado Fire,2017-04-28,2017,4,36.530836,-120.206592,750.0,6.621405651764134,E,Medium,79.12142857142871,49.70428571428572,1.2242857142857146,3.842857142857143,28.74285714285714,13.7,37.0,34.0,13.614285714285716,17.290000000000003,55.902218,0.0,0.6018150231520484,0.7986355100472928,-1,,0.0,0.0,0.0,0.0,0.0,102.0,grass,7980.0,110.0,102.0,15.0,2960.0,101.0,1.0
fire_00156,Tumey Fire,2017-04-29,2017,4,36.5355,-120.6585,126.0,4.844187086458591,D,Medium,71.87000000000016,52.71285714285716,1.08,4.6,31.74285714285714,20.5,44.85714285714285,43.57142857142857,11.1,15.076666666666666,685.4171,5.0,0.882947592858927,0.4694715627858908,0,D0,0.0,1.0,0.0,0.0,0.0,122.0,grass_shrub,9337.0,214.0,210.0,0.0,2270.0,111.0,0.0
fire_00157,Tower Fire,2017-04-30,2017,4,34.30104,-117.45646,150.0,5.017279836814924,D,Medium,70.48142857142858,49.267142857142986,1.1385714285714286,5.814285714285714,24.65714285714285,3.3,62.57142857142857,66.71428571428571,8.842857142857143,11.21,994.72797,12.0,-0.2923717047227371,-0.9563047559630352,0,D0,0.0,1.0,0.0,0.0,0.0,102.0,grass,7110.0,227.0,218.0,0.0,2129.0,125.0,0.0
fire_00158,Opera Fire,2017-04-30,2017,4,34.00566,-117.30693,1350.0,7.208600337960199,F,Large,78.91571428571434,55.56714285714298,1.4328571428571428,4.542857142857143,25.857142857142858,0.6,61.42857142857143,58.0,9.014285714285714,11.556666666666668,382.3518,11.0,0.984807753012208,-0.1736481776669304,0,D0,0.0,1.0,0.0,0.0,0.0,91.0,nonburnable_or_other,7299.0,25.0,25.0,0.0,2905.0,25.0,0.0
fire_00159,Jameson Fire,2017-04-30,2017,4,33.7866,-117.5048,12.0,2.5649493574615367,C,Small,77.7071428571429,54.77000000000006,1.467142857142857,4.014285714285714,24.32857142857143,1.1,64.28571428571429,57.0,8.4,11.293333333333331,347.5754,10.0,0.2756373558169991,0.9612616959383188,1,D1,1.0,1.0,1.0,0.0,0.0,122.0,grass_shrub,7092.0,228.0,209.0,0.0,2092.0,112.0,0.0
fire_00160,Fay Fire,2017-05-01,2017,5,35.71704,-118.30601,19.0,2.995732273553991,C,Small,67.49857142857147,45.3071428571428,0.9114285714285714,6.171428571428571,27.057142857142853,14.9,54.85714285714285,60.142857142857146,9.728571428571428,13.199999999999998,1084.2172,12.0,-0.9510565162951536,0.3090169943749475,-1,,0.0,0.0,0.0,0.0,0.0,144.0,shrub,7105.0,225.0,218.0,0.0,2105.0,112.0,0.0
fire_00161,Olive Fire,2017-05-02,2017,5,35.78286,-120.22647,130.0,4.875197323201151,D,Medium,79.27571428571432,45.15285714285718,1.262857142857143,2.9571428571428577,24.685714285714287,22.2,36.85714285714285,29.714285714285715,13.285714285714286,17.64333333333333,669.8857,8.0,-0.5000000000000004,-0.8660254037844385,0,D0,0.0,1.0,0.0,0.0,0.0,144.0,shrub,7105.0,222.0,211.0,0.0,2105.0,112.0,0.0
fire_00162,Shandon Fire,2017-05-07,2017,5,35.6879,-120.3317,12.0,2.5649493574615367,C,Small,85.0357142857144,48.85571428571426,1.474285714285714,2.771428571428572,28.142857142857142,21.6,39.42857142857143,34.142857142857146,13.242857142857144,17.639999999999997,348.58566,3.0,0.4539904997395466,-0.891006524188368,0,D0,0.0,1.0,0.0,0.0,0.0,99.0,nonburnable_or_other,9062.0,31.0,31.0,0.0,31.0,31.0,0.0
fire_00163,Sonoma Fire,2017-05-10,2017,5,36.45491,-120.2445,400.0,5.993961427306569,E,Medium,86.52714285714286,55.7214285714287,1.7185714285714282,2.257142857142857,28.571428571428577,7.1,47.0,33.857142857142854,11.542857142857144,15.25,78.74416,0.0,-0.0871557427476582,0.9961946980917455,-1,,0.0,0.0,0.0,0.0,0.0,93.0,nonburnable_or_other,7984.0,64.0,64.0,0.0,2964.0,64.0,0.0
fire_00164,Hub Fire,2017-05-12,2017,5,35.60001,-118.4683,31.0,3.4657359027997265,C,Small,74.00428571428583,49.8071428571429,0.9342857142857144,3.4428571428571426,36.871428571428574,8.799999999999999,46.42857142857143,30.714285714285715,11.757142857142858,13.063333333333333,800.1256,6.0,0.6156614753256585,-0.7880107536067218,-1,,0.0,0.0,0.0,0.0,0.0,91.0,nonburnable_or_other,7297.0,23.0,23.0,0.0,2903.0,23.0,0.0
fire_00165,Wright Fire,2017-05-12,2017,5,36.96655,-120.89261,1733.0,7.458186157340487,F,Large,76.91000000000008,54.10142857142864,0.97,3.128571428571429,40.44285714285714,7.8,41.71428571428572,35.142857142857146,13.242857142857144,15.933333333333332,104.52597,4.0,0.5299192642332049,0.8480480961564261,-1,,0.0,0.0,0.0,0.0,0.0,102.0,grass,9301.0,326.0,304.0,0.0,2270.0,124.0,0.0
fire_00166,Nacimiento Fire,2017-05-14,2017,5,35.77082,-120.92482,20.0,3.044522437723423,C,Small,74.67285714285714,45.35857142857144,1.0114285714285711,4.014285714285715,31.657142857142865,11.5,36.71428571428572,34.857142857142854,14.314285714285717,17.233333333333334,416.53085,4.0,-0.9271838545667872,0.3746065934159122,0,D0,0.0,1.0,0.0,0.0,0.0,102.0,grass,9301.0,342.0,303.0,0.0,2270.0,124.0,0.0
fire_00167,Canyon Fire,2017-05-14,2017,5,33.88466,-116.99229,17.0,2.8903717578961645,C,Small,68.60428571428582,45.20428571428572,0.6257142857142857,2.7857142857142856,44.885714285714286,8.7,46.0,36.71428571428572,15.1,11.316666666666666,697.3718,4.0,-0.3746065934159123,-0.9271838545667872,0,D0,0.0,1.0,0.0,0.0,0.0,121.0,grass_shrub,9337.0,233.0,209.0,0.0,2270.0,113.0,0.0
fire_00168,Feed Fire,2017-05-14,2017,5,35.05076,-118.90004,41.0,3.737669618283368,C,Small,78.45285714285718,54.35857142857144,1.2942857142857145,4.571428571428571,32.44285714285714,9.2,55.142857142857146,52.0,10.542857142857144,12.386666666666668,200.92897,1.0,0.9702957262759964,0.2419218955996677,0,D0,0.0,1.0,0.0,0.0,0.0,93.0,nonburnable_or_other,7984.0,64.0,64.0,0.0,2964.0,64.0,0.0
fire_00169,Arrow Fire,2017-05-15,2017,5,35.21177,-119.87525,225.0,5.420534999272286,D,Medium,72.4357142857144,46.00142857142854,0.8028571428571427,3.5857142857142854,40.22857142857144,24.200000000000003,34.285714285714285,34.714285714285715,15.957142857142856,17.49333333333333,594.5699,1.0,0.6819983600624985,0.7313537016191705,0,D0,0.0,1.0,0.0,0.0,0.0,98.0,nonburnable_or_other,7292.0,11.0,11.0,0.0,11.0,11.0,0.0
fire_00170,Bravo Fire,2017-05-15,2017,5,35.41283,-118.84466,288.0,5.666426688112432,D,Medium,79.22428571428568,56.184285714285764,1.258571428571429,3.8571428571428577,35.74285714285714,9.0,51.285714285714285,44.85714285714285,11.385714285714286,12.926666666666666,260.62164,2.0,0.9702957262759964,0.2419218955996677,-1,,0.0,0.0,0.0,0.0,0.0,91.0,nonburnable_or_other,7299.0,25.0,25.0,0.0,2905.0,25.0,0.0
fire_00171,Pine Fire,2017-05-16,2017,5,36.1727,-120.86682,18.0,2.9444389791664403,C,Small,73.43857142857138,42.684285714285764,0.9471428571428572,4.428571428571429,30.228571428571428,11.5,38.0,40.142857142857146,14.457142857142856,17.02333333333333,413.81558,6.0,-0.9396926207859084,-0.3420201433256686,0,D0,0.0,1.0,0.0,0.0,0.0,102.0,grass,9301.0,340.0,303.0,0.0,2270.0,124.0,0.0
fire_00172,Lonoak Fire,2017-05-17,2017,5,36.2771,-120.94328,17.0,2.8903717578961645,C,Small,72.07571428571433,43.40428571428572,0.8842857142857145,4.571428571428571,31.24285714285714,6.1000000000000005,39.0,42.285714285714285,14.285714285714288,16.85,269.36548,2.0,0.3907311284892735,-0.9205048534524404,0,D0,0.0,1.0,0.0,0.0,0.0,102.0,grass,9301.0,346.0,304.0,0.0,2270.0,124.0,0.0
fire_00173,41 Fire,2017-05-17,2017,5,36.90967,-119.79315,150.0,5.017279836814924,D,Medium,75.70142857142864,50.11571428571434,1.0914285714285714,3.728571428571428,32.542857142857144,0.0,42.0,37.142857142857146,12.87142857142857,15.78,114.99583,0.0,-0.9993908270190958,-0.0348994967025009,-1,,0.0,0.0,0.0,0.0,0.0,91.0,nonburnable_or_other,7299.0,25.0,25.0,0.0,2905.0,25.0,0.0
fire_00174,Camp Fire,2017-05-18,2017,5,35.34541,-120.76464,225.0,5.420534999272286,D,Medium,63.79571428571428,46.9785714285715,0.4042857142857143,4.771428571428571,54.971428571428575,14.8,30.714285714285715,36.285714285714285,16.67142857142857,17.540000000000003,56.615158,3.0,-0.4694715627858907,-0.882947592858927,0,D0,0.0,1.0,0.0,0.0,0.0,102.0,grass,9301.0,340.0,303.0,0.0,2270.0,125.0,0.0
fire_00175,Elm Fire,2017-05-18,2017,5,36.12089,-120.37116,10000.0,9.210440366976515,G,Extreme,75.5214285714285,46.36142857142862,1.09,3.428571428571428,29.28571428571429,7.7,43.42857142857143,37.142857142857146,12.77142857142857,15.413333333333336,212.3654,1.0,0.3907311284892737,0.9205048534524404,0,D0,0.0,1.0,0.0,0.0,0.0,122.0,grass_shrub,9337.0,220.0,209.0,0.0,2270.0,112.0,0.0
fire_00176,City Fire,2017-05-18,2017,5,35.983,-119.91508,20.0,3.044522437723423,C,Small,77.29571428571428,50.52714285714286,1.2971428571428572,3.7571428571428567,27.285714285714285,13.1,49.85714285714285,46.142857142857146,10.828571428571427,14.94,57.215977,0.0,0.3583679495453004,0.9335804264972016,-1,,0.0,0.0,0.0,0.0,0.0,122.0,grass_shrub,9337.0,221.0,209.0,0.0,2270.0,112.0,0.0
fire_00177,Moraga Fire,2017-05-18,2017,5,33.97155,-117.44148,14.0,2.70805020110221,C,Small,73.23285714285723,52.6357142857143,0.7628571428571428,3.771428571428572,43.88571428571429,6.0,44.57142857142857,40.142857142857146,14.7,11.409999999999998,230.50258,2.0,-0.9455185755993168,-0.3255681544571567,0,D0,0.0,1.0,0.0,0.0,0.0,91.0,nonburnable_or_other,7296.0,22.0,22.0,0.0,2902.0,22.0,0.0
fire_00178,Manning Fire,2017-05-19,2017,5,36.60736,-120.5828,70.0,4.262679877041316,C,Small,71.0214285714287,46.2071428571429,1.0571428571428572,5.0,27.557142857142853,0.9,58.285714285714285,59.142857142857146,9.785714285714286,12.196666666666667,170.48271,1.0,0.766044443118978,0.6427876096865393,0,D0,0.0,1.0,0.0,0.0,0.0,122.0,grass_shrub,9337.0,216.0,205.0,0.0,2270.0,111.0,0.0
fire_00179,Deluz Fire,2017-05-19,2017,5,33.3906,-117.32348,486.0,6.18826412308259,E,Medium,67.06142857142862,52.01857142857142,0.4828571428571427,3.7142857142857135,53.67142857142857,30.6,30.714285714285715,29.142857142857142,16.82857142857143,14.656666666666668,120.28564,3.0,-0.587785252292473,0.8090169943749475,0,D0,0.0,1.0,0.0,0.0,0.0,145.0,shrub,7110.0,249.0,227.0,0.0,2110.0,114.0,0.0
fire_00180,Gate Fire,2017-05-20,2017,5,32.65597,-116.80527,2056.0,7.629003889652957,F,Large,71.25285714285718,51.684285714285764,0.7357142857142858,3.6142857142857134,47.3,34.300000000000004,37.71428571428572,34.42857142857143,15.642857142857144,13.713333333333336,272.36514,4.0,-0.3255681544571566,-0.9455185755993168,0,D0,0.0,1.0,0.0,0.0,0.0,91.0,nonburnable_or_other,7299.0,25.0,25.0,0.0,2905.0,25.0,0.0
fire_00181,Rocky Fire,2017-05-20,2017,5,35.556667,-120.474,17.0,2.8903717578961645,C,Small,75.23857142857138,43.58428571428576,1.1642857142857144,3.8571428571428568,25.628571428571423,7.9,43.71428571428572,42.42857142857143,12.457142857142856,16.57,469.82312,6.0,-0.3907311284892738,-0.9205048534524404,0,D0,0.0,1.0,0.0,0.0,0.0,121.0,grass_shrub,9301.0,325.0,304.0,0.0,2270.0,122.0,0.0
fire_00182,Ming Fire,2017-05-20,2017,5,35.4605,-118.85896,506.0,6.228511003591184,E,Medium,78.53000000000014,54.41000000000008,1.4842857142857144,4.1000000000000005,26.528571428571432,2.1,54.42857142857143,49.0,10.357142857142856,12.593333333333335,299.50015,5.0,-0.9510565162951536,0.3090169943749475,-1,,0.0,0.0,0.0,0.0,0.0,102.0,grass,9301.0,325.0,304.0,0.0,2270.0,123.0,0.0
fire_00183,Moreno Fire,2017-05-23,2017,5,33.94673,-117.17773,10.0,2.3978952727983707,C,Small,81.5642857142858,54.1785714285715,1.7142857142857142,2.8428571428571425,26.485714285714284,2.4,53.85714285714285,42.285714285714285,11.285714285714286,10.919999999999998,555.19,2.0,-0.9876883405951378,-0.1564344650402307,0,D0,0.0,1.0,0.0,0.0,0.0,91.0,nonburnable_or_other,7299.0,25.0,25.0,0.0,2905.0,25.0,0.0
fire_00184,Wasioja Fire,2017-05-20,2017,5,34.9465,-119.8036,190.0,5.25227342804663,D,Medium,70.19857142857146,45.84714285714282,1.1071428571428572,4.571428571428571,27.014285714285712,9.1,53.57142857142857,51.285714285714285,10.542857142857144,13.106666666666666,748.73083,5.0,0.6691306063588582,0.7431448254773942,1,D1,1.0,1.0,1.0,0.0,0.0,101.0,grass,9301.0,334.0,303.0,0.0,2270.0,122.0,0.0
fire_00185,Ribbonwood Fire,2017-05-24,2017,5,32.679,-116.29296,25.0,3.258096538021482,C,Small,77.27000000000007,49.08714285714304,1.44,2.5285714285714285,24.042857142857144,32.0,50.57142857142857,37.71428571428572,11.842857142857142,11.666666666666668,1105.3489,3.0,-0.8290375725550416,0.5591929034707469,1,D1,1.0,1.0,1.0,0.0,0.0,91.0,nonburnable_or_other,7296.0,22.0,22.0,0.0,2902.0,22.0,0.0
fire_00186,Bitterwater Fire,2017-05-22,2017,5,36.35578,-120.99552,21.0,3.091042453358316,C,Small,81.59000000000002,44.58714285714274,1.6185714285714283,3.4857142857142853,19.82857142857143,1.2000000000000002,46.0,41.71428571428572,11.942857142857145,15.813333333333333,604.4264,2.0,0.3583679495453004,-0.9335804264972016,0,D0,0.0,1.0,0.0,0.0,0.0,102.0,grass,9301.0,347.0,304.0,0.0,2270.0,124.0,0.0
fire_00187,Smiley Fire,2017-05-21,2017,5,33.96419,-117.20507,35.0,3.58351893845611,C,Small,73.38714285714305,50.24428571428574,1.1657142857142857,3.457142857142857,34.8,4.5,50.57142857142857,43.0,12.72857142857143,10.7,721.5956,8.0,-0.9961946980917455,0.0871557427476582,0,D0,0.0,1.0,0.0,0.0,0.0,121.0,grass_shrub,9301.0,341.0,302.0,0.0,2092.0,112.0,0.0
fire_00188,Range Fire,2017-05-25,2017,5,33.34988,-117.39818,1000.0,6.90875477931522,F,Large,80.81857142857152,54.89857142857146,1.28,2.585714285714286,32.91428571428571,34.7,40.142857142857146,30.571428571428573,12.37142857142857,15.333333333333336,115.91171,3.0,0.559192903470747,-0.8290375725550416,0,D0,0.0,1.0,0.0,0.0,0.0,122.0,grass_shrub,7092.0,234.0,223.0,0.0,2092.0,113.0,0.0
fire_00189,Lamb Fire,2017-05-25,2017,5,33.88287,-116.99651,120.0,4.795790545596741,D,Medium,89.07285714285715,55.5928571428572,2.231428571428572,2.528571428571429,13.62857142857143,7.899999999999999,58.71428571428572,43.85714285714285,9.571428571428571,11.236666666666666,697.3718,4.0,-0.3746065934159123,-0.9271838545667872,0,D0,0.0,1.0,0.0,0.0,0.0,99.0,nonburnable_or_other,9246.0,31.0,31.0,0.0,31.0,31.0,0.0
fire_00190,Champagne Fire,2017-05-28,2017,5,34.87128,-118.35296,10.0,2.3978952727983707,C,Small,88.32714285714286,57.29000000000002,2.461428571428572,5.6571428571428575,13.171428571428573,1.7,81.42857142857143,84.0,5.557142857142858,8.51,787.63464,2.0,-0.90630778703665,0.4226182617406995,0,D0,0.0,1.0,0.0,0.0,0.0,102.0,grass,7087.0,220.0,205.0,0.0,2087.0,112.0,0.0
fire_00191,Rusty Fire,2017-05-28,2017,5,36.96642,-119.58292,16.0,2.833213344056216,C,Small,90.23000000000005,54.10142857142864,2.04,2.2,25.61428571428571,0.8999999999999999,53.0,39.0,9.414285714285713,15.266666666666667,225.26921,6.0,0.981627183447664,0.1908089953765448,-1,,0.0,0.0,0.0,0.0,0.0,102.0,grass,7129.0,335.0,304.0,0.0,2129.0,123.0,0.0
fire_00192,Serenas Fire,2017-05-28,2017,5,33.58577,-116.07429,48.0,3.8918202981106265,C,Small,104.50142857142865,70.45571428571427,4.271428571428571,4.014285714285714,8.414285714285713,0.0,88.85714285714286,78.71428571428571,4.714285714285714,6.660000000000001,-49.450043,1.0,-0.3420201433256685,-0.9396926207859084,0,D0,0.0,1.0,0.0,0.0,0.0,91.0,nonburnable_or_other,7297.0,23.0,23.0,0.0,2903.0,23.0,0.0
fire_00193,Lombardi Fire,2017-05-28,2017,5,38.19906,-120.83484,15.0,2.772588722239781,C,Small,85.96142857142863,52.378571428571504,1.4985714285714284,2.2142857142857144,34.1,2.5,45.285714285714285,31.857142857142858,11.185714285714283,16.546666666666667,261.85947,4.0,-0.848048096156426,0.5299192642332049,-1,,0.0,0.0,0.0,0.0,0.0,163.0,timber_understory,9302.0,139.0,128.0,35.0,2271.0,103.0,1.0
fire_00194,Panoche Fire,2017-05-28,2017,5,36.61332,-120.7109,18.0,2.9444389791664403,C,Small,84.23857142857159,54.23000000000004,1.7899999999999998,2.442857142857143,23.571428571428573,0.6,61.85714285714285,44.285714285714285,8.042857142857143,12.44,252.90062,7.0,0.4694715627858908,0.8829475928589269,0,D0,0.0,1.0,0.0,0.0,0.0,122.0,grass_shrub,9337.0,218.0,212.0,0.0,2270.0,111.0,0.0
fire_00195,Matz Fire,2017-05-29,2017,5,34.04412,-116.55326,16.0,2.833213344056216,C,Small,93.83000000000004,61.81571428571434,3.097142857142857,4.385714285714286,8.242857142857144,2.4,89.71428571428571,82.0,4.642857142857143,7.093333333333335,869.58307,9.0,-0.8746197071393959,-0.4848096202463369,-1,,0.0,0.0,0.0,0.0,0.0,122.0,grass_shrub,7087.0,224.0,212.0,0.0,2087.0,112.0,0.0
fire_00196,Fountain Fire ,2017-05-31,2017,5,35.89423,-119.00334,79.0,4.382026634673881,C,Small,86.75857142857134,57.650000000000105,1.7099999999999995,3.128571428571429,29.785714285714285,1.5,54.142857142857146,43.285714285714285,9.857142857142856,14.070000000000002,190.0401,1.0,0.0348994967025012,-0.9993908270190958,-1,,0.0,0.0,0.0,0.0,0.0,102.0,grass,7986.0,331.0,304.0,0.0,2966.0,123.0,0.0
fire_00197,Twenty Fire,2017-05-29,2017,5,39.23205,-121.376,10.0,2.3978952727983707,C,Small,86.47571428571432,58.1642857142857,1.6214285714285714,2.1142857142857143,35.32857142857143,0.0,52.57142857142857,35.857142857142854,9.742857142857144,14.776666666666667,73.40768,1.0,-0.3907311284892738,-0.9205048534524404,-1,,0.0,0.0,0.0,0.0,0.0,102.0,grass,7967.0,347.0,304.0,0.0,2967.0,124.0,0.0
fire_00198,Clay Fire,2017-06-01,2017,6,38.33707,-121.11113,68.0,4.23410650459726,C,Small,78.96714285714287,53.48428571428576,1.0057142857142858,2.271428571428572,41.3,4.300000000000001,38.42857142857143,22.142857142857142,13.828571428571427,15.176666666666666,59.151466,1.0,0.4383711467890774,-0.898794046299167,-1,,0.0,0.0,0.0,0.0,0.0,99.0,nonburnable_or_other,9062.0,31.0,31.0,0.0,31.0,31.0,0.0
fire_00199,Fairview Fire,2017-06-01,2017,6,33.94788,-116.59719,26.0,3.295836866004329,C,Small,94.47285714285714,60.63285714285712,2.89,4.471428571428572,11.957142857142856,1.6,89.85714285714286,81.71428571428571,4.828571428571428,6.606666666666667,433.0629,7.0,-0.7771459614569709,0.6293203910498374,0,D0,0.0,1.0,0.0,0.0,0.0,142.0,shrub,7087.0,216.0,205.0,0.0,2087.0,111.0,0.0
fire_00200,Elk Fire,2017-06-02,2017,6,35.188,-119.2877,16.0,2.833213344056216,C,Small,84.9071428571429,60.89000000000002,1.6971428571428573,3.585714285714286,29.98571428571429,5.199999999999999,60.57142857142857,44.285714285714285,8.757142857142856,11.51,85.22614,0.0,-0.9612616959383188,-0.275637355816999,0,D0,0.0,1.0,0.0,0.0,0.0,93.0,nonburnable_or_other,7984.0,64.0,64.0,0.0,2964.0,64.0,0.0
fire_00201,Jones Fire,2017-06-03,2017,6,41.38247,-120.53443,42.0,3.7612001156935615,C,Small,77.50142857142865,44.04714285714302,1.2385714285714289,2.871428571428571,26.428571428571423,5.1000000000000005,48.142857142857146,37.57142857142857,10.571428571428571,15.246666666666666,1366.2883,3.0,0.9781476007338056,-0.2079116908177598,-1,,0.0,0.0,0.0,0.0,0.0,102.0,grass,9336.0,218.0,205.0,0.0,2282.0,111.0,0.0
fire_00202,Vernon Fire,2017-06-03,2017,6,33.82165,-116.96079,27.0,3.332204510175204,C,Small,86.01285714285716,53.458571428571545,1.5128571428571431,2.357142857142857,25.528571428571432,7.8,57.0,41.142857142857146,11.142857142857142,11.113333333333337,564.11053,26.0,-0.7193398003386511,-0.6946583704589973,0,D0,0.0,1.0,0.0,0.0,0.0,122.0,grass_shrub,7092.0,219.0,208.0,0.0,2092.0,111.0,0.0
fire_00203,5 Fire,2017-06-03,2017,6,34.29931,-118.37539,25.0,3.258096538021482,C,Small,79.81571428571434,55.5928571428572,1.1942857142857142,2.142857142857143,32.628571428571426,8.2,53.142857142857146,37.142857142857146,11.585714285714284,11.346666666666668,460.106,5.0,-0.9993908270190958,0.0348994967025011,0,D0,0.0,1.0,0.0,0.0,0.0,142.0,shrub,7129.0,340.0,302.0,0.0,2110.0,114.0,0.0
fire_00204,Creek Fire ,2017-06-04,2017,6,35.60633,-118.4642,33.0,3.5263605246161616,C,Small,85.44714285714302,59.5785714285715,1.7742857142857142,3.2285714285714286,25.957142857142856,2.3999999999999995,63.71428571428572,50.71428571428572,8.757142857142858,11.366666666666667,800.1256,6.0,0.6156614753256585,-0.7880107536067218,-1,,0.0,0.0,0.0,0.0,0.0,91.0,nonburnable_or_other,7299.0,25.0,25.0,0.0,2905.0,25.0,0.0
fire_00205,Spring Fire ,2017-06-04,2017,6,40.38944,-122.13088,78.0,4.3694478524670215,C,Small,87.37571428571432,59.91285714285706,1.6685714285714288,3.4857142857142853,33.17142857142857,20.6,43.71428571428572,27.0,11.928571428571429,13.72,201.165,3.0,0.6819983600624986,-0.7313537016191703,-1,,0.0,0.0,0.0,0.0,0.0,91.0,nonburnable_or_other,7299.0,25.0,25.0,0.0,2905.0,25.0,0.0
fire_00206,River Fire,2017-06-04,2017,6,40.03392,-120.1064,67.0,4.219507705176107,C,Small,82.85000000000011,46.2071428571429,1.7285714285714284,2.9,18.6,4.7,66.71428571428571,51.285714285714285,7.871428571428572,11.516666666666664,1300.2174,2.0,0.6018150231520484,0.7986355100472928,-1,,0.0,0.0,0.0,0.0,0.0,121.0,grass_shrub,7904.0,17.0,17.0,0.0,2917.0,17.0,0.0
fire_00207,Shirleon Fire ,2017-06-04,2017,6,33.87107,-116.88097,10.0,2.3978952727983707,C,Small,83.15857142857155,54.79571428571438,1.6185714285714283,2.271428571428572,22.75714285714286,12.4,61.85714285714285,43.57142857142857,9.8,10.603333333333335,1185.977,8.0,-0.766044443118978,-0.6427876096865393,0,D0,0.0,1.0,0.0,0.0,0.0,145.0,shrub,7110.0,237.0,216.0,0.0,2110.0,113.0,0.0
fire_00208,Fish Fire,2017-06-05,2017,6,37.86549,-122.2102,20.0,3.044522437723423,C,Small,68.91285714285726,49.52428571428568,0.5657142857142857,4.514285714285714,52.05714285714286,0.0,34.42857142857143,33.142857142857146,15.571428571428571,16.046666666666667,365.52524,3.0,-0.8386705679454239,0.5446390350150273,-1,,0.0,0.0,0.0,0.0,0.0,123.0,grass_shrub,7113.0,139.0,114.0,35.0,2113.0,103.0,1.0
fire_00209,Pine Fire,2017-06-05,2017,6,35.564124,-118.796513,10.0,2.3978952727983707,C,Small,85.49857142857147,56.672857142857346,1.7899999999999996,3.7,25.357142857142858,4.8,59.0,44.285714285714285,9.385714285714286,11.736666666666668,838.64166,6.0,-0.7771459614569708,-0.6293203910498376,-1,,0.0,0.0,0.0,0.0,0.0,102.0,grass,9301.0,346.0,304.0,0.0,2270.0,124.0,0.0
fire_00210,Wilbur Fire,2017-06-06,2017,6,39.52499,-121.64897,91.0,4.5217885770490405,C,Small,88.09571428571438,58.807142857143006,1.6257142857142857,2.1142857142857143,33.8,5.8,46.285714285714285,25.0,12.0,13.166666666666666,48.63206,1.0,0.8290375725550418,-0.5591929034707466,-1,,0.0,0.0,0.0,0.0,0.0,186.0,timber_litter,7980.0,141.0,110.0,45.0,2960.0,104.0,1.0
fire_00211,Whitepine Fire,2017-06-06,2017,6,41.8721,-122.4571,46.0,3.8501476017100575,C,Small,80.89571428571428,49.06142857142862,1.2857142857142858,2.4,31.42857142857144,8.3,48.0,31.0,11.257142857142856,13.893333333333336,798.27576,7.0,-0.3907311284892738,-0.9205048534524404,-1,,0.0,0.0,0.0,0.0,0.0,121.0,grass_shrub,9328.0,232.0,207.0,0.0,2279.0,113.0,0.0
fire_00212,Dinely Fire,2017-06-07,2017,6,36.45809,-118.87676,339.0,5.828945617610208,E,Medium,89.35571428571447,61.275714285714216,2.2471428571428573,3.1142857142857143,25.38571428571429,3.0,68.85714285714286,47.71428571428572,7.442857142857143,10.276666666666667,342.79938,9.0,0.9902680687415704,-0.1391731009600658,-1,,0.0,0.0,0.0,0.0,0.0,144.0,shrub,7114.0,135.0,122.0,35.0,2114.0,103.0,1.0
fire_00213,26 Fire,2017-06-07,2017,6,37.12759,-120.0193,157.0,5.062595033026967,D,Medium,91.18142857142858,58.035714285714405,1.9042857142857144,3.4285714285714284,27.6,0.6,48.71428571428572,41.71428571428572,12.2,13.806666666666668,115.79665,1.0,-0.0174524064372834,-0.9998476951563912,-1,,0.0,0.0,0.0,0.0,0.0,121.0,grass_shrub,9301.0,323.0,304.0,0.0,2270.0,122.0,0.0
fire_00214,Bodfish Fire,2017-06-10,2017,6,35.59804,-118.47939,206.0,5.332718793265369,D,Medium,88.94428571428574,60.17000000000006,2.045714285714286,4.8,21.785714285714285,1.0,67.85714285714286,65.42857142857143,7.985714285714285,10.833333333333336,813.826,8.0,0.9205048534524404,-0.3907311284892739,-1,,0.0,0.0,0.0,0.0,0.0,91.0,nonburnable_or_other,7296.0,22.0,22.0,0.0,2902.0,22.0,0.0
fire_00215,Breckenridge Fire,2017-06-09,2017,6,35.37351,-118.84134,35.0,3.58351893845611,C,Small,96.42714285714285,66.49571428571429,2.8057142857142856,3.585714285714286,18.27142857142857,0.0,72.42857142857143,60.57142857142857,7.200000000000001,10.283333333333331,257.87305,4.0,-0.5591929034707466,-0.8290375725550418,-1,,0.0,0.0,0.0,0.0,0.0,122.0,grass_shrub,9337.0,218.0,208.0,0.0,2270.0,111.0,0.0
fire_00216,Hog Fire,2017-06-09,2017,6,35.80375,-120.52508,14.0,2.70805020110221,C,Small,90.51285714285716,49.37000000000006,1.9028571428571428,2.571428571428572,19.67142857142857,0.0,45.85714285714285,36.42857142857143,12.44285714285714,15.46,461.83047,4.0,-0.0348994967025007,-0.9993908270190958,0,D0,0.0,1.0,0.0,0.0,0.0,102.0,grass,9301.0,334.0,304.0,0.0,2270.0,123.0,0.0
fire_00217,Oakwood Fire,2017-06-10,2017,6,37.0825,-119.8011,1417.0,7.257002707092073,F,Large,92.59571428571428,56.98142857142858,2.111428571428571,3.242857142857144,24.214285714285715,0.0,56.85714285714285,46.57142857142857,10.357142857142858,12.343333333333334,222.84573,2.0,-0.90630778703665,0.4226182617406995,-1,,0.0,0.0,0.0,0.0,0.0,102.0,grass,9301.0,342.0,303.0,0.0,2270.0,123.0,0.0
fire_00218,Wild Fire,2017-06-11,2017,6,36.704679,-120.405077,186.0,5.231108616854587,D,Medium,89.43285714285722,54.6928571428572,1.9885714285714289,4.385714285714285,22.82857142857143,0.6,57.142857142857146,53.42857142857143,9.842857142857142,12.566666666666668,58.922062,0.0,6.123233995736766e-17,1.0,-1,,0.0,0.0,0.0,0.0,0.0,122.0,grass_shrub,9337.0,219.0,206.0,0.0,2270.0,111.0,0.0
fire_00219,Refuge Fire,2017-06-13,2017,6,38.68347,-122.2654,22.0,3.1354942159291497,C,Small,74.05571428571426,49.1642857142857,0.8542857142857143,3.1428571428571432,43.97142857142857,8.3,43.71428571428572,34.285714285714285,12.9,13.593333333333335,177.92023,6.0,-0.6293203910498378,-0.7771459614569706,-1,,0.0,0.0,0.0,0.0,0.0,102.0,grass,9301.0,331.0,303.0,0.0,2270.0,125.0,0.0
fire_00220,Pleyto Fire,2017-06-11,2017,6,35.902149,-120.983684,32.0,3.49650756146648,C,Small,86.09000000000002,46.36142857142862,1.7442857142857142,3.257142857142857,20.357142857142858,0.5,55.42857142857143,46.71428571428572,10.442857142857145,13.306666666666665,331.792,4.0,-0.1908089953765446,-0.981627183447664,-1,,0.0,0.0,0.0,0.0,0.0,144.0,shrub,7105.0,234.0,212.0,0.0,2105.0,113.0,0.0
fire_00221,Monterey Fire,2017-06-11,2017,6,36.616986,-120.369347,450.0,6.111467339502679,E,Medium,92.41571428571434,55.28428571428576,2.2457142857142856,4.2,20.557142857142857,0.6,59.85714285714285,54.57142857142857,9.328571428571427,12.259999999999998,54.244423,0.0,0.1736481776669304,0.984807753012208,-1,,0.0,0.0,0.0,0.0,0.0,101.0,grass,7986.0,312.0,304.0,0.0,2966.0,121.0,0.0
fire_00222,Tivy Fire,2017-06-11,2017,6,36.8005,-119.35901,76.0,4.343805421853684,C,Small,88.68714285714304,56.33857142857138,1.82,1.9428571428571428,29.571428571428573,0.5,59.71428571428572,39.285714285714285,9.585714285714284,11.7,658.18396,12.0,-0.9743700647852352,-0.2249510543438649,-1,,0.0,0.0,0.0,0.0,0.0,102.0,grass,9301.0,342.0,302.0,0.0,2270.0,124.0,0.0
fire_00223,Red Fire,2017-06-11,2017,6,37.85137,-120.45268,38.0,3.6635616461296463,C,Small,82.36142857142862,53.2785714285715,1.5014285714285711,3.3142857142857145,30.81428571428572,4.4,52.0,45.0,10.514285714285716,13.96,322.01453,2.0,-0.9961946980917455,-0.0871557427476579,-1,,0.0,0.0,0.0,0.0,0.0,144.0,shrub,7105.0,231.0,216.0,0.0,2105.0,113.0,0.0
fire_00224,Valley Fire,2017-06-13,2017,6,33.584036,-116.972036,33.0,3.5263605246161616,C,Small,78.42714285714285,51.94142857142866,0.9985714285714284,3.214285714285714,35.98571428571429,0.0,45.42857142857143,37.71428571428572,14.242857142857144,12.16,611.3195,4.0,-0.8910065241883679,-0.4539904997395466,0,D0,0.0,1.0,0.0,0.0,0.0,122.0,grass_shrub,7110.0,220.0,208.0,0.0,2110.0,112.0,0.0
fire_00225,Douglas Fire,2017-06-13,2017,6,33.23281,-117.29509,50.0,3.9318256327243257,C,Small,70.81571428571434,58.21571428571434,0.51,3.2285714285714286,60.98571428571429,1.4,28.285714285714285,22.428571428571427,16.485714285714288,16.82,68.42071,5.0,0.9563047559630352,-0.2923717047227371,0,D0,0.0,1.0,0.0,0.0,0.0,91.0,nonburnable_or_other,7299.0,25.0,25.0,0.0,2905.0,25.0,0.0
fire_00226,King Fire,2017-06-13,2017,6,35.8556,-118.74542,135.0,4.912654885736052,D,Medium,76.39571428571428,50.50142857142864,1.3842857142857146,4.1571428571428575,29.38571428571428,8.799999999999999,64.57142857142857,57.42857142857143,8.414285714285715,11.126666666666669,980.98315,14.0,-0.9659258262890684,-0.2588190451025208,-1,,0.0,0.0,0.0,0.0,0.0,163.0,timber_understory,9302.0,131.0,127.0,35.0,2271.0,103.0,1.0
fire_00227,Reed Fire,2017-06-13,2017,6,33.52584,-116.85226,20.0,3.044522437723423,C,Small,78.50428571428583,50.42428571428568,1.1214285714285714,3.5142857142857147,32.371428571428574,0.0,51.71428571428572,44.142857142857146,12.94285714285714,11.096666666666668,817.1385,8.0,0.4067366430757997,-0.9135454576426012,0,D0,0.0,1.0,0.0,0.0,0.0,122.0,grass_shrub,7110.0,224.0,212.0,0.0,2110.0,112.0,0.0
fire_00228,Lucy Fire,2017-06-14,2017,6,35.6871,-120.3187,150.0,5.017279836814924,D,Medium,78.94142857142866,45.590000000000124,1.195714285714286,3.442857142857143,27.942857142857143,0.0,48.285714285714285,41.142857142857146,12.55714285714286,13.663333333333332,418.02368,7.0,0.7071067811865474,-0.7071067811865477,0,D0,0.0,1.0,0.0,0.0,0.0,102.0,grass,9301.0,334.0,304.0,0.0,2270.0,123.0,0.0
fire_00229,Westfall Fire,2017-06-15,2017,6,37.36914,-120.0088,63.0,4.158883083359672,C,Small,75.44428571428574,47.6214285714287,0.96,2.671428571428572,37.31428571428571,9.9,44.285714285714285,31.571428571428573,13.614285714285714,13.756666666666668,510.09955,8.0,-0.9135454576426008,-0.4067366430758002,-1,,0.0,0.0,0.0,0.0,0.0,102.0,grass,9301.0,348.0,304.0,0.0,2270.0,124.0,0.0
fire_00230,Canyon Fire,2017-06-15,2017,6,33.950382,-116.884446,105.0,4.663439094112067,D,Medium,78.0928571428571,50.78428571428576,1.2985714285714285,3.9571428571428577,28.085714285714285,0.0,57.42857142857143,51.0,11.257142857142858,10.79,857.9014,5.0,-0.9702957262759964,0.2419218955996677,0,D0,0.0,1.0,0.0,0.0,0.0,122.0,grass_shrub,7092.0,231.0,214.0,0.0,2092.0,113.0,0.0
fire_00231,Nuevo Fire,2017-06-15,2017,6,33.79925,-117.11659,28.0,3.367295829986474,C,Small,82.23285714285723,54.3071428571429,1.4042857142857144,3.1142857142857143,29.185714285714287,0.0,51.285714285714285,41.85714285714285,12.42857142857143,11.56,557.50586,10.0,0.9945218953682732,-0.1045284632676534,0,D0,0.0,1.0,0.0,0.0,0.0,93.0,nonburnable_or_other,7988.0,68.0,68.0,0.0,2968.0,68.0,0.0
fire_00232,Skyway Fire,2017-06-16,2017,6,39.69717,-121.75417,134.0,4.90527477843843,D,Medium,80.61285714285717,54.59000000000002,1.3,2.2285714285714286,36.17142857142857,20.0,46.57142857142857,33.0,11.942857142857145,13.426666666666666,97.41788,2.0,-0.1391731009600658,-0.9902680687415704,-1,,0.0,0.0,0.0,0.0,0.0,102.0,grass,9301.0,332.0,303.0,0.0,2270.0,123.0,0.0
fire_00233,Shore Fire,2017-06-16,2017,6,35.90092,-120.93371,32.0,3.49650756146648,C,Small,82.05285714285728,45.84714285714303,1.4857142857142855,4.242857142857143,23.52857142857143,0.7,52.142857142857146,49.85714285714285,11.742857142857142,13.026666666666667,268.21878,2.0,-0.5591929034707467,0.8290375725550417,-1,,0.0,0.0,0.0,0.0,0.0,102.0,grass,9301.0,340.0,304.0,0.0,2270.0,124.0,0.0
fire_00234,Lake Fire,2017-06-17,2017,6,34.55607,-118.60703,850.0,6.746412128573375,E,Medium,80.38142857142859,54.25571428571426,1.6114285714285714,2.9142857142857146,28.471428571428568,1.0,56.42857142857143,43.85714285714285,11.099999999999998,10.98333333333333,550.88715,6.0,-0.3583679495453007,-0.9335804264972016,1,D1,1.0,1.0,1.0,0.0,0.0,122.0,grass_shrub,7092.0,222.0,209.0,0.0,2092.0,112.0,0.0
fire_00235,Bolla Fire,2017-06-18,2017,6,40.32063,-122.83208,60.0,4.110873864173311,C,Small,79.40428571428582,51.45285714285728,1.4542857142857142,2.585714285714286,30.62857142857144,10.0,56.85714285714285,38.85714285714285,9.585714285714284,11.436666666666666,505.6029,3.0,-0.7071067811865475,0.7071067811865476,-1,,0.0,0.0,0.0,0.0,0.0,121.0,grass_shrub,7105.0,227.0,218.0,35.0,2114.0,103.0,1.0
fire_00236,Lambs Fire,2017-06-18,2017,6,33.90965,-116.9669,10.0,2.3978952727983707,C,Small,86.55285714285718,55.18142857142858,2.0228571428571427,2.8428571428571425,20.228571428571428,0.0,58.0,45.142857142857146,10.22857142857143,11.349999999999998,807.79004,0.0,0.559192903470747,-0.8290375725550416,0,D0,0.0,1.0,0.0,0.0,0.0,121.0,grass_shrub,9301.0,329.0,304.0,0.0,2270.0,122.0,0.0
fire_00237,Smiley Fire,2017-06-18,2017,6,33.98639,-117.21314,153.0,5.0369526024136295,D,Medium,87.78714285714304,56.98142857142868,2.091428571428571,2.942857142857143,20.057142857142853,0.0,59.71428571428572,46.85714285714285,10.042857142857144,10.890000000000002,727.53577,6.0,0.4694715627858904,-0.8829475928589271,0,D0,0.0,1.0,0.0,0.0,0.0,122.0,grass_shrub,7092.0,236.0,211.0,0.0,2092.0,113.0,0.0
fire_00238,Road Fire,2017-06-18,2017,6,37.02081,-119.95136,25.0,3.258096538021482,C,Small,87.88999999999992,56.8785714285714,1.7799999999999998,3.942857142857143,28.257142857142856,1.0,51.85714285714285,48.42857142857143,11.785714285714286,12.663333333333334,102.65565,0.0,0.5877852522924729,-0.8090169943749476,-1,,0.0,0.0,0.0,0.0,0.0,121.0,grass_shrub,9301.0,326.0,304.0,0.0,2270.0,122.0,0.0
fire_00239,Highway Fire,2017-06-18,2017,6,35.53456,-118.66733,1522.0,7.328437352895162,F,Large,81.33285714285722,53.20142857142864,1.7642857142857145,3.4857142857142853,22.41428571428572,3.2,67.14285714285714,55.57142857142857,8.614285714285714,10.120000000000005,683.547,12.0,-0.9205048534524404,0.3907311284892737,-1,,0.0,0.0,0.0,0.0,0.0,186.0,timber_litter,7264.0,140.0,133.0,45.0,2264.0,104.0,1.0
fire_00240,Trellis Fire,2017-06-18,2017,6,33.71025,-117.31924,26.0,3.295836866004329,C,Small,90.6928571428571,58.21571428571434,2.222857142857143,2.857142857142857,20.142857142857142,0.0,56.57142857142857,44.0,10.485714285714284,11.43666666666667,477.7704,4.0,-0.4694715627858907,-0.882947592858927,0,D0,0.0,1.0,0.0,0.0,0.0,122.0,grass_shrub,7092.0,230.0,218.0,0.0,2092.0,113.0,0.0
fire_00241,Bogus Fire,2017-06-18,2017,6,41.93006,-122.36545,56.0,4.04305126783455,C,Small,72.6928571428571,46.02714285714286,1.0342857142857145,3.3714285714285714,35.84285714285714,11.5,44.71428571428572,32.285714285714285,11.92857142857143,13.54,892.87274,5.0,-0.7193398003386511,-0.6946583704589973,-1,,0.0,0.0,0.0,0.0,0.0,102.0,grass,9301.0,362.0,304.0,0.0,2270.0,126.0,0.0
fire_00242,Toll Fire,2017-06-22,2017,6,38.07481,-122.23004,39.0,3.688879454113936,C,Small,94.75571428571426,60.247142857143025,2.052857142857143,3.7285714285714286,28.6,1.7000000000000002,50.57142857142857,41.57142857142857,10.685714285714289,13.513333333333332,68.3677,2.0,-0.2079116908177598,-0.9781476007338056,-1,,0.0,0.0,0.0,0.0,0.0,91.0,nonburnable_or_other,7298.0,24.0,24.0,0.0,2904.0,24.0,0.0
fire_00243,Holcomb Fire,2017-06-19,2017,6,34.2976,-116.826,1503.0,7.315883504509785,F,Large,80.99857142857147,44.150000000000105,2.041428571428572,2.5428571428571423,5.514285714285714,0.0,87.71428571428571,64.71428571428571,5.128571428571429,7.756666666666666,2168.9663,15.0,-0.0871557427476582,0.9961946980917455,-1,,0.0,0.0,0.0,0.0,0.0,121.0,grass_shrub,7098.0,225.0,211.0,0.0,2098.0,113.0,0.0
fire_00244,Evans Fire,2017-06-19,2017,6,39.71101,-120.02325,168.0,5.1298987149230735,D,Medium,78.2214285714287,44.04714285714302,1.3228571428571427,3.942857142857143,27.72857142857143,13.0,51.85714285714285,38.85714285714285,11.885714285714286,11.159999999999998,1603.541,10.0,0.1218693434051476,-0.992546151641322,-1,,0.0,0.0,0.0,0.0,0.0,144.0,shrub,7080.0,233.0,207.0,0.0,2080.0,113.0,0.0
fire_00245,Orange Fire,2017-06-21,2017,6,37.82934,-120.68992,65.0,4.189654742026425,C,Small,99.61571428571445,67.1642857142857,2.6957142857142857,4.185714285714286,24.27142857142857,7.0,52.142857142857146,48.285714285714285,10.285714285714286,13.633333333333336,90.91298,1.0,-0.7771459614569708,-0.6293203910498376,-1,,0.0,0.0,0.0,0.0,0.0,102.0,grass,9301.0,340.0,303.0,0.0,2270.0,124.0,0.0
fire_00246,Quimby Fire,2017-06-21,2017,6,37.33454,-121.76323,54.0,4.007333185232471,C,Small,92.59571428571428,63.84714285714303,2.091428571428572,4.557142857142857,26.285714285714285,1.6,51.57142857142857,48.0,10.314285714285717,13.506666666666666,298.48706,19.0,-0.3090169943749475,-0.9510565162951536,-1,,0.0,0.0,0.0,0.0,0.0,102.0,grass,7934.0,333.0,304.0,0.0,2911.0,123.0,0.0
fire_00247,Highway Fire,2017-06-22,2017,6,39.364,-121.4143,21.0,3.091042453358316,C,Small,103.1642857142857,71.7928571428572,3.0957142857142856,2.8428571428571425,26.014285714285712,27.8,61.142857142857146,46.57142857142857,8.22857142857143,11.966666666666663,194.97983,4.0,-0.4067366430758001,-0.913545457642601,-1,,0.0,0.0,0.0,0.0,0.0,102.0,grass,9301.0,349.0,304.0,0.0,2270.0,124.0,0.0
fire_00248,Lone Fire,2017-06-22,2017,6,39.38416,-121.5786,111.0,4.718498871295094,D,Medium,103.0357142857144,73.56714285714298,3.127142857142857,2.6857142857142864,26.285714285714285,21.5,59.71428571428572,40.71428571428572,8.2,12.076666666666664,33.705418,0.0,0.9902680687415704,-0.1391731009600658,-1,,0.0,0.0,0.0,0.0,0.0,102.0,grass,7980.0,118.0,105.0,15.0,2960.0,101.0,1.0
fire_00249,Creek Fire,2017-06-23,2017,6,36.27306,-120.65185,357.0,5.8805329864007,E,Medium,98.7928571428571,64.51571428571434,2.647142857142857,3.342857142857143,21.885714285714283,1.1,59.42857142857143,48.57142857142857,9.114285714285716,11.863333333333332,706.5048,4.0,0.1218693434051474,0.992546151641322,0,D0,0.0,1.0,0.0,0.0,0.0,145.0,shrub,7105.0,244.0,219.0,0.0,2105.0,114.0,0.0
fire_00250,Paskenta Fire,2017-06-24,2017,6,40.10282,-122.27379,42.0,3.7612001156935615,C,Small,109.43857142857158,78.14428571428574,4.422857142857143,7.071428571428571,16.942857142857143,18.6,71.14285714285714,74.85714285714286,6.071428571428571,10.616666666666667,117.919426,1.0,-0.8386705679454239,0.5446390350150273,-1,,0.0,0.0,0.0,0.0,0.0,102.0,grass,7129.0,339.0,303.0,0.0,2129.0,123.0,0.0
fire_00251,Placerita Fire,2017-06-25,2017,6,34.37443,-118.49343,760.0,6.634633357861686,E,Medium,93.75285714285728,67.06142857142862,2.2657142857142856,2.642857142857143,24.242857142857144,0.0,64.0,47.285714285714285,8.014285714285714,11.306666666666668,458.0617,3.0,0.5446390350150266,-0.8386705679454243,1,D1,1.0,1.0,1.0,0.0,0.0,122.0,grass_shrub,7110.0,224.0,210.0,0.0,2110.0,112.0,0.0
fire_00252,Black Fire,2017-06-25,2017,6,33.1683,-116.77342,36.0,3.610917912644224,C,Small,96.35000000000011,66.34142857142866,2.78,2.657142857142857,17.628571428571426,0.0,68.28571428571429,50.57142857142857,6.814285714285714,11.36,974.682,4.0,-0.4067366430758001,-0.913545457642601,0,D0,0.0,1.0,0.0,0.0,0.0,145.0,shrub,7110.0,242.0,222.0,0.0,2110.0,114.0,0.0
fire_00253,Manzanita Fire,2017-06-26,2017,6,33.530045,-116.594422,6309.0,8.749890955535259,G,Extreme,97.01857142857152,65.93000000000004,3.108571428571428,3.342857142857143,11.95714285714286,0.0,79.85714285714286,65.14285714285714,5.442857142857144,9.35,1477.8628,6.0,-0.544639035015027,-0.8386705679454242,0,D0,0.0,1.0,0.0,0.0,0.0,145.0,shrub,7110.0,241.0,218.0,0.0,2110.0,114.0,0.0
fire_00254,King Fire,2017-06-26,2017,6,40.703775,-122.645079,19.0,2.995732273553991,C,Small,101.23571428571441,66.0071428571429,3.16,3.3428571428571425,20.242857142857144,18.8,69.28571428571429,49.85714285714285,6.328571428571428,10.763333333333332,455.41437,2.0,-0.90630778703665,0.4226182617406995,-1,,0.0,0.0,0.0,0.0,0.0,184.0,timber_litter,7105.0,233.0,218.0,45.0,2030.0,104.0,1.0
fire_00255,Hill Fire,2017-06-26,2017,6,35.4025,-120.4992,1626.0,7.394493107219038,F,Large,100.64428571428574,53.97285714285714,2.7571428571428567,3.157142857142857,16.628571428571426,0.0,57.285714285714285,47.0,10.27142857142857,12.43666666666667,581.7804,2.0,1.0,0.0,0,D0,0.0,1.0,0.0,0.0,0.0,145.0,shrub,7105.0,240.0,223.0,0.0,2105.0,115.0,0.0
fire_00256,Latrobe Fire,2017-06-27,2017,6,38.45822,-120.92162,35.0,3.58351893845611,C,Small,100.67000000000016,65.08142857142857,2.6214285714285714,2.3000000000000003,27.385714285714283,9.5,59.142857142857146,41.71428571428572,9.257142857142858,12.38,192.69106,2.0,-0.3420201433256685,-0.9396926207859084,-1,,0.0,0.0,0.0,0.0,0.0,99.0,nonburnable_or_other,9213.0,100.0,100.0,0.0,2002.0,100.0,0.0
fire_00257,Pine Fire,2017-06-27,2017,6,37.9775,-122.65749,38.0,3.6635616461296463,C,Small,84.67571428571432,54.6928571428572,1.491428571428571,2.7,36.84285714285714,7.8,51.57142857142857,35.142857142857146,10.128571428571428,13.543333333333331,443.70068,5.0,-0.5150380749100544,-0.8571673007021121,-1,,0.0,0.0,0.0,0.0,0.0,102.0,grass,7131.0,373.0,303.0,0.0,2131.0,127.0,0.0
fire_00258,Sloane Fire,2017-06-27,2017,6,32.7789,-116.8516,25.0,3.258096538021482,C,Small,92.31285714285727,62.51000000000008,1.8571428571428568,3.6142857142857134,30.842857142857145,0.0,46.85714285714285,41.142857142857146,11.87142857142857,13.940000000000005,182.11983,2.0,0.2756373558169991,0.9612616959383188,0,D0,0.0,1.0,0.0,0.0,0.0,122.0,grass_shrub,9301.0,348.0,305.0,0.0,2092.0,111.0,0.0
fire_00259,Mart Fire,2017-06-27,2017,6,34.14575,-117.17813,670.0,6.508769136971682,E,Medium,98.4071428571429,71.2785714285715,3.185714285714285,3.585714285714286,14.257142857142858,0.5,77.57142857142857,65.42857142857143,6.0,9.646666666666668,602.97833,16.0,-0.5000000000000004,-0.8660254037844385,0,D0,0.0,1.0,0.0,0.0,0.0,142.0,shrub,7118.0,125.0,118.0,25.0,2118.0,103.0,1.0
fire_00261,Ranch Fire,2017-06-29,2017,6,37.3344,-121.71752,85.0,4.454347296253507,C,Small,79.07000000000016,59.60428571428582,1.1942857142857142,2.8857142857142857,39.41428571428572,3.1,54.0,39.57142857142857,10.000000000000002,12.83,490.15244,8.0,0.034899496702501,0.9993908270190958,-1,,0.0,0.0,0.0,0.0,0.0,122.0,grass_shrub,7265.0,137.0,136.0,35.0,2265.0,103.0,1.0
fire_00262,Alvarado Fire,2017-06-28,2017,6,35.947,-120.87492,15.0,2.772588722239781,C,Small,99.79571428571428,55.0785714285715,2.645714285714285,3.2285714285714286,17.47142857142857,0.8,52.285714285714285,44.0,12.042857142857144,12.883333333333333,194.9035,10.0,0.1045284632676534,0.9945218953682732,-1,,0.0,0.0,0.0,0.0,0.0,91.0,nonburnable_or_other,7299.0,25.0,25.0,0.0,2905.0,25.0,0.0
fire_00263,Battle Fire,2017-06-28,2017,6,41.85763,-121.29581,562.0,6.333279628139691,E,Medium,88.17285714285714,51.32428571428568,1.9071428571428573,3.0,19.728571428571428,29.0,46.42857142857143,33.0,9.785714285714286,15.12,1338.0011,4.0,0.2419218955996674,-0.9702957262759966,-1,,0.0,0.0,0.0,0.0,0.0,122.0,grass_shrub,9011.0,339.0,303.0,0.0,2225.0,123.0,0.0
fire_00264,Ben Fire,2017-06-28,2017,6,37.3762,-119.9646,558.0,6.326149473155099,E,Medium,99.3071428571429,67.19000000000003,2.6071428571428577,1.8000000000000005,25.257142857142856,9.8,58.142857142857146,39.285714285714285,8.871428571428572,13.023333333333332,623.37024,1.0,0.1564344650402309,0.9876883405951378,-1,,0.0,0.0,0.0,0.0,0.0,144.0,shrub,7114.0,133.0,132.0,35.0,2114.0,103.0,1.0
fire_00265,Tarina Fire ,2017-06-30,2017,6,35.38298,-118.80123,1200.0,7.090909822079984,F,Large,102.1357142857143,74.21000000000008,3.6642857142857137,3.757142857142857,14.828571428571427,0.0,82.28571428571429,69.85714285714286,5.771428571428571,8.426666666666666,377.90738,5.0,0.9993908270190958,0.0348994967025009,-1,,0.0,0.0,0.0,0.0,0.0,102.0,grass,7129.0,335.0,304.0,0.0,2129.0,123.0,0.0
fire_00266,Lockwood Fire,2017-06-29,2017,6,35.96275,-121.08753,42.0,3.7612001156935615,C,Small,98.48428571428576,54.48714285714304,2.795714285714286,2.9857142857142853,13.628571428571428,0.3,68.14285714285714,51.57142857142857,8.114285714285714,10.603333333333335,330.68503,2.0,-0.6819983600624986,-0.7313537016191705,-1,,0.0,0.0,0.0,0.0,0.0,102.0,grass,7987.0,338.0,303.0,0.0,2967.0,123.0,0.0
fire_00267,Topanga Fire,2017-06-29,2017,6,34.03941,-118.58624,55.0,4.02535169073515,C,Small,71.94714285714282,62.22714285714286,0.5628571428571428,2.542857142857143,61.84285714285714,0.6,35.0,27.428571428571427,14.642857142857142,15.753333333333336,8.483569,8.0,-0.9998476951563912,-0.0174524064372836,0,D0,0.0,1.0,0.0,0.0,0.0,122.0,grass_shrub,7092.0,231.0,212.0,0.0,2092.0,113.0,0.0
fire_00268,Stokes Fire,2017-06-29,2017,6,34.10446,-118.70294,41.0,3.737669618283368,C,Small,92.54428571428573,62.2785714285715,1.92,2.871428571428571,29.1,0.0,52.42857142857143,40.85714285714285,11.042857142857144,13.116666666666667,234.93875,5.0,-0.529919264233205,-0.848048096156426,1,D1,1.0,1.0,1.0,0.0,0.0,122.0,grass_shrub,9301.0,346.0,303.0,0.0,2092.0,114.0,0.0
fire_00269,Oak Fire,2017-07-01,2017,7,40.69554,-122.0122,128.0,4.859812404361672,D,Medium,95.8357142857143,62.2785714285715,2.5885714285714285,3.271428571428572,23.842857142857145,22.1,69.0,51.71428571428572,6.557142857142857,11.653333333333334,537.2816,4.0,0.2249510543438649,-0.9743700647852352,-1,,0.0,0.0,0.0,0.0,0.0,122.0,grass_shrub,7105.0,250.0,214.0,0.0,2105.0,115.0,0.0
fire_00270,Brewer Fire,2017-07-02,2017,7,39.08382,-121.06656,10.0,2.3978952727983707,C,Small,90.07571428571433,59.86142857142862,1.997142857142857,2.2,27.32857142857143,8.1,68.14285714285714,46.57142857142857,7.8428571428571425,10.536666666666669,456.0801,6.0,-0.9902680687415704,0.1391731009600653,-1,,0.0,0.0,0.0,0.0,0.0,165.0,timber_understory,7030.0,145.0,127.0,45.0,2030.0,104.0,1.0
fire_00271,Lisa Fire,2017-07-02,2017,7,33.913089,-117.096233,11.0,2.4849066497880004,C,Small,95.39857142857146,61.17285714285724,2.518571428571428,3.0428571428571423,18.12857142857143,0.0,68.28571428571429,54.42857142857143,8.285714285714286,10.623333333333331,475.8452,5.0,-0.7986355100472928,-0.6018150231520484,0,D0,0.0,1.0,0.0,0.0,0.0,122.0,grass_shrub,7092.0,216.0,209.0,0.0,2092.0,111.0,0.0
fire_00272,Desabla Fire,2017-07-02,2017,7,39.8629,-121.6268,14.0,2.70805020110221,C,Small,90.8214285714287,60.58142857142858,2.017142857142857,2.5285714285714285,27.71428571428571,20.5,64.57142857142857,43.57142857142857,7.714285714285715,11.906666666666668,499.49365,13.0,-0.1218693434051471,-0.992546151641322,-1,,0.0,0.0,0.0,0.0,0.0,122.0,grass_shrub,7029.0,148.0,120.0,45.0,2029.0,104.0,1.0
fire_00273,Spring Fire,2017-07-02,2017,7,37.4591,-119.921,225.0,5.420534999272286,D,Medium,93.41857142857152,62.38142857142858,2.2842857142857143,1.5142857142857142,23.3,11.8,62.71428571428572,38.71428571428572,7.9,12.256666666666664,739.13715,8.0,-0.544639035015027,-0.8386705679454242,-1,,0.0,0.0,0.0,0.0,0.0,183.0,timber_litter,7105.0,239.0,218.0,45.0,2915.0,15.0,1.0
fire_00274,Derrick Fire,2017-07-02,2017,7,36.269125,-120.620791,1562.0,7.354362330421477,F,Large,93.03285714285722,56.98142857142858,2.5142857142857147,3.3571428571428568,14.5,0.0,71.28571428571429,58.57142857142857,6.957142857142856,10.659999999999998,633.4243,2.0,-0.9702957262759964,-0.2419218955996675,0,D0,0.0,1.0,0.0,0.0,0.0,145.0,shrub,7105.0,242.0,217.0,0.0,2105.0,114.0,0.0
fire_00275,Timber Fire,2017-07-03,2017,7,33.96896,-117.25411,30.0,3.4339872044851463,C,Small,91.92714285714285,60.452857142857184,2.224285714285714,3.3857142857142857,20.0,0.0,67.28571428571429,55.85714285714285,8.485714285714286,10.666666666666668,533.0708,2.0,-0.9563047559630354,-0.2923717047227367,0,D0,0.0,1.0,0.0,0.0,0.0,91.0,nonburnable_or_other,7296.0,22.0,22.0,0.0,2902.0,22.0,0.0
fire_00276,Canyon Fire,2017-07-03,2017,7,33.91806,-116.99321,10.0,2.3978952727983707,C,Small,91.79857142857156,58.75571428571426,2.2785714285714285,3.0857142857142854,17.942857142857143,0.0,70.71428571428571,56.42857142857143,7.8428571428571425,10.440000000000005,811.0706,2.0,0.992546151641322,0.1218693434051474,0,D0,0.0,1.0,0.0,0.0,0.0,91.0,nonburnable_or_other,7297.0,23.0,23.0,0.0,2903.0,23.0,0.0
fire_00277,Lago Fire,2017-07-03,2017,7,33.87739,-117.16215,50.0,3.9318256327243257,C,Small,93.75285714285718,59.50142857142854,2.271428571428572,3.014285714285714,19.914285714285715,0.0,65.42857142857143,52.0,8.985714285714286,10.823333333333332,495.8164,3.0,-0.9945218953682732,0.1045284632676537,0,D0,0.0,1.0,0.0,0.0,0.0,122.0,grass_shrub,7092.0,218.0,210.0,0.0,2092.0,111.0,0.0
fire_00278,Valley Fire,2017-07-04,2017,7,36.85596,-121.30983,34.0,3.555348061489413,C,Small,83.33857142857138,51.17000000000006,1.262857142857143,3.4142857142857146,30.014285714285712,0.7,44.285714285714285,37.42857142857143,13.428571428571429,13.956666666666669,192.88628,4.0,-0.4694715627858907,-0.882947592858927,0,D0,0.0,1.0,0.0,0.0,0.0,102.0,grass,7129.0,338.0,304.0,0.0,2129.0,123.0,0.0
fire_00279,Silver Fire,2017-07-04,2017,7,34.304722,-117.3125,13.0,2.6390573296152584,C,Small,90.61571428571445,59.08999999999992,2.5542857142857147,3.685714285714286,11.7,0.0,86.71428571428571,73.0,5.3,7.756666666666667,1004.48126,5.0,0.9902680687415704,0.1391731009600654,0,D0,0.0,1.0,0.0,0.0,0.0,91.0,nonburnable_or_other,7299.0,25.0,25.0,0.0,2905.0,25.0,0.0
fire_00280,Freedom Fire,2017-07-04,2017,7,36.81476,-119.51592,57.0,4.060443010546419,C,Small,98.74142857142856,62.89571428571428,2.871428571428571,2.785714285714285,18.91428571428571,0.0,74.71428571428571,56.142857142857146,7.014285714285714,9.536666666666669,157.00711,4.0,-0.529919264233205,-0.848048096156426,-1,,0.0,0.0,0.0,0.0,0.0,102.0,grass,9301.0,339.0,304.0,0.0,2270.0,123.0,0.0
fire_00281,Jurupa Fire,2017-07-04,2017,7,33.99316,-117.48405,35.0,3.58351893845611,C,Small,91.61857142857153,59.99000000000002,1.8828571428571428,2.971428571428571,25.52857142857143,0.0,57.285714285714285,45.42857142857143,10.714285714285714,11.866666666666667,224.4665,0.0,-0.7431448254773941,0.6691306063588583,0,D0,0.0,1.0,0.0,0.0,0.0,91.0,nonburnable_or_other,7298.0,24.0,24.0,0.0,2904.0,24.0,0.0
fire_00282,Lakeland Fire,2017-07-04,2017,7,39.53944,-121.54722,18.0,2.9444389791664403,C,Small,94.78142857142868,63.23000000000004,2.1028571428571428,1.7000000000000004,30.81428571428572,21.6,63.142857142857146,40.285714285714285,9.357142857142858,10.879999999999995,93.55882,4.0,-0.992546151641322,0.1218693434051475,-1,,0.0,0.0,0.0,0.0,0.0,144.0,shrub,7114.0,132.0,116.0,35.0,2114.0,103.0,1.0
fire_00283,Grade Fire,2017-07-04,2017,7,34.20599,-118.98603,50.0,3.9318256327243257,C,Small,80.74142857142856,56.801428571428644,0.96,2.0142857142857147,39.68571428571429,0.0,41.42857142857143,29.142857142857142,13.857142857142858,14.373333333333337,56.020966,3.0,0.7313537016191707,-0.6819983600624983,1,D1,1.0,1.0,1.0,0.0,0.0,91.0,nonburnable_or_other,7296.0,22.0,22.0,0.0,2902.0,22.0,0.0
fire_00284,Eagle Fire,2017-07-04,2017,7,33.85323,-117.48195,205.0,5.327876168789581,D,Medium,91.95285714285728,58.06142857142862,1.9142857142857144,2.9428571428571426,24.685714285714283,0.0,56.142857142857146,44.42857142857143,11.128571428571428,12.140000000000002,385.9047,2.0,-0.9743700647852352,0.2249510543438652,0,D0,0.0,1.0,0.0,0.0,0.0,91.0,nonburnable_or_other,7299.0,25.0,25.0,0.0,2905.0,25.0,0.0
fire_00285,Globe Fire,2017-07-05,2017,7,36.10858,-118.81979,21.0,3.091042453358316,C,Small,96.76142857142852,66.16142857142873,2.972857142857143,2.9285714285714284,16.385714285714286,0.6,84.42857142857143,64.0,5.5,8.106666666666667,290.02008,3.0,-0.9993908270190958,-0.0348994967025009,-1,,0.0,0.0,0.0,0.0,0.0,102.0,grass,7924.0,340.0,303.0,0.0,2911.0,124.0,0.0
fire_00286,Fay Fire,2017-07-05,2017,7,41.3975,-122.8428,496.0,6.208590026096629,E,Medium,90.6928571428572,49.704285714285824,1.9357142857142853,2.6,22.928571428571427,12.4,61.0,41.0,9.0,11.776666666666666,883.3833,6.0,0.5000000000000001,0.8660254037844386,-1,,0.0,0.0,0.0,0.0,0.0,102.0,grass,7967.0,358.0,302.0,0.0,2967.0,125.0,0.0
fire_00287,Axel Fire,2017-07-08,2017,7,38.7803,-120.97111,74.0,4.31748811353631,C,Small,96.04142857142855,62.2785714285713,2.4885714285714284,2.2857142857142856,23.214285714285715,5.699999999999999,64.0,45.42857142857143,8.77142857142857,11.253333333333332,363.1755,5.0,0.9902680687415704,-0.1391731009600658,-1,,0.0,0.0,0.0,0.0,0.0,165.0,timber_understory,7030.0,151.0,136.0,55.0,2030.0,105.0,1.0
fire_00288,Lake Fire,2017-07-08,2017,7,37.64898,-120.4925,62.0,4.143134726391533,C,Small,96.96714285714299,63.95,2.434285714285714,4.428571428571429,23.91428571428571,0.7,57.42857142857143,54.85714285714285,10.328571428571427,12.056666666666665,62.652,1.0,-0.9205048534524404,0.3907311284892737,-1,,0.0,0.0,0.0,0.0,0.0,102.0,grass,9301.0,343.0,304.0,0.0,2270.0,124.0,0.0
fire_00289,Auberry Fire,2017-07-05,2017,7,36.95104,-119.65621,91.0,4.5217885770490405,C,Small,98.69000000000003,61.5071428571429,2.77,3.4285714285714293,19.571428571428573,0.0,66.28571428571429,56.285714285714285,8.485714285714286,11.416666666666668,172.71492,5.0,0.9998476951563912,0.0174524064372835,-1,,0.0,0.0,0.0,0.0,0.0,102.0,grass,7129.0,332.0,304.0,0.0,2129.0,123.0,0.0
fire_00290,Gold Fire,2017-07-05,2017,7,38.20176,-120.67848,22.0,3.1354942159291497,C,Small,93.75285714285728,58.49857142857146,2.091428571428572,2.6000000000000005,25.728571428571428,8.6,60.57142857142857,45.85714285714285,9.6,12.296666666666663,310.48953,4.0,0.4539904997395466,-0.891006524188368,-1,,0.0,0.0,0.0,0.0,0.0,165.0,timber_understory,7114.0,144.0,115.0,45.0,2114.0,104.0,1.0
fire_00291,Winters Fire,2017-07-06,2017,7,38.49521,-122.0251,1700.0,7.438971592395862,F,Large,95.42428571428567,57.29000000000002,2.157142857142857,4.1,24.557142857142853,7.2,56.285714285714285,47.285714285714285,11.228571428571428,11.239999999999998,52.378242,2.0,-0.1391731009600653,0.9902680687415704,-1,,0.0,0.0,0.0,0.0,0.0,91.0,nonburnable_or_other,7299.0,25.0,25.0,0.0,2905.0,25.0,0.0
fire_00292,Quail Fire,2017-07-06,2017,7,35.59904,-119.08312,1626.0,7.394493107219038,F,Large,99.61571428571435,69.71000000000008,3.398571428571429,3.914285714285714,14.8,0.0,81.71428571428571,70.71428571428571,5.685714285714286,8.856666666666666,226.45938,1.0,-0.1908089953765446,-0.981627183447664,-1,,0.0,0.0,0.0,0.0,0.0,122.0,grass_shrub,9337.0,221.0,216.0,0.0,2270.0,112.0,0.0
fire_00293,Alamo Fire,2017-07-06,2017,7,35.0179,-120.3223,28687.0,10.264234195844914,G,Extreme,80.15,51.11857142857152,1.032857142857143,4.071428571428571,35.91428571428572,0.0,41.0,40.71428571428572,14.328571428571427,14.656666666666666,188.9171,2.0,-0.6018150231520484,0.7986355100472927,1,D1,1.0,1.0,1.0,0.0,0.0,145.0,shrub,7110.0,239.0,214.0,0.0,2110.0,113.0,0.0
fire_00294,Hawk Fire,2017-07-07,2017,7,35.77896,-118.89627,2940.0,7.9865049385539955,F,Large,99.4357142857144,69.4785714285715,3.25,3.1142857142857143,16.785714285714285,0.7,81.28571428571429,63.285714285714285,5.828571428571428,8.766666666666667,371.0405,3.0,0.4067366430757997,-0.9135454576426012,-1,,0.0,0.0,0.0,0.0,0.0,102.0,grass,9301.0,342.0,304.0,0.0,2270.0,124.0,0.0
fire_00295,Daulton Fire,2017-07-07,2017,7,37.09773,-120.02027,90.0,4.51085950651685,C,Small,99.1785714285714,64.41285714285716,2.6842857142857146,2.985714285714286,21.914285714285715,0.7,60.57142857142857,47.85714285714285,9.642857142857142,11.706666666666669,109.00396,0.0,0.3090169943749472,-0.9510565162951536,-1,,0.0,0.0,0.0,0.0,0.0,122.0,grass_shrub,7662.0,347.0,304.0,0.0,2662.0,124.0,0.0
fire_00296,Christmas Fire,2017-07-07,2017,7,33.763304,-117.314994,33.0,3.5263605246161616,C,Small,95.34714285714281,60.787142857143046,2.434285714285714,2.6428571428571423,19.514285714285712,0.0,61.285714285714285,46.285714285714285,10.271428571428572,11.036666666666669,629.258,1.0,-0.9876883405951378,-0.1564344650402307,0,D0,0.0,1.0,0.0,0.0,0.0,102.0,grass,9301.0,335.0,302.0,0.0,2270.0,123.0,0.0
fire_00297,Wall Fire,2017-07-07,2017,7,39.45352,-121.41222,6033.0,8.705165419719007,G,Extreme,94.21571428571434,64.51571428571434,2.225714285714285,2.071428571428571,29.27142857142857,18.4,64.57142857142857,43.42857142857143,8.628571428571428,11.05,460.13565,10.0,-0.3090169943749475,-0.9510565162951536,-1,,0.0,0.0,0.0,0.0,0.0,102.0,grass,9301.0,343.0,302.0,0.0,2270.0,114.0,0.0
fire_00298,Bryant Fire,2017-07-07,2017,7,34.07612,-117.06765,74.0,4.31748811353631,C,Small,93.18714285714273,63.5642857142857,2.6385714285714283,2.771428571428572,15.485714285714286,0.0,78.85714285714286,59.142857142857146,6.485714285714286,9.086666666666668,801.53253,12.0,0.9702957262759964,-0.2419218955996678,0,D0,0.0,1.0,0.0,0.0,0.0,145.0,shrub,7110.0,233.0,220.0,0.0,2110.0,113.0,0.0
fire_00299,Tower Fire,2017-07-07,2017,7,35.346,-120.62825,58.0,4.07753744390572,C,Small,87.4785714285715,53.89571428571428,1.8985714285714284,3.514285714285714,23.185714285714287,0.0,59.85714285714285,49.57142857142857,10.157142857142857,11.143333333333334,462.55237,14.0,-0.544639035015027,-0.8386705679454242,0,D0,0.0,1.0,0.0,0.0,0.0,91.0,nonburnable_or_other,7299.0,25.0,25.0,0.0,2905.0,25.0,0.0
fire_00300,Banderilla Fire,2017-07-07,2017,7,37.65963,-120.34802,36.0,3.610917912644224,C,Small,98.81857142857152,65.59571428571428,2.762857142857143,4.142857142857144,21.214285714285715,2.8,66.14285714285714,59.85714285714285,8.542857142857143,10.913333333333332,375.69534,2.0,-0.9135454576426008,-0.4067366430758002,-1,,0.0,0.0,0.0,0.0,0.0,102.0,grass,9301.0,344.0,304.0,0.0,2270.0,124.0,0.0
fire_00301,Deer Complex,2017-07-08,2017,7,37.87808,-121.78677,231.0,5.44673737166631,D,Medium,88.91857142857152,56.95571428571426,1.8442857142857143,3.642857142857143,26.78571428571429,0.6,49.285714285714285,40.0,12.114285714285714,12.813333333333336,246.46045,6.0,0.6293203910498375,0.7771459614569709,-1,,0.0,0.0,0.0,0.0,0.0,162.0,timber_understory,7265.0,141.0,136.0,45.0,2265.0,104.0,1.0
fire_00302,North Fire,2017-07-15,2017,7,40.48972,-122.38619,10.0,2.3978952727983707,C,Small,101.05571428571426,68.37285714285714,3.1700000000000004,2.071428571428572,20.385714285714283,0.0,76.0,44.57142857142857,6.571428571428571,8.389999999999999,195.46727,2.0,0.8191520442889918,0.573576436351046,-1,,0.0,0.0,0.0,0.0,0.0,122.0,grass_shrub,7261.0,156.0,126.0,55.0,2261.0,105.0,1.0
fire_00303,Whittier Fire,2017-07-08,2017,7,34.55096,-119.9494,18430.0,9.821789308551622,G,Extreme,95.50142857142865,52.01857142857142,2.455714285714286,2.742857142857144,16.985714285714284,0.0,60.285714285714285,46.57142857142857,9.428571428571429,12.116666666666664,468.39313,14.0,0.8660254037844387,0.4999999999999999,1,D1,1.0,1.0,1.0,0.0,0.0,165.0,timber_understory,7014.0,137.0,110.0,55.0,2014.0,105.0,1.0
fire_00304,Dode Fire,2017-07-13,2017,7,41.72163,-121.30451,410.0,6.018593214496234,E,Medium,90.1785714285714,49.85857142857144,1.891428571428572,2.4285714285714284,20.77142857142857,1.9,54.0,39.85714285714285,10.77142857142857,13.683333333333334,1267.702,0.0,0.3907311284892737,0.9205048534524404,-1,,0.0,0.0,0.0,0.0,0.0,122.0,grass_shrub,7080.0,231.0,214.0,0.0,2080.0,113.0,0.0
fire_00305,Orleans Complex,2017-07-26,2017,7,41.59,-123.501,27276.0,10.213799135235694,G,Extreme,94.91000000000008,54.48714285714304,2.341428571428572,3.071428571428572,24.02857142857143,2.1,67.28571428571429,39.42857142857143,7.771428571428571,9.099999999999998,362.18536,20.0,0.7193398003386509,-0.6946583704589976,-1,,0.0,0.0,0.0,0.0,0.0,162.0,timber_understory,7043.0,146.0,115.0,35.0,2043.0,104.0,1.0
fire_00306,Stone Fire,2017-07-09,2017,7,35.42433,-120.47322,340.0,5.831882477283517,E,Medium,98.68999999999991,54.79571428571428,2.771428571428572,3.6142857142857134,16.12857142857143,0.0,59.0,51.0,10.085714285714284,12.0,473.4277,2.0,0.992546151641322,0.1218693434051474,0,D0,0.0,1.0,0.0,0.0,0.0,98.0,nonburnable_or_other,7292.0,11.0,11.0,0.0,11.0,11.0,0.0
fire_00307,Willow Fire,2017-07-08,2017,7,38.02929,-122.25544,370.0,5.916202062607435,E,Medium,79.8928571428572,55.798571428571464,1.0971428571428572,3.7,41.17142857142857,1.4,42.71428571428572,36.0,14.185714285714289,13.416666666666664,58.02672,4.0,0.5877852522924729,-0.8090169943749476,-1,,0.0,0.0,0.0,0.0,0.0,91.0,nonburnable_or_other,7297.0,23.0,23.0,0.0,2903.0,23.0,0.0
fire_00308,West Fire,2017-07-08,2017,7,39.06308,-121.303,50.0,3.9318256327243257,C,Small,97.30142857142864,64.00142857142853,2.288571428571429,1.985714285714285,27.87142857142857,8.3,55.285714285714285,38.0,11.2,11.863333333333332,115.39172,2.0,-0.9205048534524404,-0.3907311284892735,-1,,0.0,0.0,0.0,0.0,0.0,102.0,grass,7129.0,335.0,304.0,0.0,2129.0,123.0,0.0
fire_00309,Rosado Fire,2017-07-12,2017,7,38.67474,-121.06088,13.0,2.6390573296152584,C,Small,100.4642857142857,65.67285714285724,3.025714285714286,2.414285714285714,19.428571428571427,0.0,66.28571428571429,48.142857142857146,7.914285714285714,11.173333333333336,265.54065,5.0,-0.1908089953765446,-0.981627183447664,-1,,0.0,0.0,0.0,0.0,0.0,102.0,grass,9301.0,335.0,303.0,0.0,2270.0,123.0,0.0
fire_00310,Parkfield Fire,2017-07-08,2017,7,35.86949,-120.57894,1816.0,7.504942068396171,F,Large,96.91571428571434,55.23285714285712,2.5957142857142856,3.114285714285714,15.857142857142858,0.0,55.71428571428572,45.0,10.142857142857142,13.169999999999998,497.1065,4.0,-0.9455185755993168,-0.3255681544571567,0,D0,0.0,1.0,0.0,0.0,0.0,145.0,shrub,7105.0,248.0,216.0,0.0,2105.0,114.0,0.0
fire_00311,Benson Fire,2017-07-08,2017,7,40.29118,-122.42606,29.0,3.4011973816621555,C,Small,100.18142857142858,65.75,2.7785714285714285,2.3857142857142857,23.8,2.9,70.14285714285714,45.57142857142857,8.028571428571428,9.616666666666667,218.87082,0.0,0.1391731009600654,0.9902680687415704,-1,,0.0,0.0,0.0,0.0,0.0,122.0,grass_shrub,9629.0,252.0,223.0,0.0,2152.0,115.0,0.0
fire_00312,Garza Fire,2017-07-09,2017,7,35.93273,-120.20014,48660.0,10.792633166886729,G,Extreme,97.6357142857143,67.24142857142866,3.067142857142857,3.014285714285714,16.28571428571429,0.0,77.42857142857143,59.57142857142857,6.3,9.41,736.29614,1.0,-0.3420201433256685,-0.9396926207859084,0,D0,0.0,1.0,0.0,0.0,0.0,121.0,grass_shrub,9301.0,326.0,304.0,0.0,2270.0,122.0,0.0
fire_00313,Honcut Fire,2017-07-10,2017,7,39.37192,-121.53865,166.0,5.117993812416755,D,Medium,100.7214285714287,66.0071428571429,2.72,2.2857142857142856,25.457142857142856,1.6,59.57142857142857,38.71428571428572,10.014285714285714,10.78,35.16805,0.0,-0.5735764363510464,-0.8191520442889916,-1,,0.0,0.0,0.0,0.0,0.0,122.0,grass_shrub,7662.0,358.0,304.0,0.0,2662.0,125.0,0.0
fire_00314,Farad Fire,2017-07-10,2017,7,39.439722,-120.027222,747.0,6.617402977974478,E,Medium,87.27285714285735,53.17571428571432,1.9785714285714284,3.2857142857142856,19.38571428571429,6.1000000000000005,68.0,50.142857142857146,7.471428571428572,10.37,1717.4391,13.0,-1.0,1.2246467991473532e-16,-1,,0.0,0.0,0.0,0.0,0.0,122.0,grass_shrub,7028.0,129.0,109.0,25.0,2028.0,102.0,1.0
fire_00315,Felipe Fire,2017-07-10,2017,7,37.25014,-121.68562,70.0,4.262679877041316,C,Small,86.81000000000009,59.63000000000004,1.8971428571428568,3.857142857142857,22.942857142857143,0.0,53.142857142857146,45.0,10.442857142857145,13.07,332.98938,4.0,-0.9455185755993168,0.3255681544571566,-1,,0.0,0.0,0.0,0.0,0.0,102.0,grass,9301.0,355.0,303.0,0.0,2270.0,125.0,0.0
fire_00316,Rebie Fire,2017-07-12,2017,7,39.50475,-121.33785,10.0,2.3978952727983707,C,Small,100.31000000000009,66.9071428571429,3.145714285714285,2.3428571428571425,21.057142857142857,0.0,74.14285714285714,51.71428571428572,6.842857142857143,9.616666666666667,737.54315,13.0,0.9612616959383188,-0.2756373558169989,-1,,0.0,0.0,0.0,0.0,0.0,165.0,timber_understory,7030.0,168.0,125.0,65.0,2030.0,106.0,1.0
fire_00317,Mesa Fire,2017-07-17,2017,7,34.72379,-120.13249,50.0,3.9318256327243257,C,Small,90.3071428571428,56.98142857142858,1.76,2.9714285714285715,26.371428571428567,0.0,53.285714285714285,43.71428571428572,10.971428571428572,13.176666666666666,304.0499,2.0,-0.4067366430758001,-0.913545457642601,1,D1,1.0,1.0,1.0,0.0,0.0,102.0,grass,9301.0,339.0,303.0,0.0,2270.0,123.0,0.0
fire_00318,Bridge Fire,2017-07-14,2017,7,34.09773,-117.10567,460.0,6.133398042996649,E,Medium,96.96714285714299,68.8357142857143,2.48,2.757142857142857,26.4,0.0,75.42857142857143,55.142857142857146,8.12857142857143,8.17,604.40265,9.0,0.0348994967025012,-0.9993908270190958,0,D0,0.0,1.0,0.0,0.0,0.0,122.0,grass_shrub,9337.0,221.0,207.0,0.0,2270.0,112.0,0.0
fire_00319,Jennings Fire,2017-07-11,2017,7,32.84796,-116.85396,400.0,5.993961427306569,E,Medium,96.37571428571432,66.54714285714303,2.275714285714286,2.4285714285714284,27.37142857142857,0.0,53.42857142857143,38.57142857142857,10.571428571428571,12.853333333333332,416.54297,14.0,0.7771459614569706,-0.6293203910498378,0,D0,0.0,1.0,0.0,0.0,0.0,91.0,nonburnable_or_other,7299.0,25.0,25.0,0.0,2905.0,25.0,0.0
fire_00320,Long Valley Fire,2017-07-11,2017,7,40.07045,-120.14013,83733.0,11.335400386659815,G,Extreme,95.47571428571432,55.92714285714286,2.731428571428572,3.157142857142857,13.8,14.1,81.0,64.14285714285714,6.128571428571428,8.973333333333333,1276.2391,0.0,-0.3255681544571566,0.9455185755993168,-1,,0.0,0.0,0.0,0.0,0.0,102.0,grass,9336.0,224.0,202.0,0.0,2282.0,112.0,0.0
fire_00321,Lariat Fire,2017-07-11,2017,7,37.39801,-121.8179,101.0,4.624972813284271,D,Medium,89.2785714285715,68.75857142857144,2.434285714285714,3.5142857142857147,19.75714285714286,0.0,65.71428571428571,51.71428571428572,7.328571428571428,11.313333333333334,191.43544,13.0,-0.6560590289905073,-0.754709580222772,-1,,0.0,0.0,0.0,0.0,0.0,102.0,grass,9301.0,343.0,304.0,0.0,2270.0,124.0,0.0
fire_00322,Quail Fire,2017-07-12,2017,7,38.18303,-120.85322,59.0,4.0943445622221,C,Small,101.26142857142862,61.99571428571428,2.978571428571428,2.442857142857143,17.900000000000002,0.0,63.57142857142857,46.285714285714285,8.1,12.060000000000002,210.38017,2.0,-0.0174524064372834,-0.9998476951563912,-1,,0.0,0.0,0.0,0.0,0.0,91.0,nonburnable_or_other,7299.0,25.0,25.0,0.0,2905.0,25.0,0.0
fire_00323,Washington Fire,2017-07-13,2017,7,33.62613,-117.07975,32.0,3.49650756146648,C,Small,100.7214285714287,68.37285714285714,2.6128571428571434,2.7,25.300000000000004,0.0,58.85714285714285,44.142857142857146,10.07142857142857,11.58,449.22882,2.0,-0.0174524064372834,-0.9998476951563912,0,D0,0.0,1.0,0.0,0.0,0.0,91.0,nonburnable_or_other,7296.0,22.0,22.0,0.0,2902.0,22.0,0.0
fire_00324,Hidden Fire,2017-07-12,2017,7,34.149,-117.189,46.0,3.8501476017100575,C,Small,98.51000000000008,71.0214285714287,2.7357142857142853,2.571428571428572,23.571428571428573,0.0,78.85714285714286,56.142857142857146,6.957142857142857,8.28,618.4547,16.0,-0.9975640502598242,-0.0697564737441252,0,D0,0.0,1.0,0.0,0.0,0.0,122.0,grass_shrub,7092.0,236.0,210.0,0.0,2092.0,113.0,0.0
fire_00325,Spaletta Fire,2017-07-12,2017,7,38.08055,-122.77846,35.0,3.58351893845611,C,Small,85.44714285714282,50.3214285714285,1.3628571428571428,5.857142857142857,33.31428571428572,0.0,42.142857142857146,44.0,13.857142857142858,14.006666666666668,44.678455,2.0,0.559192903470747,-0.8290375725550416,-1,,0.0,0.0,0.0,0.0,0.0,91.0,nonburnable_or_other,7299.0,25.0,25.0,0.0,2905.0,25.0,0.0
fire_00326,Navajo Fire,2017-07-13,2017,7,33.77896,-117.24091,10.0,2.3978952727983707,C,Small,100.05285714285728,69.68428571428576,2.6585714285714284,2.8142857142857145,24.97142857142857,0.0,62.71428571428572,47.85714285714285,9.214285714285714,10.896666666666668,475.60684,3.0,-0.5591929034707467,0.8290375725550417,0,D0,0.0,1.0,0.0,0.0,0.0,91.0,nonburnable_or_other,7299.0,25.0,25.0,0.0,2905.0,25.0,0.0
fire_00327,Reservation Fire,2017-07-16,2017,7,36.66684,-121.74826,40.0,3.713572066704308,C,Small,64.90142857142864,51.94142857142856,0.31,3.314285714285714,63.81428571428571,0.7,28.571428571428573,27.428571428571427,17.17142857142857,16.666666666666668,46.444515,3.0,0.5000000000000001,0.8660254037844386,-1,,0.0,0.0,0.0,0.0,0.0,123.0,grass_shrub,7092.0,256.0,220.0,0.0,2092.0,115.0,0.0
fire_00328,Grade Fire,2017-07-16,2017,7,39.30125,-123.28825,900.0,6.803505257608338,E,Medium,90.8214285714285,54.9500000000001,1.9085714285714288,6.028571428571429,25.62857142857143,0.0,54.57142857142857,53.85714285714285,9.599999999999998,13.063333333333334,418.20203,11.0,-0.6560590289905073,-0.754709580222772,-1,,0.0,0.0,0.0,0.0,0.0,102.0,grass,7131.0,343.0,303.0,0.0,2131.0,126.0,0.0
fire_00329,Detwiler Fire,2017-07-16,2017,7,37.61757,-120.21321,81826.0,11.312362541478247,G,Extreme,101.2357142857143,66.18714285714304,3.131428571428572,3.328571428571429,17.22857142857143,0.0,73.85714285714286,60.85714285714285,6.828571428571428,10.32,544.3457,8.0,0.0523359562429439,-0.9986295347545738,-1,,0.0,0.0,0.0,0.0,0.0,122.0,grass_shrub,7114.0,132.0,108.0,35.0,2114.0,103.0,1.0
fire_00330,Range Fire,2017-07-17,2017,7,39.13207,-123.10227,20.0,3.044522437723423,C,Small,87.6071428571429,69.06714285714288,2.2585714285714285,7.142857142857143,24.185714285714287,0.0,73.57142857142857,75.14285714285714,6.328571428571428,9.373333333333331,796.5917,8.0,0.5000000000000001,-0.8660254037844386,-1,,0.0,0.0,0.0,0.0,0.0,144.0,shrub,7105.0,230.0,214.0,0.0,2105.0,113.0,0.0
fire_00331,Park Fire,2017-07-17,2017,7,35.95911,-120.55579,1649.0,7.408530566894626,F,Large,96.83857142857158,62.94714285714302,2.844285714285714,3.2,14.957142857142856,0.0,69.57142857142857,52.85714285714285,7.171428571428571,11.116666666666667,644.6928,2.0,-0.5591929034707467,0.8290375725550417,0,D0,0.0,1.0,0.0,0.0,0.0,144.0,shrub,7105.0,235.0,213.0,0.0,2105.0,113.0,0.0
fire_00332,Sand Fire,2017-07-17,2017,7,39.01224,-122.20127,70.0,4.262679877041316,C,Small,97.73857142857138,62.17571428571432,2.441428571428572,2.157142857142857,23.9,0.0,56.85714285714285,38.57142857142857,10.5,11.526666666666667,213.04213,4.0,-0.7313537016191705,0.6819983600624985,-1,,0.0,0.0,0.0,0.0,0.0,145.0,shrub,7105.0,249.0,221.0,0.0,2105.0,114.0,0.0
fire_00333,Maria Fire,2017-07-17,2017,7,38.29113,-120.62177,117.0,4.770684624465665,D,Medium,96.65857142857143,65.64714285714302,2.6942857142857144,3.2571428571428567,21.41428571428571,0.0,71.28571428571429,56.85714285714285,6.942857142857143,10.78,568.4878,8.0,-0.2588190451025206,-0.9659258262890684,-1,,0.0,0.0,0.0,0.0,0.0,122.0,grass_shrub,9301.0,337.0,303.0,25.0,2114.0,102.0,1.0
fire_00334,Centerville Fire,2017-07-17,2017,7,41.45589,-120.56933,15.0,2.772588722239781,C,Small,91.87571428571422,49.55,2.0500000000000003,2.657142857142857,18.31428571428572,1.2,56.42857142857143,43.142857142857146,11.028571428571428,12.463333333333331,1341.4614,1.0,0.3907311284892737,0.9205048534524404,-1,,0.0,0.0,0.0,0.0,0.0,142.0,shrub,7080.0,228.0,214.0,0.0,2080.0,112.0,0.0
fire_00335,Murphy Fire,2017-07-17,2017,7,38.86056,-122.62382,40.0,3.713572066704308,C,Small,95.09000000000002,64.92714285714297,2.662857142857143,2.571428571428572,19.800000000000004,0.0,73.42857142857143,46.0,6.571428571428571,9.33,503.64746,2.0,0.2588190451025207,0.9659258262890684,-1,,0.0,0.0,0.0,0.0,0.0,93.0,nonburnable_or_other,7961.0,61.0,61.0,0.0,2961.0,61.0,0.0
fire_00336,Fox Fire,2017-07-17,2017,7,36.18815,-118.78928,59.0,4.0943445622221,C,Small,98.48428571428576,71.7928571428572,3.097142857142857,2.557142857142857,19.25714285714286,0.0,87.28571428571429,61.42857142857143,5.7,6.556666666666667,554.3396,12.0,0.1045284632676529,-0.9945218953682734,-1,,0.0,0.0,0.0,0.0,0.0,144.0,shrub,7114.0,136.0,128.0,35.0,2114.0,103.0,1.0
fire_00337,I-5 Fire,2017-08-24,2017,8,36.05187,-120.05404,2312.0,7.746300662231439,F,Large,97.7642857142858,69.55571428571426,2.5928571428571425,2.7142857142857144,26.08571428571429,0.0,73.28571428571429,53.285714285714285,9.142857142857142,6.573333333333332,178.7021,5.0,0.5877852522924731,0.8090169943749475,-1,,0.0,0.0,0.0,0.0,0.0,102.0,grass,7980.0,110.0,104.0,15.0,2960.0,101.0,1.0
fire_00338,Sway Fire,2017-08-01,2017,8,40.39799,-123.57562,19.0,2.995732273553991,C,Small,89.71571428571434,57.72714285714286,2.0385714285714287,3.5571428571428574,26.04285714285714,0.0,62.57142857142857,46.71428571428572,8.971428571428572,10.28,1201.0703,11.0,-0.0697564737441255,-0.9975640502598242,-1,,0.0,0.0,0.0,0.0,0.0,103.0,grass,7105.0,238.0,205.0,0.0,2105.0,113.0,0.0
fire_00339,Hudson Fire,2017-07-18,2017,7,34.94373,-119.44751,1083.0,6.988413181999592,F,Large,92.77571428571432,67.2928571428572,2.97,3.1000000000000005,13.285714285714286,0.0,91.14285714285714,70.0,4.842857142857143,6.616666666666666,952.8282,8.0,0.788010753606722,-0.6156614753256582,1,D1,1.0,1.0,1.0,0.0,0.0,91.0,nonburnable_or_other,7299.0,25.0,25.0,0.0,2905.0,25.0,0.0
fire_00340,Laverne Fire,2017-07-18,2017,7,40.47106,-122.43608,180.0,5.198497031265826,D,Medium,100.64428571428574,69.55571428571446,3.1699999999999995,2.271428571428572,20.6,0.0,77.14285714285714,48.0,6.528571428571428,8.143333333333334,237.374,1.0,-0.0174524064372834,0.9998476951563912,-1,,0.0,0.0,0.0,0.0,0.0,122.0,grass_shrub,7662.0,326.0,304.0,0.0,2662.0,122.0,0.0
fire_00341,Ellis Fire,2017-07-18,2017,7,33.75526,-117.25075,72.0,4.290459441148391,C,Small,97.01857142857152,65.4928571428572,2.31,2.857142857142857,25.11428571428571,0.0,61.0,47.0,10.257142857142856,10.579999999999997,473.5728,1.0,-0.7986355100472929,0.6018150231520482,0,D0,0.0,1.0,0.0,0.0,0.0,101.0,grass,7913.0,16.0,16.0,0.0,2916.0,16.0,0.0
fire_00342,Hogback Fire,2017-07-18,2017,7,36.64404,-118.99944,58.0,4.07753744390572,C,Small,95.96428571428581,69.63285714285722,3.0042857142857144,2.5142857142857147,17.614285714285714,0.0,83.85714285714286,57.85714285714285,5.5857142857142845,7.599999999999999,943.92395,7.0,-0.7313537016191705,0.6819983600624985,-1,,0.0,0.0,0.0,0.0,0.0,102.0,grass,9301.0,352.0,304.0,0.0,2270.0,125.0,0.0
fire_00343,Roadrunner Fire,2017-07-30,2017,7,36.0226,-118.94252,2289.0,7.736307096548285,F,Large,102.05857142857144,69.0928571428572,3.2971428571428567,2.414285714285714,18.357142857142858,0.0,83.42857142857143,58.142857142857146,6.442857142857143,7.133333333333331,244.8634,1.0,-0.0348994967025009,0.9993908270190958,-1,,0.0,0.0,0.0,0.0,0.0,102.0,grass,9301.0,324.0,304.0,0.0,2270.0,123.0,0.0
fire_00344,Twist Fire,2017-07-30,2017,7,37.90014,-120.36005,124.0,4.8283137373023015,D,Medium,97.86714285714288,65.31285714285715,2.834285714285714,3.0571428571428574,18.628571428571423,0.0,74.0,58.0,7.457142857142856,9.686666666666667,526.1236,2.0,0.9902680687415704,-0.1391731009600658,-1,,0.0,0.0,0.0,0.0,0.0,102.0,grass,9301.0,348.0,303.0,0.0,2270.0,124.0,0.0
fire_00345,Gorman Fire,2017-07-28,2017,7,34.792882,-118.851943,135.0,4.912654885736052,D,Medium,92.15857142857143,60.2214285714287,2.637142857142857,3.242857142857144,13.671428571428567,0.0,92.42857142857144,71.71428571428571,4.957142857142857,5.880000000000002,1219.0887,11.0,-0.9743700647852352,-0.2249510543438649,1,D1,1.0,1.0,1.0,0.0,0.0,99.0,nonburnable_or_other,9246.0,31.0,31.0,0.0,31.0,31.0,0.0
fire_00346,Placentia Fire,2017-07-28,2017,7,33.81976,-117.18552,63.0,4.158883083359672,C,Small,94.31857142857142,64.87571428571432,2.1228571428571428,2.642857142857143,26.22857142857143,0.3,62.0,46.142857142857146,10.171428571428567,9.973333333333333,489.14468,3.0,-0.0523359562429443,-0.9986295347545738,0,D0,0.0,1.0,0.0,0.0,0.0,91.0,nonburnable_or_other,7297.0,23.0,23.0,0.0,2903.0,23.0,0.0
fire_00347,Willms Fire,2017-07-18,2017,7,37.81827,-120.65764,19.0,2.995732273553991,C,Small,98.99857142857147,67.52428571428568,2.9642857142857144,2.814285714285714,18.357142857142858,0.0,69.85714285714286,53.285714285714285,7.257142857142857,10.96,78.30841,2.0,-0.2419218955996677,-0.9702957262759964,-1,,0.0,0.0,0.0,0.0,0.0,102.0,grass,9301.0,335.0,304.0,0.0,2270.0,123.0,0.0
fire_00348,Humboldt Fire,2017-07-19,2017,7,39.76243,-121.74121,103.0,4.6443908991413725,D,Medium,99.3071428571429,71.20142857142864,3.062857142857144,2.771428571428572,22.57142857142857,0.0,72.42857142857143,47.285714285714285,6.7,9.353333333333332,299.40213,5.0,-0.9781476007338056,0.2079116908177593,-1,,0.0,0.0,0.0,0.0,0.0,144.0,shrub,7114.0,133.0,125.0,35.0,2114.0,103.0,1.0
fire_00349,Minerva Fire,2017-07-29,2017,7,39.9034,-120.9761,4310.0,8.368925174747135,F,Large,83.46714285714287,60.27285714285724,1.92,2.814285714285714,23.58571428571429,0.0,81.57142857142857,59.0,6.314285714285714,7.413333333333332,1657.5176,11.0,-0.2588190451025206,-0.9659258262890684,-1,,0.0,0.0,0.0,0.0,0.0,165.0,timber_understory,7028.0,164.0,133.0,65.0,2028.0,106.0,1.0
fire_00350,Jacksonville Fire,2017-07-29,2017,7,37.905545,-120.408135,675.0,6.516193076042964,E,Medium,98.25285714285718,65.77571428571432,2.8842857142857143,2.9285714285714284,18.5,0.0,75.28571428571429,57.57142857142857,7.2,9.53,402.98428,4.0,0.4067366430757997,-0.9135454576426012,-1,,0.0,0.0,0.0,0.0,0.0,165.0,timber_understory,7114.0,141.0,126.0,45.0,2114.0,104.0,1.0
fire_00351,Zenon Fire,2017-07-20,2017,7,35.06472,-120.5634,47.0,3.871201010907891,C,Small,69.58142857142857,54.38428571428576,0.4885714285714285,3.385714285714285,55.385714285714286,0.0,32.857142857142854,32.285714285714285,16.228571428571428,16.363333333333333,103.605446,1.0,-0.2923717047227371,-0.9563047559630352,0,D0,0.0,1.0,0.0,0.0,0.0,91.0,nonburnable_or_other,7299.0,25.0,25.0,0.0,2905.0,25.0,0.0
fire_00352,Grizzly Fire,2017-07-21,2017,7,39.36902,-120.97586,10.0,2.3978952727983707,C,Small,91.85000000000011,59.5785714285715,2.4785714285714286,2.7142857142857144,18.728571428571428,0.0,80.14285714285714,58.42857142857143,6.0857142857142845,8.54,834.4692,4.0,-0.9743700647852352,-0.2249510543438649,-1,,0.0,0.0,0.0,0.0,0.0,99.0,nonburnable_or_other,7295.0,32.0,32.0,0.0,32.0,32.0,0.0
fire_00353,Ranch Fire,2017-07-26,2017,7,38.559707,-120.70013,140.0,4.948759890378168,D,Medium,91.87571428571432,61.01857142857142,2.3728571428571428,2.0000000000000004,20.342857142857145,0.0,79.14285714285714,51.85714285714285,6.342857142857143,8.763333333333332,728.67834,4.0,-0.0697564737441255,-0.9975640502598242,-1,,0.0,0.0,0.0,0.0,0.0,122.0,grass_shrub,7030.0,128.0,115.0,25.0,2030.0,102.0,1.0
fire_00354,Elephant Fire,2017-07-20,2017,7,36.22265,-119.06598,416.0,6.0330862217988015,E,Medium,101.39000000000001,67.78142857142858,3.3471428571428565,2.8428571428571425,16.185714285714287,0.0,82.0,61.42857142857143,6.3,7.883333333333334,126.95438,5.0,-0.3583679495453007,-0.9335804264972016,-1,,0.0,0.0,0.0,0.0,0.0,91.0,nonburnable_or_other,7299.0,25.0,25.0,0.0,2905.0,25.0,0.0
fire_00355,Latrobe Fire,2017-07-26,2017,7,38.5181,-121.104,1268.0,7.145984467714388,F,Large,97.45571428571427,62.12428571428578,2.704285714285714,3.2285714285714286,19.228571428571428,0.0,69.57142857142857,55.71428571428572,7.542857142857143,10.716666666666663,62.735558,1.0,0.7547095802227719,-0.6560590289905074,-1,,0.0,0.0,0.0,0.0,0.0,102.0,grass,9301.0,344.0,304.0,0.0,2270.0,124.0,0.0
fire_00356,Weller Fire,2017-07-26,2017,7,37.44485,-121.84108,51.0,3.951243718581428,C,Small,85.73000000000005,57.93285714285722,1.6857142857142855,3.685714285714286,26.6,0.0,65.57142857142857,51.142857142857146,8.457142857142857,10.390000000000002,232.99878,9.0,0.1564344650402306,-0.9876883405951378,-1,,0.0,0.0,0.0,0.0,0.0,91.0,nonburnable_or_other,7299.0,25.0,25.0,0.0,2905.0,25.0,0.0
fire_00357,Marble Fire,2017-07-19,2017,7,41.478,-123.506,319.0,5.768320995793772,E,Medium,94.26714285714289,55.25857142857154,2.35,2.414285714285714,22.2,0.0,70.57142857142857,40.285714285714285,6.942857142857142,10.213333333333336,346.58673,17.0,-0.2419218955996677,-0.9702957262759964,-1,,0.0,0.0,0.0,0.0,0.0,162.0,timber_understory,7043.0,156.0,127.0,65.0,2043.0,107.0,1.0
fire_00358,Dollar Fire,2017-07-22,2017,7,34.20152,-117.14466,85.0,4.454347296253507,C,Small,86.11571428571435,64.77285714285713,2.0028571428571427,2.571428571428572,22.928571428571427,0.0,80.71428571428571,56.85714285714285,7.071428571428571,6.556666666666666,1475.7599,19.0,-0.6156614753256581,-0.7880107536067221,0,D0,0.0,1.0,0.0,0.0,0.0,91.0,nonburnable_or_other,7299.0,25.0,25.0,0.0,2905.0,25.0,0.0
fire_00359,Lost Fire,2017-07-22,2017,7,33.34659,-116.66107,255.0,5.545177444479562,D,Medium,88.97000000000006,62.921428571428706,1.96,2.6000000000000005,25.628571428571423,2.8,69.28571428571429,45.57142857142857,8.77142857142857,7.689999999999999,1097.3273,9.0,-0.4539904997395469,-0.8910065241883678,0,D0,0.0,1.0,0.0,0.0,0.0,145.0,shrub,7110.0,235.0,215.0,0.0,2110.0,113.0,0.0
fire_00360,Seine Fire,2017-07-22,2017,7,34.139,-117.199,20.0,3.044522437723423,C,Small,94.52428571428568,67.47285714285714,2.3800000000000003,2.571428571428572,23.41428571428571,0.0,73.85714285714286,53.285714285714285,8.185714285714285,7.736666666666668,500.10886,10.0,-0.9271838545667874,-0.374606593415912,0,D0,0.0,1.0,0.0,0.0,0.0,91.0,nonburnable_or_other,7299.0,25.0,25.0,0.0,2905.0,25.0,0.0
fire_00361,Woodland Fire,2017-07-25,2017,7,38.69775,-120.73757,13.0,2.6390573296152584,C,Small,92.4928571428572,64.77285714285713,2.5742857142857143,2.157142857142857,19.7,0.0,80.28571428571429,53.85714285714285,5.971428571428571,8.65,766.1605,2.0,0.6427876096865393,-0.7660444431189781,-1,,0.0,0.0,0.0,0.0,0.0,165.0,timber_understory,7030.0,163.0,137.0,65.0,2030.0,106.0,1.0
fire_00362,Olive Fire,2017-07-24,2017,7,35.7751,-120.23656,150.0,5.017279836814924,D,Medium,97.8928571428572,59.14142857142856,3.0228571428571427,2.7285714285714286,11.828571428571427,0.0,81.71428571428571,61.0,5.885714285714285,8.979999999999999,517.1644,4.0,-0.5735764363510464,-0.8191520442889916,0,D0,0.0,1.0,0.0,0.0,0.0,144.0,shrub,7105.0,221.0,216.0,0.0,2105.0,114.0,0.0
fire_00363,Spenceville Fire,2017-07-24,2017,7,39.06522,-121.3519,39.0,3.688879454113936,C,Small,98.15,64.38714285714305,2.9528571428571424,2.042857142857143,16.785714285714285,0.0,69.42857142857143,42.142857142857146,6.942857142857143,10.45,50.63894,1.0,0.3907311284892735,-0.9205048534524404,-1,,0.0,0.0,0.0,0.0,0.0,102.0,grass,9301.0,339.0,304.0,0.0,2270.0,123.0,0.0
fire_00364,Castro Fire,2017-07-23,2017,7,36.96607,-121.55552,78.0,4.3694478524670215,C,Small,89.89571428571428,52.86714285714288,1.7785714285714287,4.114285714285715,23.41428571428571,0.0,48.71428571428572,43.285714285714285,12.2,13.646666666666665,53.96889,3.0,0.4848096202463371,0.8746197071393957,-1,,0.0,0.0,0.0,0.0,0.0,121.0,grass_shrub,9301.0,327.0,303.0,0.0,2270.0,122.0,0.0
fire_00365,High Fire,2017-07-23,2017,7,34.41204,-117.03031,170.0,5.14166355650266,D,Medium,97.6357142857144,67.06142857142862,3.1157142857142857,2.657142857142857,15.342857142857142,1.2,90.85714285714286,65.14285714285714,5.57142857142857,5.373333333333334,1022.714,9.0,0.8191520442889918,0.573576436351046,0,D0,0.0,1.0,0.0,0.0,0.0,102.0,grass,7082.0,219.0,204.0,0.0,2082.0,111.0,0.0
fire_00366,Live Fire,2017-07-28,2017,7,40.1583,-122.3209,57.0,4.060443010546419,C,Small,101.93000000000004,68.65571428571425,3.222857142857144,2.871428571428571,19.81428571428572,0.0,78.85714285714286,53.142857142857146,6.642857142857143,7.443333333333333,121.23239,1.0,-0.754709580222772,0.6560590289905073,-1,,0.0,0.0,0.0,0.0,0.0,102.0,grass,9301.0,346.0,302.0,0.0,2270.0,124.0,0.0
fire_00367,Greenhorn Fire,2017-07-27,2017,7,39.16826,-120.95498,15.0,2.772588722239781,C,Small,92.98142857142858,60.71000000000008,2.497142857142857,2.271428571428572,20.38571428571429,0.0,80.42857142857143,54.71428571428572,6.328571428571428,8.213333333333333,694.11725,3.0,-0.8290375725550416,0.5591929034707469,-1,,0.0,0.0,0.0,0.0,0.0,184.0,timber_litter,7030.0,133.0,117.0,45.0,2030.0,104.0,1.0
fire_00368,Falls Fire,2017-08-01,2017,8,37.65986,-120.31157,20.0,3.044522437723423,C,Small,101.59571428571438,68.01285714285716,3.3114285714285714,3.928571428571429,16.428571428571427,0.0,78.85714285714286,68.57142857142857,6.771428571428572,8.333333333333334,338.34378,1.0,0.0871557427476578,-0.9961946980917455,-1,,0.0,0.0,0.0,0.0,0.0,91.0,nonburnable_or_other,7299.0,25.0,25.0,0.0,2905.0,25.0,0.0
fire_00369,Sky Fire,2017-07-29,2017,7,40.69259,-122.17384,17.0,2.8903717578961645,C,Small,101.39000000000001,69.04142857142855,3.162857142857143,2.857142857142857,22.200000000000006,0.0,80.28571428571429,55.142857142857146,6.271428571428571,7.256666666666664,249.89427,4.0,-0.9135454576426008,-0.4067366430758002,-1,,0.0,0.0,0.0,0.0,0.0,188.0,timber_litter,9129.0,139.0,115.0,35.0,2152.0,103.0,1.0
fire_00370,Hill Fire,2017-07-29,2017,7,41.9808,-121.9741,155.0,5.049856007249537,D,Medium,88.58428571428587,52.35285714285718,1.705714285714286,2.757142857142857,26.285714285714285,2.8,56.0,39.0,10.528571428571428,11.373333333333337,1425.5219,5.0,-0.7880107536067219,0.6156614753256584,-1,,0.0,0.0,0.0,0.0,0.0,141.0,shrub,7124.0,219.0,205.0,0.0,2124.0,113.0,0.0
fire_00371,Largo Fire,2017-07-30,2017,7,38.538332,-121.039267,236.0,5.468060141135132,D,Medium,98.81857142857142,63.74428571428574,2.7985714285714285,3.128571428571429,19.91428571428572,0.0,70.28571428571429,55.71428571428572,7.9,10.223333333333334,154.73077,1.0,-0.1391731009600653,0.9902680687415704,-1,,0.0,0.0,0.0,0.0,0.0,102.0,grass,9301.0,331.0,304.0,0.0,2270.0,123.0,0.0
fire_00372,Garden Fire,2017-07-30,2017,7,35.543,-118.654,1350.0,7.208600337960199,F,Large,95.75857142857144,65.4928571428572,2.9314285714285715,2.4285714285714284,15.77142857142857,0.0,88.28571428571429,61.285714285714285,5.742857142857143,6.453333333333334,754.8745,20.0,-0.9961946980917455,0.0871557427476582,-1,,0.0,0.0,0.0,0.0,0.0,102.0,grass,9301.0,358.0,304.0,0.0,2270.0,125.0,0.0
fire_00373,Independence Fire,2017-07-31,2017,7,38.70289,-122.90217,11.0,2.4849066497880004,C,Small,92.28714285714304,53.38142857142858,1.92,4.042857142857143,24.4,0.0,54.285714285714285,47.142857142857146,11.785714285714286,11.253333333333336,112.06681,7.0,0.5591929034707468,0.8290375725550417,-1,,0.0,0.0,0.0,0.0,0.0,185.0,timber_litter,7015.0,162.0,129.0,65.0,2015.0,106.0,1.0
fire_00374,Mile Fire,2017-07-31,2017,7,34.19076,-117.26969,100.0,4.61512051684126,D,Medium,92.69857142857146,67.44714285714282,2.1142857142857143,2.4285714285714284,27.957142857142856,0.0,71.71428571428571,50.142857142857146,8.871428571428572,7.496666666666667,673.2253,20.0,-0.9271838545667874,-0.374606593415912,0,D0,0.0,1.0,0.0,0.0,0.0,142.0,shrub,7110.0,228.0,215.0,0.0,2110.0,114.0,0.0
fire_00375,Rose Fire,2017-07-31,2017,7,33.689092,-117.396404,200.0,5.303304908059076,D,Medium,95.42428571428567,64.56714285714288,2.2585714285714285,2.771428571428572,26.071428571428573,0.0,65.57142857142857,49.142857142857146,9.771428571428572,9.023333333333332,506.58893,9.0,-0.1045284632676535,0.9945218953682732,0,D0,0.0,1.0,0.0,0.0,0.0,121.0,grass_shrub,7914.0,17.0,17.0,0.0,2917.0,17.0,0.0
fire_00376,Sandy Fire,2017-08-02,2017,8,40.79902,-123.39253,32.0,3.49650756146648,C,Small,98.0214285714287,62.124285714285676,2.911428571428572,3.1,18.928571428571423,0.0,75.28571428571429,50.85714285714285,6.757142857142857,8.296666666666669,428.89404,9.0,0.9876883405951378,0.1564344650402308,-1,,0.0,0.0,0.0,0.0,0.0,98.0,nonburnable_or_other,7292.0,11.0,11.0,0.0,11.0,11.0,0.0
fire_00377,Camatta Fire,2017-08-02,2017,8,35.4403,-120.2913,70.0,4.262679877041316,C,Small,100.54142857142855,56.08142857142858,2.91,3.257142857142857,14.542857142857144,0.0,64.71428571428571,53.71428571428572,9.914285714285713,10.26,470.55478,2.0,0.9455185755993168,-0.3255681544571567,0,D0,0.0,1.0,0.0,0.0,0.0,102.0,grass,9301.0,338.0,304.0,0.0,2270.0,123.0,0.0
fire_00378,Red Fire,2017-08-02,2017,8,35.40357,-120.28037,460.0,6.133398042996649,E,Medium,99.66714285714288,59.37285714285714,2.897142857142857,3.3142857142857145,15.414285714285716,0.0,69.28571428571429,57.285714285714285,8.885714285714284,9.51,579.6326,1.0,0.0871557427476581,0.9961946980917455,0,D0,0.0,1.0,0.0,0.0,0.0,145.0,shrub,7105.0,250.0,224.0,0.0,2105.0,115.0,0.0
fire_00379,Saw Fire,2017-08-03,2017,8,40.11794,-123.76099,85.0,4.454347296253507,C,Small,96.04142857142867,61.070000000000064,2.532857142857143,3.728571428571429,22.385714285714283,0.0,57.57142857142857,43.0,9.714285714285715,11.28,567.87415,13.0,-0.3746065934159123,-0.9271838545667872,-1,,0.0,0.0,0.0,0.0,0.0,165.0,timber_understory,7043.0,152.0,131.0,55.0,2043.0,105.0,1.0
fire_00380,Bryant Fire,2017-08-03,2017,8,34.08492,-117.03826,325.0,5.786897381366708,E,Medium,93.98428571428576,66.95857142857145,2.301428571428571,2.2857142857142856,25.12857142857143,2.9,62.285714285714285,34.285714285714285,9.657142857142857,8.216666666666667,885.0831,13.0,-0.5150380749100544,-0.8571673007021121,0,D0,0.0,1.0,0.0,0.0,0.0,99.0,nonburnable_or_other,9246.0,100.0,100.0,0.0,2002.0,100.0,0.0
fire_00381,Rincon Fire,2017-08-03,2017,8,34.23925,-117.85182,10.0,2.3978952727983707,C,Small,92.90428571428582,67.01000000000008,2.4714285714285715,2.271428571428572,21.414285714285715,1.0,73.28571428571429,44.42857142857143,7.885714285714286,7.196666666666666,509.24298,4.0,-0.3907311284892738,0.9205048534524404,0,D0,0.0,1.0,0.0,0.0,0.0,122.0,grass_shrub,7118.0,131.0,115.0,35.0,2118.0,103.0,1.0
fire_00382,Blocksburg Fire,2017-08-03,2017,8,40.27582,-123.64281,30.0,3.4339872044851463,C,Small,98.17571428571432,60.96714285714288,2.75,3.400000000000001,20.628571428571423,0.0,57.57142857142857,43.0,9.657142857142857,11.33,520.7667,8.0,-0.3420201433256687,0.9396926207859084,-1,,0.0,0.0,0.0,0.0,0.0,102.0,grass,9301.0,360.0,303.0,0.0,2270.0,126.0,0.0
fire_00383,Bottle Fire,2017-08-08,2017,8,38.94599,-122.81135,62.0,4.143134726391533,C,Small,97.79000000000002,67.85857142857144,3.1014285714285714,3.6142857142857134,15.62857142857143,0.0,79.28571428571429,57.42857142857143,5.971428571428571,7.7366666666666655,548.2623,5.0,-0.3583679495453007,-0.9335804264972016,-1,,0.0,0.0,0.0,0.0,0.0,145.0,shrub,7105.0,251.0,218.0,0.0,2105.0,115.0,0.0
fire_00384,Stewart Fire,2017-08-04,2017,8,34.009026,-117.239099,122.0,4.812184355372417,D,Medium,96.96714285714287,69.24714285714302,2.3685714285714283,2.3285714285714287,27.38571428571429,8.1,57.142857142857146,32.285714285714285,10.828571428571427,9.06,526.19415,3.0,-0.0174524064372834,-0.9998476951563912,0,D0,0.0,1.0,0.0,0.0,0.0,121.0,grass_shrub,9301.0,325.0,303.0,0.0,2270.0,122.0,0.0
fire_00385,Calgary Fire,2017-08-05,2017,8,35.70639,-118.47307,50.0,3.9318256327243257,C,Small,97.09571428571428,69.71000000000008,2.954285714285714,3.114285714285714,19.371428571428567,0.0,84.28571428571429,64.28571428571429,6.328571428571428,6.416666666666667,930.9262,10.0,-0.6819983600624984,0.7313537016191706,-1,,0.0,0.0,0.0,0.0,0.0,122.0,grass_shrub,9337.0,224.0,217.0,0.0,2270.0,112.0,0.0
fire_00386,Chilcoot Fire,2017-08-06,2017,8,39.75371,-120.1397,1020.0,6.928537818164665,F,Large,88.53285714285713,56.4928571428571,2.202857142857143,3.0,18.014285714285712,6.799999999999999,68.57142857142857,32.714285714285715,7.114285714285715,8.200000000000001,1659.8779,11.0,0.9271838545667874,0.374606593415912,-1,,0.0,0.0,0.0,0.0,0.0,102.0,grass,9336.0,226.0,214.0,0.0,2282.0,112.0,0.0
fire_00387,W-2 Fire,2017-08-06,2017,8,41.11989,-120.74968,530.0,6.274762021241939,E,Medium,91.43857142857138,57.264285714285805,2.4642857142857144,2.9142857142857146,15.55714285714286,6.7,73.42857142857143,51.71428571428572,6.957142857142857,8.423333333333334,1535.9529,1.0,-0.7431448254773941,0.6691306063588583,-1,,0.0,0.0,0.0,0.0,0.0,122.0,grass_shrub,7126.0,232.0,206.0,0.0,2126.0,113.0,0.0
fire_00388,Poslin Fire,2017-08-06,2017,8,39.888,-120.066,859.0,6.756932389247553,E,Medium,92.46714285714287,61.55857142857154,2.628571428571429,2.814285714285714,16.12857142857143,7.9,76.28571428571429,50.42857142857143,6.485714285714286,7.823333333333334,1706.5612,13.0,-0.9135454576426008,0.4067366430758004,-1,,0.0,0.0,0.0,0.0,0.0,121.0,grass_shrub,9308.0,344.0,302.0,0.0,2282.0,113.0,0.0
fire_00389,Reed Fire,2017-08-07,2017,8,33.57139,-116.8247,92.0,4.532599493153256,C,Small,89.58714285714305,65.80142857142864,1.7885714285714285,2.314285714285714,32.81428571428571,13.7,51.71428571428572,18.857142857142858,11.142857142857142,8.506666666666666,1036.9095,9.0,0.0174524064372831,-0.9998476951563912,0,D0,0.0,1.0,0.0,0.0,0.0,145.0,shrub,7110.0,246.0,219.0,0.0,2110.0,114.0,0.0
fire_00390,Country Fire,2017-08-07,2017,8,35.86596,-120.64584,82.0,4.418840607796598,C,Small,99.0500000000001,60.838571428571484,2.768571428571429,3.0,18.1,0.0,66.42857142857143,49.71428571428572,8.857142857142858,9.596666666666666,407.46817,3.0,-0.9993908270190958,0.0348994967025011,0,D0,0.0,1.0,0.0,0.0,0.0,102.0,grass,9301.0,335.0,304.0,0.0,2270.0,123.0,0.0
fire_00391,Ruth Complex,2017-08-07,2017,8,40.17598,-123.36882,4736.0,8.463159302923751,F,Large,98.38142857142859,62.97285714285714,2.88,2.2857142857142856,17.61428571428571,0.0,66.42857142857143,42.0,7.6571428571428575,10.406666666666665,655.74664,2.0,-0.2588190451025206,-0.9659258262890684,-1,,0.0,0.0,0.0,0.0,0.0,188.0,timber_litter,7043.0,154.0,116.0,65.0,2043.0,105.0,1.0
fire_00392,Rose Fire,2017-08-10,2017,8,34.92907,-118.9267,338.0,5.82600010738045,E,Medium,94.11285714285717,70.17285714285714,2.654285714285714,3.014285714285714,22.31428571428572,0.9,84.0,62.285714285714285,6.971428571428571,5.636666666666668,579.8937,15.0,0.882947592858927,0.4694715627858908,0,D0,0.0,1.0,0.0,0.0,0.0,91.0,nonburnable_or_other,7299.0,25.0,25.0,0.0,2905.0,25.0,0.0
fire_00393,Tilton Fire,2017-08-11,2017,8,37.14653,-121.68165,100.0,4.61512051684126,D,Medium,85.5500000000001,57.88142857142858,1.3957142857142857,3.6142857142857134,30.885714285714283,0.0,49.85714285714285,38.85714285714285,12.157142857142857,12.236666666666668,202.77473,5.0,0.3907311284892737,0.9205048534524404,-1,,0.0,0.0,0.0,0.0,0.0,121.0,grass_shrub,7914.0,17.0,17.0,0.0,2917.0,17.0,0.0
fire_00394,Paskenta Fire ,2017-08-10,2017,8,39.87983,-122.5415,15.0,2.772588722239781,C,Small,99.25571428571426,73.95285714285718,3.0,2.042857142857143,23.97142857142857,0.0,75.71428571428571,45.42857142857143,7.328571428571428,7.203333333333332,237.6208,2.0,0.9961946980917455,0.0871557427476581,-1,,0.0,0.0,0.0,0.0,0.0,144.0,shrub,7114.0,135.0,125.0,35.0,2114.0,103.0,1.0
fire_00395,Canyon Fire,2017-08-11,2017,8,38.49336,-122.2483,114.0,4.74493212836325,D,Medium,88.12142857142871,58.96142857142862,1.8171428571428567,4.0,26.428571428571427,0.0,63.285714285714285,49.85714285714285,9.228571428571428,9.836666666666668,229.46848,5.0,0.1391731009600654,0.9902680687415704,-1,,0.0,0.0,0.0,0.0,0.0,188.0,timber_litter,7105.0,237.0,219.0,55.0,2027.0,105.0,1.0
fire_00396,Nuevo Fire,2017-08-13,2017,8,33.797216,-117.124538,19.0,2.995732273553991,C,Small,96.01571428571434,65.46714285714287,2.3542857142857136,2.7571428571428567,23.500000000000004,1.5,60.142857142857146,46.142857142857146,10.571428571428571,10.04,546.81616,10.0,0.9781476007338056,-0.2079116908177598,0,D0,0.0,1.0,0.0,0.0,0.0,122.0,grass_shrub,7092.0,226.0,213.0,0.0,2092.0,112.0,0.0
fire_00397,Yankee Fire,2017-08-11,2017,8,35.7908,-120.77485,775.0,6.654152520183219,E,Medium,96.37571428571432,57.0071428571429,2.205714285714285,3.0857142857142854,21.5,0.0,59.285714285714285,47.57142857142857,11.457142857142856,10.18,196.97919,3.0,0.8746197071393959,-0.4848096202463369,0,D0,0.0,1.0,0.0,0.0,0.0,101.0,grass,7662.0,325.0,304.0,0.0,2916.0,16.0,0.0
fire_00398,Ward Fire,2017-08-13,2017,8,41.99279,-122.9401,41.0,3.737669618283368,C,Small,77.42428571428567,59.91285714285716,1.2128571428571426,2.614285714285714,35.18571428571428,7.300000000000001,55.42857142857143,28.571428571428573,9.428571428571429,10.406666666666666,1482.7836,19.0,0.9902680687415704,-0.1391731009600658,-1,,0.0,0.0,0.0,0.0,0.0,165.0,timber_understory,7028.0,159.0,124.0,55.0,2028.0,105.0,1.0
fire_00399,Blaine Fire,2017-08-13,2017,8,33.98212,-117.30819,1500.0,7.313886831633462,F,Large,95.52714285714286,65.08142857142857,2.2014285714285715,2.7285714285714286,25.4,8.8,52.71428571428572,41.0,11.957142857142856,10.853333333333332,393.7067,13.0,0.1736481776669299,-0.984807753012208,0,D0,0.0,1.0,0.0,0.0,0.0,122.0,grass_shrub,7092.0,222.0,211.0,0.0,2092.0,112.0,0.0
fire_00400,Coronado Fire,2017-08-13,2017,8,37.62823,-120.30046,125.0,4.836281906951478,D,Medium,98.0214285714287,65.4928571428572,2.742857142857143,4.714285714285714,19.97142857142857,0.0,74.71428571428571,69.28571428571429,8.328571428571427,7.656666666666666,423.8802,6.0,0.6819983600624985,0.7313537016191705,-1,,0.0,0.0,0.0,0.0,0.0,144.0,shrub,7114.0,138.0,135.0,35.0,2114.0,103.0,1.0
fire_00401,Empire Fire,2017-08-01,2017,8,37.644,-119.618,8094.0,8.999001866111735,G,Extreme,76.49857142857147,52.738571428571376,1.4442857142857144,2.6,25.67142857142857,0.0,78.57142857142857,55.142857142857146,6.985714285714286,7.35,2254.0676,6.0,0.4539904997395468,0.8910065241883678,-1,,0.0,0.0,0.0,0.0,0.0,184.0,timber_litter,7098.0,230.0,212.0,25.0,2032.0,104.0,1.0
fire_00402,South Fork Fire,2017-08-14,2017,8,37.538,-119.598,7000.0,8.853808274977197,G,Extreme,80.43285714285722,52.48142857142858,1.4214285714285713,2.671428571428572,27.65714285714285,6.2,67.28571428571429,48.42857142857143,9.242857142857144,8.193333333333332,1516.0718,13.0,-0.6018150231520483,-0.7986355100472928,-1,,0.0,0.0,0.0,0.0,0.0,162.0,timber_understory,7105.0,239.0,214.0,25.0,2027.0,104.0,1.0
fire_00403,Mias Fire,2017-08-14,2017,8,33.95036,-116.88066,600.0,6.398594934535208,E,Medium,94.31857142857152,64.07857142857151,2.4842857142857144,3.0857142857142854,19.871428571428567,4.7,66.71428571428571,53.0,8.8,9.04,857.9014,5.0,-0.9702957262759964,0.2419218955996677,0,D0,0.0,1.0,0.0,0.0,0.0,122.0,grass_shrub,7110.0,224.0,206.0,0.0,2110.0,112.0,0.0
fire_00404,Corner Fire,2017-08-17,2017,8,40.92602,-121.5935,17.0,2.8903717578961645,C,Small,90.12714285714296,48.75285714285728,2.0171428571428573,2.314285714285714,19.071428571428573,0.5,61.142857142857146,44.285714285714285,11.385714285714286,9.44,984.7526,8.0,-0.2588190451025206,-0.9659258262890684,-1,,0.0,0.0,0.0,0.0,0.0,122.0,grass_shrub,7105.0,250.0,212.0,0.0,2105.0,115.0,0.0
fire_00405,Hills Fire,2017-08-19,2017,8,33.87679,-117.00258,168.0,5.1298987149230735,D,Medium,90.23000000000005,59.27000000000006,1.92,2.7285714285714286,25.042857142857144,3.5,59.85714285714285,45.57142857142857,10.742857142857144,10.04,652.19165,5.0,0.0523359562429439,-0.9986295347545738,0,D0,0.0,1.0,0.0,0.0,0.0,121.0,grass_shrub,7092.0,228.0,211.0,0.0,2092.0,112.0,0.0
fire_00406,Beale Fire,2017-08-20,2017,8,39.1234,-121.32957,867.0,6.766191714660351,E,Medium,90.15285714285719,61.455714285714365,1.8385714285714283,2.414285714285714,29.65714285714285,0.0,63.0,45.42857142857143,11.05714285714286,8.613333333333333,109.07325,3.0,-0.6560590289905073,-0.754709580222772,-1,,0.0,0.0,0.0,0.0,0.0,102.0,grass,9301.0,344.0,302.0,0.0,2270.0,124.0,0.0
fire_00407,Toll Fire,2017-08-20,2017,8,39.9864,-120.89746,186.0,5.231108616854587,D,Medium,88.45571428571446,53.381428571428685,2.182857142857143,3.2285714285714286,15.62857142857143,2.3,79.42857142857143,62.85714285714285,7.371428571428573,6.79,1226.3174,14.0,-0.1736481776669303,-0.984807753012208,-1,,0.0,0.0,0.0,0.0,0.0,102.0,grass,7027.0,139.0,111.0,0.0,2270.0,123.0,0.0
fire_00408,Eclipse Complex,2017-08-15,2017,8,41.841,-123.474,78698.0,11.27338572784446,G,Extreme,88.8928571428572,58.31857142857152,1.971428571428572,2.8999999999999995,25.557142857142853,4.7,67.0,37.42857142857143,8.471428571428572,8.043333333333333,1223.0452,18.0,0.7431448254773942,-0.6691306063588581,-1,,0.0,0.0,0.0,0.0,0.0,183.0,timber_litter,9129.0,143.0,115.0,45.0,2914.0,14.0,1.0
fire_00409,Indian Fire,2017-08-02,2017,8,36.257,-118.296,2295.0,7.738923757439457,F,Large,73.49000000000002,48.75285714285728,1.38,2.242857142857143,18.428571428571427,2.4,83.0,56.142857142857146,6.614285714285714,6.510000000000001,2513.6064,23.0,-0.90630778703665,0.4226182617406995,-1,,0.0,0.0,0.0,0.0,0.0,121.0,grass_shrub,7098.0,231.0,209.0,0.0,2098.0,113.0,0.0
fire_00410,Eclipse Fire,2017-08-21,2017,8,32.65003,-116.42907,200.0,5.303304908059076,D,Medium,84.59857142857146,47.287142857143046,1.4528571428571426,3.314285714285714,24.87142857142857,9.9,47.85714285714285,42.285714285714285,13.485714285714286,12.706666666666669,929.5562,6.0,-0.9135454576426008,0.4067366430758004,0,D0,0.0,1.0,0.0,0.0,0.0,142.0,shrub,7110.0,227.0,208.0,0.0,2110.0,113.0,0.0
fire_00411,Young Fire,2017-08-07,2017,8,41.853,-123.676,3142.0,8.052933036797567,F,Large,90.02428571428568,66.08428571428576,2.454285714285714,2.557142857142857,20.65714285714285,0.0,70.71428571428571,43.57142857142857,6.485714285714286,9.576666666666666,1284.5571,27.0,0.573576436351046,-0.8191520442889918,-1,,0.0,0.0,0.0,0.0,0.0,162.0,timber_understory,7028.0,151.0,116.0,35.0,2028.0,107.0,1.0
fire_00412,Parker 2 Fire,2017-08-03,2017,8,41.466,-120.321,7697.0,8.948715833843691,G,Extreme,86.1928571428572,55.67000000000006,2.051428571428572,2.3714285714285714,17.114285714285714,11.200000000000005,65.14285714285714,47.285714285714285,9.342857142857143,9.379999999999995,1736.7119,10.0,-0.8191520442889918,-0.5735764363510462,-1,,0.0,0.0,0.0,0.0,0.0,99.0,nonburnable_or_other,7733.0,100.0,100.0,0.0,2003.0,100.0,0.0
fire_00413,Range Fire,2017-08-22,2017,8,37.72543,-121.90516,200.0,5.303304908059076,D,Medium,83.00428571428561,58.13857142857158,1.4,4.342857142857143,32.7,0.0,50.57142857142857,45.42857142857143,13.028571428571428,10.820000000000002,127.16807,2.0,-0.8987940462991669,-0.4383711467890774,-1,,0.0,0.0,0.0,0.0,0.0,102.0,grass,9301.0,336.0,303.0,0.0,2270.0,123.0,0.0
fire_00414,Juniper Fire,2017-08-23,2017,8,36.099681,-120.443545,31.0,3.4657359027997265,C,Small,95.99000000000002,62.895714285714384,2.4171428571428573,2.542857142857143,23.042857142857144,0.0,70.57142857142857,51.0,9.971428571428572,6.913333333333333,340.76404,7.0,-0.8910065241883678,0.4539904997395468,0,D0,0.0,1.0,0.0,0.0,0.0,121.0,grass_shrub,9301.0,325.0,303.0,0.0,2270.0,122.0,0.0
fire_00415,Montezuma Fire,2017-08-26,2017,8,33.20988,-116.46989,62.0,4.143134726391533,C,Small,89.99857142857147,68.52714285714296,2.4200000000000004,1.9285714285714288,22.4,11.8,78.14285714285714,50.42857142857143,6.771428571428572,7.873333333333333,1150.6324,11.0,-0.3255681544571566,0.9455185755993168,0,D0,0.0,1.0,0.0,0.0,0.0,121.0,grass_shrub,9310.0,228.0,212.0,0.0,2275.0,112.0,0.0
fire_00416,Peg Fire,2017-08-26,2017,8,40.80968,-120.48641,157.0,5.062595033026967,D,Medium,85.13857142857158,50.24428571428574,2.032857142857143,2.6142857142857143,14.185714285714283,9.2,76.42857142857143,51.0,6.828571428571429,7.826666666666667,1726.5413,6.0,0.9271838545667874,0.374606593415912,-1,,0.0,0.0,0.0,0.0,0.0,122.0,grass_shrub,7017.0,116.0,107.0,15.0,2017.0,101.0,1.0
fire_00417,Vestal Fire,2017-08-26,2017,8,40.29831,-122.70449,40.0,3.713572066704308,C,Small,99.10142857142864,66.1357142857143,3.0285714285714285,2.0,18.27142857142857,1.7,74.14285714285714,44.42857142857143,7.285714285714286,7.646666666666666,332.00732,4.0,0.9271838545667872,-0.3746065934159123,-1,,0.0,0.0,0.0,0.0,0.0,144.0,shrub,7105.0,242.0,209.0,0.0,2105.0,114.0,0.0
fire_00418,Flat Fire,2017-08-26,2017,8,36.93332,-119.43376,111.0,4.718498871295094,D,Medium,96.24714285714302,66.95857142857145,2.5157142857142856,2.571428571428572,23.742857142857144,0.0,69.0,48.0,9.028571428571428,7.560000000000001,551.69,11.0,0.7071067811865474,-0.7071067811865477,-1,,0.0,0.0,0.0,0.0,0.0,102.0,grass,9301.0,348.0,304.0,0.0,2270.0,124.0,0.0
fire_00419,Mines Fire,2017-08-27,2017,8,37.56181,-121.56425,44.0,3.80666248977032,C,Small,88.17285714285714,67.1642857142857,2.364285714285714,3.0285714285714285,22.1,0.0,74.85714285714286,48.57142857142857,7.357142857142857,6.643333333333333,705.0419,7.0,0.1045284632676529,-0.9945218953682734,-1,,0.0,0.0,0.0,0.0,0.0,145.0,shrub,7105.0,242.0,221.0,0.0,2105.0,114.0,0.0
fire_00420,Bodega Fire,2017-08-27,2017,8,38.26294,-122.71998,18.0,2.9444389791664403,C,Small,80.7928571428572,53.09857142857146,1.137142857142857,4.071428571428571,39.87142857142857,0.0,37.57142857142857,33.42857142857143,15.142857142857142,14.423333333333336,42.877613,3.0,-0.0174524064372834,0.9998476951563912,-1,,0.0,0.0,0.0,0.0,0.0,102.0,grass,7924.0,340.0,302.0,0.0,2911.0,124.0,0.0
fire_00421,Canyon Fire,2017-08-27,2017,8,33.6444,-117.3968,46.0,3.8501476017100575,C,Small,91.46428571428581,64.77285714285713,2.04,2.8000000000000003,28.84285714285713,0.7,63.71428571428572,48.285714285714285,10.357142857142858,8.759999999999998,842.3717,8.0,0.5877852522924731,0.8090169943749475,0,D0,0.0,1.0,0.0,0.0,0.0,121.0,grass_shrub,7110.0,355.0,303.0,0.0,2110.0,114.0,0.0
fire_00422,Hill Fire,2017-08-27,2017,8,36.7279,-119.28241,69.0,4.248495242049359,C,Small,97.04428571428573,67.62714285714286,2.692857142857143,2.071428571428572,22.514285714285712,0.0,68.85714285714286,46.0,9.085714285714284,7.773333333333331,431.92227,11.0,-0.7193398003386511,-0.6946583704589973,-1,,0.0,0.0,0.0,0.0,0.0,122.0,grass_shrub,9337.0,219.0,209.0,0.0,2270.0,111.0,0.0
fire_00423,Translator Fire,2017-08-28,2017,8,41.02705,-123.63721,40.0,3.713572066704308,C,Small,93.29000000000002,59.29571428571438,2.5585714285714287,2.9285714285714284,18.14285714285714,0.4,76.57142857142857,50.142857142857146,6.871428571428572,7.620000000000002,191.86662,15.0,0.1045284632676529,-0.9945218953682734,-1,,0.0,0.0,0.0,0.0,0.0,122.0,grass_shrub,7029.0,150.0,121.0,55.0,2029.0,105.0,1.0
fire_00424,Sandra Fire,2017-08-28,2017,8,38.34421,-120.72274,10.0,2.3978952727983707,C,Small,94.9357142857144,66.34142857142857,2.682857142857143,2.3285714285714287,21.442857142857143,0.0,71.14285714285714,50.0,8.22857142857143,8.126666666666667,498.8155,5.0,0.9743700647852352,-0.2249510543438653,-1,,0.0,0.0,0.0,0.0,0.0,144.0,shrub,7114.0,135.0,124.0,35.0,2114.0,103.0,1.0
fire_00425,Pier Fire,2017-08-29,2017,8,36.15356,-118.74103,36556.0,10.506627965308455,G,Extreme,93.70142857142864,66.80428571428583,2.812857142857143,1.657142857142857,16.242857142857144,1.5,82.57142857142857,51.42857142857143,6.542857142857144,6.5633333333333335,701.39874,23.0,-0.8746197071393959,-0.4848096202463369,-1,,0.0,0.0,0.0,0.0,0.0,144.0,shrub,7105.0,236.0,214.0,0.0,2105.0,113.0,0.0
fire_00426,Bradley Fire,2017-08-28,2017,8,41.222,-122.27499,54.0,4.007333185232471,C,Small,93.57285714285715,55.36142857142862,2.427142857142857,2.7285714285714286,17.1,4.0,71.71428571428571,48.0,7.971428571428571,8.016666666666664,767.8537,2.0,-0.6156614753256581,-0.7880107536067221,-1,,0.0,0.0,0.0,0.0,0.0,91.0,nonburnable_or_other,7299.0,25.0,25.0,0.0,2905.0,25.0,0.0
fire_00427,Ponderosa Fire,2017-08-29,2017,8,39.57701,-121.30209,4016.0,8.298290634359283,F,Large,97.84142857142857,69.01571428571434,3.3157142857142854,2.728571428571428,15.871428571428572,0.0,82.71428571428571,60.71428571428572,6.214285714285714,6.976666666666666,778.02655,5.0,-0.9135454576426008,0.4067366430758004,-1,,0.0,0.0,0.0,0.0,0.0,183.0,timber_litter,7105.0,231.0,212.0,25.0,2030.0,104.0,1.0
fire_00428,Railroad Fire,2017-08-29,2017,8,37.44663,-119.64622,12407.0,9.426096704856375,G,Extreme,88.94428571428574,60.761428571428624,2.1542857142857144,2.442857142857143,22.128571428571423,1.7000000000000002,70.85714285714286,48.285714285714285,7.871428571428572,8.15,1460.6831,15.0,-0.6819983600624984,0.7313537016191706,-1,,0.0,0.0,0.0,0.0,0.0,165.0,timber_understory,7028.0,154.0,128.0,55.0,2028.0,105.0,1.0
fire_00429,Mud Fire,2017-08-29,2017,8,40.43962,-120.22215,6042.0,8.706655856361559,G,Extreme,91.10428571428582,52.17285714285714,2.468571428571429,2.628571428571429,12.55714285714286,5.199999999999999,83.28571428571429,60.85714285714285,6.357142857142857,6.886666666666668,1373.6367,0.0,0.5299192642332049,0.8480480961564261,-1,,0.0,0.0,0.0,0.0,0.0,122.0,grass_shrub,9030.0,225.0,205.0,0.0,2154.0,112.0,0.0
fire_00430,Owens Fire,2017-08-29,2017,8,41.99483,-121.90077,55.0,4.02535169073515,C,Small,87.65857142857143,44.97285714285734,1.5357142857142858,2.271428571428572,24.2,9.0,40.71428571428572,27.0,14.285714285714286,13.68666666666667,1274.4471,3.0,-1.0,1.2246467991473532e-16,-1,,0.0,0.0,0.0,0.0,0.0,102.0,grass,7967.0,356.0,305.0,0.0,2967.0,125.0,0.0
fire_00431,Slinkard Fire,2017-08-29,2017,8,38.655,-119.55425,8925.0,9.096723645189217,G,Extreme,86.65571428571447,54.6928571428571,2.0342857142857143,2.357142857142857,18.84285714285715,41.89999999999999,66.28571428571429,41.85714285714285,8.114285714285712,8.973333333333333,1865.9531,11.0,-0.0871557427476582,0.9961946980917455,-1,,0.0,0.0,0.0,0.0,0.0,102.0,grass,9308.0,340.0,301.0,0.0,2273.0,124.0,0.0
fire_00432,4-4 Fire,2017-08-30,2017,8,41.4844,-120.36659,28.0,3.367295829986474,C,Small,85.91000000000008,51.96714285714288,1.975714285714285,2.071428571428572,16.428571428571427,19.7,65.0,38.42857142857143,8.17142857142857,10.146666666666668,1667.3962,13.0,-0.1391731009600658,-0.9902680687415704,-1,,0.0,0.0,0.0,0.0,0.0,122.0,grass_shrub,7017.0,126.0,109.0,25.0,2017.0,102.0,1.0
fire_00433,Pleasant Fire,2017-08-30,2017,8,39.34292,-121.12004,392.0,5.973809611869261,E,Medium,100.87571428571432,66.18714285714304,3.4657142857142853,2.4,14.771428571428572,0.3,80.57142857142857,56.85714285714285,6.342857142857143,7.579999999999999,579.1641,3.0,0.0523359562429439,-0.9986295347545738,-1,,0.0,0.0,0.0,0.0,0.0,145.0,shrub,7105.0,,221.0,0.0,2105.0,115.0,0.0
fire_00434,4-10 Fire,2017-08-30,2017,8,41.64469,-120.31814,27.0,3.332204510175204,C,Small,82.51571428571424,54.79571428571438,1.89,2.1,16.814285714285713,15.1,71.28571428571429,41.57142857142857,7.0857142857142845,9.189999999999998,1894.2081,15.0,0.3746065934159119,-0.9271838545667874,-1,,0.0,0.0,0.0,0.0,0.0,189.0,timber_litter,7027.0,136.0,119.0,35.0,2027.0,103.0,1.0
fire_00435,Coalinga Fire,2017-08-30,2017,8,36.36113,-120.32685,102.0,4.634728988229636,D,Medium,104.39857142857146,69.42714285714285,3.665714285714286,2.1142857142857143,15.014285714285716,0.0,75.28571428571429,51.57142857142857,7.742857142857142,7.393333333333333,157.34459,2.0,0.3420201433256688,0.9396926207859084,0,D0,0.0,1.0,0.0,0.0,0.0,102.0,grass,7980.0,125.0,106.0,25.0,2960.0,102.0,1.0
fire_00436,Miller Fire,2017-08-31,2017,8,40.03697,-123.64214,34.0,3.555348061489413,C,Small,94.75571428571426,60.50428571428572,2.702857142857144,5.128571428571428,17.228571428571428,0.0,74.0,61.142857142857146,6.9,8.433333333333332,730.1275,2.0,0.9902680687415704,0.1391731009600654,-1,,0.0,0.0,0.0,0.0,0.0,165.0,timber_understory,7043.0,179.0,125.0,75.0,2043.0,107.0,1.0
fire_00437,Helena - Fork Fire,2017-08-30,2017,8,40.76025,-123.10003,21846.0,9.991818891326092,G,Extreme,97.09571428571428,56.46714285714288,2.87,2.171428571428572,13.842857142857142,3.9,75.85714285714286,44.85714285714285,6.671428571428572,7.996666666666667,495.71045,18.0,0.6819983600624985,0.7313537016191705,-1,,0.0,0.0,0.0,0.0,0.0,187.0,timber_litter,7030.0,151.0,125.0,65.0,2030.0,107.0,1.0
fire_00438,Castaic Fire,2017-08-31,2017,8,34.52055,-118.62882,30.0,3.4339872044851463,C,Small,98.63857142857158,68.96428571428581,3.0485714285714285,2.028571428571428,18.914285714285715,1.4,67.42857142857143,46.0,8.457142857142857,9.163333333333334,478.38336,5.0,-0.9986295347545738,-0.0523359562429435,1,D1,1.0,1.0,1.0,0.0,0.0,121.0,grass_shrub,9301.0,335.0,302.0,0.0,2092.0,111.0,0.0
fire_00439,Border Fire,2017-09-01,2017,9,32.6001,-116.76997,130.0,4.875197323201151,D,Medium,99.6928571428571,66.11000000000008,2.741428571428571,2.3999999999999995,22.714285714285715,9.3,49.42857142857143,36.85714285714285,11.457142857142856,13.22,419.1128,5.0,-0.9945218953682732,-0.1045284632676535,0,D0,0.0,1.0,0.0,0.0,0.0,91.0,nonburnable_or_other,7297.0,23.0,23.0,0.0,2903.0,23.0,0.0
fire_00440,Summit Complex,2017-07-31,2017,7,38.329,-119.782,5247.0,8.565602330623925,G,Extreme,75.3928571428572,49.37000000000006,1.227142857142857,2.1142857142857143,28.928571428571427,0.0,73.28571428571429,48.285714285714285,7.985714285714286,8.213333333333335,2314.503,31.0,0.9455185755993168,0.3255681544571567,-1,,0.0,0.0,0.0,0.0,0.0,165.0,timber_understory,7028.0,129.0,112.0,35.0,2028.0,103.0,1.0
fire_00441,Ellie Fire,2017-09-10,2017,9,33.73547,-117.33364,34.0,3.555348061489413,C,Small,92.44142857142856,61.58428571428576,1.7914285714285714,2.957142857142857,29.414285714285715,8.5,53.42857142857143,42.142857142857146,11.614285714285714,11.76,591.1859,6.0,-0.9743700647852352,-0.2249510543438649,0,D0,0.0,1.0,0.0,0.0,0.0,121.0,grass_shrub,9301.0,327.0,302.0,0.0,2270.0,122.0,0.0
fire_00442,Creek Fire,2017-09-03,2017,9,38.12,-119.941,1749.0,7.467371066917559,F,Large,81.71857142857152,57.44428571428574,1.7899999999999998,3.271428571428572,20.571428571428573,4.3,71.14285714285714,56.57142857142857,7.457142857142857,8.983333333333336,2099.5637,3.0,-0.9945218953682732,-0.1045284632676535,-1,,0.0,0.0,0.0,0.0,0.0,121.0,grass_shrub,7029.0,135.0,109.0,0.0,2098.0,114.0,0.0
fire_00443,Hopper Fire,2017-09-01,2017,9,40.71923,-122.02525,25.0,3.258096538021482,C,Small,101.21000000000008,65.15857142857143,3.5471428571428576,3.5,12.314285714285711,1.3,84.28571428571429,69.42857142857143,5.9,7.206666666666666,613.27374,5.0,-0.8987940462991669,-0.4383711467890774,-1,,0.0,0.0,0.0,0.0,0.0,102.0,grass,7924.0,350.0,305.0,0.0,2911.0,125.0,0.0
fire_00444,Caldwell Fire,2017-09-01,2017,9,35.76,-118.406,1319.0,7.1853870155804165,F,Large,93.80428571428583,67.98714285714304,2.7157142857142857,2.257142857142857,16.842857142857145,5.5,76.71428571428571,39.42857142857143,6.457142857142857,6.73,1218.0924,25.0,-0.6018150231520483,-0.7986355100472928,-1,,0.0,0.0,0.0,0.0,0.0,144.0,shrub,7114.0,130.0,108.0,35.0,2114.0,103.0,1.0
fire_00445,La Tuna Fire ,2017-09-01,2017,9,34.22957,-118.2674,7194.0,8.881141619321468,G,Extreme,98.7928571428572,73.90142857142874,3.12,2.1000000000000005,19.67142857142857,0.0,68.57142857142857,46.71428571428572,7.942857142857142,9.356666666666666,503.927,6.0,-0.1218693434051473,0.992546151641322,0,D0,0.0,1.0,0.0,0.0,0.0,91.0,nonburnable_or_other,7299.0,25.0,25.0,0.0,2905.0,25.0,0.0
fire_00446,Mission Fire,2017-09-03,2017,9,37.21616,-119.48067,1037.0,6.945051063725834,F,Large,99.89857142857156,71.07285714285715,3.3642857142857143,2.342857142857143,14.942857142857145,0.0,82.14285714285714,57.285714285714285,5.985714285714286,7.326666666666666,889.2686,11.0,-0.3907311284892738,-0.9205048534524404,-1,,0.0,0.0,0.0,0.0,0.0,162.0,timber_understory,7105.0,237.0,218.0,0.0,2105.0,115.0,0.0
fire_00447,Parkfield Fire,2017-09-03,2017,9,36.09486,-120.52189,100.0,4.61512051684126,D,Medium,104.50142857142865,69.11857142857153,3.852857142857143,2.2857142857142856,11.042857142857144,0.0,75.14285714285714,50.57142857142857,6.514285714285714,8.326666666666666,472.78995,4.0,-0.6018150231520483,-0.7986355100472928,0,D0,0.0,1.0,0.0,0.0,0.0,122.0,grass_shrub,9337.0,230.0,211.0,0.0,2270.0,113.0,0.0
fire_00448,Palmer Fire,2017-09-02,2017,9,33.97471,-117.09984,3800.0,8.24301946898925,F,Large,103.24142857142856,74.00428571428583,3.704285714285714,2.171428571428572,14.557142857142855,4.3,64.57142857142857,34.285714285714285,7.942857142857142,9.766666666666667,603.4974,4.0,0.9612616959383188,0.2756373558169991,0,D0,0.0,1.0,0.0,0.0,0.0,122.0,grass_shrub,7092.0,222.0,223.0,0.0,2092.0,113.0,0.0
fire_00449,Margarita Fire,2017-09-03,2017,9,35.31886,-120.50886,120.0,4.795790545596741,D,Medium,105.37571428571432,59.9642857142858,3.622857142857143,2.671428571428572,11.414285714285716,0.3,57.85714285714285,45.42857142857143,9.571428571428571,11.82333333333333,398.72403,4.0,0.1218693434051476,-0.992546151641322,0,D0,0.0,1.0,0.0,0.0,0.0,91.0,nonburnable_or_other,7299.0,25.0,25.0,0.0,2905.0,25.0,0.0
fire_00450,Mule Fire,2017-09-05,2017,9,39.01748,-122.49327,21.0,3.091042453358316,C,Small,101.41571428571434,74.44142857142856,4.118571428571428,2.9,8.828571428571427,0.0,91.85714285714286,58.285714285714285,3.9,5.9,604.10925,8.0,-0.9945218953682732,-0.1045284632676535,-1,,0.0,0.0,0.0,0.0,0.0,91.0,nonburnable_or_other,7299.0,25.0,25.0,0.0,2905.0,25.0,0.0
fire_00451,Mills File,2017-09-03,2017,9,40.13278,-120.9204,79.0,4.382026634673881,C,Small,96.0928571428572,50.01285714285716,2.91,3.485714285714286,8.285714285714286,2.8,84.71428571428571,70.71428571428571,5.828571428571428,7.393333333333333,1093.7527,8.0,0.8191520442889918,0.573576436351046,-1,,0.0,0.0,0.0,0.0,0.0,188.0,timber_litter,7027.0,132.0,112.0,55.0,2027.0,106.0,1.0
fire_00452,Bally Fire,2017-09-03,2017,9,36.99092,-121.59899,100.0,4.61512051684126,D,Medium,96.94142857142856,58.49857142857146,2.697142857142857,2.7571428571428567,16.928571428571427,0.0,50.285714285714285,36.85714285714285,11.014285714285716,13.123333333333331,154.75204,14.0,0.4848096202463371,0.8746197071393957,-1,,0.0,0.0,0.0,0.0,0.0,144.0,shrub,7105.0,232.0,217.0,0.0,2105.0,115.0,0.0
fire_00453,Peak Fire,2017-09-03,2017,9,37.37397,-119.83556,680.0,6.523562306149512,E,Medium,102.70142857142864,72.66714285714288,3.6628571428571424,2.371428571428571,14.771428571428572,0.0,77.85714285714286,53.42857142857143,6.271428571428571,7.933333333333334,495.72272,7.0,-0.9975640502598242,-0.0697564737441252,-1,,0.0,0.0,0.0,0.0,0.0,122.0,grass_shrub,7264.0,139.0,124.0,35.0,2264.0,103.0,1.0
fire_00454,R-4 Fire,2017-08-30,2017,8,40.69573,-119.93499,18618.0,9.831937843696052,G,Extreme,86.11571428571423,56.77571428571432,2.147142857142857,2.814285714285714,16.5,11.3,77.85714285714286,58.71428571428572,6.914285714285714,7.656666666666667,1735.6113,2.0,-0.9743700647852352,0.2249510543438652,-1,,0.0,0.0,0.0,0.0,0.0,102.0,grass,9308.0,344.0,301.0,0.0,2273.0,123.0,0.0
fire_00455,Cove Fire,2017-09-23,2017,9,35.76343,-121.04445,25.0,3.258096538021482,C,Small,80.35571428571426,43.55857142857144,1.3557142857142856,3.785714285714285,23.62857142857143,2.2,50.71428571428572,43.85714285714285,14.157142857142857,10.28,326.06992,4.0,-0.882947592858927,0.4694715627858907,0,D0,0.0,1.0,0.0,0.0,0.0,122.0,grass_shrub,9301.0,343.0,302.0,55.0,2118.0,105.0,1.0
fire_00456,Bradley Fire,2017-08-28,2017,8,41.222,-122.292,54.0,4.007333185232471,C,Small,89.48428571428576,57.05857142857144,2.207142857142857,2.7,19.25714285714286,5.8,68.14285714285714,40.0,8.0,8.116666666666667,1240.6467,29.0,0.0174524064372836,0.9998476951563912,-1,,0.0,0.0,0.0,0.0,0.0,122.0,grass_shrub,7261.0,136.0,113.0,35.0,2261.0,103.0,1.0
fire_00457,Sandy Fire,2017-08-02,2017,8,40.804,-123.375,32.0,3.49650756146648,C,Small,98.0214285714287,62.124285714285676,2.911428571428572,3.1,18.928571428571423,0.0,75.28571428571429,50.85714285714285,6.757142857142857,8.296666666666669,664.18195,18.0,-0.9975640502598242,-0.0697564737441252,-1,,0.0,0.0,0.0,0.0,0.0,188.0,timber_litter,7043.0,150.0,121.0,65.0,2043.0,106.0,1.0
fire_00458,Table Fire,2017-09-19,2017,9,37.896778,-120.504134,39.0,3.688879454113936,C,Small,83.8785714285715,58.60142857142864,1.6485714285714284,3.114285714285714,27.5,0.0,65.71428571428571,51.42857142857143,10.242857142857144,8.176666666666668,375.50507,2.0,0.6156614753256583,0.788010753606722,-1,,0.0,0.0,0.0,0.0,0.0,102.0,grass,9301.0,331.0,304.0,0.0,2270.0,123.0,0.0
fire_00459,Border 9 Fire,2017-09-07,2017,9,32.59252,-116.61609,25.0,3.258096538021482,C,Small,90.6928571428571,65.39000000000001,1.9514285714285715,2.8285714285714287,32.714285714285715,0.3,56.71428571428572,43.285714285714285,9.785714285714286,12.29,695.46924,9.0,-0.8829475928589269,-0.4694715627858908,0,D0,0.0,1.0,0.0,0.0,0.0,102.0,grass,7110.0,229.0,214.0,0.0,2129.0,125.0,0.0
fire_00460,Linne Fire,2017-09-26,2017,9,35.5956,-120.56068,74.0,4.31748811353631,C,Small,79.32714285714296,45.23000000000004,1.32,3.871428571428571,23.342857142857145,2.8,46.85714285714285,43.85714285714285,14.042857142857144,11.990000000000002,317.38403,4.0,-0.3090169943749475,-0.9510565162951536,0,D0,0.0,1.0,0.0,0.0,0.0,93.0,nonburnable_or_other,7981.0,61.0,61.0,0.0,2961.0,61.0,0.0
fire_00461,Pine Fire,2017-09-11,2017,9,36.17297,-120.87609,43.0,3.784189633918261,C,Small,91.10428571428582,58.73000000000004,1.7714285714285716,3.857142857142857,28.51428571428572,0.0,53.42857142857143,48.42857142857143,12.657142857142857,11.416666666666668,378.53082,8.0,-0.8290375725550417,-0.5591929034707467,0,D0,0.0,1.0,0.0,0.0,0.0,99.0,nonburnable_or_other,9062.0,31.0,31.0,0.0,31.0,31.0,0.0
fire_00462,Eureka Fire,2017-09-05,2017,9,39.75312,-120.75485,2575.0,7.853993087224244,F,Large,83.26142857142862,60.298571428571464,2.24,3.8285714285714287,12.742857142857144,1.1,90.71428571428572,76.14285714285714,4.614285714285715,6.500000000000001,2001.3744,7.0,-0.0871557427476582,0.9961946980917455,-1,,0.0,0.0,0.0,0.0,0.0,184.0,timber_litter,7032.0,156.0,123.0,35.0,2032.0,104.0,1.0
fire_00463,Shaver Fire,2017-09-11,2017,9,37.10067,-119.32109,10.0,2.3978952727983707,C,Small,80.45857142857145,52.94428571428574,1.4957142857142856,1.842857142857143,24.471428571428568,0.0,77.57142857142857,48.57142857142857,7.528571428571429,7.206666666666666,1682.0348,6.0,-0.1736481776669303,-0.984807753012208,-1,,0.0,0.0,0.0,0.0,0.0,161.0,timber_understory,7105.0,247.0,216.0,0.0,2027.0,105.0,0.0
fire_00464,Skeleton Fire,2017-09-12,2017,9,39.44543,-122.85194,200.0,5.303304908059076,D,Medium,87.29857142857146,54.1785714285714,1.6657142857142857,2.5571428571428574,31.62857142857143,0.0,62.71428571428572,39.57142857142857,11.028571428571428,8.63,824.0123,12.0,-0.2079116908177598,-0.9781476007338056,-1,,0.0,0.0,0.0,0.0,0.0,144.0,shrub,7105.0,240.0,217.0,0.0,2105.0,115.0,0.0
fire_00465,Soda Fire,2017-09-28,2017,9,40.07613,-121.56858,143.0,4.969813299576001,D,Medium,65.39000000000001,42.71000000000008,1.1242857142857143,3.5142857142857147,20.957142857142856,6.0,64.42857142857143,49.57142857142857,10.4,6.966666666666668,1367.6188,12.0,0.981627183447664,-0.1908089953765446,-1,,0.0,0.0,0.0,0.0,0.0,91.0,nonburnable_or_other,7299.0,25.0,25.0,0.0,2905.0,25.0,0.0
fire_00466,Skeggs Fire,2017-09-11,2017,9,37.41591,-122.3001,50.0,3.9318256327243257,C,Small,77.93857142857138,60.42714285714286,1.1928571428571428,2.914285714285714,40.25714285714286,0.0,61.285714285714285,43.142857142857146,10.042857142857144,9.513333333333334,524.55347,10.0,-0.1736481776669303,0.984807753012208,-1,,0.0,0.0,0.0,0.0,0.0,185.0,timber_litter,7015.0,166.0,123.0,65.0,2015.0,106.0,1.0
fire_00467,Berry Fire,2017-09-11,2017,9,40.98352,-121.81623,900.0,6.803505257608338,E,Medium,84.34142857142857,56.287142857143046,1.7514285714285711,3.2571428571428567,26.32857142857143,4.2,69.28571428571429,43.85714285714285,9.185714285714283,7.31,1281.4945,22.0,-0.8746197071393959,-0.4848096202463369,-1,,0.0,0.0,0.0,0.0,0.0,102.0,grass,7098.0,233.0,210.0,0.0,2270.0,125.0,0.0
fire_00468,Hole Fire,2017-09-12,2017,9,41.98128,-124.01168,40.0,3.713572066704308,C,Small,75.93285714285722,58.57571428571432,1.342857142857143,2.8142857142857145,36.82857142857143,10.6,58.85714285714285,28.142857142857142,9.228571428571428,9.003333333333334,597.31256,10.0,-0.981627183447664,-0.1908089953765447,-1,,0.0,0.0,0.0,0.0,0.0,165.0,timber_understory,7043.0,177.0,126.0,75.0,2043.0,107.0,1.0
fire_00469,Pacific Fire,2017-09-12,2017,9,39.44257,-121.60683,12.0,2.5649493574615367,C,Small,92.7500000000001,66.21285714285726,2.0742857142857143,2.3285714285714287,30.82857142857143,1.3,61.142857142857146,34.42857142857143,10.399999999999997,9.013333333333332,43.578365,1.0,0.1391731009600654,-0.9902680687415704,-1,,0.0,0.0,0.0,0.0,0.0,99.0,nonburnable_or_other,9062.0,31.0,31.0,0.0,31.0,31.0,0.0
fire_00470,Slides Fire,2017-09-12,2017,9,39.42604,-123.03344,58.0,4.07753744390572,C,Small,85.5500000000001,58.47285714285714,1.7285714285714284,2.6,31.428571428571427,0.0,70.57142857142857,43.85714285714285,9.357142857142858,6.936666666666667,1091.6327,17.0,-0.8746197071393957,0.4848096202463371,-1,,0.0,0.0,0.0,0.0,0.0,145.0,shrub,7105.0,252.0,213.0,0.0,2105.0,115.0,0.0
fire_00471,Buck Fire,2017-09-12,2017,9,40.2275,-123.03583,13417.0,9.504352368122833,G,Extreme,78.0928571428571,55.7214285714286,1.31,2.757142857142857,37.58571428571429,6.0,58.142857142857146,29.714285714285715,11.528571428571428,7.736666666666666,1176.9254,13.0,0.9993908270190958,-0.0348994967025008,-1,,0.0,0.0,0.0,0.0,0.0,165.0,timber_understory,7028.0,150.0,136.0,55.0,2028.0,106.0,1.0
fire_00472,French Fire,2017-09-17,2017,9,38.5758,-120.915,136.0,4.919980925828125,D,Medium,88.30142857142864,60.71000000000008,1.977142857142857,2.742857142857143,26.15714285714285,0.0,64.57142857142857,48.285714285714285,10.671428571428573,8.626666666666667,202.12732,1.0,0.1391731009600654,-0.9902680687415704,-1,,0.0,0.0,0.0,0.0,0.0,145.0,shrub,7105.0,251.0,220.0,0.0,2105.0,115.0,0.0
fire_00473,Eastman Fire,2017-09-18,2017,9,37.14624,-120.015509,483.0,6.182084906716632,E,Medium,88.68714285714304,60.32428571428578,1.7157142857142855,2.5,30.085714285714285,0.8,55.85714285714285,36.0,12.114285714285714,9.503333333333332,129.2814,2.0,-0.3420201433256685,-0.9396926207859084,-1,,0.0,0.0,0.0,0.0,0.0,102.0,grass,9301.0,340.0,304.0,0.0,2270.0,124.0,0.0
fire_00474,Grape Fire,2017-09-19,2017,9,39.02482,-123.1362,146.0,4.990432586778736,D,Medium,84.11000000000008,50.47571428571432,1.6,8.485714285714286,22.52857142857143,0.4,62.57142857142857,80.85714285714286,10.585714285714284,8.913333333333334,216.07744,10.0,-0.224951054343865,0.9743700647852352,-1,,0.0,0.0,0.0,0.0,0.0,93.0,nonburnable_or_other,7961.0,61.0,61.0,0.0,2961.0,61.0,0.0
fire_00475,Corral Fire,2017-09-19,2017,9,37.63358,-121.49925,155.0,5.049856007249537,D,Medium,81.02428571428578,58.98714285714304,1.422857142857143,3.7,31.72857142857143,1.6,59.42857142857143,45.285714285714285,10.457142857142856,9.553333333333336,189.72499,4.0,-0.9271838545667872,0.3746065934159122,-1,,0.0,0.0,0.0,0.0,0.0,101.0,grass,9301.0,355.0,303.0,0.0,2270.0,125.0,0.0
fire_00476,Murphy Fire,2017-09-19,2017,9,36.24653,-120.31598,237.0,5.472270673671475,D,Medium,87.40142857142864,58.31857142857152,1.8442857142857143,2.442857142857143,24.9,0.3,70.57142857142857,50.142857142857146,9.257142857142856,7.746666666666667,288.6903,4.0,-0.7193398003386513,0.6946583704589971,0,D0,0.0,1.0,0.0,0.0,0.0,102.0,grass,9301.0,338.0,303.0,0.0,2270.0,123.0,0.0
fire_00477,Power Fire,2017-09-20,2017,9,36.94652,-120.90462,48.0,3.8918202981106265,C,Small,81.74428571428574,57.44428571428584,1.412857142857143,3.8142857142857136,31.81428571428572,1.1,60.285714285714285,49.71428571428572,10.985714285714286,8.9,148.87372,1.0,-0.3907311284892738,0.9205048534524404,-1,,0.0,0.0,0.0,0.0,0.0,102.0,grass,9301.0,342.0,304.0,0.0,2270.0,124.0,0.0
fire_00478,Huasna Fire,2017-09-20,2017,9,35.12269,-120.39387,245.0,5.5053315359323625,D,Medium,82.13000000000004,50.3214285714286,1.084285714285714,4.0,35.18571428571428,16.3,37.57142857142857,35.714285714285715,15.857142857142858,14.253333333333332,249.80797,2.0,-0.8746197071393957,0.4848096202463371,0,D0,0.0,1.0,0.0,0.0,0.0,123.0,grass_shrub,7113.0,136.0,131.0,35.0,2113.0,103.0,1.0
fire_00479,Dexter Fire,2017-09-20,2017,9,37.76888,-120.15846,10.0,2.3978952727983707,C,Small,80.5357142857144,48.80428571428572,1.5742857142857145,2.942857142857143,20.7,0.4,71.42857142857143,54.42857142857143,9.471428571428572,7.606666666666667,992.7481,1.0,-0.3420201433256687,0.9396926207859084,-1,,0.0,0.0,0.0,0.0,0.0,165.0,timber_understory,7030.0,157.0,121.0,55.0,2030.0,105.0,1.0
fire_00480,32 Fire,2017-09-25,2017,9,39.8255,-121.7127,28.0,3.367295829986474,C,Small,74.64714285714302,52.687142857143044,1.2714285714285716,3.842857142857144,28.342857142857145,1.6,65.42857142857143,45.285714285714285,9.371428571428572,7.209999999999998,412.59653,14.0,0.2756373558169994,-0.9612616959383188,-1,,0.0,0.0,0.0,0.0,0.0,121.0,grass_shrub,7114.0,115.0,118.0,15.0,2114.0,103.0,1.0
fire_00481,Estate Fire,2017-09-23,2017,9,38.4446,-122.0041,55.0,4.02535169073515,C,Small,79.45571428571427,52.99571428571428,1.4114285714285717,4.242857142857143,27.157142857142865,0.0,60.71428571428572,51.285714285714285,10.214285714285715,9.586666666666668,83.93181,2.0,-0.3583679495453002,0.9335804264972016,-1,,0.0,0.0,0.0,0.0,0.0,102.0,grass,9301.0,336.0,304.0,0.0,2270.0,124.0,0.0
fire_00482,Jasper Fire,2017-09-26,2017,9,39.03168,-121.40947,26.0,3.295836866004329,C,Small,78.4785714285714,49.88428571428576,1.4142857142857144,3.0285714285714285,24.25714285714286,0.0,61.0,48.42857142857143,10.757142857142856,9.249999999999998,27.055649,0.0,-0.2419218955996677,-0.9702957262759964,-1,,0.0,0.0,0.0,0.0,0.0,102.0,grass,7986.0,335.0,302.0,0.0,2966.0,123.0,0.0
fire_00483,Edwards Fire,2017-09-26,2017,9,37.77982,-122.169,22.0,3.1354942159291497,C,Small,70.04428571428573,52.55857142857144,0.8042857142857143,4.3,41.98571428571428,2.0,37.142857142857146,34.285714285714285,15.22857142857143,14.339999999999998,102.72626,11.0,-0.3907311284892738,-0.9205048534524404,-1,,0.0,0.0,0.0,0.0,0.0,91.0,nonburnable_or_other,7296.0,22.0,22.0,0.0,2902.0,22.0,0.0
fire_00484,Poly Fire,2017-09-26,2017,9,35.3024,-120.65279,105.0,4.663439094112067,D,Medium,77.0642857142858,46.95285714285708,1.0,4.199999999999999,34.785714285714285,4.6,40.0,40.42857142857143,15.885714285714286,13.276666666666667,157.7319,9.0,-0.2249510543438652,-0.9743700647852352,0,D0,0.0,1.0,0.0,0.0,0.0,91.0,nonburnable_or_other,7299.0,25.0,25.0,0.0,2905.0,25.0,0.0
fire_00485,Canyon Fire,2017-09-25,2017,9,33.8668,-117.68598,2662.0,7.887208585813932,F,Large,77.78428571428576,57.54714285714302,1.0971428571428572,2.814285714285714,39.04285714285714,7.300000000000001,42.85714285714285,34.57142857142857,14.8,11.856666666666666,243.80255,12.0,0.992546151641322,-0.1218693434051472,1,D1,1.0,1.0,1.0,0.0,0.0,122.0,grass_shrub,9337.0,240.0,224.0,45.0,2113.0,103.0,1.0
fire_00486,Lion Fire,2017-09-27,2017,9,36.27138,-118.48555,18900.0,9.846970109700957,G,Extreme,52.86714285714288,26.22714285714286,0.562857142857143,2.671428571428572,25.742857142857144,7.0,58.42857142857143,38.0,11.728571428571428,8.243333333333334,2308.8076,21.0,0.2756373558169994,-0.9612616959383188,-1,,0.0,0.0,0.0,0.0,0.0,122.0,grass_shrub,7098.0,246.0,215.0,25.0,2028.0,102.0,1.0
fire_00487,Rucker Fire,2017-09-29,2017,9,34.67403,-120.4393,444.0,6.09807428216624,E,Medium,81.05,49.78142857142858,1.242857142857143,4.671428571428571,28.200000000000006,11.9,38.71428571428572,42.71428571428572,14.814285714285717,15.526666666666667,30.257359,3.0,-0.7771459614569708,-0.6293203910498376,1,D1,1.0,1.0,1.0,0.0,0.0,93.0,nonburnable_or_other,7984.0,64.0,64.0,0.0,2964.0,64.0,0.0
fire_00488,Lakewood Fire,2017-09-29,2017,9,35.59302,-118.46734,40.0,3.713572066704308,C,Small,78.71000000000008,50.42428571428568,1.7328571428571429,2.6,15.4,15.8,70.57142857142857,51.85714285714285,9.071428571428571,7.706666666666667,901.249,6.0,1.0,0.0,-1,,0.0,0.0,0.0,0.0,0.0,121.0,grass_shrub,7105.0,325.0,308.0,0.0,2105.0,112.0,0.0
fire_00489,Melba Fire,2017-09-29,2017,9,33.74925,-117.10301,35.0,3.58351893845611,C,Small,83.90428571428582,53.612857142857266,1.944285714285714,2.442857142857143,16.714285714285715,5.2,52.142857142857146,38.85714285714285,11.457142857142856,12.02,514.9219,6.0,-0.544639035015027,-0.8386705679454242,0,D0,0.0,1.0,0.0,0.0,0.0,122.0,grass_shrub,7092.0,226.0,209.0,0.0,2092.0,112.0,0.0
fire_00490,Timm Fire,2017-10-02,2017,10,38.43658,-121.97233,100.0,4.61512051684126,D,Medium,88.27571428571432,55.7214285714286,2.2657142857142856,3.642857142857143,13.285714285714286,0.0,69.57142857142857,53.285714285714285,7.314285714285714,9.533333333333331,48.549213,1.0,-0.224951054343865,0.9743700647852352,-1,,0.0,0.0,0.0,0.0,0.0,102.0,grass,9301.0,362.0,304.0,0.0,2270.0,126.0,0.0
fire_00491,Ramblin Fire,2017-10-03,2017,10,37.41231,-119.87465,17.0,2.8903717578961645,C,Small,81.71857142857142,52.35285714285718,1.8757142857142857,2.4857142857142853,14.57142857142857,12.4,65.71428571428571,47.57142857142857,7.757142857142857,9.573333333333334,571.48413,3.0,-0.8191520442889919,0.5735764363510459,-1,,0.0,0.0,0.0,0.0,0.0,144.0,shrub,7114.0,133.0,119.0,35.0,2114.0,103.0,1.0
fire_00492,36 Fire,2017-10-03,2017,10,40.20077,-122.24731,20.0,3.044522437723423,C,Small,86.34714285714303,56.80142857142854,2.23,4.5,14.085714285714284,16.5,73.0,57.142857142857146,6.92857142857143,8.323333333333332,101.49704,1.0,-0.7431448254773941,0.6691306063588583,-1,,0.0,0.0,0.0,0.0,0.0,102.0,grass,9301.0,347.0,302.0,0.0,2270.0,124.0,0.0
fire_00493,Ridge Fire,2017-10-06,2017,10,39.15016,-122.576,87.0,4.477336814478207,C,Small,77.60428571428582,47.90428571428582,1.662857142857143,4.285714285714286,11.05714285714286,1.2000000000000002,74.28571428571429,58.285714285714285,6.471428571428571,8.436666666666666,492.69122,2.0,0.981627183447664,0.1908089953765448,-1,,0.0,0.0,0.0,0.0,0.0,162.0,timber_understory,7105.0,234.0,219.0,35.0,2043.0,104.0,1.0
fire_00494,Jones Fire,2017-10-08,2017,10,40.70627,-122.24199,40.0,3.713572066704308,C,Small,80.48428571428576,48.21285714285716,1.841428571428572,3.814285714285714,10.757142857142856,0.0,76.0,58.42857142857143,6.671428571428571,8.059999999999999,283.08224,2.0,-0.9205048534524404,-0.3907311284892735,-1,,0.0,0.0,0.0,0.0,0.0,122.0,grass_shrub,7114.0,135.0,124.0,35.0,2114.0,103.0,1.0
fire_00495,Fort Fire,2017-10-07,2017,10,38.51937,-123.24713,20.0,3.044522437723423,C,Small,69.35000000000011,47.287142857143046,0.6457142857142857,5.757142857142857,43.15714285714286,4.8,28.428571428571427,35.0,17.442857142857143,17.029999999999998,91.32235,9.0,-0.6156614753256581,-0.7880107536067221,-1,,0.0,0.0,0.0,0.0,0.0,102.0,grass,9301.0,348.0,303.0,0.0,2270.0,124.0,0.0
fire_00496,Freeway Fire,2017-10-08,2017,10,40.24789,-122.255,10.0,2.3978952727983707,C,Small,83.39000000000001,50.3214285714285,2.115714285714286,3.857142857142857,8.200000000000001,0.0,77.57142857142857,53.85714285714285,5.942857142857143,8.463333333333333,142.48383,1.0,-0.529919264233205,-0.848048096156426,-1,,0.0,0.0,0.0,0.0,0.0,144.0,shrub,7114.0,135.0,115.0,35.0,2114.0,103.0,1.0
fire_00497,Blue Fire,2017-10-08,2017,10,40.88516,-123.96844,20.0,3.044522437723423,C,Small,66.54714285714282,47.02999999999994,0.7614285714285715,5.6571428571428575,37.971428571428575,30.7,35.857142857142854,38.285714285714285,14.3,14.796666666666663,282.93042,16.0,-0.788010753606722,-0.6156614753256582,-1,,0.0,0.0,0.0,0.0,0.0,185.0,timber_litter,7015.0,165.0,112.0,65.0,2015.0,106.0,1.0
fire_00498,Cherokee Fire,2017-10-08,2017,10,39.62496,-121.52966,8500.0,9.04793908261736,G,Extreme,79.86714285714298,54.33285714285712,2.0385714285714287,3.4428571428571426,7.5857142857142845,3.1,82.42857142857143,61.0,5.257142857142858,7.706666666666667,424.07242,3.0,0.8746197071393959,-0.4848096202463369,-1,,0.0,0.0,0.0,0.0,0.0,183.0,timber_litter,9129.0,138.0,119.0,35.0,2152.0,103.0,1.0
fire_00499,Atlas Fire (Southern LNU Complex),2017-10-09,2017,10,38.39206,-122.24367,51624.0,10.851761330263336,G,Extreme,80.04714285714303,50.50142857142864,1.89,3.3285714285714287,7.885714285714286,0.0,73.85714285714286,54.0,6.371428571428572,9.76,420.24176,7.0,-0.9271838545667872,0.3746065934159122,-1,,0.0,0.0,0.0,0.0,0.0,93.0,nonburnable_or_other,7961.0,61.0,61.0,0.0,2961.0,61.0,0.0
fire_00500,Tubbs Fire (Central LNU Complex),2017-10-08,2017,10,38.60895,-122.62879,36807.0,10.513470491835305,G,Extreme,84.5214285714285,49.98714285714304,2.1442857142857146,4.0,5.271428571428571,0.9,72.14285714285714,54.42857142857143,6.428571428571429,10.03,178.84499,6.0,-0.9986295347545738,0.0523359562429438,-1,,0.0,0.0,0.0,0.0,0.0,102.0,grass,9301.0,331.0,303.0,0.0,2270.0,123.0,0.0
fire_00501,Nuns / Adobe / Norrbom/ Pressley / Partrick Fires / Oakmont (Central LNU Complex),2017-10-09,2017,10,38.4041,-122.5209,44573.0,10.704906008379862,G,Extreme,82.51571428571434,52.5071428571429,1.89,4.028571428571429,10.6,1.8,65.71428571428571,52.57142857142857,7.471428571428571,11.086666666666668,187.68994,9.0,-0.6156614753256581,-0.7880107536067221,-1,,0.0,0.0,0.0,0.0,0.0,93.0,nonburnable_or_other,7961.0,61.0,61.0,0.0,2961.0,61.0,0.0
fire_00502,Partrick Fire (Central LNU Complex),2017-10-08,2017,10,38.31802,-122.39052,8283.0,9.022081222515476,G,Extreme,82.92714285714285,51.530000000000044,1.8928571428571428,3.442857142857143,11.757142857142858,0.0,65.57142857142857,49.42857142857143,8.1,10.663333333333334,322.36722,6.0,-0.9743700647852352,-0.2249510543438649,-1,,0.0,0.0,0.0,0.0,0.0,102.0,grass,9301.0,343.0,304.0,0.0,2270.0,125.0,0.0
fire_00503,LaPorte Fire (Wind Complex),2017-10-09,2017,10,39.39455,-121.40613,6151.0,8.72453251118548,G,Extreme,81.12714285714286,51.2214285714286,2.011428571428571,3.228571428571428,6.814285714285715,1.2,83.57142857142857,67.85714285714286,5.385714285714285,8.373333333333331,238.19925,3.0,-0.1908089953765446,-0.981627183447664,-1,,0.0,0.0,0.0,0.0,0.0,102.0,grass,9301.0,349.0,303.0,0.0,2270.0,124.0,0.0
fire_00504,Cascade Fire (Wind Complex),2017-10-08,2017,10,39.32198,-121.4021,9989.0,9.2093398716426,G,Extreme,82.15571428571425,51.35,2.065714285714286,3.1,6.871428571428573,0.7,83.14285714285714,66.0,5.514285714285714,8.416666666666666,153.81557,3.0,0.5299192642332047,-0.8480480961564261,-1,,0.0,0.0,0.0,0.0,0.0,102.0,grass,9301.0,351.0,303.0,0.0,2270.0,124.0,0.0
fire_00505,McCourtney Fire (Wind Complex),2017-10-09,2017,10,39.19325,-121.08406,76.0,4.343805421853684,C,Small,77.14142857142856,45.87285714285714,1.74,3.585714285714286,7.171428571428572,2.9,79.28571428571429,67.28571428571429,5.957142857142856,8.903333333333332,718.8068,4.0,-0.4539904997395469,-0.8910065241883678,-1,,0.0,0.0,0.0,0.0,0.0,122.0,grass_shrub,7260.0,148.0,134.0,45.0,2260.0,104.0,1.0
fire_00506,Redwood Valley Fire (Mendocino Lake Complex),2017-10-08,2017,10,39.24873,-123.16635,36523.0,10.505724857736231,G,Extreme,81.74428571428574,42.0928571428572,1.7985714285714287,6.342857142857143,7.557142857142858,2.5,65.42857142857143,69.42857142857143,8.385714285714286,9.933333333333334,304.90906,7.0,0.2588190451025203,-0.9659258262890684,-1,,0.0,0.0,0.0,0.0,0.0,102.0,grass,9301.0,353.0,303.0,0.0,2270.0,125.0,0.0
fire_00507,Point Fire,2017-10-09,2017,10,38.40234,-120.52953,130.0,4.875197323201151,D,Medium,76.6785714285715,48.47000000000006,1.6085714285714283,2.9571428571428577,12.257142857142856,11.1,67.57142857142857,46.285714285714285,7.1571428571428575,10.093333333333334,839.542,2.0,-0.8987940462991669,-0.4383711467890774,-1,,0.0,0.0,0.0,0.0,0.0,144.0,shrub,7105.0,238.0,220.0,0.0,2105.0,113.0,0.0
fire_00508,37 Fire,2017-10-09,2017,10,38.14242,-122.47301,1660.0,7.415175109613295,F,Large,81.9500000000001,45.3071428571429,1.4171428571428577,4.128571428571428,18.985714285714288,0.8,44.0,38.285714285714285,13.614285714285714,14.039999999999996,13.538196,4.0,-0.766044443118978,-0.6427876096865393,-1,,0.0,0.0,0.0,0.0,0.0,98.0,nonburnable_or_other,7668.0,358.0,303.0,0.0,2668.0,125.0,0.0
fire_00509,Pozo Fire,2017-10-09,2017,10,35.28738,-120.44448,45.0,3.828641396489095,C,Small,78.50428571428583,48.88142857142858,1.8,3.9,10.828571428571427,6.0,73.42857142857143,66.0,6.428571428571428,10.819999999999997,493.06494,7.0,1.0,0.0,0,D0,0.0,1.0,0.0,0.0,0.0,102.0,grass,9301.0,351.0,304.0,0.0,2270.0,125.0,0.0
fire_00510,Tank Fire,2017-10-26,2017,10,35.21556,-118.56578,50.0,3.9318256327243257,C,Small,76.0357142857144,50.99000000000002,1.7714285714285716,3.5285714285714285,14.928571428571429,0.0,85.28571428571429,69.14285714285714,6.542857142857143,7.1366666666666685,903.8907,9.0,0.4226182617406994,0.90630778703665,-1,,0.0,0.0,0.0,0.0,0.0,102.0,grass,7029.0,139.0,125.0,35.0,2029.0,103.0,1.0
fire_00511,Sulphur Fire (Mendocino Lake Complex),2017-10-09,2017,10,39.01387,-122.64543,2207.0,7.699842407396986,F,Large,78.42714285714297,48.238571428571376,1.8142857142857145,4.3,6.92857142857143,0.0,78.14285714285714,63.142857142857146,5.628571428571429,8.576666666666666,481.70236,10.0,0.8987940462991668,-0.4383711467890778,-1,,0.0,0.0,0.0,0.0,0.0,93.0,nonburnable_or_other,7961.0,61.0,61.0,0.0,2961.0,61.0,0.0
fire_00512,Lobo Fire (Wind Complex),2017-10-08,2017,10,39.24549,-121.12792,821.0,6.71174039505618,E,Medium,79.12142857142871,49.1642857142858,1.8928571428571428,3.4285714285714275,7.171428571428572,3.2,80.28571428571429,66.42857142857143,5.8571428571428585,8.553333333333335,645.9719,5.0,-0.1218693434051471,-0.992546151641322,-1,,0.0,0.0,0.0,0.0,0.0,187.0,timber_litter,7098.0,243.0,221.0,55.0,2030.0,105.0,1.0
fire_00513,Honey Fire,2017-10-09,2017,10,39.74679,-121.67261,150.0,5.017279836814924,D,Medium,83.80142857142864,52.79000000000002,2.202857142857143,3.6000000000000005,6.514285714285713,0.0,81.71428571428571,56.71428571428572,5.071428571428571,8.12,220.05461,13.0,0.7986355100472928,-0.6018150231520483,-1,,0.0,0.0,0.0,0.0,0.0,102.0,grass,7105.0,236.0,220.0,45.0,2029.0,105.0,1.0
fire_00514,Canyon 2 Fire,2017-10-09,2017,10,33.87041,-117.70975,9217.0,9.128913373280454,G,Extreme,85.78142857142868,57.0071428571429,1.89,2.2857142857142856,21.0,0.0,55.285714285714285,39.85714285714285,10.171428571428573,12.82,126.56302,3.0,-0.9205048534524404,-0.3907311284892735,1,D1,1.0,1.0,1.0,0.0,0.0,91.0,nonburnable_or_other,7299.0,25.0,25.0,0.0,2905.0,25.0,0.0
fire_00515,Wildomar Fire,2017-10-26,2017,10,33.60247,-117.34192,866.0,6.765038976780541,E,Medium,85.62714285714286,65.26142857142862,2.397142857142857,2.985714285714286,19.714285714285715,0.0,71.85714285714286,56.42857142857143,8.071428571428571,9.460000000000004,1013.8012,9.0,0.0174524064372836,0.9998476951563912,0,D0,0.0,1.0,0.0,0.0,0.0,122.0,grass_shrub,7118.0,143.0,128.0,45.0,2118.0,104.0,1.0
fire_00516,Tehama Fire,2017-10-26,2017,10,40.02261,-121.91425,194.0,5.272999558563747,D,Medium,77.47571428571432,49.858571428571544,1.3885714285714286,5.200000000000001,27.38571428571429,16.7,58.0,43.71428571428572,11.828571428571433,7.840000000000001,361.70532,10.0,-0.9135454576426008,-0.4067366430758002,-1,,0.0,0.0,0.0,0.0,0.0,122.0,grass_shrub,7105.0,355.0,303.0,0.0,2105.0,112.0,0.0
fire_00517,Silver Fire,2017-10-11,2017,10,36.7528,-119.2288,58.0,4.07753744390572,C,Small,81.48714285714304,50.321428571428704,2.04,2.2142857142857144,7.328571428571428,12.4,80.0,56.42857142857143,5.271428571428571,9.346666666666666,512.1403,3.0,-0.9205048534524404,0.3907311284892737,-1,,0.0,0.0,0.0,0.0,0.0,122.0,grass_shrub,9629.0,252.0,224.0,0.0,2152.0,115.0,0.0
fire_00518,Pocket Fire (Central LNU Complex),2017-10-09,2017,10,38.76549,-122.90939,17357.0,9.76180877420419,G,Extreme,79.61000000000008,55.36142857142862,1.9714285714285715,5.385714285714286,7.942857142857143,2.3,75.71428571428571,69.85714285714286,5.728571428571429,9.51666666666667,412.4088,9.0,-0.4848096202463368,-0.8746197071393959,-1,,0.0,0.0,0.0,0.0,0.0,184.0,timber_litter,7113.0,135.0,110.0,45.0,2113.0,105.0,1.0
fire_00519,Bear Fire,2017-10-16,2017,10,37.18356,-122.07012,391.0,5.971261839790462,E,Medium,72.1785714285714,54.33285714285722,1.5528571428571427,4.542857142857143,12.7,0.0,76.28571428571429,64.0,5.9,9.7,448.9477,9.0,-0.7547095802227721,-0.656059028990507,-1,,0.0,0.0,0.0,0.0,0.0,185.0,timber_litter,7015.0,161.0,126.0,65.0,2015.0,106.0,1.0
fire_00520,Wilson Fire,2017-10-17,2017,10,34.22551,-118.05545,50.0,3.9318256327243257,C,Small,75.7785714285715,59.47571428571432,1.957142857142857,1.7,10.528571428571428,13.0,83.42857142857143,53.285714285714285,4.9,9.383333333333333,1518.535,23.0,0.0697564737441252,0.9975640502598242,0,D0,0.0,1.0,0.0,0.0,0.0,188.0,timber_litter,7027.0,145.0,121.0,55.0,2027.0,106.0,1.0
fire_00521,River Fire,2017-10-14,2017,10,40.46836,-123.51619,148.0,5.003946305945459,D,Medium,66.83000000000004,36.69285714285731,1.0242857142857142,5.8,15.842857142857143,18.5,61.57142857142857,59.0,7.928571428571429,11.913333333333332,891.1164,16.0,-0.1908089953765446,-0.981627183447664,-1,,0.0,0.0,0.0,0.0,0.0,102.0,grass,7105.0,234.0,217.0,55.0,2029.0,104.0,1.0
fire_00522,Quarry Fire,2017-10-12,2017,10,35.19008,-118.76152,183.0,5.214935757608986,D,Medium,86.50142857142865,56.08142857142858,2.4642857142857144,3.3428571428571425,5.0857142857142845,1.9,88.42857142857143,72.85714285714286,5.0,7.433333333333334,268.2065,12.0,0.9510565162951536,-0.3090169943749477,-1,,0.0,0.0,0.0,0.0,0.0,91.0,nonburnable_or_other,7299.0,25.0,25.0,0.0,2905.0,25.0,0.0
fire_00523,Wilson Fire,2017-10-15,2017,10,33.18716,-116.50897,25.0,3.258096538021482,C,Small,75.44428571428574,54.48714285714304,1.8057142857142856,2.4857142857142853,8.22857142857143,0.0,85.57142857142857,62.142857142857146,4.371428571428572,9.336666666666668,1203.1345,8.0,-0.7547095802227721,-0.656059028990507,0,D0,0.0,1.0,0.0,0.0,0.0,121.0,grass_shrub,9310.0,223.0,210.0,0.0,2275.0,112.0,0.0
fire_00524,Garden Fire,2017-10-10,2017,10,39.06414,-121.13737,19.0,2.995732273553991,C,Small,80.4071428571428,50.09000000000002,2.005714285714286,3.371428571428571,5.871428571428571,1.2,87.14285714285714,71.42857142857143,5.071428571428571,7.743333333333334,493.09222,2.0,-0.766044443118978,-0.6427876096865393,-1,,0.0,0.0,0.0,0.0,0.0,91.0,nonburnable_or_other,7299.0,25.0,25.0,0.0,2905.0,25.0,0.0
fire_00525,Ice Fire,2017-10-10,2017,10,38.77921,-120.46234,29.0,3.4011973816621555,C,Small,76.0357142857144,42.27285714285724,1.6071428571428572,3.642857142857143,8.828571428571427,16.700000000000003,74.14285714285714,63.285714285714285,6.528571428571429,9.51,1142.2435,15.0,-0.9998476951563912,0.0174524064372834,-1,,0.0,0.0,0.0,0.0,0.0,165.0,timber_understory,7028.0,161.0,122.0,65.0,2028.0,106.0,1.0
fire_00526,Portola Fire,2017-10-10,2017,10,33.50488,-117.02132,23.0,3.1780538303479458,C,Small,87.6071428571429,53.22714285714286,2.271428571428572,2.5571428571428574,12.142857142857142,0.0,60.0,45.71428571428572,8.785714285714286,12.903333333333334,389.8463,4.0,-0.9961946980917455,0.0871557427476582,0,D0,0.0,1.0,0.0,0.0,0.0,93.0,nonburnable_or_other,7981.0,61.0,61.0,0.0,2961.0,61.0,0.0
fire_00527,Meyers Fire,2017-12-05,2017,12,34.21829,-117.40625,34.0,3.555348061489413,C,Small,68.7071428571429,48.47000000000006,1.26,3.128571428571429,14.114285714285714,6.6000000000000005,78.0,60.57142857142857,7.114285714285714,8.176666666666666,631.73505,3.0,-0.882947592858927,0.4694715627858907,0,D0,0.0,1.0,0.0,0.0,0.0,122.0,grass_shrub,7092.0,221.0,206.0,0.0,2092.0,112.0,0.0
fire_00528,Little Mountain Fire,2017-12-05,2017,12,34.16564,-117.33334,260.0,5.564520407322694,D,Medium,74.95571428571427,49.730000000000146,1.4157142857142857,3.142857142857143,16.557142857142857,2.6,68.71428571428571,54.42857142857143,8.571428571428571,9.88,441.38742,3.0,-0.6946583704589973,-0.7193398003386512,0,D0,0.0,1.0,0.0,0.0,0.0,91.0,nonburnable_or_other,7297.0,23.0,23.0,0.0,2903.0,23.0,0.0
fire_00529,Extension Fire,2017-10-23,2017,10,33.8826,-117.00589,50.0,3.9318256327243257,C,Small,83.46714285714287,57.05857142857144,2.0785714285714287,2.5285714285714285,16.385714285714286,0.0,77.0,55.85714285714285,6.985714285714286,9.58666666666667,657.6766,7.0,-0.2249510543438652,-0.9743700647852352,0,D0,0.0,1.0,0.0,0.0,0.0,121.0,grass_shrub,9301.0,351.0,302.0,0.0,2092.0,112.0,0.0
fire_00530,Freeway Fire,2017-10-24,2017,10,34.13534,-117.4982,40.0,3.713572066704308,C,Small,84.7785714285715,60.89000000000002,2.1814285714285715,3.7000000000000006,18.857142857142858,0.7,72.28571428571429,53.285714285714285,7.414285714285714,10.236666666666666,414.9075,2.0,-0.9335804264972016,-0.3583679495453004,0,D0,0.0,1.0,0.0,0.0,0.0,121.0,grass_shrub,7914.0,17.0,17.0,0.0,2917.0,17.0,0.0
fire_00531,Rolling Fire,2017-10-15,2017,10,35.3091,-118.701,184.0,5.220355825078324,D,Medium,78.6071428571429,52.84142857142856,1.894285714285714,2.7,6.285714285714286,2.2,88.57142857142857,66.42857142857143,4.714285714285714,8.01,367.40894,10.0,0.7313537016191705,0.6819983600624985,-1,,0.0,0.0,0.0,0.0,0.0,122.0,grass_shrub,7662.0,334.0,304.0,0.0,2662.0,123.0,0.0
fire_00532,Lynch Fire,2017-10-13,2017,10,35.78616,-120.96514,73.0,4.30406509320417,C,Small,84.98428571428576,39.85571428571426,1.9014285714285712,3.357142857142857,9.585714285714284,0.0,64.0,53.285714285714285,9.285714285714286,11.436666666666667,353.7807,5.0,0.573576436351046,0.8191520442889918,0,D0,0.0,1.0,0.0,0.0,0.0,145.0,shrub,7105.0,244.0,221.0,0.0,2105.0,114.0,0.0
fire_00533,Table Fire,2017-10-13,2017,10,38.848,-120.287,426.0,6.056784013228625,E,Medium,62.56142857142852,36.59000000000002,0.9642857142857144,3.271428571428572,15.314285714285717,61.0,62.285714285714285,50.285714285714285,7.228571428571429,13.466666666666669,1884.5933,8.0,-0.6293203910498378,-0.7771459614569706,-1,,0.0,0.0,0.0,0.0,0.0,144.0,shrub,7098.0,245.0,210.0,0.0,2098.0,114.0,0.0
fire_00534,Long Fire,2017-10-14,2017,10,39.0199,-122.57487,100.0,4.61512051684126,D,Medium,76.37000000000006,42.04142857142866,1.5814285714285714,4.700000000000001,8.1,0.0,75.85714285714286,63.85714285714285,6.014285714285714,9.416666666666668,390.42807,7.0,0.5591929034707468,0.8290375725550417,-1,,0.0,0.0,0.0,0.0,0.0,144.0,shrub,7105.0,225.0,225.0,0.0,2105.0,112.0,0.0
fire_00535,Oakmont Fire (Central LNU Complex),2017-10-14,2017,10,38.46123,-122.58152,100.0,4.61512051684126,D,Medium,78.37571428571432,52.97000000000006,1.7171428571428569,4.814285714285715,12.05714285714286,0.0,69.85714285714286,56.85714285714285,6.585714285714287,10.966666666666663,460.22162,13.0,-0.4067366430758001,-0.913545457642601,-1,,0.0,0.0,0.0,0.0,0.0,188.0,timber_litter,7128.0,239.0,218.0,65.0,2043.0,106.0,1.0
fire_00536,York Fire,2017-10-15,2017,10,36.5858,-121.80377,31.0,3.4657359027997265,C,Small,72.10142857142864,41.5785714285715,0.6557142857142857,5.6000000000000005,41.48571428571429,0.0,30.857142857142858,37.71428571428572,17.728571428571424,15.753333333333332,123.428116,5.0,0.0348994967025012,-0.9993908270190958,-1,,0.0,0.0,0.0,0.0,0.0,123.0,grass_shrub,7113.0,136.0,108.0,35.0,2113.0,103.0,1.0
fire_00537,Fallon Fire,2017-10-17,2017,10,37.7393,-121.85663,116.0,4.762173934797756,D,Medium,77.45,47.724285714285784,1.5985714285714288,3.0,11.22857142857143,0.0,69.71428571428571,49.71428571428572,7.357142857142857,10.683333333333334,227.81316,3.0,-0.0697564737441255,-0.9975640502598242,-1,,0.0,0.0,0.0,0.0,0.0,102.0,grass,9301.0,343.0,304.0,0.0,2270.0,124.0,0.0
fire_00538,Buffalo Fire,2017-10-17,2017,10,33.402411,-117.402445,1088.0,6.9930151229329605,F,Large,83.80142857142864,61.86714285714288,1.8028571428571427,2.185714285714286,25.3,1.2,54.0,37.85714285714285,10.071428571428571,13.55,514.2428,12.0,-0.9781476007338056,-0.2079116908177595,0,D0,0.0,1.0,0.0,0.0,0.0,122.0,grass_shrub,7092.0,229.0,220.0,0.0,2092.0,112.0,0.0
fire_00539,Milton Fire,2017-10-18,2017,10,37.89532,-120.84748,13.0,2.6390573296152584,C,Small,78.65857142857143,44.38142857142858,1.687142857142857,2.9857142857142853,9.528571428571428,0.0,78.42857142857143,61.42857142857143,6.542857142857144,9.353333333333332,51.7479,0.0,0.9945218953682732,0.1045284632676534,-1,,0.0,0.0,0.0,0.0,0.0,102.0,grass,7987.0,349.0,303.0,0.0,2967.0,124.0,0.0
fire_00540,Rye Fire,2017-12-05,2017,12,34.45283,-118.58188,6049.0,8.707813551024888,G,Extreme,73.2071428571428,47.95571428571426,1.4,3.7142857142857135,14.228571428571428,0.0,71.85714285714286,61.142857142857146,7.957142857142857,9.656666666666668,381.4305,5.0,-0.9135454576426008,-0.4067366430758002,1,D1,1.0,1.0,1.0,0.0,0.0,122.0,grass_shrub,7092.0,226.0,221.0,0.0,2092.0,112.0,0.0
fire_00541,Creek Fire,2017-12-05,2017,12,34.31283,-118.35863,15619.0,9.656307423393676,G,Extreme,70.1214285714285,49.57571428571432,1.3028571428571427,2.8285714285714283,16.32857142857143,0.7,75.57142857142857,56.57142857142857,7.471428571428572,8.786666666666667,777.5904,15.0,-1.0,1.2246467991473532e-16,0,D0,0.0,1.0,0.0,0.0,0.0,142.0,shrub,7110.0,235.0,215.0,0.0,2110.0,113.0,0.0
fire_00542,Thomas Fire,2017-12-04,2017,12,34.41521,-119.09124,281893.0,12.54928639273238,G,Extreme,73.9785714285715,44.69000000000002,1.2057142857142855,2.9571428571428577,18.957142857142856,1.2,56.57142857142857,44.71428571428572,11.228571428571428,12.003333333333334,306.23236,10.0,-0.6018150231520484,0.7986355100472927,1,D1,1.0,1.0,1.0,0.0,0.0,142.0,shrub,7110.0,245.0,217.0,0.0,2110.0,114.0,0.0
fire_00543,Riverdale Fire,2017-12-04,2017,12,33.96514,-117.4764,40.0,3.713572066704308,C,Small,75.34142857142857,47.54428571428574,1.1742857142857144,2.7428571428571424,23.757142857142856,0.9,58.85714285714285,44.71428571428572,10.657142857142857,11.340000000000002,209.86827,1.0,0.9975640502598242,-0.0697564737441256,0,D0,0.0,1.0,0.0,0.0,0.0,145.0,shrub,7110.0,241.0,220.0,0.0,2110.0,114.0,0.0
fire_00544,Roser Fire,2017-11-02,2017,11,39.81517,-122.28165,43.0,3.784189633918261,C,Small,80.48428571428586,48.49571428571428,1.554285714285714,4.1000000000000005,19.6,8.5,64.14285714285714,51.142857142857146,9.828571428571427,8.126666666666667,120.08433,1.0,-0.9902680687415704,0.1391731009600653,-1,,0.0,0.0,0.0,0.0,0.0,163.0,timber_understory,9302.0,139.0,109.0,35.0,2271.0,103.0,1.0
fire_00545,Chris Fire,2017-11-13,2017,11,38.46111,-119.48284,370.0,5.916202062607435,E,Medium,47.82714285714286,27.564285714285802,0.55,3.685714285714286,22.585714285714285,6.800000000000001,65.42857142857143,55.0,9.142857142857142,9.65,2171.9514,19.0,0.4848096202463373,-0.8746197071393956,-1,,0.0,0.0,0.0,0.0,0.0,122.0,grass_shrub,7098.0,229.0,205.0,0.0,2098.0,112.0,0.0
fire_00546,Loma Fire,2017-10-13,2017,10,33.38613,-117.46709,81.0,4.406719247264253,C,Small,84.2642857142858,55.7214285714286,1.5385714285714285,2.3857142857142857,28.285714285714285,0.0,44.85714285714285,33.142857142857146,12.042857142857144,14.816666666666668,143.09972,3.0,-0.6560590289905073,-0.754709580222772,0,D0,0.0,1.0,0.0,0.0,0.0,102.0,grass,9301.0,353.0,302.0,0.0,2270.0,123.0,0.0
fire_00547,Palm Fire,2017-11-14,2017,11,33.90327,-116.50151,40.0,3.713572066704308,C,Small,82.54142857142855,57.21285714285726,2.0157142857142856,3.4857142857142853,14.671428571428574,0.0,84.28571428571429,67.71428571428571,7.442857142857143,5.026666666666666,215.84442,2.0,-0.8480480961564261,-0.5299192642332048,0,D0,0.0,1.0,0.0,0.0,0.0,142.0,shrub,7087.0,210.0,206.0,0.0,2087.0,111.0,0.0
fire_00548,Vista Fire,2017-10-24,2017,10,34.34949,-119.30918,86.0,4.465908118654584,C,Small,88.04428571428573,56.801428571428644,2.301428571428571,4.242857142857142,12.98571428571429,0.0,58.285714285714285,54.57142857142857,9.714285714285712,12.910000000000002,155.65295,11.0,0.3090169943749474,0.9510565162951536,1,D1,1.0,1.0,1.0,0.0,0.0,186.0,timber_litter,7113.0,152.0,113.0,55.0,2113.0,105.0,1.0
fire_00549,Soda Fire,2017-10-20,2017,10,35.41112,-120.00353,21.0,3.091042453358316,C,Small,80.87000000000006,51.65857142857144,2.085714285714286,3.171428571428572,4.628571428571429,0.0,88.71428571428571,71.42857142857143,4.799999999999999,8.146666666666667,715.2932,2.0,-0.3583679495453007,-0.9335804264972016,0,D0,0.0,1.0,0.0,0.0,0.0,121.0,grass_shrub,9301.0,327.0,304.0,0.0,2270.0,122.0,0.0
fire_00550,Bitterwater Fire,2017-11-25,2017,11,36.38109,-121.00391,47.0,3.871201010907891,C,Small,77.62999999999994,44.45857142857144,1.2514285714285711,1.985714285714285,21.12857142857143,11.0,41.285714285714285,31.857142857142858,14.87142857142857,12.73,519.8025,7.0,0.5150380749100542,0.8571673007021123,0,D0,0.0,1.0,0.0,0.0,0.0,99.0,nonburnable_or_other,9062.0,31.0,31.0,0.0,31.0,31.0,0.0
fire_00551,Church Fire,2017-10-21,2017,10,32.64962,-116.37345,100.0,4.61512051684126,D,Medium,81.12714285714296,45.10142857142854,1.66,3.4285714285714284,19.585714285714285,0.7,64.0,44.85714285714285,8.77142857142857,11.973333333333333,1009.3566,3.0,0.0871557427476578,-0.9961946980917455,0,D0,0.0,1.0,0.0,0.0,0.0,145.0,shrub,7110.0,232.0,214.0,0.0,2110.0,113.0,0.0
fire_00552,Oak Fire,2017-11-29,2017,11,34.035344,-116.940661,99.0,4.605170185988092,C,Small,73.15571428571425,47.39000000000002,1.55,2.4714285714285715,10.257142857142856,1.7000000000000002,79.57142857142857,57.285714285714285,6.185714285714285,8.506666666666668,1440.4023,8.0,-0.8290375725550417,-0.5591929034707467,0,D0,0.0,1.0,0.0,0.0,0.0,102.0,grass,7129.0,332.0,302.0,0.0,2129.0,123.0,0.0
fire_00553,Lilac Fire,2017-12-07,2017,12,33.3237,-117.163,4088.0,8.316055720364643,F,Large,71.74142857142856,47.82714285714286,1.0142857142857145,3.1,29.442857142857147,0.0,41.71428571428572,35.0,14.114285714285714,14.476666666666668,80.9609,4.0,-0.5591929034707467,0.8290375725550417,0,D0,0.0,1.0,0.0,0.0,0.0,122.0,grass_shrub,7092.0,236.0,216.0,0.0,2092.0,113.0,0.0
fire_00554,Liberty Fire,2017-12-07,2017,12,33.59257,-117.14979,300.0,5.707110264748875,E,Medium,72.92428571428579,42.50428571428582,1.2814285714285714,2.771428571428572,14.1,1.9,61.57142857142857,48.57142857142857,9.914285714285716,11.576666666666666,458.3215,2.0,-0.4226182617406993,0.90630778703665,0,D0,0.0,1.0,0.0,0.0,0.0,122.0,grass_shrub,7092.0,223.0,208.0,0.0,2092.0,112.0,0.0
fire_00555,Longhorn Fire,2017-12-13,2017,12,33.88994,-116.91023,19.0,2.995732273553991,C,Small,73.31000000000009,47.05571428571426,1.8000000000000005,3.842857142857144,1.1857142857142855,2.4,91.57142857142856,81.71428571428571,3.971428571428572,8.120000000000001,761.576,6.0,0.9781476007338056,0.2079116908177593,0,D0,0.0,1.0,0.0,0.0,0.0,102.0,grass,9301.0,332.0,303.0,0.0,2270.0,123.0,0.0
fire_00556,Skirball Fire,2017-12-06,2017,12,34.09454,-118.48178,422.0,6.0473721790462776,E,Medium,74.26142857142862,54.281428571428684,1.3785714285714286,3.0142857142857147,22.057142857142857,0.0,68.71428571428571,53.285714285714285,8.485714285714288,9.473333333333333,365.41437,8.0,-0.5150380749100543,0.8571673007021123,0,D0,0.0,1.0,0.0,0.0,0.0,145.0,shrub,7110.0,252.0,221.0,0.0,2110.0,115.0,0.0
fire_00557,Drum Fire,2017-12-16,2017,12,34.71796,-120.27077,14.0,2.70805020110221,C,Small,79.84142857142857,37.85,1.837142857142857,3.185714285714286,2.3857142857142857,1.4,69.14285714285714,56.71428571428572,5.342857142857143,13.446666666666667,381.4936,6.0,0.7193398003386512,0.6946583704589973,1,D1,1.0,1.0,1.0,0.0,0.0,123.0,grass_shrub,7113.0,140.0,122.0,45.0,2113.0,104.0,1.0
fire_00558,Coast Fire,2017-12-14,2017,12,34.605358,-120.414875,14.0,2.70805020110221,C,Small,76.52428571428568,42.761428571428624,1.5642857142857145,2.8999999999999995,9.171428571428573,1.9,57.285714285714285,45.71428571428572,8.499999999999998,13.673333333333334,115.49688,4.0,0.2588190451025203,-0.9659258262890684,1,D1,1.0,1.0,1.0,0.0,0.0,122.0,grass_shrub,7092.0,242.0,216.0,0.0,2092.0,114.0,0.0
fire_00559,Riverbottom Fire,2017-12-21,2017,12,33.9885,-117.38417,45.0,3.828641396489095,C,Small,71.20142857142864,43.918571428571525,1.4257142857142855,3.171428571428572,10.357142857142858,0.7,86.57142857142857,68.57142857142857,4.742857142857142,8.990000000000002,259.75177,1.0,0.9455185755993168,0.3255681544571567,0,D0,0.0,1.0,0.0,0.0,0.0,122.0,grass_shrub,9829.0,332.0,303.0,0.0,2280.0,123.0,0.0
fire_00560,Holiday Fire,2017-12-28,2017,12,38.869036,-119.61865,80.0,4.394449154672439,C,Small,49.98714285714304,28.489999999999917,0.6114285714285714,3.914285714285714,25.4,11.1,48.42857142857143,43.142857142857146,11.55714285714286,14.053333333333333,1770.1603,9.0,0.7986355100472928,-0.6018150231520483,-1,,0.0,0.0,0.0,0.0,0.0,142.0,shrub,7126.0,222.0,202.0,0.0,2126.0,112.0,0.0
fire_00561,Aqueduct Fire,2018-04-12,2018,4,35.92436,-119.94083,30.0,3.4339872044851463,C,Small,77.37285714285714,51.452857142857184,1.1714285714285713,2.942857142857143,32.457142857142856,47.3,40.85714285714285,32.42857142857143,12.05714285714286,16.683333333333334,133.5748,2.0,0.6819983600624985,0.7313537016191705,1,D1,1.0,1.0,1.0,0.0,0.0,102.0,grass,9301.0,334.0,304.0,0.0,2270.0,123.0,0.0
fire_00562,Haycamp Fire,2018-02-07,2018,2,35.96689,-121.28185,50.0,3.9318256327243257,C,Small,81.1785714285715,40.34428571428574,1.5828571428571432,3.0571428571428574,15.214285714285712,94.4,43.71428571428572,36.0,10.414285714285713,17.35666666666667,410.48865,1.0,-0.882947592858927,0.4694715627858907,0,D0,0.0,1.0,0.0,0.0,0.0,102.0,grass,9301.0,340.0,302.0,0.0,2270.0,123.0,0.0
fire_00563,Pleasant Fire,2018-02-18,2018,2,37.40208,-118.50235,2070.0,7.635786861395585,F,Large,55.61857142857152,25.25,0.7014285714285714,3.5857142857142854,19.028571428571432,0.0,67.57142857142857,57.0,8.8,10.166666666666668,1350.6849,1.0,-0.3255681544571566,0.9455185755993168,1,D1,1.0,1.0,1.0,0.0,0.0,101.0,grass,7081.0,221.0,202.0,0.0,2081.0,112.0,0.0
fire_00564,Grant Fire,2018-05-14,2018,5,37.73835,-121.6039,12.0,2.5649493574615367,C,Small,78.4785714285714,51.8642857142857,1.1985714285714286,3.6857142857142855,32.18571428571429,7.5,45.71428571428572,37.85714285714285,11.657142857142857,15.163333333333334,151.45761,3.0,0.3746065934159119,0.9271838545667874,0,D0,0.0,1.0,0.0,0.0,0.0,102.0,grass,9301.0,342.0,304.0,0.0,2270.0,124.0,0.0
fire_00565,Patterson Fire,2018-05-17,2018,5,33.62924,-117.05992,1261.0,7.140453043101158,F,Large,73.43857142857138,49.98714285714304,0.9485714285714286,3.071428571428572,36.285714285714285,5.9,56.85714285714285,44.71428571428572,11.514285714285716,10.03,510.98883,5.0,-0.4067366430758001,-0.913545457642601,2,D2,2.0,1.0,1.0,1.0,0.0,122.0,grass_shrub,7092.0,225.0,216.0,0.0,2092.0,112.0,0.0
fire_00566,Tyler Fire,2018-04-15,2018,4,33.711263,-116.164058,15.0,2.772588722239781,C,Small,93.59857142857146,61.73857142857158,3.1357142857142857,4.085714285714285,6.385714285714286,0.0,88.85714285714286,79.85714285714286,4.928571428571429,7.73,-9.377508,1.0,-0.8746197071393959,-0.4848096202463369,1,D1,1.0,1.0,1.0,0.0,0.0,93.0,nonburnable_or_other,7984.0,64.0,64.0,0.0,2964.0,64.0,0.0
fire_00567,Santa Cruz Fire,2018-03-27,2018,3,34.0232,-119.76576,258.0,5.556828061699537,D,Medium,59.09000000000002,43.995714285714385,0.4457142857142857,6.7142857142857135,52.07142857142857,178.3,15.857142857142858,19.714285714285715,19.75714285714286,17.386666666666663,399.10977,12.0,-0.90630778703665,-0.4226182617406993,2,D2,2.0,1.0,1.0,1.0,0.0,122.0,grass_shrub,7110.0,221.0,206.0,0.0,2110.0,112.0,0.0
fire_00568,Rock Fire,2018-03-27,2018,3,40.4635,-121.77419,11.0,2.4849066497880004,C,Small,47.82714285714296,30.778571428571503,0.3028571428571429,4.414285714285715,49.94285714285714,249.5,5.571428571428571,5.428571428571429,20.828571428571426,21.95333333333333,1039.7617,6.0,-0.1736481776669303,-0.984807753012208,0,D0,0.0,1.0,0.0,0.0,0.0,144.0,shrub,7105.0,225.0,211.0,0.0,2105.0,112.0,0.0
fire_00569,Meadow Fire,2018-04-09,2018,4,33.86439,-117.48144,21.0,3.091042453358316,C,Small,74.62142857142871,51.4785714285715,0.8914285714285713,2.857142857142857,36.54285714285715,44.0,40.71428571428572,32.57142857142857,13.042857142857144,15.726666666666665,399.5916,5.0,-0.1391731009600658,-0.9902680687415704,1,D1,1.0,1.0,1.0,0.0,0.0,122.0,grass_shrub,7092.0,215.0,208.0,0.0,2092.0,111.0,0.0
fire_00570,Volcan Fire,2018-05-10,2018,5,33.12213,-116.58759,12.0,2.5649493574615367,C,Small,80.56142857142862,51.89000000000002,1.8671428571428568,2.7,12.742857142857142,8.0,62.0,47.85714285714285,9.914285714285716,11.04666666666667,1537.6707,3.0,-0.2079116908177598,-0.9781476007338056,1,D1,1.0,1.0,1.0,0.0,0.0,165.0,timber_understory,7027.0,146.0,124.0,45.0,2027.0,104.0,1.0
fire_00571,Shastina Fire,2018-05-09,2018,5,41.65935,-122.48556,127.0,4.852030263919617,D,Medium,80.45857142857145,45.53857142857138,1.3914285714285717,2.942857142857143,24.5,31.1,41.85714285714285,33.142857142857146,11.028571428571428,17.17,779.2068,3.0,-0.2419218955996677,-0.9702957262759964,0,D0,0.0,1.0,0.0,0.0,0.0,102.0,grass,7967.0,356.0,304.0,0.0,2967.0,125.0,0.0
fire_00572,Lago Fire,2018-04-22,2018,4,33.88744,-117.16232,18.0,2.9444389791664403,C,Small,72.87285714285714,43.507142857142796,1.272857142857143,3.557142857142857,19.485714285714288,0.0,66.85714285714286,55.71428571428572,8.085714285714285,11.300000000000004,533.1711,8.0,-0.9659258262890684,-0.2588190451025208,1,D1,1.0,1.0,1.0,0.0,0.0,122.0,grass_shrub,7092.0,220.0,208.0,0.0,2092.0,112.0,0.0
fire_00573,French Fire,2018-04-26,2018,4,39.89075,-120.18499,20.0,3.044522437723423,C,Small,65.7500000000001,35.71571428571434,0.98,3.0571428571428574,22.71428571428572,31.4,42.71428571428572,34.142857142857146,10.157142857142858,17.89666666666667,1765.4526,6.0,0.8090169943749473,-0.5877852522924734,-1,,0.0,0.0,0.0,0.0,0.0,99.0,nonburnable_or_other,9213.0,100.0,100.0,0.0,2002.0,100.0,0.0
fire_00574,Happy Fire,2018-05-17,2018,5,34.74245,-120.18236,60.0,4.110873864173311,C,Small,69.63285714285732,45.15285714285718,0.6271428571428571,4.414285714285715,42.41428571428572,7.4,37.71428571428572,40.285714285714285,15.042857142857144,15.856666666666666,301.2328,2.0,-0.0174524064372834,-0.9998476951563912,2,D2,2.0,1.0,1.0,1.0,0.0,122.0,grass_shrub,7092.0,241.0,220.0,0.0,2092.0,114.0,0.0
fire_00575,Jacques Fire,2018-05-09,2018,5,33.40178,-117.27467,18.0,2.9444389791664403,C,Small,78.35000000000011,52.55857142857144,1.2385714285714289,2.942857142857143,33.0,3.0,42.142857142857146,34.142857142857146,13.485714285714284,14.386666666666663,234.68304,10.0,-0.9563047559630354,-0.2923717047227367,1,D1,1.0,1.0,1.0,0.0,0.0,145.0,shrub,7110.0,238.0,218.0,0.0,2110.0,113.0,0.0
fire_00576,Alpha Fire,2018-05-04,2018,5,33.389425,-117.502405,300.0,5.707110264748875,E,Medium,65.2357142857143,49.6785714285715,0.4342857142857143,3.4,57.08571428571429,5.5,33.285714285714285,29.428571428571427,15.657142857142858,15.890000000000002,86.119865,2.0,0.8987940462991668,-0.4383711467890778,1,D1,1.0,1.0,1.0,0.0,0.0,122.0,grass_shrub,7092.0,231.0,212.0,0.0,2092.0,113.0,0.0
fire_00577,Nees Fire,2018-05-02,2018,5,36.85156,-120.77206,1756.0,7.471363088187097,F,Large,73.02714285714286,47.77571428571432,1.002857142857143,4.985714285714286,32.42857142857143,12.9,47.57142857142857,49.71428571428572,11.657142857142857,15.12,121.5291,4.0,0.2588190451025207,0.9659258262890684,0,D0,0.0,1.0,0.0,0.0,0.0,121.0,grass_shrub,9301.0,322.0,304.0,0.0,2270.0,122.0,0.0
fire_00578,Tornado Fire,2018-05-04,2018,5,33.504964,-117.148204,70.0,4.262679877041316,C,Small,69.88999999999992,50.03857142857138,0.7342857142857143,3.4857142857142853,44.3142857142857,2.5,50.142857142857146,42.285714285714285,12.72857142857143,11.963333333333331,328.57693,2.0,0.0697564737441252,-0.9975640502598244,1,D1,1.0,1.0,1.0,0.0,0.0,91.0,nonburnable_or_other,7296.0,22.0,22.0,0.0,2902.0,22.0,0.0
fire_00579,Woodchuck Fire,2018-05-04,2018,5,33.467999,-117.003829,15.0,2.772588722239781,C,Small,69.76142857142862,48.34142857142856,0.8157142857142857,3.4142857142857146,41.17142857142856,2.9,54.57142857142857,45.0,11.457142857142856,11.553333333333336,510.78705,2.0,0.6018150231520484,0.7986355100472928,1,D1,1.0,1.0,1.0,0.0,0.0,145.0,shrub,7110.0,232.0,215.0,0.0,2110.0,113.0,0.0
fire_00580,Moffat Fire,2018-04-19,2018,4,36.71537,-118.08449,1065.0,6.97166860472579,F,Large,68.29571428571438,40.52428571428568,1.2914285714285714,3.9,13.828571428571427,33.5,76.57142857142857,66.14285714285714,5.671428571428572,9.846666666666664,1131.681,0.0,-0.5150380749100544,-0.8571673007021121,0,D0,0.0,1.0,0.0,0.0,0.0,102.0,grass,7082.0,219.0,204.0,0.0,2082.0,111.0,0.0
fire_00581,Main Fire,2018-04-28,2018,4,33.67815,-117.32281,73.0,4.30406509320417,C,Small,85.31857142857152,53.81857142857152,2.0385714285714287,2.857142857142857,12.357142857142858,0.3,71.0,54.57142857142857,7.071428571428571,11.456666666666669,417.84302,4.0,-0.156434465040231,-0.9876883405951375,1,D1,1.0,1.0,1.0,0.0,0.0,91.0,nonburnable_or_other,7299.0,25.0,25.0,0.0,2905.0,25.0,0.0
fire_00582,White Fire,2018-05-18,2018,5,35.826333,-118.9821,26.0,3.295836866004329,C,Small,81.89857142857156,54.25571428571426,1.6885714285714286,3.7571428571428576,22.4,0.0,67.42857142857143,57.42857142857143,7.357142857142856,12.046666666666663,220.9467,1.0,0.8191520442889918,0.573576436351046,0,D0,0.0,1.0,0.0,0.0,0.0,102.0,grass,9301.0,352.0,304.0,0.0,2270.0,125.0,0.0
fire_00583,Jelly Fire,2018-05-18,2018,5,40.31759,-122.21032,103.0,4.6443908991413725,D,Medium,80.58714285714305,56.21000000000008,1.5285714285714285,3.8285714285714287,29.71428571428572,11.0,53.42857142857143,37.71428571428572,8.814285714285715,13.916666666666664,121.60758,1.0,0.1564344650402309,0.9876883405951378,0,D0,0.0,1.0,0.0,0.0,0.0,102.0,grass,9301.0,330.0,304.0,0.0,2270.0,123.0,0.0
fire_00584,Ager Fire,2018-05-19,2018,5,41.791859,-122.513883,27.0,3.332204510175204,C,Small,77.99000000000002,46.92714285714296,1.2357142857142858,3.057142857142857,29.542857142857144,35.5,41.142857142857146,25.857142857142858,12.342857142857143,15.153333333333334,860.6867,7.0,-0.754709580222772,0.6560590289905073,0,D0,0.0,1.0,0.0,0.0,0.0,102.0,grass,7105.0,225.0,212.0,0.0,2105.0,112.0,0.0
fire_00585,Plaza Fire,2018-05-20,2018,5,37.056944,-121.01638,88.0,4.48863636973214,C,Small,77.24428571428574,53.7928571428572,1.1114285714285714,3.3714285714285714,34.45714285714286,0.0,55.42857142857143,45.57142857142857,10.857142857142858,11.806666666666668,85.39972,1.0,0.9135454576426008,0.4067366430758002,0,D0,0.0,1.0,0.0,0.0,0.0,101.0,grass,7913.0,16.0,16.0,0.0,2916.0,16.0,0.0
fire_00586,Bellagio Fire,2018-05-21,2018,5,38.16303,-122.23059,12.0,2.5649493574615367,C,Small,72.77000000000007,50.42428571428578,0.7071428571428571,4.528571428571429,47.18571428571428,0.0,37.142857142857146,35.714285714285715,13.728571428571428,16.59666666666667,63.658073,5.0,0.342020143325669,-0.9396926207859084,-1,,0.0,0.0,0.0,0.0,0.0,91.0,nonburnable_or_other,7296.0,22.0,22.0,0.0,2902.0,22.0,0.0
fire_00587,Agua Fire,2018-05-22,2018,5,33.35505,-117.03134,59.0,4.0943445622221,C,Small,71.07285714285715,50.88714285714305,0.7357142857142857,3.042857142857143,42.34285714285714,2.3,49.0,39.285714285714285,12.857142857142856,11.373333333333331,241.9128,6.0,-0.0871557427476582,-0.9961946980917455,2,D2,2.0,1.0,1.0,1.0,0.0,102.0,grass,7980.0,121.0,107.0,25.0,2960.0,102.0,1.0
fire_00588,Experimental Fire,2018-05-23,2018,5,37.0979,-119.75307,56.0,4.04305126783455,C,Small,79.3785714285715,49.13857142857158,1.19,3.2857142857142856,31.985714285714288,0.0,47.71428571428572,39.57142857142857,12.328571428571433,14.283333333333331,349.29248,7.0,-0.8191520442889918,-0.5735764363510462,0,D0,0.0,1.0,0.0,0.0,0.0,122.0,grass_shrub,9337.0,219.0,212.0,0.0,2270.0,111.0,0.0
fire_00589,Water Fire,2018-05-24,2018,5,35.56922,-120.12441,100.0,4.61512051684126,D,Medium,77.63000000000004,50.784285714285865,1.2542857142857142,3.957142857142857,27.857142857142858,0.0,62.285714285714285,54.71428571428572,9.828571428571427,10.420000000000003,595.0355,8.0,0.4226182617406994,0.90630778703665,1,D1,1.0,1.0,1.0,0.0,0.0,121.0,grass_shrub,9301.0,329.0,303.0,0.0,2270.0,122.0,0.0
fire_00590,Cobble Fire,2018-05-26,2018,5,36.75581,-119.42172,108.0,4.691347882229144,D,Medium,83.08142857142857,54.5642857142857,1.56,1.9714285714285715,28.72857142857143,0.0,59.57142857142857,40.42857142857143,10.057142857142855,11.226666666666668,164.01663,3.0,0.4067366430757997,-0.9135454576426012,0,D0,0.0,1.0,0.0,0.0,0.0,102.0,grass,9301.0,334.0,304.0,0.0,2270.0,123.0,0.0
fire_00591,Keeler Fire,2018-05-27,2018,5,37.21803,-121.76828,16.0,2.833213344056216,C,Small,66.93285714285712,50.42428571428568,0.4628571428571428,3.757142857142857,56.38571428571429,0.0,35.714285714285715,33.857142857142854,15.314285714285717,14.683333333333335,90.00981,10.0,0.8290375725550417,0.5591929034707469,-1,,0.0,0.0,0.0,0.0,0.0,91.0,nonburnable_or_other,7297.0,23.0,23.0,0.0,2903.0,23.0,0.0
fire_00592,70th Fire,2018-05-28,2018,5,33.53924,-116.10231,10.0,2.3978952727983707,C,Small,91.9785714285715,64.12999999999994,2.337142857142857,3.942857142857143,22.47142857142857,0.0,82.42857142857143,69.14285714285714,7.328571428571428,5.886666666666667,-62.07271,0.0,-0.5446390350150271,0.838670567945424,2,D2,2.0,1.0,1.0,1.0,0.0,141.0,shrub,7087.0,217.0,204.0,0.0,2087.0,111.0,0.0
fire_00593,Chrome Fire,2018-05-28,2018,5,39.65578,-122.58666,75.0,4.330733340286331,C,Small,79.27571428571432,53.201428571428536,1.1528571428571428,3.1428571428571423,42.1,6.7,44.0,34.57142857142857,13.728571428571428,13.24666666666667,280.96228,2.0,-0.2079116908177593,0.9781476007338056,0,D0,0.0,1.0,0.0,0.0,0.0,103.0,grass,7105.0,221.0,217.0,0.0,2105.0,114.0,0.0
fire_00594,Stuhr Fire,2018-05-29,2018,5,37.32744,-121.10903,63.0,4.158883083359672,C,Small,85.08714285714305,55.61857142857152,1.5857142857142856,3.2857142857142856,29.02857142857143,0.5,50.57142857142857,40.71428571428572,11.971428571428572,12.733333333333338,54.963703,1.0,-0.2419218955996677,0.9702957262759964,0,D0,0.0,1.0,0.0,0.0,0.0,102.0,grass,9301.0,333.0,303.0,0.0,2270.0,123.0,0.0
fire_00595,Vineyard Fire,2018-05-29,2018,5,35.71859,-120.64028,25.0,3.258096538021482,C,Small,75.7785714285714,49.6785714285715,0.9885714285714284,3.3571428571428568,37.65714285714285,0.0,45.71428571428572,40.42857142857143,13.55714285714286,13.406666666666668,214.88776,1.0,0.7431448254773942,-0.6691306063588581,1,D1,1.0,1.0,1.0,0.0,0.0,93.0,nonburnable_or_other,7981.0,61.0,61.0,0.0,2961.0,61.0,0.0
fire_00596,Grant Fire,2018-05-30,2018,5,37.75375,-121.57918,484.0,6.184148890937483,E,Medium,77.91285714285716,53.51000000000008,1.167142857142857,3.314285714285714,39.24285714285715,0.4,44.285714285714285,35.42857142857143,12.728571428571428,13.590000000000002,81.27971,2.0,0.5000000000000001,0.8660254037844386,0,D0,0.0,1.0,0.0,0.0,0.0,102.0,grass,9301.0,340.0,304.0,0.0,2270.0,124.0,0.0
fire_00597,Madison FIre,2018-06-01,2018,6,38.64953,-122.01762,14.0,2.70805020110221,C,Small,83.26142857142852,55.10428571428582,1.5842857142857143,3.2142857142857144,32.91428571428572,3.3000000000000003,49.57142857142857,39.142857142857146,10.985714285714286,13.533333333333331,67.204155,1.0,0.2419218955996676,0.9702957262759964,0,D0,0.0,1.0,0.0,0.0,0.0,93.0,nonburnable_or_other,7984.0,64.0,64.0,0.0,2964.0,64.0,0.0
fire_00598,Open Fire,2018-06-01,2018,6,39.46543,-122.65582,127.0,4.852030263919617,D,Medium,74.62142857142871,53.71571428571434,1.294285714285714,2.742857142857143,38.44285714285714,8.1,51.0,35.714285714285715,11.271428571428572,11.756666666666668,873.0226,3.0,-0.6156614753256583,0.788010753606722,0,D0,0.0,1.0,0.0,0.0,0.0,145.0,shrub,7105.0,238.0,218.0,0.0,2105.0,115.0,0.0
fire_00599,Plymire Fire,2018-06-01,2018,6,40.201826,-122.29388,23.0,3.1780538303479458,C,Small,82.5928571428572,59.09000000000002,1.8442857142857143,4.185714285714285,31.128571428571423,32.7,54.42857142857143,42.0,10.3,11.006666666666664,142.28192,1.0,0.1564344650402309,0.9876883405951378,0,D0,0.0,1.0,0.0,0.0,0.0,91.0,nonburnable_or_other,7299.0,25.0,25.0,0.0,2905.0,25.0,0.0
fire_00600,Glen Fire,2018-06-02,2018,6,37.99113,-121.86473,23.0,3.1780538303479458,C,Small,81.28142857142858,52.5071428571429,1.432857142857143,4.700000000000001,31.67142857142857,0.0,50.85714285714285,45.57142857142857,10.771428571428572,12.863333333333337,78.72698,6.0,0.8660254037844387,0.4999999999999999,0,D0,0.0,1.0,0.0,0.0,0.0,91.0,nonburnable_or_other,7297.0,23.0,23.0,0.0,2903.0,23.0,0.0
fire_00601,Aliso Fire,2018-06-02,2018,6,33.55132,-117.72044,175.0,5.170483995038151,D,Medium,73.5928571428572,56.415714285714344,0.8185714285714286,3.1428571428571423,47.24285714285714,6.5,42.285714285714285,36.85714285714285,13.571428571428571,13.709999999999996,63.15157,3.0,-0.3420201433256687,0.9396926207859084,2,D2,2.0,1.0,1.0,1.0,0.0,91.0,nonburnable_or_other,7299.0,25.0,25.0,0.0,2905.0,25.0,0.0
fire_00602,Jardin Fire,2018-06-02,2018,6,33.45014,-117.22215,10.0,2.3978952727983707,C,Small,75.05857142857144,53.87000000000006,0.6628571428571428,3.2142857142857144,46.44285714285714,2.5,34.0,29.571428571428573,16.428571428571427,14.23,391.3123,3.0,0.2588190451025203,-0.9659258262890684,2,D2,2.0,1.0,1.0,1.0,0.0,93.0,nonburnable_or_other,7981.0,61.0,61.0,0.0,2961.0,61.0,0.0
fire_00603,Coldwell Fire,2018-06-02,2018,6,36.10499,-120.55324,13.0,2.6390573296152584,C,Small,80.7928571428571,46.85,1.2771428571428574,3.5285714285714285,27.442857142857147,0.3,45.42857142857143,40.57142857142857,13.257142857142858,13.643333333333334,491.3892,5.0,-0.9612616959383188,-0.275637355816999,0,D0,0.0,1.0,0.0,0.0,0.0,102.0,grass,9301.0,361.0,304.0,0.0,2270.0,126.0,0.0
fire_00604,Black Fire,2018-06-03,2018,6,39.80827,-122.3307,10.0,2.3978952727983707,C,Small,90.35857142857144,60.607142857142904,2.312857142857143,5.142857142857144,21.97142857142857,15.0,53.71428571428572,50.85714285714285,9.72857142857143,12.033333333333331,119.496475,2.0,0.0523359562429439,0.9986295347545738,0,D0,0.0,1.0,0.0,0.0,0.0,102.0,grass,9301.0,346.0,304.0,0.0,2270.0,124.0,0.0
fire_00605,Grande Fire,2018-06-03,2018,6,33.47413,-117.31468,11.0,2.4849066497880004,C,Small,74.80142857142864,53.38142857142858,0.8228571428571428,3.1,40.65714285714285,1.4,38.42857142857143,32.142857142857146,15.214285714285714,13.236666666666668,226.61993,9.0,-0.9961946980917455,-0.0871557427476579,2,D2,2.0,1.0,1.0,1.0,0.0,145.0,shrub,7110.0,240.0,219.0,0.0,2110.0,114.0,0.0
fire_00606,Ethanac Fire,2018-06-03,2018,6,33.742,-117.28189,17.0,2.8903717578961645,C,Small,83.82714285714296,53.6642857142857,1.4571428571428573,3.0142857142857147,27.11428571428572,0.0,52.71428571428572,42.42857142857143,12.557142857142855,10.45,511.43695,5.0,-0.2419218955996677,0.9702957262759964,2,D2,2.0,1.0,1.0,1.0,0.0,102.0,grass,9301.0,334.0,302.0,0.0,2270.0,123.0,0.0
fire_00607,Fairview Fire,2018-06-03,2018,6,36.83036,-121.36446,35.0,3.58351893845611,C,Small,80.30428571428583,48.59857142857146,1.2142857142857142,3.814285714285714,32.714285714285715,0.0,38.85714285714285,36.142857142857146,14.271428571428572,15.886666666666668,134.96832,2.0,0.6946583704589973,-0.7193398003386511,0,D0,0.0,1.0,0.0,0.0,0.0,102.0,grass,9301.0,344.0,304.0,0.0,2270.0,124.0,0.0
fire_00608,Resort Fire,2018-06-03,2018,6,35.75737,-120.91793,12.0,2.5649493574615367,C,Small,86.8357142857144,44.6642857142857,1.8171428571428567,3.5,19.728571428571428,0.0,50.42857142857143,45.142857142857146,12.142857142857142,13.27,309.7922,6.0,-0.984807753012208,0.1736481776669302,0,D0,0.0,1.0,0.0,0.0,0.0,145.0,shrub,7105.0,244.0,220.0,0.0,2105.0,114.0,0.0
fire_00609,Martin Fire,2018-06-03,2018,6,41.58233,-122.33769,37.0,3.6375861597263857,C,Small,78.6071428571428,43.892857142857096,1.317142857142857,3.314285714285714,26.685714285714283,51.5,37.57142857142857,30.142857142857142,12.085714285714284,15.876666666666663,908.0932,2.0,0.6018150231520479,-0.798635510047293,0,D0,0.0,1.0,0.0,0.0,0.0,102.0,grass,7105.0,238.0,207.0,0.0,2105.0,113.0,0.0
fire_00610,Adobe Fire,2018-06-03,2018,6,32.78031,-117.06782,38.0,3.6635616461296463,C,Small,72.9500000000001,57.88142857142858,0.722857142857143,2.657142857142857,49.871428571428574,1.3,45.0,36.142857142857146,13.05714285714286,12.893333333333336,108.25826,4.0,0.0174524064372831,-0.9998476951563912,2,D2,2.0,1.0,1.0,1.0,0.0,183.0,timber_litter,7911.0,14.0,14.0,45.0,2914.0,14.0,1.0
fire_00611,Green Fire,2018-06-03,2018,6,32.75072,-116.92404,10.0,2.3978952727983707,C,Small,76.01000000000008,56.7500000000001,0.8385714285714284,2.957142857142857,45.31428571428571,2.0,42.285714285714285,34.142857142857146,13.685714285714289,13.186666666666664,131.2846,2.0,-0.7431448254773942,-0.6691306063588582,2,D2,2.0,1.0,1.0,1.0,0.0,91.0,nonburnable_or_other,7296.0,22.0,22.0,0.0,2902.0,22.0,0.0
fire_00612,Stone Fire,2018-06-04,2018,6,34.5486,-118.31138,1352.0,7.210079628170788,F,Large,80.61285714285717,56.39000000000002,1.7157142857142855,3.414285714285714,21.84285714285715,2.5,62.142857142857146,51.285714285714285,9.571428571428571,9.636666666666668,1040.6797,16.0,-0.9563047559630354,-0.2923717047227367,2,D2,2.0,1.0,1.0,1.0,0.0,141.0,shrub,7110.0,217.0,212.0,0.0,2110.0,113.0,0.0
fire_00613,Meamber Fire,2018-06-04,2018,6,41.64805,-122.98442,12.0,2.5649493574615367,C,Small,79.55857142857144,47.647142857143024,1.4614285714285713,3.085714285714286,26.228571428571428,37.7,48.85714285714285,38.0,9.757142857142856,13.546666666666663,903.0811,11.0,-0.90630778703665,-0.4226182617406993,0,D0,0.0,1.0,0.0,0.0,0.0,186.0,timber_litter,7008.0,138.0,112.0,35.0,2008.0,103.0,1.0
fire_00614,Airline Fire,2018-06-04,2018,6,36.40755,-120.99322,1314.0,7.181591944611865,F,Large,85.70428571428582,46.7214285714286,1.84,3.685714285714286,20.042857142857144,0.0,47.57142857142857,44.285714285714285,12.471428571428572,13.9,579.4072,11.0,-0.544639035015027,-0.8386705679454242,0,D0,0.0,1.0,0.0,0.0,0.0,103.0,grass,9301.0,333.0,303.0,0.0,2105.0,114.0,0.0
fire_00615,Eastern Fire,2018-06-04,2018,6,36.378333,-120.901167,513.0,6.2422232654551655,E,Medium,81.8214285714285,52.32714285714296,1.7642857142857142,3.685714285714286,21.942857142857147,0.0,53.71428571428572,46.85714285714285,10.885714285714286,12.15,615.0786,10.0,0.9335804264972016,0.3583679495453002,0,D0,0.0,1.0,0.0,0.0,0.0,144.0,shrub,7105.0,221.0,210.0,0.0,2105.0,112.0,0.0
fire_00616,ONeals Fire,2018-06-04,2018,6,37.10181,-119.623981,300.0,5.707110264748875,E,Medium,91.02714285714286,54.15285714285718,2.2285714285714286,2.485714285714286,20.214285714285715,1.2,59.285714285714285,43.285714285714285,9.342857142857142,12.113333333333332,448.6755,13.0,-0.1045284632676533,-0.9945218953682734,0,D0,0.0,1.0,0.0,0.0,0.0,144.0,shrub,7114.0,135.0,123.0,35.0,2114.0,103.0,1.0
fire_00617,Panoche Fire,2018-06-04,2018,6,36.64832,-121.03253,64.0,4.174387269895637,C,Small,82.95285714285718,48.804285714285825,1.6900000000000002,3.585714285714286,20.65714285714285,0.0,48.0,42.85714285714285,12.128571428571428,13.606666666666673,624.4754,1.0,-0.8910065241883678,0.4539904997395468,0,D0,0.0,1.0,0.0,0.0,0.0,144.0,shrub,7105.0,230.0,218.0,0.0,2105.0,113.0,0.0
fire_00618,Pallet Fire,2018-06-05,2018,6,38.245151,-122.44408,10.0,2.3978952727983707,C,Small,81.53857142857137,49.91000000000008,1.2514285714285711,5.1,35.84285714285715,2.3,38.42857142857143,40.0,13.414285714285716,16.70666666666667,4.823195,0.0,-0.898794046299167,0.4383711467890773,-1,,0.0,0.0,0.0,0.0,0.0,91.0,nonburnable_or_other,7296.0,22.0,22.0,0.0,2902.0,22.0,0.0
fire_00619,Vista Fire,2018-06-05,2018,6,33.40769,-117.22974,12.0,2.5649493574615367,C,Small,76.06142857142852,55.875714285714324,0.7942857142857144,3.014285714285714,43.771428571428565,2.5,36.85714285714285,30.571428571428573,14.828571428571433,14.466666666666669,166.05267,4.0,0.9743700647852352,0.224951054343865,2,D2,2.0,1.0,1.0,1.0,0.0,142.0,shrub,7110.0,224.0,224.0,0.0,2110.0,114.0,0.0
fire_00620,Recycle Fire,2018-06-06,2018,6,32.63046,-116.46674,265.0,5.583496308781699,D,Medium,86.0642857142857,44.0214285714286,1.6185714285714283,2.9714285714285715,21.142857142857142,0.0,46.71428571428572,40.142857142857146,13.157142857142857,13.349999999999998,803.4122,2.0,-0.838670567945424,-0.5446390350150271,2,D2,2.0,1.0,1.0,1.0,0.0,145.0,shrub,7110.0,235.0,215.0,0.0,2110.0,113.0,0.0
fire_00621,Liberty Fire,2018-06-11,2018,6,38.24033,-121.09199,62.0,4.143134726391533,C,Small,83.51857142857152,53.150000000000105,1.6428571428571428,3.6571428571428575,24.25714285714286,9.9,59.71428571428572,50.71428571428572,8.814285714285713,12.586666666666666,56.94703,1.0,-0.8191520442889918,-0.5735764363510462,-1,,0.0,0.0,0.0,0.0,0.0,102.0,grass,7934.0,339.0,303.0,0.0,2911.0,123.0,0.0
fire_00622,Bear Fire,2018-06-07,2018,6,37.33924,-120.24315,200.0,5.303304908059076,D,Medium,88.48142857142868,55.56714285714288,2.0785714285714287,3.6,20.74285714285714,1.6,57.57142857142857,49.285714285714285,9.12857142857143,12.806666666666668,94.592285,0.0,-0.7547095802227721,-0.656059028990507,0,D0,0.0,1.0,0.0,0.0,0.0,102.0,grass,9301.0,348.0,304.0,0.0,2270.0,124.0,0.0
fire_00623,Apple Fire,2018-06-09,2018,6,39.94355,-122.3571,2956.0,7.991930519852477,F,Large,92.57000000000006,60.14428571428574,2.482857142857143,3.5714285714285707,18.9,28.2,62.71428571428572,47.42857142857143,7.128571428571428,11.663333333333332,145.67848,1.0,0.9135454576426008,0.4067366430758002,0,D0,0.0,1.0,0.0,0.0,0.0,102.0,grass,7980.0,134.0,105.0,35.0,2960.0,103.0,1.0
fire_00624,Chrome Fire,2018-06-09,2018,6,39.64978,-122.58218,2290.0,7.736743682453495,F,Large,90.8214285714287,56.287142857143046,2.2785714285714285,2.7857142857142856,19.728571428571428,6.7,62.142857142857146,42.71428571428572,7.471428571428571,12.156666666666668,280.96228,2.0,-0.2079116908177593,0.9781476007338056,0,D0,0.0,1.0,0.0,0.0,0.0,101.0,grass,9301.0,336.0,303.0,0.0,2270.0,122.0,0.0
fire_00625,Mission Fire,2018-06-09,2018,6,37.97638,-122.5275,12.0,2.5649493574615367,C,Small,78.83857142857158,50.8357142857144,1.1157142857142857,5.742857142857142,38.67142857142858,0.0,44.142857142857146,44.71428571428572,12.157142857142857,15.02,39.010254,5.0,-0.9876883405951375,0.1564344650402309,-1,,0.0,0.0,0.0,0.0,0.0,91.0,nonburnable_or_other,7299.0,25.0,25.0,0.0,2905.0,25.0,0.0
fire_00626,South Fire,2018-06-09,2018,6,37.97638,-122.5275,175.0,5.170483995038151,D,Medium,78.83857142857158,50.8357142857144,1.1157142857142857,5.742857142857142,38.67142857142858,0.0,44.142857142857146,44.71428571428572,12.157142857142857,15.02,39.010254,5.0,-0.9876883405951375,0.1564344650402309,-1,,0.0,0.0,0.0,0.0,0.0,91.0,nonburnable_or_other,7299.0,25.0,25.0,0.0,2905.0,25.0,0.0
fire_00627,Sam Fire,2018-06-09,2018,6,35.9352,-121.11936,96.0,4.574710978503383,C,Small,92.38999999999992,46.31000000000008,2.4385714285714286,3.357142857142857,11.657142857142858,0.0,62.71428571428572,51.85714285714285,8.357142857142858,11.936666666666666,288.9074,1.0,0.0697564737441252,-0.9975640502598244,0,D0,0.0,1.0,0.0,0.0,0.0,102.0,grass,9301.0,351.0,304.0,0.0,2270.0,125.0,0.0
fire_00628,Beaver Fire,2018-06-12,2018,6,36.37532,-120.862579,215.0,5.375278407684165,D,Medium,77.42428571428567,52.661428571428516,1.542857142857143,4.92857142857143,21.27142857142857,0.0,64.85714285714286,61.71428571428572,7.514285714285713,11.27,954.33026,14.0,-0.7313537016191706,-0.6819983600624984,0,D0,0.0,1.0,0.0,0.0,0.0,102.0,grass,9301.0,340.0,304.0,0.0,2270.0,124.0,0.0
fire_00629,Vista Fire,2018-06-13,2018,6,35.663607,-120.670311,60.0,4.110873864173311,C,Small,87.63285714285722,48.3928571428572,1.93,5.1000000000000005,17.642857142857142,0.0,57.57142857142857,59.142857142857146,9.414285714285716,12.813333333333333,234.5968,1.0,0.8191520442889918,0.573576436351046,1,D1,1.0,1.0,1.0,0.0,0.0,102.0,grass,9301.0,347.0,304.0,0.0,2270.0,124.0,0.0
fire_00630,Santiago Fire,2018-06-11,2018,6,33.787838,-117.746625,155.0,5.049856007249537,D,Medium,80.97285714285714,56.2357142857143,1.1042857142857143,2.7857142857142856,37.8,5.800000000000001,44.57142857142857,34.857142857142854,13.342857142857143,12.943333333333332,219.68886,5.0,0.7771459614569706,-0.6293203910498378,2,D2,2.0,1.0,1.0,1.0,0.0,91.0,nonburnable_or_other,7299.0,25.0,25.0,0.0,2905.0,25.0,0.0
fire_00631,Euclid Fire,2018-06-12,2018,6,33.925862,-117.654299,154.0,5.043425116919247,D,Medium,88.04428571428573,58.704285714285824,1.7285714285714284,2.757142857142857,25.957142857142856,0.0,53.142857142857146,40.71428571428572,10.914285714285716,12.023333333333332,167.50815,5.0,0.2419218955996676,0.9702957262759964,2,D2,2.0,1.0,1.0,1.0,0.0,91.0,nonburnable_or_other,7299.0,25.0,25.0,0.0,2905.0,25.0,0.0
fire_00632,Portola Fire ,2018-06-12,2018,6,34.110516,-118.427886,20.0,3.044522437723423,C,Small,79.91857142857152,58.01000000000008,1.0399999999999998,2.628571428571429,40.84285714285714,3.4,39.57142857142857,30.857142857142858,14.457142857142856,13.876666666666663,335.2586,3.0,-0.6560590289905073,-0.754709580222772,2,D2,2.0,1.0,1.0,1.0,0.0,91.0,nonburnable_or_other,7296.0,22.0,22.0,0.0,2902.0,22.0,0.0
fire_00633,Spring Fire,2018-06-13,2018,6,40.394073,-122.135924,70.0,4.262679877041316,C,Small,86.99000000000002,56.15857142857144,2.048571428571429,3.928571428571429,21.757142857142856,27.1,65.85714285714286,53.142857142857146,6.914285714285714,11.593333333333332,185.79344,3.0,0.9659258262890684,-0.2588190451025207,0,D0,0.0,1.0,0.0,0.0,0.0,165.0,timber_understory,7114.0,145.0,126.0,45.0,2114.0,104.0,1.0
fire_00634,Bridle Fire,2018-06-14,2018,6,33.524412,-116.821724,20.0,3.044522437723423,C,Small,89.35571428571426,54.87285714285714,2.29,2.814285714285714,12.928571428571429,0.0,72.71428571428571,55.42857142857143,6.914285714285714,9.813333333333333,1012.9587,8.0,0.1045284632676529,-0.9945218953682734,2,D2,2.0,1.0,1.0,1.0,0.0,145.0,shrub,7110.0,231.0,212.0,0.0,2110.0,113.0,0.0
fire_00635,70 Fire,2018-06-14,2018,6,39.602703,-121.617698,20.0,3.044522437723423,C,Small,89.74142857142856,55.5928571428572,2.09,2.842857142857143,24.11428571428572,9.9,63.0,48.71428571428572,8.314285714285715,12.336666666666666,105.504524,3.0,0.3746065934159119,-0.9271838545667874,-1,,0.0,0.0,0.0,0.0,0.0,102.0,grass,9301.0,346.0,304.0,0.0,2270.0,124.0,0.0
fire_00636,Creston FIre,2018-06-14,2018,6,35.58354,-120.624135,60.0,4.110873864173311,C,Small,88.73857142857138,48.804285714285825,1.988571428571428,4.657142857142857,16.62857142857143,0.0,58.142857142857146,59.42857142857143,9.642857142857142,12.933333333333335,285.29224,1.0,0.90630778703665,-0.4226182617406992,2,D2,2.0,1.0,1.0,1.0,0.0,102.0,grass,7986.0,338.0,304.0,0.0,2966.0,123.0,0.0
fire_00637,Tumbleweed Fire,2018-06-14,2018,6,40.3768,-120.36403,646.0,6.472346294500901,E,Medium,81.35857142857144,42.375714285714324,1.7057142857142855,4.328571428571428,16.085714285714285,54.8,62.85714285714285,57.85714285714285,7.514285714285713,12.723333333333333,1239.1265,5.0,-0.9271838545667874,-0.374606593415912,-1,,0.0,0.0,0.0,0.0,0.0,102.0,grass,9336.0,226.0,203.0,0.0,2282.0,112.0,0.0
fire_00638,Planada Fire,2018-06-15,2018,6,37.39339,-120.34207,4563.0,8.425954710981966,F,Large,89.58714285714305,58.9357142857143,2.1542857142857144,5.171428571428572,21.685714285714287,1.8,60.71428571428572,61.142857142857146,8.7,12.716666666666669,100.053,1.0,-0.3255681544571566,-0.9455185755993168,0,D0,0.0,1.0,0.0,0.0,0.0,98.0,nonburnable_or_other,7292.0,11.0,11.0,0.0,11.0,11.0,0.0
fire_00639,Raymond Fire,2018-06-15,2018,6,37.14663,-119.91223,60.0,4.110873864173311,C,Small,92.31285714285715,57.85571428571436,2.448571428571429,4.1,18.31428571428572,0.4,72.0,64.28571428571429,7.328571428571428,10.26,204.55193,3.0,-0.9993908270190958,-0.0348994967025009,0,D0,0.0,1.0,0.0,0.0,0.0,102.0,grass,9301.0,347.0,304.0,0.0,2270.0,124.0,0.0
fire_00640,Boyer Fire,2018-06-15,2018,6,37.47677,-119.84299,53.0,3.9889840465642745,C,Small,86.99000000000002,53.30428571428572,1.8657142857142848,2.671428571428572,22.728571428571428,1.1,62.42857142857143,47.85714285714285,8.6,12.329999999999997,835.89856,7.0,-0.4067366430758001,-0.913545457642601,0,D0,0.0,1.0,0.0,0.0,0.0,165.0,timber_understory,7114.0,141.0,122.0,45.0,2114.0,104.0,1.0
fire_00641,Oregon Fire,2018-06-16,2018,6,39.549167,-121.521111,40.0,3.713572066704308,C,Small,87.65857142857134,57.007142857142796,1.977142857142857,2.8285714285714287,26.27142857142857,9.7,60.71428571428572,42.0,8.057142857142857,12.653333333333332,176.97389,9.0,-0.9975640502598242,0.0697564737441255,-1,,0.0,0.0,0.0,0.0,0.0,101.0,grass,9301.0,355.0,303.0,0.0,2270.0,126.0,0.0
fire_00642,Creek Fire,2018-06-16,2018,6,38.886518,-122.476381,32.0,3.49650756146648,C,Small,83.08142857142857,53.87000000000006,1.7614285714285711,3.242857142857143,24.442857142857143,4.2,60.71428571428572,43.85714285714285,7.928571428571429,12.716666666666663,754.2523,2.0,0.4694715627858904,-0.8829475928589271,0,D0,0.0,1.0,0.0,0.0,0.0,91.0,nonburnable_or_other,7299.0,25.0,25.0,0.0,2905.0,25.0,0.0
fire_00643,Willow Fire,2018-06-16,2018,6,38.015323,-121.998967,25.0,3.258096538021482,C,Small,83.54428571428573,53.61285714285716,1.602857142857143,5.457142857142857,27.928571428571427,0.0,57.85714285714285,55.142857142857146,9.385714285714286,11.890000000000002,98.52343,7.0,-0.3583679495453007,-0.9335804264972016,-1,,0.0,0.0,0.0,0.0,0.0,91.0,nonburnable_or_other,7296.0,22.0,22.0,0.0,2902.0,22.0,0.0
fire_00644,China Fire,2018-06-17,2018,6,38.265645,-120.892404,17.0,2.8903717578961645,C,Small,90.35857142857144,54.05,2.062857142857143,3.2,22.142857142857142,8.4,63.85714285714285,51.0,8.271428571428572,12.013333333333332,174.55919,3.0,0.6946583704589973,0.7193398003386512,-1,,0.0,0.0,0.0,0.0,0.0,145.0,shrub,7105.0,252.0,221.0,0.0,2105.0,115.0,0.0
fire_00645,Upper Colony Fire,2018-06-17,2018,6,38.834395,-119.416746,1202.0,7.0925737159746784,F,Large,77.24428571428574,44.22714285714286,1.5185714285714285,3.171428571428572,17.97142857142857,55.8,73.42857142857143,57.71428571428572,7.071428571428571,9.73,1685.0234,23.0,0.1218693434051474,0.992546151641322,-1,,0.0,0.0,0.0,0.0,0.0,141.0,shrub,7079.0,220.0,203.0,0.0,2079.0,112.0,0.0
fire_00646,Vallecitos Fire,2018-06-17,2018,6,37.627119,-121.806775,20.0,3.044522437723423,C,Small,81.97571428571432,51.55571428571426,1.4057142857142857,4.514285714285714,28.81428571428572,0.0,48.42857142857143,45.42857142857143,11.471428571428572,14.08,234.47343,5.0,0.8290375725550417,0.5591929034707469,0,D0,0.0,1.0,0.0,0.0,0.0,144.0,shrub,7105.0,236.0,224.0,0.0,2105.0,113.0,0.0
fire_00647,Dinosaur Fire,2018-06-17,2018,6,37.05876,-121.176354,185.0,5.225746673713202,D,Medium,85.19000000000003,55.0785714285715,1.83,4.714285714285714,23.17142857142857,0.0,62.285714285714285,55.142857142857146,8.457142857142857,11.523333333333332,290.3636,13.0,0.8660254037844387,0.4999999999999999,0,D0,0.0,1.0,0.0,0.0,0.0,102.0,grass,9301.0,332.0,304.0,0.0,2270.0,124.0,0.0
fire_00648,Wheeler Fire,2018-06-18,2018,6,37.707234,-120.199162,115.0,4.7535901911063645,D,Medium,87.76142857142862,56.287142857143046,1.917142857142857,3.3000000000000003,24.300000000000004,1.1,63.57142857142857,51.42857142857143,8.4,11.796666666666663,526.6329,4.0,-0.1736481776669303,-0.984807753012208,-1,,0.0,0.0,0.0,0.0,0.0,145.0,shrub,7105.0,252.0,224.0,0.0,2105.0,115.0,0.0
fire_00649,Iron Fire,2018-06-19,2018,6,37.779209,-121.908976,40.0,3.713572066704308,C,Small,81.61571428571435,52.71285714285726,1.407142857142857,4.757142857142857,30.17142857142857,0.0,51.142857142857146,48.42857142857143,10.885714285714286,13.556666666666665,237.56863,3.0,-0.838670567945424,-0.5446390350150271,-1,,0.0,0.0,0.0,0.0,0.0,102.0,grass,9301.0,349.0,304.0,0.0,2270.0,124.0,0.0
fire_00650,Ranchita Fire,2018-06-19,2018,6,35.77017,-120.57833,10.0,2.3978952727983707,C,Small,84.75285714285718,48.31571428571434,1.5685714285714287,3.842857142857143,27.0,0.0,53.142857142857146,47.57142857142857,11.285714285714285,12.91,397.6249,3.0,-0.5877852522924732,-0.8090169943749473,1,D1,1.0,1.0,1.0,0.0,0.0,102.0,grass,9301.0,343.0,304.0,0.0,2270.0,124.0,0.0
fire_00651,Yankee Fire,2018-06-20,2018,6,35.73629,-120.75593,1500.0,7.313886831633462,F,Large,83.72428571428568,49.73000000000004,1.5057142857142858,3.471428571428571,28.34285714285713,0.0,53.71428571428572,45.57142857142857,11.614285714285714,12.5,317.22098,3.0,0.9902680687415704,0.1391731009600654,0,D0,0.0,1.0,0.0,0.0,0.0,102.0,grass,9301.0,335.0,304.0,0.0,2270.0,123.0,0.0
fire_00652,Creek Fire,2018-06-21,2018,6,35.05747,-120.39295,10.0,2.3978952727983707,C,Small,77.34714285714281,50.86142857142862,1.0171428571428571,4.171428571428572,37.142857142857146,0.6,47.142857142857146,46.42857142857143,13.0,13.626666666666669,288.8027,2.0,-0.7071067811865475,0.7071067811865476,2,D2,2.0,1.0,1.0,1.0,0.0,123.0,grass_shrub,7113.0,133.0,109.0,35.0,2113.0,103.0,1.0
fire_00653,Bascom Fire,2018-06-23,2018,6,40.52909,-122.17457,328.0,5.796057750765372,E,Medium,92.82714285714286,61.14714285714282,2.5500000000000003,2.7857142857142856,20.571428571428573,22.700000000000003,73.14285714285714,49.285714285714285,6.285714285714285,10.343333333333334,192.99951,1.0,0.9998476951563912,0.0174524064372835,0,D0,0.0,1.0,0.0,0.0,0.0,122.0,grass_shrub,9629.0,216.0,207.0,0.0,2152.0,111.0,0.0
fire_00654,Lane Fire,2018-06-23,2018,6,40.35068,-121.77867,3392.0,8.129469764784231,F,Large,83.69857142857146,55.13000000000004,1.741428571428571,2.371428571428571,25.61428571428572,34.2,65.42857142857143,46.42857142857143,7.7142857142857135,12.173333333333336,990.4106,8.0,0.9975640502598242,0.0697564737441253,-1,,0.0,0.0,0.0,0.0,0.0,145.0,shrub,7105.0,249.0,218.0,0.0,2105.0,114.0,0.0
fire_00655,Sierra Fire,2018-06-23,2018,6,40.12791,-122.19792,170.0,5.14166355650266,D,Medium,94.13857142857158,60.78714285714284,2.6442857142857146,2.8285714285714287,18.985714285714288,32.8,70.42857142857143,48.0,6.6428571428571415,11.26333333333333,88.033035,0.0,-0.5591929034707467,0.8290375725550417,0,D0,0.0,1.0,0.0,0.0,0.0,101.0,grass,7913.0,16.0,16.0,0.0,2916.0,16.0,0.0
fire_00656,Stoll Fire,2018-06-23,2018,6,40.18395,-122.27574,268.0,5.594711379601839,D,Medium,94.01000000000008,61.14714285714282,2.707142857142857,2.528571428571429,17.82857142857143,34.099999999999994,75.57142857142857,45.285714285714285,6.157142857142857,9.29,115.93217,1.0,-0.9659258262890682,0.258819045102521,0,D0,0.0,1.0,0.0,0.0,0.0,102.0,grass,9301.0,353.0,303.0,0.0,2270.0,125.0,0.0
fire_00657,Pawnee Fire,2018-06-23,2018,6,39.0674,-122.59848,15180.0,9.627799924932717,G,Extreme,88.6357142857143,55.51571428571434,2.015714285714286,3.614285714285714,23.285714285714285,6.1000000000000005,62.85714285714285,48.142857142857146,8.442857142857141,11.586666666666666,381.7746,3.0,-0.7771459614569709,0.6293203910498374,0,D0,0.0,1.0,0.0,0.0,0.0,91.0,nonburnable_or_other,7299.0,25.0,25.0,0.0,2905.0,25.0,0.0
fire_00658,Canyon Fire,2018-06-23,2018,6,34.53765,-118.75495,62.0,4.143134726391533,C,Small,81.12714285714286,54.204285714285824,1.4985714285714289,2.8000000000000003,30.942857142857143,0.0,58.57142857142857,44.85714285714285,11.157142857142857,10.906666666666666,417.81824,8.0,0.2419218955996674,-0.9702957262759966,2,D2,2.0,1.0,1.0,1.0,0.0,122.0,grass_shrub,7092.0,222.0,218.0,0.0,2092.0,112.0,0.0
fire_00659,Stony Fire,2018-07-04,2018,7,39.2976,-122.512012,75.0,4.330733340286331,C,Small,95.88714285714305,60.787142857143046,2.870000000000001,3.3285714285714287,14.785714285714286,0.0,75.0,53.42857142857143,5.914285714285714,9.916666666666668,408.19055,1.0,0.0174524064372836,0.9998476951563912,1,D1,1.0,1.0,1.0,0.0,0.0,102.0,grass,9301.0,362.0,304.0,0.0,2270.0,126.0,0.0
fire_00660,Sheep Fire,2018-06-29,2018,6,35.1234,-118.72905,95.0,4.564348191467836,C,Small,95.21857142857152,68.65571428571425,3.128571428571429,4.271428571428571,10.614285714285714,0.0,86.71428571428571,78.42857142857143,5.357142857142857,7.343333333333333,866.046,8.0,-0.8480480961564261,-0.5299192642332048,1,D1,1.0,1.0,1.0,0.0,0.0,102.0,grass,9301.0,340.0,303.0,0.0,2270.0,124.0,0.0
fire_00661,Creek Fire,2018-06-24,2018,6,40.50318,-122.42308,1678.0,7.425953657077541,F,Large,94.78142857142868,64.36142857142862,2.8485714285714288,2.571428571428572,18.657142857142865,24.0,75.71428571428571,50.142857142857146,5.914285714285714,10.026666666666666,152.52464,0.0,-0.5150380749100543,0.8571673007021123,0,D0,0.0,1.0,0.0,0.0,0.0,99.0,nonburnable_or_other,7295.0,32.0,32.0,0.0,32.0,32.0,0.0
fire_00662,Flat Fire,2018-06-24,2018,6,37.80785,-120.30187,163.0,5.099866427824199,D,Medium,89.94714285714302,58.73000000000004,2.1585714285714284,4.542857142857144,22.657142857142865,1.1,63.42857142857143,60.42857142857143,9.257142857142856,11.183333333333334,336.51074,11.0,0.8090169943749475,0.5877852522924731,-1,,0.0,0.0,0.0,0.0,0.0,165.0,timber_understory,7030.0,151.0,129.0,55.0,2030.0,105.0,1.0
fire_00663,Horse Fire,2018-06-24,2018,6,37.95766,-120.68902,80.0,4.394449154672439,C,Small,90.35857142857144,57.16142857142862,2.1685714285714286,3.5285714285714285,22.085714285714285,4.3,61.142857142857146,51.71428571428572,9.214285714285714,12.03,271.0795,5.0,0.2079116908177594,0.9781476007338056,-1,,0.0,0.0,0.0,0.0,0.0,102.0,grass,9301.0,342.0,304.0,0.0,2270.0,124.0,0.0
fire_00664,Romero Fire,2018-06-24,2018,6,37.08529,-121.09354,68.0,4.23410650459726,C,Small,91.90142857142864,60.35,2.4585714285714286,3.8,19.042857142857144,0.0,66.57142857142857,52.57142857142857,8.328571428571427,10.17333333333333,204.44817,6.0,-0.9205048534524404,0.3907311284892737,0,D0,0.0,1.0,0.0,0.0,0.0,102.0,grass,9301.0,331.0,303.0,0.0,2270.0,123.0,0.0
fire_00665,Peach Fire ,2018-07-05,2018,7,39.038859,-123.38493,90.0,4.51085950651685,C,Small,88.45571428571427,50.81000000000008,1.8885714285714283,8.557142857142857,24.41428571428572,0.0,54.42857142857143,67.85714285714286,9.842857142857143,13.42333333333333,224.87088,12.0,-0.788010753606722,-0.6156614753256582,0,D0,0.0,1.0,0.0,0.0,0.0,163.0,timber_understory,9302.0,141.0,124.0,45.0,2271.0,104.0,1.0
fire_00666,Waverly Fire,2018-06-29,2018,6,38.052055,-120.945482,11789.0,9.375006993531416,G,Extreme,94.62714285714296,56.85285714285718,2.5428571428571423,3.0,17.0,0.0,68.42857142857143,53.71428571428572,7.7,10.95333333333333,84.453445,1.0,0.788010753606722,-0.6156614753256582,-1,,0.0,0.0,0.0,0.0,0.0,102.0,grass,7980.0,121.0,104.0,25.0,2960.0,102.0,1.0
fire_00667,Llano Fire,2018-06-29,2018,6,39.6139,-121.954098,10.0,2.3978952727983707,C,Small,95.99000000000002,61.71285714285716,2.7328571428571427,3.6142857142857134,18.428571428571427,0.0,68.42857142857143,52.42857142857143,7.142857142857143,10.603333333333335,34.301083,0.0,-0.9945218953682732,-0.1045284632676535,0,D0,0.0,1.0,0.0,0.0,0.0,101.0,grass,7987.0,314.0,306.0,0.0,2967.0,121.0,0.0
fire_00668,Flat Fire,2018-06-28,2018,6,40.60402,-122.9144,300.0,5.707110264748875,E,Medium,91.9785714285714,51.63285714285722,2.384285714285714,3.1,17.242857142857144,0.7,72.71428571428571,50.71428571428572,6.042857142857144,10.666666666666664,635.866,8.0,-0.9563047559630354,-0.2923717047227367,1,D1,1.0,1.0,1.0,0.0,0.0,145.0,shrub,7105.0,251.0,217.0,0.0,2105.0,115.0,0.0
fire_00669,San Ardo,2018-06-26,2018,6,35.95515,-120.86256,375.0,5.929589143389895,E,Medium,95.42428571428567,54.15285714285718,2.454285714285714,3.828571428571428,16.87142857142857,0.0,58.85714285714285,53.0,9.94285714285714,12.326666666666666,145.6176,4.0,-0.0174524064372834,-0.9998476951563912,0,D0,0.0,1.0,0.0,0.0,0.0,91.0,nonburnable_or_other,7296.0,22.0,22.0,0.0,2902.0,22.0,0.0
fire_00670,Lions Fire,2018-06-11,2018,6,37.571,-119.118,4064.0,8.310169021981912,F,Large,73.31000000000009,46.61857142857142,1.3371428571428574,4.1,22.085714285714285,18.6,59.71428571428572,53.142857142857146,7.642857142857141,12.663333333333334,2564.139,14.0,-0.9612616959383188,0.2756373558169992,-1,,0.0,0.0,0.0,0.0,0.0,161.0,timber_understory,7044.0,140.0,119.0,35.0,2044.0,104.0,1.0
fire_00671,Anchor Fire,2018-06-27,2018,6,36.696879,-119.304499,76.0,4.343805421853684,C,Small,100.46428571428581,65.77571428571432,3.3485714285714283,2.085714285714286,14.171428571428573,0.0,80.0,53.71428571428572,6.214285714285714,8.673333333333336,164.27173,3.0,0.1908089953765451,-0.981627183447664,0,D0,0.0,1.0,0.0,0.0,0.0,101.0,grass,7913.0,16.0,16.0,0.0,2916.0,16.0,0.0
fire_00672,Shippee Fire,2018-06-26,2018,6,39.59872,-121.78208,460.0,6.133398042996649,E,Medium,97.5071428571429,61.27571428571432,2.7385714285714284,2.6000000000000005,19.7,0.0,63.42857142857143,40.285714285714285,8.157142857142857,11.230000000000002,39.587135,0.0,-0.6946583704589973,-0.7193398003386512,-1,,0.0,0.0,0.0,0.0,0.0,102.0,grass,7980.0,139.0,111.0,35.0,2960.0,103.0,1.0
fire_00673,Fox Fire,2018-06-26,2018,6,35.33916,-120.71488,260.0,5.564520407322694,D,Medium,78.9928571428572,55.56714285714288,1.2242857142857144,3.842857142857143,33.614285714285714,0.0,46.42857142857143,43.71428571428572,11.885714285714286,14.766666666666667,160.29695,2.0,-0.2079116908177598,-0.9781476007338056,2,D2,2.0,1.0,1.0,1.0,0.0,102.0,grass,7129.0,338.0,303.0,0.0,2129.0,123.0,0.0
fire_00674,Hyatt Fire,2018-06-27,2018,6,40.316137,-120.45053,383.0,5.950642552587727,E,Medium,90.20428571428582,50.16714285714288,2.3471428571428574,3.914285714285715,12.742857142857146,4.7,69.71428571428571,61.71428571428572,6.9,11.733333333333336,1245.2979,5.0,-0.9945218953682732,-0.1045284632676535,-1,,0.0,0.0,0.0,0.0,0.0,102.0,grass,9828.0,341.0,302.0,0.0,2279.0,124.0,0.0
fire_00675,Cherry Fire,2018-06-27,2018,6,41.83359,-122.99272,63.0,4.158883083359672,C,Small,90.02428571428578,52.172857142857346,2.1014285714285714,3.128571428571429,20.7,2.9,66.14285714285714,47.42857142857143,7.071428571428572,11.89,585.75745,9.0,-0.9998476951563912,-0.0174524064372836,0,D0,0.0,1.0,0.0,0.0,0.0,121.0,grass_shrub,7105.0,231.0,215.0,0.0,2098.0,111.0,0.0
fire_00676,Par Fire,2018-07-04,2018,7,39.491737,-121.637759,191.0,5.2574953720277815,D,Medium,95.68142857142858,63.77000000000006,2.78,3.142857142857143,18.87142857142857,0.0,77.28571428571429,59.42857142857143,6.2285714285714295,9.15,51.644024,0.0,0.5299192642332047,-0.8480480961564261,0,D0,0.0,1.0,0.0,0.0,0.0,102.0,grass,9301.0,342.0,304.0,0.0,2270.0,125.0,0.0
fire_00677,Grant Fire,2018-06-29,2018,6,38.595865,-121.17693,30.0,3.4339872044851463,C,Small,93.0071428571429,59.60428571428582,2.511428571428571,3.557142857142857,17.885714285714286,0.0,69.57142857142857,59.0,7.271428571428571,10.866666666666667,85.33762,1.0,0.2419218955996674,-0.9702957262759966,-1,,0.0,0.0,0.0,0.0,0.0,122.0,grass_shrub,9337.0,241.0,215.0,0.0,2270.0,114.0,0.0
fire_00678,Valley Fire,2018-06-29,2018,6,37.94714,-121.9921,268.0,5.594711379601839,D,Medium,85.26714285714289,55.052857142857285,1.7671428571428571,5.185714285714286,26.871428571428574,0.0,60.285714285714285,55.71428571428572,9.042857142857144,11.346666666666664,117.657845,6.0,0.9563047559630354,0.2923717047227367,0,D0,0.0,1.0,0.0,0.0,0.0,91.0,nonburnable_or_other,7299.0,25.0,25.0,0.0,2905.0,25.0,0.0
fire_00679,Tesla Fire,2018-06-29,2018,6,37.66074,-121.67144,70.0,4.262679877041316,C,Small,85.73000000000005,56.21000000000008,1.84,3.985714285714285,24.25714285714286,0.0,55.285714285714285,45.42857142857143,9.171428571428567,13.213333333333331,259.9049,3.0,-0.0523359562429443,-0.9986295347545738,0,D0,0.0,1.0,0.0,0.0,0.0,122.0,grass_shrub,9337.0,230.0,213.0,0.0,2270.0,113.0,0.0
fire_00680,Creek Fire,2018-06-30,2018,6,34.17711,-117.15381,33.0,3.5263605246161616,C,Small,85.31857142857152,58.37000000000006,2.2871428571428574,3.5714285714285707,10.0,0.0,87.42857142857143,72.42857142857143,4.885714285714286,7.666666666666667,1083.4545,14.0,-0.8746197071393959,-0.4848096202463369,2,D2,2.0,1.0,1.0,1.0,0.0,121.0,grass_shrub,7110.0,355.0,303.0,0.0,2110.0,115.0,0.0
fire_00681,County Fire,2018-06-30,2018,6,38.80583,-122.18183,90000.0,11.407576060361786,G,Extreme,95.03857142857159,60.7357142857144,2.692857142857143,3.2428571428571424,16.914285714285715,0.0,71.85714285714286,51.142857142857146,6.485714285714286,10.033333333333331,102.98567,2.0,-0.2419218955996677,-0.9702957262759964,1,D1,1.0,1.0,1.0,0.0,0.0,102.0,grass,7934.0,335.0,303.0,0.0,2911.0,123.0,0.0
fire_00682,Benton Fire,2018-07-04,2018,7,33.56349,-116.732032,63.0,4.158883083359672,C,Small,85.6785714285715,51.3500000000001,1.8357142857142856,3.128571428571429,17.442857142857143,0.0,70.14285714285714,55.85714285714285,7.885714285714285,9.826666666666666,1163.8878,4.0,-0.3583679495453007,-0.9335804264972016,2,D2,2.0,1.0,1.0,1.0,0.0,91.0,nonburnable_or_other,7299.0,25.0,25.0,0.0,2905.0,25.0,0.0
fire_00683,Lariat Fire,2018-07-14,2018,7,40.00293,-122.44008,33.0,3.5263605246161616,C,Small,98.30428571428583,68.27000000000017,3.1757142857142853,2.642857142857143,16.557142857142857,1.7,80.85714285714286,49.57142857142857,5.985714285714286,7.393333333333333,243.05676,3.0,0.7071067811865476,0.7071067811865476,1,D1,1.0,1.0,1.0,0.0,0.0,91.0,nonburnable_or_other,7299.0,25.0,25.0,0.0,2905.0,25.0,0.0
fire_00684,School Fire,2018-07-10,2018,7,37.22791,-119.50461,12.0,2.5649493574615367,C,Small,96.24714285714302,62.6642857142858,2.851428571428571,2.757142857142857,17.62857142857143,0.0,78.0,57.71428571428572,6.642857142857143,8.866666666666667,802.86755,5.0,-0.3090169943749473,0.9510565162951536,0,D0,0.0,1.0,0.0,0.0,0.0,91.0,nonburnable_or_other,7296.0,22.0,22.0,0.0,2902.0,22.0,0.0
fire_00685,Petersburg Fire,2018-07-01,2018,7,41.085,-123.051,215.0,5.375278407684165,D,Medium,81.74428571428574,50.37285714285714,1.6557142857142857,3.357142857142857,25.37142857142857,1.7000000000000002,64.0,45.57142857142857,7.214285714285714,12.30666666666667,970.50116,10.0,0.9271838545667874,0.374606593415912,1,D1,1.0,1.0,1.0,0.0,0.0,188.0,timber_litter,7028.0,155.0,127.0,55.0,2028.0,105.0,1.0
fire_00686,West Fire,2018-07-06,2018,7,32.833674,-116.7311,504.0,6.22455842927536,E,Medium,86.29571428571438,52.738571428571376,1.6114285714285714,2.971428571428571,26.15714285714285,0.0,55.42857142857143,42.57142857142857,11.171428571428573,11.586666666666666,670.61475,5.0,-0.4694715627858907,-0.882947592858927,2,D2,2.0,1.0,1.0,1.0,0.0,122.0,grass_shrub,7110.0,229.0,217.0,0.0,2110.0,112.0,0.0
fire_00687,Buckingham Fire,2018-07-02,2018,7,37.86339,-122.12351,45.0,3.828641396489095,C,Small,77.57857142857151,52.147142857143024,1.1042857142857143,5.485714285714286,37.8,0.0,44.71428571428572,44.0,12.328571428571427,14.293333333333337,212.24828,0.0,0.754709580222772,0.6560590289905073,0,D0,0.0,1.0,0.0,0.0,0.0,91.0,nonburnable_or_other,7299.0,25.0,25.0,0.0,2905.0,25.0,0.0
fire_00688,Building Fire,2018-07-06,2018,7,32.619855,-116.764733,10.0,2.3978952727983707,C,Small,87.76142857142862,53.71571428571434,1.615714285714286,3.0428571428571423,27.90000000000001,0.0,46.71428571428572,39.0,13.114285714285712,13.32333333333333,444.77493,4.0,0.4539904997395468,0.8910065241883678,2,D2,2.0,1.0,1.0,1.0,0.0,122.0,grass_shrub,7092.0,226.0,222.0,0.0,2092.0,112.0,0.0
fire_00689,Shingle Fire,2018-07-04,2018,7,38.539806,-121.059979,316.0,5.75890177387728,E,Medium,93.34142857142866,59.60428571428582,2.421428571428572,3.457142857142857,20.17142857142857,0.0,70.71428571428571,58.285714285714285,7.199999999999998,10.476666666666665,137.86836,2.0,-0.0174524064372834,-0.9998476951563912,-1,,0.0,0.0,0.0,0.0,0.0,102.0,grass,9301.0,338.0,302.0,0.0,2270.0,123.0,0.0
fire_00690,Klamathon Fire,2018-07-05,2018,7,41.893332,-122.534655,38008.0,10.545578252771122,G,Extreme,85.44714285714302,49.96142857142862,1.8471428571428568,3.2,19.72857142857143,9.7,67.85714285714286,46.0,6.885714285714286,10.886666666666668,650.87415,3.0,-0.1218693434051471,-0.992546151641322,1,D1,1.0,1.0,1.0,0.0,0.0,102.0,grass,7967.0,355.0,303.0,0.0,2967.0,125.0,0.0
fire_00691,Irish Fire,2018-07-06,2018,7,38.42623,-120.95408,825.0,6.716594773520978,E,Medium,92.51857142857152,57.495714285714385,2.2,3.1,23.928571428571427,0.0,69.28571428571429,54.0,7.957142857142856,10.333333333333334,179.55328,1.0,-0.8090169943749475,-0.587785252292473,-1,,0.0,0.0,0.0,0.0,0.0,102.0,grass,9301.0,351.0,303.0,0.0,2270.0,125.0,0.0
fire_00692,Valley Fire,2018-07-06,2018,7,34.095568,-116.958806,1350.0,7.208600337960199,F,Large,81.4357142857143,52.35285714285728,1.837142857142857,2.871428571428571,12.957142857142856,0.0,87.85714285714286,65.28571428571429,5.514285714285714,7.046666666666665,1445.5074,11.0,0.6293203910498375,-0.7771459614569708,2,D2,2.0,1.0,1.0,1.0,0.0,141.0,shrub,7110.0,239.0,212.0,0.0,2110.0,115.0,0.0
fire_00693,Eagle Fire,2018-07-13,2018,7,41.29363,-120.11461,2100.0,7.650168700845001,F,Large,86.0642857142858,50.321428571428704,2.0085714285714285,3.5285714285714285,15.771428571428572,6.199999999999999,71.57142857142857,59.42857142857143,6.528571428571427,11.683333333333335,1434.7765,13.0,0.034899496702501,0.9993908270190958,-1,,0.0,0.0,0.0,0.0,0.0,102.0,grass,7123.0,350.0,302.0,0.0,2123.0,125.0,0.0
fire_00694,Holiday Fire,2018-07-06,2018,7,34.463889,-119.831389,113.0,4.736198448394496,D,Medium,74.69857142857146,50.34714285714282,0.7299999999999999,2.3000000000000003,42.17142857142857,3.1,46.142857142857146,33.57142857142857,13.4,12.876666666666663,74.15318,6.0,-0.9781476007338056,-0.2079116908177595,2,D2,2.0,1.0,1.0,1.0,0.0,145.0,shrub,7110.0,241.0,212.0,0.0,2110.0,114.0,0.0
fire_00695,Bridle Fire,2018-07-06,2018,7,37.06367,-121.53586,116.0,4.762173934797756,D,Medium,84.11000000000008,54.15285714285718,1.53,4.057142857142857,26.957142857142856,0.0,58.0,45.85714285714285,10.14285714285714,11.386666666666663,197.11859,13.0,-0.4383711467890777,-0.8987940462991668,0,D0,0.0,1.0,0.0,0.0,0.0,91.0,nonburnable_or_other,7299.0,25.0,25.0,0.0,2905.0,25.0,0.0
fire_00696,Stoney Fire,2018-07-12,2018,7,39.77124,-121.76859,962.0,6.870053411798126,E,Medium,95.52714285714296,64.41285714285726,2.691428571428572,3.185714285714285,20.642857142857142,0.0,73.28571428571429,51.71428571428572,6.8,9.403333333333334,112.66792,4.0,-0.6293203910498378,-0.7771459614569706,0,D0,0.0,1.0,0.0,0.0,0.0,182.0,timber_litter,7910.0,13.0,13.0,35.0,2913.0,13.0,1.0
fire_00697,Gray Fire,2018-07-13,2018,7,34.171786,-117.35606,12.0,2.5649493574615367,C,Small,101.54428571428573,71.38142857142859,3.134285714285714,2.028571428571429,20.942857142857143,3.7,74.28571428571429,49.57142857142857,7.0857142857142845,9.06,469.6949,2.0,-0.9993908270190958,-0.0348994967025009,2,D2,2.0,1.0,1.0,1.0,0.0,99.0,nonburnable_or_other,9246.0,31.0,31.0,0.0,31.0,31.0,0.0
fire_00698,Ferguson Fire,2018-07-13,2018,7,37.6549,-119.88581,96901.0,11.48145543750074,G,Extreme,94.39571428571438,66.54714285714303,2.8885714285714283,2.271428571428572,15.828571428571433,0.0,81.57142857142857,56.285714285714285,5.842857142857143,8.379999999999999,573.03394,10.0,-0.8191520442889918,-0.5735764363510462,0,D0,0.0,1.0,0.0,0.0,0.0,99.0,nonburnable_or_other,9213.0,100.0,100.0,0.0,2002.0,100.0,0.0
fire_00699,Lebec Fire,2018-07-08,2018,7,34.86022,-118.87881,62.0,4.143134726391533,C,Small,92.23571428571441,55.92714285714296,2.632857142857143,3.371428571428571,12.3,0.0,86.0,69.0,6.142857142857143,6.943333333333334,1032.8076,7.0,0.5299192642332047,-0.8480480961564261,1,D1,1.0,1.0,1.0,0.0,0.0,91.0,nonburnable_or_other,7299.0,25.0,25.0,0.0,2905.0,25.0,0.0
fire_00700,Dark Fire,2018-07-10,2018,7,39.66492,-121.51772,11.0,2.4849066497880004,C,Small,91.48999999999992,63.97571428571432,2.5028571428571427,3.742857142857143,22.32857142857143,0.0,78.85714285714286,65.42857142857143,6.257142857142857,8.673333333333336,272.83795,5.0,-0.9945218953682732,0.1045284632676537,0,D0,0.0,1.0,0.0,0.0,0.0,98.0,nonburnable_or_other,7292.0,11.0,11.0,0.0,11.0,11.0,0.0
fire_00701,Curie Fire,2018-07-10,2018,7,37.22545,-121.79189,70.0,4.262679877041316,C,Small,85.37000000000006,56.287142857143046,1.8085714285714285,4.557142857142857,23.071428571428577,0.0,58.85714285714285,55.85714285714285,9.94285714285714,11.543333333333331,67.25061,5.0,0.7880107536067219,0.6156614753256583,0,D0,0.0,1.0,0.0,0.0,0.0,121.0,grass_shrub,9301.0,325.0,303.0,0.0,2917.0,17.0,0.0
fire_00702,Hale Fire,2018-07-10,2018,7,37.163594,-121.702547,51.0,3.951243718581428,C,Small,85.73000000000005,56.05571428571426,1.8285714285714287,4.585714285714286,24.271428571428576,0.0,51.42857142857143,45.85714285714285,11.114285714285714,13.04,97.46757,4.0,0.6427876096865394,0.766044443118978,0,D0,0.0,1.0,0.0,0.0,0.0,123.0,grass_shrub,7113.0,133.0,111.0,35.0,2113.0,103.0,1.0
fire_00703,Kelley Fire,2018-07-14,2018,7,41.50105,-120.61108,52.0,3.970291913552122,C,Small,91.67000000000006,47.13285714285722,2.1871428571428573,2.971428571428571,14.42857142857143,4.6,58.142857142857146,46.285714285714285,9.742857142857144,13.606666666666666,1359.263,8.0,-0.9612616959383188,0.2756373558169992,-1,,0.0,0.0,0.0,0.0,0.0,142.0,shrub,7080.0,227.0,214.0,0.0,2080.0,112.0,0.0
fire_00704,Panoche Fire,2018-07-11,2018,7,36.65351,-121.0454,278.0,5.631211781821365,D,Medium,94.26714285714289,59.86142857142862,2.8428571428571425,3.7571428571428567,12.214285714285714,0.0,68.42857142857143,56.85714285714285,7.871428571428572,10.453333333333331,643.60333,3.0,0.9563047559630354,0.2923717047227367,0,D0,0.0,1.0,0.0,0.0,0.0,102.0,grass,9301.0,337.0,303.0,0.0,2270.0,123.0,0.0
fire_00705,Georges Fire,2018-07-08,2018,7,36.6734,-118.21881,2883.0,7.96693349840484,F,Large,89.61285714285717,65.46714285714299,2.897142857142857,2.9142857142857146,10.485714285714286,0.0,103.42857142857144,76.42857142857143,3.542857142857143,4.380000000000001,1689.2219,9.0,0.0523359562429439,0.9986295347545738,0,D0,0.0,1.0,0.0,0.0,0.0,102.0,grass,7082.0,225.0,203.0,0.0,2082.0,112.0,0.0
fire_00706,Vista Fire,2018-07-08,2018,7,40.62693,-122.23449,31.0,3.4657359027997265,C,Small,94.55,64.25857142857144,2.821428571428572,4.285714285714287,19.785714285714285,0.9,81.28571428571429,63.57142857142857,5.471428571428571,8.086666666666666,159.72475,1.0,-0.224951054343865,0.9743700647852352,0,D0,0.0,1.0,0.0,0.0,0.0,91.0,nonburnable_or_other,7299.0,25.0,25.0,0.0,2905.0,25.0,0.0
fire_00707,Bruce Fire,2018-07-08,2018,7,37.79718,-121.85311,56.0,4.04305126783455,C,Small,83.26142857142862,54.075714285714426,1.63,4.5,25.928571428571427,0.0,60.85714285714285,50.57142857142857,9.128571428571428,11.08,228.44324,3.0,-0.529919264233205,-0.848048096156426,0,D0,0.0,1.0,0.0,0.0,0.0,102.0,grass,7986.0,327.0,304.0,0.0,2966.0,122.0,0.0
fire_00708,Grant Fire,2018-07-08,2018,7,37.75646,-121.60646,480.0,6.175867270105761,E,Medium,90.64142857142856,59.65571428571426,2.148571428571429,3.928571428571428,22.857142857142858,0.0,67.85714285714286,51.57142857142857,8.1,9.333333333333334,128.78195,2.0,0.4539904997395468,0.8910065241883678,0,D0,0.0,1.0,0.0,0.0,0.0,102.0,grass,9301.0,349.0,303.0,0.0,2270.0,124.0,0.0
fire_00709,James Loop Fire,2018-07-09,2018,7,39.05391,-119.82242,280.0,5.638354669333745,D,Medium,87.32428571428568,52.58428571428576,2.1585714285714284,5.2,14.957142857142856,0.0,81.0,81.0,6.085714285714286,8.76,1462.2675,6.0,-0.7431448254773941,0.6691306063588583,-1,,0.0,0.0,0.0,0.0,0.0,102.0,grass,7080.0,226.0,201.0,0.0,2080.0,113.0,0.0
fire_00710,Box Fire,2018-07-06,2018,7,34.22526,-117.40967,100.0,4.61512051684126,D,Medium,86.3214285714287,61.17285714285714,1.9171428571428568,2.9571428571428577,21.67142857142857,0.0,72.0,55.285714285714285,8.0,9.07,670.2049,6.0,-0.9743700647852352,-0.2249510543438649,2,D2,2.0,1.0,1.0,1.0,0.0,122.0,grass_shrub,7092.0,242.0,217.0,0.0,2092.0,114.0,0.0
fire_00711,Cornerstone Fire,2018-07-09,2018,7,37.19817,-119.80414,11.0,2.4849066497880004,C,Small,97.68714285714304,64.18142857142868,2.8728571428571428,3.414285714285714,18.414285714285715,0.0,74.0,60.71428571428572,7.628571428571428,9.253333333333334,318.09354,2.0,-0.4226182617406991,-0.9063077870366502,0,D0,0.0,1.0,0.0,0.0,0.0,102.0,grass,9301.0,335.0,303.0,0.0,2270.0,123.0,0.0
fire_00712,Spring 2 Fire,2018-07-09,2018,7,39.06715,-122.59789,80.0,4.394449154672439,C,Small,89.17571428571432,55.747142857143025,2.1557142857142857,3.571428571428572,19.128571428571423,0.0,73.42857142857143,53.42857142857143,6.928571428571429,9.333333333333334,381.7746,3.0,-0.7771459614569709,0.6293203910498374,1,D1,1.0,1.0,1.0,0.0,0.0,91.0,nonburnable_or_other,7299.0,25.0,25.0,0.0,2905.0,25.0,0.0
fire_00713,Dale Fire,2018-07-09,2018,7,40.33682,-121.93908,856.0,6.75343791859778,E,Medium,91.7214285714285,60.530000000000044,2.5228571428571427,5.714285714285715,18.342857142857145,1.5,79.57142857142857,82.85714285714286,6.114285714285714,9.18,829.3577,10.0,-0.9781476007338056,0.2079116908177593,0,D0,0.0,1.0,0.0,0.0,0.0,91.0,nonburnable_or_other,7299.0,25.0,25.0,0.0,2905.0,25.0,0.0
fire_00714,Idria Fire,2018-07-12,2018,7,36.59036,-120.82355,116.0,4.762173934797756,D,Medium,100.18142857142868,61.99571428571428,3.481428571428572,4.442857142857143,8.757142857142856,0.0,79.71428571428571,70.85714285714286,5.8,8.75,368.7441,2.0,0.4694715627858908,0.8829475928589269,0,D0,0.0,1.0,0.0,0.0,0.0,102.0,grass,9301.0,346.0,303.0,0.0,2270.0,124.0,0.0
fire_00715,3-2 Fire,2018-07-14,2018,7,39.99309,-120.02137,14.0,2.70805020110221,C,Small,91.43857142857158,56.415714285714344,2.391428571428572,2.9142857142857146,14.8,10.7,77.57142857142857,59.57142857142857,6.2,9.95,1477.615,16.0,-0.5735764363510464,-0.8191520442889916,-1,,0.0,0.0,0.0,0.0,0.0,102.0,grass,9336.0,227.0,203.0,0.0,2282.0,112.0,0.0
fire_00716,Steamboat Fire,2018-07-15,2018,7,41.70877,-122.47293,224.0,5.41610040220442,D,Medium,94.70428571428582,56.69857142857146,2.5,2.9142857142857146,18.342857142857145,5.9,71.14285714285714,51.71428571428572,6.971428571428572,10.68,788.0801,2.0,0.9563047559630352,-0.2923717047227371,1,D1,1.0,1.0,1.0,0.0,0.0,122.0,grass_shrub,9011.0,352.0,304.0,0.0,2225.0,125.0,0.0
fire_00717,3-10 Fire,2018-07-15,2018,7,40.95234,-121.21597,56.0,4.04305126783455,C,Small,89.48428571428576,54.74428571428574,2.2014285714285715,2.9285714285714284,17.285714285714285,4.6,77.0,58.71428571428572,6.385714285714286,9.696666666666664,1217.847,5.0,-0.156434465040231,-0.9876883405951375,-1,,0.0,0.0,0.0,0.0,0.0,102.0,grass,9301.0,331.0,303.0,0.0,2270.0,123.0,0.0
fire_00718,Johnson Fire,2018-07-15,2018,7,41.34453,-123.85404,16.0,2.833213344056216,C,Small,82.2071428571429,59.938571428571585,1.412857142857143,3.042857142857143,38.04285714285714,0.0,48.85714285714285,34.714285714285715,11.52857142857143,13.306666666666665,49.158962,6.0,-0.0697564737441255,-0.9975640502598242,0,D0,0.0,1.0,0.0,0.0,0.0,165.0,timber_understory,7043.0,170.0,126.0,75.0,2043.0,107.0,1.0
fire_00719,3-18 Fire,2018-07-15,2018,7,41.08583,-121.05722,32.0,3.49650756146648,C,Small,87.91571428571434,51.65857142857144,2.05,3.142857142857143,17.24285714285714,5.5,75.28571428571429,59.285714285714285,6.571428571428572,10.26,1311.6565,3.0,-0.1391731009600658,-0.9902680687415704,-1,,0.0,0.0,0.0,0.0,0.0,122.0,grass_shrub,7017.0,128.0,113.0,25.0,2017.0,102.0,1.0
fire_00720,3-16 Fire,2018-07-15,2018,7,40.94666,-121.27049,89.0,4.499809670330265,C,Small,89.71571428571434,53.998571428571566,2.2528571428571427,2.9,16.571428571428573,5.3,78.0,59.42857142857143,6.228571428571429,9.643333333333333,1158.3983,2.0,0.754709580222772,0.6560590289905073,-1,,0.0,0.0,0.0,0.0,0.0,145.0,shrub,7105.0,249.0,218.0,0.0,2105.0,114.0,0.0
fire_00721,Tuscan Fire,2018-07-15,2018,7,40.27754,-122.11375,50.0,3.9318256327243257,C,Small,98.15,65.1071428571429,3.024285714285714,3.171428571428572,17.428571428571427,1.3,80.0,52.42857142857143,5.914285714285714,7.793333333333332,280.56897,2.0,0.9743700647852352,-0.2249510543438653,0,D0,0.0,1.0,0.0,0.0,0.0,102.0,grass,9301.0,332.0,304.0,0.0,2270.0,123.0,0.0
fire_00722,Mill Creek 1 Fire,2018-08-16,2018,8,41.07944,-123.688056,3674.0,8.209308411646937,F,Large,89.56142857142862,57.31571428571434,2.0485714285714285,3.142857142857143,22.27142857142857,0.0,71.0,47.57142857142857,8.2,7.816666666666666,134.09421,15.0,-0.156434465040231,-0.9876883405951375,1,D1,1.0,1.0,1.0,0.0,0.0,101.0,grass,7903.0,16.0,16.0,0.0,2916.0,16.0,0.0
fire_00723,Camp Fire,2018-07-17,2018,7,35.70086,-120.97339,14.0,2.70805020110221,C,Small,97.1214285714285,56.54428571428574,2.737142857142857,3.0,15.242857142857144,0.0,70.42857142857143,54.142857142857146,7.200000000000001,10.453333333333331,309.64227,8.0,0.8660254037844384,-0.5000000000000004,0,D0,0.0,1.0,0.0,0.0,0.0,121.0,grass_shrub,7113.0,151.0,115.0,45.0,2113.0,104.0,1.0
fire_00724,Border Fire,2018-07-17,2018,7,32.557566,-116.8663,28.0,3.367295829986474,C,Small,89.45857142857145,66.62428571428578,1.758571428571429,2.9714285714285715,33.3,1.8,53.71428571428572,40.42857142857143,10.042857142857144,12.31,447.1652,15.0,-0.9986295347545738,-0.0523359562429435,-9,,,,,,,122.0,grass_shrub,7092.0,234.0,218.0,0.0,2092.0,113.0,0.0
fire_00725,Lott Fire,2018-07-17,2018,7,41.632373,-122.37985,10.0,2.3978952727983707,C,Small,95.37285714285714,57.70142857142864,2.494285714285714,2.7142857142857144,19.62857142857143,11.0,72.0,51.57142857142857,7.028571428571429,10.38,832.4914,2.0,-0.0174524064372834,-0.9998476951563912,1,D1,1.0,1.0,1.0,0.0,0.0,122.0,grass_shrub,7105.0,241.0,210.0,0.0,2105.0,114.0,0.0
fire_00726,Cruces Fire,2018-07-18,2018,7,34.54305556,-120.31805556,77.0,4.356708826689592,C,Small,80.71571428571434,58.78142857142858,1.0257142857142856,4.557142857142857,41.35714285714285,0.0,43.0,41.85714285714285,13.542857142857144,14.253333333333334,344.6924,5.0,-0.9743700647852352,-0.2249510543438649,2,D2,2.0,1.0,1.0,1.0,0.0,123.0,grass_shrub,7113.0,143.0,120.0,45.0,2113.0,104.0,1.0
fire_00727,Eighty Eight Fire,2018-07-18,2018,7,38.59694444,-121.99388889,822.0,6.71295620067707,E,Medium,99.48714285714274,62.124285714285676,2.8285714285714283,3.5285714285714285,18.442857142857143,0.5,71.57142857142857,53.57142857142857,7.857142857142856,8.816666666666666,62.52729,1.0,-0.3255681544571566,0.9455185755993168,1,D1,1.0,1.0,1.0,0.0,0.0,91.0,nonburnable_or_other,7297.0,23.0,23.0,0.0,2903.0,23.0,0.0
fire_00728,Simmons Fire,2018-07-19,2018,7,39.57202,-121.43131,43.0,3.784189633918261,C,Small,99.79571428571438,71.04714285714303,3.197142857142857,1.9,22.085714285714285,0.0,80.28571428571429,51.42857142857143,6.257142857142857,8.213333333333333,332.54343,18.0,0.3255681544571563,-0.945518575599317,0,D0,0.0,1.0,0.0,0.0,0.0,98.0,nonburnable_or_other,7292.0,11.0,11.0,0.0,11.0,11.0,0.0
fire_00729,Ben Fire,2018-07-19,2018,7,37.28365,-119.97546,40.0,3.713572066704308,C,Small,102.0071428571429,72.9500000000001,3.3714285714285714,2.685714285714286,19.228571428571428,0.0,81.14285714285714,59.0,6.5,7.713333333333333,294.86392,3.0,-0.587785252292473,0.8090169943749475,0,D0,0.0,1.0,0.0,0.0,0.0,102.0,grass,9301.0,358.0,304.0,0.0,2270.0,125.0,0.0
fire_00730,Cinnamon Fire,2018-07-20,2018,7,33.04898,-116.78928,13.0,2.6390573296152584,C,Small,90.33285714285712,64.95285714285718,1.697142857142857,2.4571428571428577,33.81428571428571,1.9,58.57142857142857,42.142857142857146,10.385714285714286,10.990000000000002,612.03815,4.0,-0.1908089953765446,-0.981627183447664,2,D2,2.0,1.0,1.0,1.0,0.0,145.0,shrub,7110.0,233.0,212.0,0.0,2110.0,113.0,0.0
fire_00731,Skyline Fire,2018-07-19,2018,7,33.836101,-117.607577,282.0,5.645446897643238,D,Medium,94.49857142857147,67.1642857142857,2.3457142857142856,3.0571428571428574,26.02857142857143,0.0,69.0,53.142857142857146,8.17142857142857,9.733333333333333,392.59152,11.0,0.5446390350150271,0.838670567945424,2,D2,2.0,1.0,1.0,1.0,0.0,91.0,nonburnable_or_other,7299.0,25.0,25.0,0.0,2905.0,25.0,0.0
fire_00732,Highland Fire,2018-07-20,2018,7,40.741186,-122.649626,63.0,4.158883083359672,C,Small,99.6928571428572,62.94714285714302,3.2357142857142853,2.2,16.07142857142857,0.0,81.71428571428571,48.57142857142857,5.728571428571429,7.423333333333334,839.7769,20.0,0.4539904997395468,0.8910065241883678,1,D1,1.0,1.0,1.0,0.0,0.0,184.0,timber_litter,7030.0,154.0,123.0,65.0,2030.0,106.0,1.0
fire_00733,Windmill Fire,2018-07-20,2018,7,34.62412,-120.22298,110.0,4.709530201312334,D,Medium,81.23000000000005,57.16142857142862,0.9228571428571428,3.785714285714285,43.17142857142857,0.0,40.71428571428572,37.142857142857146,14.742857142857144,14.266666666666667,101.76132,3.0,-0.9975640502598242,-0.0697564737441252,2,D2,2.0,1.0,1.0,1.0,0.0,102.0,grass,9301.0,334.0,304.0,0.0,2270.0,123.0,0.0
fire_00734,Carder Fire,2018-07-21,2018,7,38.91152,-122.86854,50.0,3.9318256327243257,C,Small,99.77000000000017,66.65,3.281428571428572,4.5,14.528571428571428,0.0,78.14285714285714,63.0,6.242857142857143,8.139999999999999,505.5145,2.0,0.3583679495453004,0.9335804264972016,0,D0,0.0,1.0,0.0,0.0,0.0,145.0,shrub,7105.0,240.0,217.0,0.0,2105.0,114.0,0.0
fire_00735,Rock Fire,2018-07-21,2018,7,35.68539,-120.95157,30.0,3.4339872044851463,C,Small,100.67000000000006,57.98428571428576,2.922857142857143,2.771428571428572,15.985714285714286,0.0,68.42857142857143,49.42857142857143,8.1,10.303333333333336,291.58365,7.0,-0.275637355816999,0.9612616959383188,0,D0,0.0,1.0,0.0,0.0,0.0,102.0,grass,9301.0,340.0,303.0,0.0,2270.0,125.0,0.0
fire_00736,Mustang Fire,2018-07-21,2018,7,35.64917,-120.71907,37.0,3.6375861597263857,C,Small,94.8071428571428,57.1357142857144,2.1542857142857144,2.8857142857142857,22.185714285714283,0.0,60.285714285714285,46.285714285714285,10.442857142857145,11.053333333333333,329.46432,5.0,0.6427876096865394,0.766044443118978,1,D1,1.0,1.0,1.0,0.0,0.0,102.0,grass,7980.0,132.0,102.0,35.0,2960.0,103.0,1.0
fire_00737,Country Fire,2018-07-22,2018,7,37.449425,-121.88807,320.0,5.771441123130016,E,Medium,84.80428571428583,60.19571428571438,1.5585714285714285,3.814285714285714,29.48571428571429,0.0,61.57142857142857,47.285714285714285,9.457142857142856,10.146666666666668,36.14426,7.0,-0.5000000000000004,-0.8660254037844385,0,D0,0.0,1.0,0.0,0.0,0.0,91.0,nonburnable_or_other,7299.0,25.0,25.0,0.0,2905.0,25.0,0.0
fire_00738,Heart Fire,2018-07-21,2018,7,39.279833,-123.258319,67.0,4.219507705176107,C,Small,100.9785714285715,56.4928571428571,3.042857142857143,5.1571428571428575,15.985714285714286,0.0,63.42857142857143,56.285714285714285,8.371428571428572,11.263333333333334,362.13556,7.0,-0.8571673007021123,-0.5150380749100542,0,D0,0.0,1.0,0.0,0.0,0.0,144.0,shrub,7114.0,136.0,127.0,35.0,2114.0,103.0,1.0
fire_00739,Horse Creek Fire,2018-07-19,2018,7,36.42638,-118.70443,34.0,3.555348061489413,C,Small,88.7642857142857,62.5357142857143,2.111428571428571,1.6285714285714283,24.328571428571426,4.5,82.0,49.42857142857143,6.6571428571428575,7.04,1653.2725,25.0,0.788010753606722,-0.6156614753256582,0,D0,0.0,1.0,0.0,0.0,0.0,165.0,timber_understory,7028.0,157.0,134.0,55.0,2028.0,105.0,1.0
fire_00740,Carr Fire,2018-07-23,2018,7,40.65428,-122.62357,229651.0,12.344320398620871,G,Extreme,103.08714285714305,63.87285714285714,3.794285714285714,2.2142857142857144,11.471428571428572,0.0,87.71428571428571,54.85714285714285,4.771428571428571,6.876666666666667,436.61502,7.0,-0.6819983600624986,-0.7313537016191705,1,D1,1.0,1.0,1.0,0.0,0.0,183.0,timber_litter,7098.0,241.0,215.0,15.0,2030.0,106.0,1.0
fire_00741,Pico Fire,2018-07-23,2018,7,34.38039,-118.60441,128.0,4.859812404361672,D,Medium,91.92714285714275,65.90428571428562,1.7999999999999996,3.1,32.94285714285714,0.0,58.142857142857146,46.42857142857143,11.185714285714283,10.616666666666664,562.8555,10.0,0.8090169943749475,0.5877852522924731,2,D2,2.0,1.0,1.0,1.0,0.0,121.0,grass_shrub,9337.0,234.0,216.0,0.0,2917.0,17.0,0.0
fire_00742,Martinez Fire,2018-07-23,2018,7,33.56921,-116.154398,40.0,3.713572066704308,C,Small,107.4071428571429,83.77571428571432,3.5042857142857144,2.8000000000000003,29.38571428571429,0.3,79.57142857142857,57.0,8.1,5.363333333333334,-47.853596,1.0,0.4067366430758002,0.9135454576426008,2,D2,2.0,1.0,1.0,1.0,0.0,122.0,grass_shrub,7087.0,228.0,206.0,0.0,2087.0,112.0,0.0
fire_00743,Ridge Fire,2018-09-02,2018,9,38.981389,-122.97222,36.0,3.610917912644224,C,Small,81.61571428571435,56.69857142857146,1.5657142857142858,5.1000000000000005,26.542857142857148,0.0,69.28571428571429,59.0,9.714285714285714,6.576666666666665,702.52673,13.0,0.2923717047227367,0.9563047559630354,0,D0,0.0,1.0,0.0,0.0,0.0,183.0,timber_litter,9129.0,153.0,114.0,45.0,2152.0,104.0,1.0
fire_00744,Crestline Fire,2018-07-24,2018,7,40.824,-121.90215,51.0,3.951243718581428,C,Small,96.63285714285722,69.01571428571434,3.21,2.7857142857142856,16.385714285714283,0.5,85.28571428571429,63.0,5.200000000000001,7.959999999999999,832.4924,6.0,0.4694715627858904,-0.8829475928589271,0,D0,0.0,1.0,0.0,0.0,0.0,122.0,grass_shrub,7030.0,139.0,120.0,35.0,2030.0,103.0,1.0
fire_00745,Roxie Fire (Formerly 1-1 Fire),2018-07-24,2018,7,40.34822,-120.82497,167.0,5.123963979403259,D,Medium,88.6357142857144,57.85571428571436,2.2885714285714287,3.3000000000000003,16.414285714285715,2.1,81.57142857142857,64.85714285714286,5.914285714285714,8.379999999999999,1629.2401,7.0,-0.1736481776669303,0.984807753012208,-1,,0.0,0.0,0.0,0.0,0.0,188.0,timber_litter,7027.0,141.0,116.0,55.0,2027.0,105.0,1.0
fire_00746,Church Fire,2018-07-25,2018,7,37.07793,-121.600023,20.0,3.044522437723423,C,Small,91.10428571428562,57.032857142857225,1.7357142857142858,3.871428571428571,27.085714285714285,0.0,50.42857142857143,42.285714285714285,12.542857142857144,12.093333333333334,82.06018,0.0,-0.9986295347545738,0.0523359562429438,0,D0,0.0,1.0,0.0,0.0,0.0,102.0,grass,7934.0,335.0,304.0,0.0,2911.0,123.0,0.0
fire_00747,Marsh Fire,2018-07-25,2018,7,37.89612,-121.85847,247.0,5.513428746164983,D,Medium,91.15571428571425,59.167142857142984,2.165714285714286,4.671428571428572,22.185714285714287,0.0,68.57142857142857,58.57142857142857,8.257142857142856,9.183333333333332,242.87651,7.0,-0.3090169943749475,-0.9510565162951536,0,D0,0.0,1.0,0.0,0.0,0.0,162.0,timber_understory,7265.0,144.0,136.0,45.0,2265.0,104.0,1.0
fire_00748,Hidden Fire,2018-07-25,2018,7,36.796,-121.40604,39.0,3.688879454113936,C,Small,87.04142857142867,57.392857142857096,1.4,3.7,31.728571428571428,0.0,44.285714285714285,38.42857142857143,14.171428571428567,13.05,172.5859,5.0,0.9876883405951375,-0.1564344650402311,0,D0,0.0,1.0,0.0,0.0,0.0,102.0,grass,9301.0,335.0,304.0,0.0,2270.0,123.0,0.0
fire_00749,Patterson Fire,2018-07-25,2018,7,37.71173,-121.55604,34.0,3.555348061489413,C,Small,94.49857142857157,64.05285714285718,2.392857142857143,3.814285714285714,22.95714285714286,0.0,68.42857142857143,51.42857142857143,8.228571428571428,9.2,118.42147,2.0,0.6946583704589973,0.7193398003386512,0,D0,0.0,1.0,0.0,0.0,0.0,102.0,grass,9301.0,342.0,305.0,0.0,2270.0,124.0,0.0
fire_00750,Western Fire,2018-08-01,2018,8,38.8802,-123.0496,106.0,4.672828834461906,D,Medium,102.08428571428576,57.032857142857225,3.2657142857142856,8.314285714285715,11.2,0.0,73.57142857142857,87.28571428571429,6.514285714285714,9.509999999999998,184.90996,8.0,-0.0174524064372834,-0.9998476951563912,0,D0,0.0,1.0,0.0,0.0,0.0,91.0,nonburnable_or_other,7299.0,25.0,25.0,0.0,2905.0,25.0,0.0
fire_00751,Pasqual Fire,2018-07-27,2018,7,33.07892,-116.91845,365.0,5.902633333401366,E,Medium,95.37285714285714,66.34142857142857,2.051428571428571,2.7857142857142856,31.58571428571428,1.3,49.0,38.0,12.242857142857144,12.946666666666667,453.32288,13.0,0.9659258262890684,0.2588190451025207,2,D2,2.0,1.0,1.0,1.0,0.0,183.0,timber_litter,7110.0,237.0,217.0,45.0,2914.0,14.0,1.0
fire_00752,Ribbon Fire,2018-07-26,2018,7,33.571763,-116.500058,205.0,5.327876168789581,D,Medium,92.95571428571446,66.65,2.43,2.9285714285714284,25.17142857142857,19.9,68.42857142857143,52.57142857142857,9.228571428571428,7.24,1345.2487,14.0,0.9702957262759964,0.2419218955996677,2,D2,2.0,1.0,1.0,1.0,0.0,145.0,shrub,7110.0,239.0,215.0,0.0,2110.0,113.0,0.0
fire_00753,Parrots Fire,2018-08-05,2018,8,38.08424,-120.46078,136.0,4.919980925828125,D,Medium,96.81285714285715,65.90428571428582,3.0500000000000003,3.442857142857143,14.085714285714287,0.0,82.71428571428571,67.28571428571429,5.700000000000001,8.163333333333332,533.16907,4.0,-0.5591929034707466,-0.8290375725550418,0,D0,0.0,1.0,0.0,0.0,0.0,102.0,grass,7924.0,344.0,304.0,0.0,2911.0,124.0,0.0
fire_00754,Wagner Fire,2018-08-04,2018,8,37.69965,-120.0545,22.0,3.1354942159291497,C,Small,96.32428571428568,64.87571428571432,3.0814285714285714,2.671428571428572,13.0,0.0,85.42857142857143,62.57142857142857,5.514285714285714,7.303333333333332,792.1371,9.0,-0.984807753012208,0.1736481776669302,0,D0,0.0,1.0,0.0,0.0,0.0,144.0,shrub,7114.0,131.0,116.0,35.0,2114.0,103.0,1.0
fire_00755,Creek Fire,2018-08-04,2018,8,37.533026,-121.79733,30.0,3.4339872044851463,C,Small,84.93285714285722,64.38714285714305,2.174285714285714,4.042857142857143,17.914285714285715,0.0,77.71428571428571,60.42857142857143,6.128571428571428,8.276666666666667,653.19293,5.0,0.2756373558169994,-0.9612616959383188,0,D0,0.0,1.0,0.0,0.0,0.0,102.0,grass,9301.0,335.0,304.0,0.0,2270.0,123.0,0.0
fire_00756,Tarina Fire,2018-08-03,2018,8,35.37444,-118.83556,3156.0,8.057377488557991,F,Large,104.34714285714303,77.68142857142858,4.3185714285714285,3.7857142857142856,10.814285714285717,0.0,93.85714285714286,78.85714285714286,4.514285714285714,5.620000000000002,286.87073,4.0,-0.544639035015027,-0.8386705679454242,1,D1,1.0,1.0,1.0,0.0,0.0,102.0,grass,9301.0,338.0,304.0,0.0,2270.0,123.0,0.0
fire_00757,Ranch Fire (Mendocino Complex),2018-07-27,2018,7,39.243283,-123.103367,410203.0,12.924409875913682,G,Extreme,98.94714285714302,59.37285714285714,2.9514285714285715,4.228571428571429,15.614285714285714,0.0,74.0,57.85714285714285,6.428571428571429,9.196666666666667,388.4189,11.0,0.1218693434051476,-0.992546151641322,1,D1,1.0,1.0,1.0,0.0,0.0,121.0,grass_shrub,9301.0,338.0,304.0,25.0,2114.0,102.0,1.0
fire_00758,Balch Fire,2018-07-27,2018,7,36.21634,-118.82989,100.0,4.61512051684126,D,Medium,96.04142857142855,72.53857142857137,2.922857142857143,3.257142857142857,21.657142857142865,0.7,84.57142857142857,65.71428571428571,6.485714285714286,6.033333333333331,610.05804,4.0,-0.224951054343865,0.9743700647852352,0,D0,0.0,1.0,0.0,0.0,0.0,144.0,shrub,7114.0,132.0,107.0,35.0,2114.0,103.0,1.0
fire_00759,River Fire (Mendocino Complex),2018-07-27,2018,7,39.04786,-123.11971,48920.0,10.797962031129387,G,Extreme,92.77571428571422,68.93857142857138,2.891428571428572,6.314285714285715,15.2,0.0,85.14285714285714,84.57142857142857,4.828571428571428,7.413333333333333,283.8467,17.0,-0.3420201433256685,-0.9396926207859084,0,D0,0.0,1.0,0.0,0.0,0.0,102.0,grass,9301.0,340.0,303.0,0.0,2270.0,125.0,0.0
fire_00760,Breckenridge Fire,2018-07-27,2018,7,35.387408,-118.817934,993.0,6.901737206656574,E,Medium,102.05857142857144,79.84142857142857,3.518571428571429,3.6,21.871428571428567,0.0,85.57142857142857,69.14285714285714,6.485714285714287,5.796666666666667,333.98056,1.0,0.8090169943749473,-0.5877852522924734,1,D1,1.0,1.0,1.0,0.0,0.0,122.0,grass_shrub,9337.0,218.0,207.0,0.0,2270.0,111.0,0.0
fire_00761,Whaleback Fire,2018-07-27,2018,7,40.633536,-120.868091,18703.0,9.83649268371185,G,Extreme,87.24714285714302,56.44142857142866,2.134285714285714,3.228571428571428,17.714285714285715,2.0,79.85714285714286,62.85714285714285,6.114285714285715,8.919999999999998,2057.8262,3.0,-0.8090169943749473,0.5877852522924732,-1,,0.0,0.0,0.0,0.0,0.0,186.0,timber_litter,7098.0,245.0,222.0,0.0,2032.0,104.0,0.0
fire_00762,Natchez Fire,2018-07-15,2018,7,41.95113,-123.54642,38134.0,10.54888777459834,G,Extreme,81.48714285714304,56.15857142857144,1.5342857142857145,3.271428571428572,31.95714285714286,0.0,57.85714285714285,40.0,9.085714285714284,12.126666666666669,1376.2445,31.0,0.5150380749100542,-0.8571673007021123,0,D0,0.0,1.0,0.0,0.0,0.0,144.0,shrub,7028.0,134.0,107.0,0.0,2028.0,106.0,0.0
fire_00763,Donnell Fire,2018-08-01,2018,8,38.349,-119.929,36450.0,10.503724171902723,G,Extreme,88.19857142857146,57.3928571428572,2.3428571428571425,2.271428571428572,14.585714285714287,3.7,81.85714285714286,56.142857142857146,6.171428571428572,7.2666666666666675,1642.7358,12.0,-0.529919264233205,-0.848048096156426,0,D0,0.0,1.0,0.0,0.0,0.0,121.0,grass_shrub,7027.0,142.0,109.0,0.0,2098.0,114.0,0.0
fire_00764,Owens Fire,2018-07-31,2018,7,37.735461,-118.970443,338.0,5.82600010738045,E,Medium,86.47571428571432,48.21285714285706,1.891428571428572,1.942857142857143,17.985714285714288,45.3,66.0,44.285714285714285,9.214285714285714,8.843333333333334,2288.7559,2.0,1.0,0.0,-1,,0.0,0.0,0.0,0.0,0.0,99.0,nonburnable_or_other,9213.0,100.0,100.0,0.0,2002.0,100.0,0.0
fire_00765,Sobrante Fire,2018-07-28,2018,7,33.85852,-117.43521,30.0,3.4339872044851463,C,Small,101.7500000000001,68.37285714285714,2.8528571428571428,2.685714285714286,21.58571428571428,0.0,57.57142857142857,44.142857142857146,10.9,11.06,410.56195,2.0,0.992546151641322,-0.1218693434051472,2,D2,2.0,1.0,1.0,1.0,0.0,122.0,grass_shrub,7092.0,217.0,205.0,0.0,2092.0,111.0,0.0
fire_00766,Rock Fire,2018-07-28,2018,7,33.41476,-117.24044,207.0,5.337538079701318,D,Medium,90.77000000000007,66.31571428571434,1.49,2.871428571428571,36.65714285714285,3.6,40.142857142857146,32.42857142857143,14.114285714285714,14.546666666666663,147.10976,0.0,0.5591929034707468,0.8290375725550417,2,D2,2.0,1.0,1.0,1.0,0.0,102.0,grass,7980.0,129.0,107.0,0.0,2960.0,103.0,0.0
fire_00767,Butte Fire,2018-07-31,2018,7,39.186144,-121.792885,1200.0,7.090909822079984,F,Large,100.07857142857151,68.29571428571428,3.4042857142857144,2.0285714285714285,12.814285714285717,0.0,82.28571428571429,48.57142857142857,5.842857142857143,7.323333333333333,77.755745,3.0,-0.1908089953765448,0.981627183447664,0,D0,0.0,1.0,0.0,0.0,0.0,102.0,grass,9301.0,335.0,304.0,0.0,2270.0,123.0,0.0
fire_00768,Steele Fire,2018-07-28,2018,7,38.51943,-122.18353,135.0,4.912654885736052,D,Medium,101.82714285714286,65.4928571428572,3.157142857142857,4.014285714285714,17.97142857142857,0.0,69.71428571428571,55.71428571428572,7.928571428571429,9.346666666666668,187.80638,5.0,0.981627183447664,-0.1908089953765446,1,D1,1.0,1.0,1.0,0.0,0.0,102.0,grass,9301.0,357.0,304.0,0.0,2270.0,125.0,0.0
fire_00769,Eel Fire,2018-07-31,2018,7,39.82877,-123.08489,972.0,6.880384082186005,E,Medium,103.2928571428572,58.83285714285712,3.6042857142857145,3.942857142857142,11.05714285714286,0.0,82.71428571428571,60.285714285714285,5.185714285714286,7.906666666666666,489.31982,7.0,-0.8746197071393959,-0.4848096202463369,1,D1,1.0,1.0,1.0,0.0,0.0,102.0,grass,7131.0,353.0,302.0,0.0,2131.0,125.0,0.0
fire_00770,Corner Fire,2018-07-29,2018,7,40.95673,-121.6002,35.0,3.58351893845611,C,Small,96.83857142857138,55.7214285714287,2.825714285714286,2.3428571428571425,14.714285714285714,2.3,81.0,56.85714285714285,6.371428571428572,8.1,959.28766,0.0,0.4694715627858904,-0.8829475928589271,-1,,0.0,0.0,0.0,0.0,0.0,122.0,grass_shrub,7105.0,244.0,211.0,0.0,2105.0,114.0,0.0
fire_00771,Reservoir Fire,2018-09-16,2018,9,35.30151,-120.64398,51.0,3.951243718581428,C,Small,83.00428571428583,48.31571428571434,1.415714285714286,3.571428571428572,25.685714285714287,0.0,51.85714285714285,44.85714285714285,12.12857142857143,11.713333333333336,203.43277,7.0,-0.8571673007021123,-0.5150380749100542,2,D2,2.0,1.0,1.0,1.0,0.0,123.0,grass_shrub,7113.0,145.0,126.0,45.0,2113.0,104.0,1.0
fire_00772,Casner Fire,2018-08-06,2018,8,33.05737,-116.77154,14.0,2.70805020110221,C,Small,94.37000000000016,66.65,2.2857142857142856,2.242857142857144,25.942857142857143,5.6,67.57142857142857,46.71428571428572,8.457142857142857,9.573333333333332,698.368,6.0,-0.6560590289905073,-0.754709580222772,2,D2,2.0,1.0,1.0,1.0,0.0,145.0,shrub,7110.0,234.0,216.0,0.0,2110.0,113.0,0.0
fire_00773,Bumper Fire,2018-08-01,2018,8,38.645,-120.874167,67.0,4.219507705176107,C,Small,98.30428571428583,67.2928571428572,3.2557142857142862,2.7571428571428567,14.957142857142856,0.0,84.57142857142857,62.285714285714285,5.5857142857142845,7.659999999999999,500.59708,6.0,0.0523359562429439,-0.9986295347545738,-1,,0.0,0.0,0.0,0.0,0.0,144.0,shrub,7114.0,137.0,124.0,35.0,2114.0,103.0,1.0
fire_00774,Omega Fire,2018-08-01,2018,8,38.82128,-121.03918,66.0,4.204692619390966,C,Small,98.9214285714287,67.83285714285712,3.335714285714286,2.357142857142857,14.185714285714283,0.0,85.14285714285714,59.285714285714285,5.628571428571428,7.67,450.2051,7.0,0.4383711467890774,-0.898794046299167,0,D0,0.0,1.0,0.0,0.0,0.0,165.0,timber_understory,7030.0,148.0,131.0,45.0,2030.0,104.0,1.0
fire_00775,Sunset Fire,2018-08-01,2018,8,38.82426,-121.451307,695.0,6.54534966033442,E,Medium,99.53857142857137,63.41000000000008,3.13,2.414285714285714,14.171428571428573,0.0,77.14285714285714,50.71428571428572,6.914285714285716,7.999999999999999,19.1858,0.0,0.1218693434051476,-0.992546151641322,0,D0,0.0,1.0,0.0,0.0,0.0,102.0,grass,7987.0,343.0,304.0,0.0,2967.0,124.0,0.0
fire_00776,Turkey Fire,2018-08-06,2018,8,35.847778,-120.343056,2225.0,7.70796153183549,F,Large,102.2642857142857,60.06714285714288,3.632857142857144,2.6000000000000005,7.514285714285713,0.0,83.57142857142857,62.42857142857143,5.214285714285714,8.81,429.1146,2.0,-0.7431448254773942,-0.6691306063588582,1,D1,1.0,1.0,1.0,0.0,0.0,102.0,grass,9301.0,342.0,304.0,0.0,2270.0,124.0,0.0
fire_00777,Holy Fire,2018-08-06,2018,8,33.69888,-117.52055,23136.0,10.049188346707682,G,Extreme,95.16714285714288,70.97000000000006,2.652857142857143,2.857142857142857,22.571428571428573,0.0,74.57142857142857,55.71428571428572,7.242857142857143,8.556666666666667,1101.8785,29.0,-0.8910065241883678,0.4539904997395468,2,D2,2.0,1.0,1.0,1.0,0.0,121.0,grass_shrub,7110.0,355.0,303.0,0.0,2110.0,115.0,0.0
fire_00778,Terra Fire,2018-08-06,2018,8,33.759722,-117.460278,35.0,3.58351893845611,C,Small,100.48999999999992,72.15285714285719,3.032857142857143,2.771428571428572,20.81428571428572,0.0,70.57142857142857,53.0,7.814285714285715,9.393333333333334,328.41232,2.0,0.4539904997395466,-0.891006524188368,2,D2,2.0,1.0,1.0,1.0,0.0,91.0,nonburnable_or_other,7297.0,23.0,23.0,0.0,2903.0,23.0,0.0
fire_00779,South Fire,2018-08-06,2018,8,38.061298,-120.872244,290.0,5.673323267171493,D,Medium,96.81285714285715,60.298571428571464,2.812857142857143,3.042857142857143,14.514285714285716,0.0,79.0,61.57142857142857,6.842857142857143,8.153333333333332,97.4381,1.0,0.0871557427476578,-0.9961946980917455,-1,,0.0,0.0,0.0,0.0,0.0,122.0,grass_shrub,9337.0,225.0,214.0,0.0,2270.0,112.0,0.0
fire_00780,Murphy Fire,2018-08-07,2018,8,39.996944,-121.27,117.0,4.770684624465665,D,Medium,87.29857142857146,57.93285714285712,2.391428571428572,3.571428571428572,13.457142857142856,0.0,89.14285714285714,72.71428571428571,4.942857142857143,6.929999999999998,1069.7631,33.0,0.9205048534524404,-0.3907311284892739,-1,,0.0,0.0,0.0,0.0,0.0,121.0,grass_shrub,9129.0,127.0,112.0,0.0,2236.0,122.0,0.0
fire_00781,Five Fire,2018-08-06,2018,8,35.97896,-119.98329,2995.0,8.005033344637111,F,Large,100.95285714285728,68.68142857142868,3.715714285714285,3.371428571428571,10.428571428571429,0.0,93.0,74.14285714285714,4.542857142857143,5.9433333333333325,180.2894,4.0,0.2756373558169991,0.9612616959383188,1,D1,1.0,1.0,1.0,0.0,0.0,101.0,grass,9301.0,328.0,303.0,0.0,2270.0,122.0,0.0
fire_00782,Pine Fire,2018-08-16,2018,8,35.56888889,-118.80138889,114.0,4.74493212836325,D,Medium,96.29857142857146,66.03285714285722,3.264285714285714,2.942857142857143,10.471428571428572,0.0,98.14285714285714,73.28571428571429,4.142857142857143,5.323333333333332,874.2522,5.0,-0.0174524064372834,-0.9998476951563912,0,D0,0.0,1.0,0.0,0.0,0.0,102.0,grass,9301.0,348.0,304.0,0.0,2270.0,124.0,0.0
fire_00783,Hirz Fire,2018-08-09,2018,8,40.896,-122.219,46150.0,10.739673908168612,G,Extreme,95.1928571428572,65.41571428571434,3.091428571428572,3.185714285714286,13.05714285714286,0.0,93.71428571428572,72.14285714285714,4.728571428571429,5.980000000000001,367.5561,9.0,0.0871557427476578,-0.9961946980917455,0,D0,0.0,1.0,0.0,0.0,0.0,165.0,timber_understory,7030.0,165.0,127.0,65.0,2030.0,106.0,1.0
fire_00784,Land Fire,2018-08-22,2018,8,33.946896,-117.066643,23.0,3.1780538303479458,C,Small,92.85285714285729,64.87571428571432,1.93,2.642857142857143,29.557142857142853,5.3,60.142857142857146,45.142857142857146,11.928571428571429,9.14,720.35834,2.0,0.1564344650402309,0.9876883405951378,2,D2,2.0,1.0,1.0,1.0,0.0,122.0,grass_shrub,7092.0,227.0,218.0,0.0,2092.0,112.0,0.0
fire_00785,Rangeland Fire,2018-08-09,2018,8,33.076239,-116.902985,250.0,5.525452939131784,D,Medium,97.94428571428574,65.4928571428572,2.421428571428572,2.2857142857142856,25.0,0.0,55.142857142857146,39.57142857142857,11.028571428571428,11.893333333333334,420.55966,9.0,0.9335804264972016,0.3583679495453002,2,D2,2.0,1.0,1.0,1.0,0.0,142.0,shrub,7110.0,233.0,217.0,0.0,2110.0,113.0,0.0
fire_00786,Hat Fire,2018-08-09,2018,8,40.99344,-121.52225,1900.0,7.550135342488429,F,Large,92.85285714285729,51.42714285714296,2.628571428571429,2.8714285714285714,10.6,2.0,88.42857142857143,66.28571428571429,5.671428571428571,6.853333333333331,954.08905,10.0,-0.90630778703665,-0.4226182617406993,-1,,0.0,0.0,0.0,0.0,0.0,122.0,grass_shrub,7105.0,248.0,213.0,0.0,2105.0,114.0,0.0
fire_00787,Syar Fire,2018-08-09,2018,8,38.27229,-122.26389,10.0,2.3978952727983707,C,Small,87.06714285714298,53.71571428571434,1.6542857142857146,4.642857142857143,24.77142857142857,0.0,52.0,47.285714285714285,12.0,11.486666666666668,39.446194,5.0,0.342020143325669,-0.9396926207859084,0,D0,0.0,1.0,0.0,0.0,0.0,91.0,nonburnable_or_other,7296.0,22.0,22.0,0.0,2902.0,22.0,0.0
fire_00788,Alhambra Fire,2018-08-17,2018,8,37.99618,-122.14097,30.0,3.4339872044851463,C,Small,87.50428571428561,55.51571428571434,1.697142857142857,5.3,27.95714285714286,0.0,58.142857142857146,52.85714285714285,10.457142857142856,10.346666666666666,94.02308,6.0,-0.4067366430758002,0.9135454576426008,0,D0,0.0,1.0,0.0,0.0,0.0,102.0,grass,9301.0,336.0,304.0,0.0,2270.0,123.0,0.0
fire_00789,Snell Fire,2018-09-08,2018,9,38.69601,-122.44468,2490.0,7.820439515262181,F,Large,89.76714285714289,54.3071428571429,2.185714285714286,2.4,15.842857142857143,0.0,65.0,41.71428571428572,9.414285714285716,8.086666666666666,257.23798,8.0,0.6946583704589973,0.7193398003386512,1,D1,1.0,1.0,1.0,0.0,0.0,122.0,grass_shrub,9337.0,243.0,222.0,25.0,2271.0,102.0,1.0
fire_00790,Nelson Fire,2018-08-10,2018,8,38.431278,-122.043747,2162.0,7.679251425953058,F,Large,95.27000000000007,60.14428571428574,2.7342857142857144,4.557142857142858,14.828571428571433,0.3,76.42857142857143,64.0,6.842857142857143,8.023333333333333,199.71027,4.0,-0.2079116908177598,-0.9781476007338056,0,D0,0.0,1.0,0.0,0.0,0.0,102.0,grass,9301.0,336.0,305.0,0.0,2270.0,126.0,0.0
fire_00791,Marcel Fire,2018-08-17,2018,8,35.17156,-118.51651,34.0,3.555348061489413,C,Small,90.66714285714288,62.71571428571434,2.531428571428572,3.157142857142857,14.528571428571428,0.0,91.0,69.85714285714286,5.285714285714285,6.146666666666666,1399.0392,23.0,0.3420201433256688,0.9396926207859084,1,D1,1.0,1.0,1.0,0.0,0.0,144.0,shrub,7105.0,225.0,213.0,0.0,2105.0,112.0,0.0
fire_00792,Oak Fire,2018-08-12,2018,8,39.10494,-121.07039,16.0,2.833213344056216,C,Small,95.3214285714285,62.63857142857158,3.0657142857142854,2.4857142857142853,11.928571428571429,0.0,91.57142857142856,64.57142857142857,4.885714285714286,6.323333333333332,614.1142,5.0,0.2079116908177594,-0.9781476007338056,0,D0,0.0,1.0,0.0,0.0,0.0,183.0,timber_litter,7902.0,15.0,15.0,45.0,2915.0,15.0,1.0
fire_00793,Cloverdale Fire,2018-08-13,2018,8,33.0971179,-117.0242529,100.0,4.61512051684126,D,Medium,96.35000000000011,67.83285714285722,1.9985714285714284,2.642857142857143,32.1,0.0,50.142857142857146,37.85714285714285,11.928571428571429,12.686666666666666,143.63292,5.0,-0.6156614753256583,0.788010753606722,2,D2,2.0,1.0,1.0,1.0,0.0,91.0,nonburnable_or_other,7297.0,23.0,23.0,0.0,2903.0,23.0,0.0
fire_00794,Gulch Fire,2018-08-11,2018,8,36.00912,-120.82226,700.0,6.55250788703459,E,Medium,100.13000000000014,56.7500000000001,3.301428571428571,3.685714285714286,6.714285714285714,0.0,81.71428571428571,71.0,5.4,9.43,348.4648,5.0,0.5150380749100542,-0.8571673007021123,0,D0,0.0,1.0,0.0,0.0,0.0,144.0,shrub,7114.0,128.0,115.0,25.0,2114.0,102.0,1.0
fire_00795,River Fire,2018-08-15,2018,8,35.79012,-118.7393,496.0,6.208590026096629,E,Medium,93.67571428571432,61.94428571428584,3.0500000000000003,2.585714285714286,9.014285714285716,0.0,97.85714285714286,70.0,4.114285714285715,5.533333333333334,1009.4031,6.0,0.7431448254773942,-0.6691306063588581,0,D0,0.0,1.0,0.0,0.0,0.0,102.0,grass,9301.0,343.0,304.0,0.0,2270.0,124.0,0.0
fire_00796,Stone Fire,2018-08-15,2018,8,41.38544,-121.04386,39387.0,10.581216480367694,G,Extreme,88.97000000000017,55.85,2.4057142857142857,2.8428571428571425,12.3,0.0,88.85714285714286,66.28571428571429,5.542857142857143,6.583333333333332,1349.5499,8.0,-0.7986355100472929,0.6018150231520482,-1,,0.0,0.0,0.0,0.0,0.0,165.0,timber_understory,7031.0,126.0,108.0,35.0,2031.0,103.0,1.0
fire_00797,Castro Fire,2018-08-26,2018,8,37.69926,-122.02805,48.0,3.8918202981106265,C,Small,73.46428571428581,53.74142857142856,0.87,4.9,41.7,0.0,47.42857142857143,44.142857142857146,13.142857142857142,11.743333333333332,138.86519,2.0,-0.4848096202463368,-0.8746197071393959,0,D0,0.0,1.0,0.0,0.0,0.0,91.0,nonburnable_or_other,7296.0,22.0,22.0,0.0,2902.0,22.0,0.0
fire_00798,Call Fire,2018-08-18,2018,8,35.51777778,-118.6525,367.0,5.908082938168931,E,Medium,93.72714285714287,65.26142857142862,2.8685714285714283,2.828571428571429,14.35714285714286,0.0,93.14285714285714,68.0,5.185714285714285,5.553333333333333,1149.5774,37.0,0.9902680687415704,-0.1391731009600658,0,D0,0.0,1.0,0.0,0.0,0.0,122.0,grass_shrub,7114.0,125.0,108.0,35.0,2114.0,103.0,1.0
fire_00799,Gorge Fire,2018-08-19,2018,8,40.36888889,-122.89055556,155.0,5.049856007249537,D,Medium,92.41571428571424,55.8500000000001,2.6542857142857144,2.3142857142857145,11.371428571428572,0.0,89.85714285714286,53.42857142857143,5.1571428571428575,5.429999999999998,724.8118,3.0,-0.2588190451025208,0.9659258262890684,1,D1,1.0,1.0,1.0,0.0,0.0,165.0,timber_understory,7030.0,137.0,117.0,35.0,2030.0,103.0,1.0
fire_00800,Front Fire,2018-08-19,2018,8,35.11416667,-120.09222222,1014.0,6.922643891475888,F,Large,98.22714285714287,62.76714285714288,2.707142857142857,3.7,19.085714285714285,0.0,79.14285714285714,66.42857142857143,7.5,7.7366666666666655,416.76364,1.0,0.9396926207859084,0.3420201433256687,2,D2,2.0,1.0,1.0,1.0,0.0,144.0,shrub,9301.0,340.0,303.0,0.0,2105.0,113.0,0.0
fire_00801,Keller Fire,2018-08-19,2018,8,33.627006,-117.171731,10.0,2.3978952727983707,C,Small,92.44142857142856,65.59571428571428,1.5871428571428574,3.1142857142857148,36.114285714285714,0.0,51.142857142857146,41.85714285714285,13.885714285714286,10.94,477.14603,3.0,0.2756373558169991,0.9612616959383188,2,D2,2.0,1.0,1.0,1.0,0.0,122.0,grass_shrub,7933.0,214.0,207.0,0.0,2912.0,111.0,0.0
fire_00802,Eastman Fire,2018-08-23,2018,8,37.197039,-120.002619,289.0,5.66988092298052,D,Medium,99.6928571428572,63.64142857142856,3.152857142857143,2.7,14.442857142857145,0.0,85.57142857142857,62.57142857142857,6.442857142857143,6.630000000000002,143.1423,3.0,0.9659258262890684,0.2588190451025207,0,D0,0.0,1.0,0.0,0.0,0.0,102.0,grass,9301.0,340.0,303.0,0.0,2270.0,124.0,0.0
fire_00803,Country Fire,2018-08-25,2018,8,33.97902,-117.20534,32.0,3.49650756146648,C,Small,91.25857142857144,64.25857142857144,1.9585714285714289,2.7857142857142856,27.4,0.0,62.142857142857146,47.42857142857143,10.985714285714286,8.79,776.97833,4.0,-0.8746197071393959,-0.4848096202463369,2,D2,2.0,1.0,1.0,1.0,0.0,122.0,grass_shrub,7092.0,238.0,210.0,0.0,2092.0,113.0,0.0
fire_00804,Redinger Fire,2018-08-27,2018,8,37.179167,-119.431667,88.0,4.48863636973214,C,Small,88.14714285714302,60.50428571428582,2.371428571428571,2.6142857142857148,14.857142857142858,0.0,92.28571428571428,65.42857142857143,5.328571428571428,5.423333333333333,978.2598,25.0,-0.9612616959383188,-0.275637355816999,0,D0,0.0,1.0,0.0,0.0,0.0,162.0,timber_understory,7114.0,140.0,115.0,45.0,2114.0,104.0,1.0
fire_00805,Cache Fire,2018-08-26,2018,8,39.02017,-122.57496,103.0,4.6443908991413725,D,Medium,88.09571428571438,54.87285714285714,2.007142857142857,2.628571428571429,20.142857142857142,0.0,75.71428571428571,47.57142857142857,8.37142857142857,6.456666666666666,390.42807,7.0,0.5591929034707468,0.8290375725550417,1,D1,1.0,1.0,1.0,0.0,0.0,144.0,shrub,7105.0,225.0,225.0,0.0,2105.0,112.0,0.0
fire_00806,Winchester Fire,2018-08-27,2018,8,33.640051,-117.085354,36.0,3.610917912644224,C,Small,91.64428571428574,63.127142857142964,1.8971428571428568,2.7857142857142856,27.985714285714284,0.0,52.57142857142857,41.0,12.828571428571433,10.333333333333332,463.76904,1.0,-0.8191520442889918,-0.5735764363510462,2,D2,2.0,1.0,1.0,1.0,0.0,102.0,grass,7129.0,323.0,304.0,0.0,2129.0,122.0,0.0
fire_00807,Fork Fire,2018-09-09,2018,9,34.2325,-117.846111,166.0,5.117993812416755,D,Medium,88.07000000000006,62.61285714285716,2.055714285714286,2.357142857142857,23.871428571428574,0.0,74.57142857142857,51.42857142857143,8.357142857142858,7.226666666666666,484.31894,1.0,-0.1736481776669303,0.984807753012208,2,D2,2.0,1.0,1.0,1.0,0.0,99.0,nonburnable_or_other,9246.0,31.0,31.0,0.0,31.0,31.0,0.0
fire_00808,Grade Fire,2018-08-30,2018,8,38.8275,-122.3625,60.0,4.110873864173311,C,Small,84.21285714285716,55.13000000000004,1.7142857142857142,2.814285714285714,24.31428571428572,0.0,79.71428571428571,49.71428571428572,7.885714285714284,5.21,533.76996,9.0,-0.7547095802227721,-0.656059028990507,1,D1,1.0,1.0,1.0,0.0,0.0,99.0,nonburnable_or_other,7295.0,32.0,32.0,0.0,32.0,32.0,0.0
fire_00809,Ogilvy Fire,2018-09-01,2018,9,34.576944,-119.61416,172.0,5.153291594497779,D,Medium,86.65571428571425,56.287142857143046,2.24,3.414285714285714,12.799999999999995,0.0,86.42857142857143,70.14285714285714,5.828571428571428,6.720000000000001,574.5454,5.0,-0.6427876096865395,-0.7660444431189779,2,D2,2.0,1.0,1.0,1.0,0.0,142.0,shrub,7110.0,231.0,219.0,0.0,2110.0,116.0,0.0
fire_00810,Essex Fire,2018-09-02,2018,9,41.52123,-120.72362,15.0,2.772588722239781,C,Small,79.94428571428574,47.621428571428496,1.6042857142857143,2.8428571428571425,17.042857142857144,0.0,83.0,61.142857142857146,7.242857142857143,6.17,1506.3854,2.0,0.1045284632676529,-0.9945218953682734,-1,,0.0,0.0,0.0,0.0,0.0,141.0,shrub,7124.0,228.0,207.0,0.0,2124.0,112.0,0.0
fire_00811,Sterling,2018-08-31,2018,8,34.15475,-117.244366,125.0,4.836281906951478,D,Medium,89.30428571428583,62.30428571428562,2.3428571428571425,3.3428571428571425,16.15714285714286,0.0,73.57142857142857,60.0,7.257142857142857,8.58,443.60938,9.0,-0.6427876096865395,-0.7660444431189779,2,D2,2.0,1.0,1.0,1.0,0.0,91.0,nonburnable_or_other,7296.0,22.0,22.0,0.0,2902.0,22.0,0.0
fire_00812,Delta Fire,2018-09-05,2018,9,40.9425,-122.43,63311.0,11.055830163625206,G,Extreme,91.69571428571427,60.50428571428582,2.6514285714285712,2.757142857142857,14.528571428571428,0.0,85.28571428571429,54.57142857142857,6.3571428571428585,5.293333333333332,378.9213,8.0,0.6293203910498375,0.7771459614569709,1,D1,1.0,1.0,1.0,0.0,0.0,184.0,timber_litter,7105.0,232.0,208.0,45.0,2030.0,105.0,1.0
fire_00813,Kelsey Fire,2018-09-03,2018,9,38.91842,-122.85276,24.0,3.218875824868201,C,Small,84.3928571428572,55.875714285714324,1.6985714285714286,4.171428571428572,25.585714285714285,0.0,67.85714285714286,53.57142857142857,10.457142857142856,6.450000000000001,469.71832,3.0,0.1045284632676529,-0.9945218953682734,0,D0,0.0,1.0,0.0,0.0,0.0,91.0,nonburnable_or_other,7299.0,25.0,25.0,0.0,2905.0,25.0,0.0
fire_00814,North Fire,2018-09-03,2018,9,39.268611,-120.658333,1120.0,7.02197642307216,F,Large,75.85571428571426,55.23285714285722,1.6428571428571426,3.2857142857142856,18.81428571428572,0.0,89.71428571428571,68.57142857142857,5.771428571428571,5.380000000000001,1451.3601,1.0,-0.4539904997395467,0.8910065241883679,-1,,0.0,0.0,0.0,0.0,0.0,183.0,timber_litter,9129.0,157.0,126.0,55.0,2152.0,105.0,1.0
fire_00815,Sliger Fire,2018-09-04,2018,9,38.94388,-120.92611,150.0,5.017279836814924,D,Medium,86.37285714285714,56.08142857142858,2.03,2.542857142857143,20.442857142857143,0.0,82.57142857142857,58.142857142857146,7.557142857142858,5.660000000000001,525.55426,21.0,0.2756373558169994,-0.9612616959383188,0,D0,0.0,1.0,0.0,0.0,0.0,144.0,shrub,7114.0,131.0,114.0,35.0,2114.0,103.0,1.0
fire_00816,Ranchera Fire,2018-09-04,2018,9,40.678889,-122.400556,13.0,2.6390573296152584,C,Small,94.11285714285717,63.71857142857142,2.8885714285714283,2.442857142857143,14.885714285714288,0.0,88.57142857142857,53.57142857142857,5.928571428571429,4.706666666666666,265.25333,3.0,-0.7193398003386513,0.6946583704589971,1,D1,1.0,1.0,1.0,0.0,0.0,122.0,grass_shrub,7029.0,143.0,121.0,45.0,2029.0,104.0,1.0
fire_00817,Tulloch Fire,2018-09-08,2018,9,37.83388,-120.61746,573.0,6.352629396319567,E,Medium,92.98142857142858,62.25285714285718,2.4885714285714284,3.628571428571429,17.414285714285718,0.0,68.57142857142857,58.71428571428572,9.314285714285711,7.723333333333333,231.12039,6.0,-0.0697564737441255,-0.9975640502598242,0,D0,0.0,1.0,0.0,0.0,0.0,102.0,grass,9301.0,349.0,304.0,0.0,2270.0,124.0,0.0
fire_00818,Kerlin Fire,2018-09-04,2018,9,40.616251,-123.52019,1751.0,7.468513271496337,F,Large,87.06714285714288,52.8928571428572,2.125714285714285,3.9,16.985714285714284,0.0,75.14285714285714,53.71428571428572,7.714285714285714,7.066666666666666,897.90405,21.0,0.1045284632676534,0.9945218953682732,0,D0,0.0,1.0,0.0,0.0,0.0,162.0,timber_understory,7043.0,158.0,130.0,75.0,2043.0,107.0,1.0
fire_00819,Boot Fire,2018-09-04,2018,9,38.347395,-119.45186,6974.0,8.850087606689566,G,Extreme,75.70142857142864,40.6785714285715,1.4614285714285715,2.685714285714285,13.657142857142857,2.3,84.42857142857143,61.42857142857143,6.014285714285714,7.319999999999998,2143.6016,5.0,0.9961946980917455,-0.0871557427476583,0,D0,0.0,1.0,0.0,0.0,0.0,122.0,grass_shrub,7126.0,231.0,207.0,0.0,2126.0,113.0,0.0
fire_00820,Metz Fire,2018-09-13,2018,9,36.35502,-121.1563,411.0,6.021023349349527,E,Medium,89.89571428571438,49.395714285714384,2.2671428571428573,3.771428571428572,10.4,0.0,62.71428571428572,54.142857142857146,9.2,9.673333333333334,254.67642,5.0,-0.156434465040231,-0.9876883405951375,0,D0,0.0,1.0,0.0,0.0,0.0,102.0,grass,9301.0,339.0,303.0,0.0,2270.0,123.0,0.0
fire_00821,Irving Fire,2018-09-10,2018,9,38.02447,-122.727,152.0,5.030437921392435,D,Medium,80.12428571428578,51.787142857143046,1.2128571428571426,4.6571428571428575,33.15714285714286,0.0,40.0,38.142857142857146,14.071428571428571,14.34,182.87494,13.0,0.1045284632676529,-0.9945218953682734,0,D0,0.0,1.0,0.0,0.0,0.0,165.0,timber_understory,7043.0,169.0,124.0,65.0,2043.0,106.0,1.0
fire_00822,Water Fire,2018-09-12,2018,9,34.91482,-118.92485,200.0,5.303304908059076,D,Medium,89.6642857142858,64.10428571428572,2.85,3.028571428571429,8.657142857142857,0.0,96.57142857142856,73.85714285714286,4.671428571428571,4.916666666666667,766.39197,15.0,0.848048096156426,0.5299192642332049,1,D1,1.0,1.0,1.0,0.0,0.0,101.0,grass,9301.0,334.0,304.0,0.0,2270.0,124.0,0.0
fire_00823,Soboba Fire,2018-09-14,2018,9,33.80406,-116.93188,25.0,3.258096538021482,C,Small,93.0071428571429,63.3071428571428,2.5857142857142854,2.814285714285714,15.62857142857143,2.8,70.28571428571429,54.142857142857146,8.328571428571427,9.003333333333334,573.0485,21.0,-0.7071067811865477,-0.7071067811865475,2,D2,2.0,1.0,1.0,1.0,0.0,122.0,grass_shrub,7092.0,224.0,208.0,0.0,2092.0,112.0,0.0
fire_00824,Meyers Fire,2018-09-20,2018,9,38.7448,-120.65672,12.0,2.5649493574615367,C,Small,76.65285714285719,53.4071428571429,1.615714285714286,2.3,17.771428571428572,0.0,85.42857142857143,57.57142857142857,6.4,5.903333333333333,994.89575,5.0,-0.9563047559630354,-0.2923717047227367,-1,,0.0,0.0,0.0,0.0,0.0,142.0,shrub,7962.0,233.0,219.0,0.0,2962.0,113.0,0.0
fire_00825,Charlie Fire,2018-09-22,2018,9,34.48229,-118.60858,3380.0,8.125926802707886,F,Large,89.6642857142858,56.33857142857158,2.4185714285714286,2.742857142857143,10.528571428571428,0.0,76.14285714285714,57.57142857142857,6.8,8.8,359.48685,4.0,-0.0523359562429443,-0.9986295347545738,2,D2,2.0,1.0,1.0,1.0,0.0,102.0,grass,9301.0,338.0,304.0,0.0,2270.0,123.0,0.0
fire_00826,Oak Fire,2018-09-22,2018,9,37.38789,-119.68912,360.0,5.8888779583328805,E,Medium,82.05285714285718,50.7071428571429,1.9028571428571424,2.642857142857143,13.271428571428572,0.0,84.28571428571429,61.285714285714285,6.414285714285714,6.62,954.4909,9.0,-0.3907311284892738,-0.9205048534524404,0,D0,0.0,1.0,0.0,0.0,0.0,165.0,timber_understory,7030.0,144.0,127.0,45.0,2030.0,104.0,1.0
fire_00827,Copper Fire,2018-09-22,2018,9,40.33642,-120.93005,53.0,3.9889840465642745,C,Small,71.0214285714285,38.21000000000008,1.3228571428571427,3.828571428571428,11.585714285714284,0.0,86.85714285714286,73.57142857142857,6.47142857142857,5.830000000000001,1564.0145,3.0,0.9702957262759964,-0.2419218955996678,-1,,0.0,0.0,0.0,0.0,0.0,102.0,grass,7967.0,381.0,303.0,0.0,2967.0,128.0,0.0
fire_00828,Wilson Fire,2018-09-28,2018,9,40.34256,-121.43025,261.0,5.568344503761097,D,Medium,76.83285714285712,40.13857142857148,1.6857142857142855,2.214285714285714,8.028571428571428,0.0,86.85714285714286,60.285714285714285,5.885714285714285,6.503333333333333,1655.6547,4.0,-0.1045284632676533,-0.9945218953682734,-1,,0.0,0.0,0.0,0.0,0.0,188.0,timber_litter,7028.0,152.0,127.0,55.0,2028.0,105.0,1.0
fire_00829,Silver Fire,2018-09-28,2018,9,40.5939,-122.17173,76.0,4.343805421853684,C,Small,94.0357142857144,55.798571428571464,2.9642857142857144,3.628571428571429,7.5,0.0,86.28571428571429,63.42857142857143,5.457142857142857,6.016666666666668,191.14511,3.0,-0.882947592858927,0.4694715627858907,0,D0,0.0,1.0,0.0,0.0,0.0,165.0,timber_understory,7114.0,141.0,118.0,45.0,2114.0,104.0,1.0
fire_00830,Quimby Fire,2018-09-23,2018,9,37.33563,-121.75815,30.0,3.4339872044851463,C,Small,80.17571428571432,51.83857142857138,1.5014285714285711,4.014285714285714,22.000000000000004,0.0,54.85714285714285,47.285714285714285,11.928571428571429,10.633333333333333,298.48706,19.0,-0.3090169943749475,-0.9510565162951536,0,D0,0.0,1.0,0.0,0.0,0.0,102.0,grass,7934.0,333.0,304.0,0.0,2911.0,123.0,0.0
fire_00831,Nimshew Fire,2018-09-24,2018,9,39.84151,-121.62168,33.0,3.5263605246161616,C,Small,85.31857142857152,59.038571428571586,2.4,3.071428571428572,10.5,0.0,91.0,70.28571428571429,5.5857142857142845,5.53,689.77814,16.0,0.3255681544571563,-0.945518575599317,0,D0,0.0,1.0,0.0,0.0,0.0,165.0,timber_understory,7028.0,165.0,128.0,65.0,2028.0,106.0,1.0
fire_00832,Keenbrook Fire,2018-09-26,2018,9,34.24138,-117.42431,53.0,3.9889840465642745,C,Small,88.45571428571427,60.81285714285726,2.29,2.414285714285714,15.55714285714286,0.0,80.42857142857143,57.0,6.42857142857143,8.173333333333334,775.9612,14.0,-0.8571673007021123,-0.5150380749100542,2,D2,2.0,1.0,1.0,1.0,0.0,122.0,grass_shrub,7092.0,240.0,212.0,0.0,2092.0,114.0,0.0
fire_00833,Nacimiento Fire,2018-10-02,2018,10,35.97677,-121.24898,150.0,5.017279836814924,D,Medium,89.12428571428568,45.35857142857144,2.148571428571429,2.814285714285714,15.528571428571428,0.0,72.28571428571429,48.57142857142857,8.971428571428572,7.8199999999999985,342.36298,5.0,0.4848096202463371,0.8746197071393957,0,D0,0.0,1.0,0.0,0.0,0.0,102.0,grass,9301.0,337.0,303.0,0.0,2270.0,123.0,0.0
fire_00834,Eagle Fire,2018-10-02,2018,10,36.938674,-119.3127769,32.0,3.49650756146648,C,Small,89.6642857142857,59.91285714285716,2.5042857142857144,2.185714285714285,13.12857142857143,0.0,90.42857142857144,60.71428571428572,5.771428571428571,5.686666666666668,656.21704,18.0,-0.5000000000000004,-0.8660254037844385,0,D0,0.0,1.0,0.0,0.0,0.0,144.0,shrub,7114.0,139.0,128.0,35.0,2114.0,103.0,1.0
fire_00835,Sun Fire,2018-10-07,2018,10,40.22027778,-122.18,3889.0,8.266164436612492,F,Large,77.63000000000004,57.08428571428576,0.9414285714285714,3.6142857142857134,43.57142857142857,14.4,45.57142857142857,14.142857142857142,14.62857142857143,6.543333333333333,124.77083,2.0,-0.4067366430758001,-0.913545457642601,0,D0,0.0,1.0,0.0,0.0,0.0,144.0,shrub,7114.0,134.0,117.0,35.0,2114.0,103.0,1.0
fire_00836,Park Fire,2018-10-07,2018,10,37.1769444,-121.68694444,63.0,4.158883083359672,C,Small,77.09000000000002,54.538571428571586,0.8471428571428571,3.942857142857143,40.385714285714286,2.0,41.142857142857146,33.285714285714285,16.02857142857143,11.490000000000002,99.225105,3.0,-0.3583679495453007,-0.9335804264972016,0,D0,0.0,1.0,0.0,0.0,0.0,102.0,grass,7980.0,116.0,106.0,15.0,2960.0,101.0,1.0
fire_00837,Iron Gate Fire,2018-10-10,2018,10,41.94046,-122.43933,15.0,2.772588722239781,C,Small,68.37285714285714,41.11571428571434,0.6928571428571428,3.5142857142857147,35.95714285714286,12.999999999999998,37.57142857142857,26.714285714285715,17.557142857142857,9.73,755.17645,2.0,-0.8910065241883678,0.4539904997395468,2,D2,2.0,1.0,1.0,1.0,0.0,102.0,grass,9828.0,344.0,304.0,0.0,2279.0,124.0,0.0
fire_00838,Winters Fire,2018-10-12,2018,10,38.45673,-121.94658,160.0,5.081404364984463,D,Medium,81.87285714285714,54.53857142857138,1.5942857142857143,3.7714285714285714,22.52857142857143,2.2,56.0,46.42857142857143,11.685714285714283,9.97,36.370075,1.0,-0.4067366430758002,0.9135454576426008,0,D0,0.0,1.0,0.0,0.0,0.0,102.0,grass,9301.0,357.0,304.0,0.0,2270.0,125.0,0.0
fire_00839,Priest Fire,2018-10-13,2018,10,36.18401,-120.69955,167.0,5.123963979403259,D,Medium,73.02714285714286,41.3214285714286,0.9428571428571428,3.9,28.214285714285715,2.0,48.42857142857143,43.85714285714285,15.214285714285714,9.406666666666666,701.49896,5.0,0.4383711467890774,0.898794046299167,0,D0,0.0,1.0,0.0,0.0,0.0,102.0,grass,9301.0,353.0,304.0,0.0,2270.0,125.0,0.0
fire_00840,Tower Fire,2018-10-14,2018,10,40.49618,-122.51597,12.0,2.5649493574615367,C,Small,82.54142857142855,56.51857142857152,1.922857142857143,3.128571428571429,16.085714285714285,18.3,59.71428571428572,43.42857142857143,10.328571428571427,7.536666666666666,294.45984,3.0,-0.4226182617406993,0.90630778703665,1,D1,1.0,1.0,1.0,0.0,0.0,122.0,grass_shrub,7265.0,139.0,122.0,35.0,2265.0,103.0,1.0
fire_00841,Masonic Fire,2018-10-14,2018,10,40.60866,-122.38366,38.0,3.6635616461296463,C,Small,83.54428571428573,54.95,1.9357142857142853,3.3285714285714287,15.842857142857142,19.3,58.0,44.42857142857143,10.842857142857143,7.650000000000001,193.20476,2.0,-0.8746197071393959,-0.4848096202463369,1,D1,1.0,1.0,1.0,0.0,0.0,102.0,grass,9301.0,347.0,303.0,0.0,2270.0,124.0,0.0
fire_00842,Powellton Fire,2018-10-15,2018,10,39.93427,-121.54103,10.0,2.3978952727983707,C,Small,68.55285714285728,49.34428571428574,1.3185714285714287,5.4,14.928571428571429,22.1,66.85714285714286,70.42857142857143,8.87142857142857,6.99,1188.6454,11.0,-0.4226182617406993,0.90630778703665,0,D0,0.0,1.0,0.0,0.0,0.0,122.0,grass_shrub,7027.0,148.0,120.0,0.0,2028.0,103.0,0.0
fire_00843,Camino Fire,2018-10-19,2018,10,35.17693,-120.48861,58.0,4.07753744390572,C,Small,82.51571428571434,47.67285714285714,1.6014285714285716,2.657142857142857,18.71428571428572,9.1,48.42857142857143,40.57142857142857,12.514285714285714,13.376666666666663,384.25916,12.0,0.838670567945424,-0.544639035015027,2,D2,2.0,1.0,1.0,1.0,0.0,123.0,grass_shrub,7092.0,,220.0,0.0,2092.0,115.0,0.0
fire_00844,Market Fire,2018-10-24,2018,10,36.47766,-119.10433,120.0,4.795790545596741,D,Medium,82.02714285714286,55.4642857142857,2.072857142857143,2.3,9.628571428571428,17.1,81.57142857142857,56.85714285714285,5.6000000000000005,7.26,174.99484,5.0,-0.3583679495453007,-0.9335804264972016,0,D0,0.0,1.0,0.0,0.0,0.0,102.0,grass,7980.0,117.0,106.0,15.0,2960.0,101.0,1.0
fire_00845,June Fire,2018-10-30,2018,10,39.36529,-121.51707,550.0,6.311734809152915,E,Medium,77.1928571428571,49.52428571428578,1.217142857142857,2.242857142857143,26.65714285714285,13.9,61.142857142857146,39.285714285714285,10.642857142857142,9.643333333333334,37.405525,1.0,-0.1391731009600658,-0.9902680687415704,0,D0,0.0,1.0,0.0,0.0,0.0,102.0,grass,9301.0,338.0,303.0,0.0,2270.0,123.0,0.0
fire_00846,Rincon Fire,2018-11-03,2018,11,37.0125,-122.046,17.0,2.8903717578961645,C,Small,77.99000000000002,45.28142857142858,1.0642857142857145,4.842857142857143,27.085714285714285,0.5,37.285714285714285,40.85714285714285,16.099999999999998,15.3,90.337036,5.0,-0.7071067811865477,-0.7071067811865475,0,D0,0.0,1.0,0.0,0.0,0.0,162.0,timber_understory,7015.0,170.0,135.0,75.0,2015.0,107.0,1.0
fire_00847,Brushy Fire,2018-11-08,2018,11,39.62194,-123.28774,35.0,3.58351893845611,C,Small,72.92428571428579,42.19571428571438,1.2942857142857145,5.828571428571429,12.014285714285716,0.9,56.57142857142857,57.285714285714285,9.614285714285714,12.306666666666668,859.8986,19.0,-0.4383711467890777,-0.8987940462991668,1,D1,1.0,1.0,1.0,0.0,0.0,102.0,grass,7029.0,132.0,121.0,35.0,2029.0,103.0,1.0
fire_00848,Camp Fire,2018-11-08,2018,11,39.8134,-121.4347,153336.0,11.940393392554734,G,Extreme,73.25857142857144,48.98428571428576,1.542857142857143,4.014285714285714,12.028571428571428,0.0,80.85714285714286,71.85714285714286,6.328571428571428,8.190000000000001,527.16974,8.0,-0.7313537016191705,0.6819983600624985,0,D0,0.0,1.0,0.0,0.0,0.0,102.0,grass,9301.0,358.0,302.0,0.0,2270.0,126.0,0.0
fire_00849,Adams Fire,2018-11-05,2018,11,40.346652,-122.308479,60.0,4.110873864173311,C,Small,78.71000000000008,48.881428571428685,1.577142857142857,4.057142857142858,16.04285714285714,0.0,63.42857142857143,50.142857142857146,9.62857142857143,9.583333333333334,150.80716,1.0,0.992546151641322,-0.1218693434051472,1,D1,1.0,1.0,1.0,0.0,0.0,102.0,grass,7987.0,341.0,303.0,0.0,2967.0,124.0,0.0
fire_00850,Horn Fire,2018-11-08,2018,11,40.83116,-120.19336,88.0,4.48863636973214,C,Small,58.26714285714288,23.34714285714282,0.6628571428571428,3.442857142857143,20.25714285714286,1.7000000000000002,47.0,41.0,14.628571428571428,11.536666666666664,1628.0585,1.0,0.90630778703665,-0.4226182617406992,0,D0,0.0,1.0,0.0,0.0,0.0,122.0,grass_shrub,7080.0,226.0,208.0,0.0,2080.0,112.0,0.0
fire_00851,Nurse Fire,2018-11-08,2018,11,38.21396,-121.9424,1500.0,7.313886831633462,F,Large,80.45857142857145,46.4642857142858,1.634285714285714,2.671428571428572,14.042857142857144,0.0,63.57142857142857,43.85714285714285,8.614285714285714,10.256666666666668,32.769867,4.0,0.8191520442889918,0.573576436351046,0,D0,0.0,1.0,0.0,0.0,0.0,102.0,grass,9301.0,353.0,304.0,0.0,2270.0,125.0,0.0
fire_00852,Hill Fire,2018-11-08,2018,11,34.22685,-118.93444,4381.0,8.385260520155413,F,Large,80.17571428571432,53.71571428571434,1.587142857142857,2.1,19.785714285714285,4.7,56.85714285714285,40.285714285714285,10.085714285714284,13.613333333333337,137.17334,6.0,0.9986295347545738,0.0523359562429438,2,D2,2.0,1.0,1.0,1.0,0.0,102.0,grass,7980.0,110.0,102.0,15.0,2960.0,101.0,1.0
fire_00853,Woolsey Fire,2018-11-08,2018,11,34.235,-118.70128,96949.0,11.481950660670798,G,Extreme,81.0500000000001,61.19857142857146,1.941428571428572,2.5285714285714285,17.17142857142857,8.5,74.28571428571429,54.285714285714285,6.942857142857142,10.056666666666668,566.40424,8.0,0.9781476007338056,-0.2079116908177598,2,D2,2.0,1.0,1.0,1.0,0.0,145.0,shrub,7110.0,236.0,218.0,0.0,2110.0,113.0,0.0
fire_00854,Morgan Fire,2018-11-15,2018,11,37.81111,-121.7944,20.0,3.044522437723423,C,Small,62.22714285714286,48.650000000000105,1.2957142857142856,1.3714285714285717,4.6000000000000005,0.0,81.71428571428571,41.71428571428572,4.571428571428572,8.513333333333334,619.15106,8.0,-0.8571673007021122,0.5150380749100544,0,D0,0.0,1.0,0.0,0.0,0.0,102.0,grass,9301.0,340.0,304.0,0.0,2270.0,124.0,0.0
fire_00855,Green Hill Fire,2018-11-12,2018,11,40.888785,-124.001849,10.0,2.3978952727983707,C,Small,64.43857142857158,37.43857142857138,0.6085714285714285,5.042857142857144,35.49999999999999,12.8,25.285714285714285,30.285714285714285,18.65714285714285,18.133333333333333,27.152735,6.0,-0.3420201433256685,-0.9396926207859084,1,D1,1.0,1.0,1.0,0.0,0.0,91.0,nonburnable_or_other,7299.0,25.0,25.0,0.0,2905.0,25.0,0.0
fire_00856,Sierra Fire,2018-11-13,2018,11,34.18075,-117.43184,147.0,4.997212273764115,D,Medium,72.12714285714296,52.610000000000085,1.5285714285714285,3.671428571428572,11.257142857142856,0.0,76.28571428571429,66.71428571428571,6.485714285714287,10.44,605.6466,4.0,-0.90630778703665,0.4226182617406995,1,D1,1.0,1.0,1.0,0.0,0.0,91.0,nonburnable_or_other,7297.0,23.0,23.0,0.0,2903.0,23.0,0.0
fire_00857,Niles Fire,2018-11-14,2018,11,37.61158,-121.94182,20.0,3.044522437723423,C,Small,66.08428571428576,49.2928571428571,1.4071428571428568,2.8,3.4571428571428577,0.0,75.57142857142857,51.42857142857143,5.128571428571429,10.216666666666669,257.6484,9.0,-0.9961946980917455,-0.0871557427476579,0,D0,0.0,1.0,0.0,0.0,0.0,145.0,shrub,7105.0,241.0,225.0,0.0,2105.0,114.0,0.0
fire_00858,Briggs Fire,2018-11-15,2018,11,34.30166667,-119.09916667,150.0,5.017279836814924,D,Medium,78.53000000000004,45.92428571428578,1.872857142857143,3.257142857142857,3.314285714285714,0.0,64.57142857142857,54.85714285714285,7.814285714285715,12.63,129.4983,11.0,0.9271838545667872,-0.3746065934159123,2,D2,2.0,1.0,1.0,1.0,0.0,91.0,nonburnable_or_other,7297.0,23.0,23.0,0.0,2903.0,23.0,0.0
fire_00859,Peak Fire,2018-11-12,2018,11,34.26734825,-118.64381589,186.0,5.231108616854587,D,Medium,72.0500000000001,54.53857142857148,1.4142857142857144,3.5,16.228571428571428,0.0,75.0,63.71428571428572,7.271428571428571,9.51,474.69693,7.0,-0.3907311284892738,-0.9205048534524404,2,D2,2.0,1.0,1.0,1.0,0.0,145.0,shrub,7110.0,236.0,212.0,0.0,2110.0,113.0,0.0
fire_00860,Bear Fire ,2018-11-16,2018,11,37.12857,-122.12036,10.0,2.3978952727983707,C,Small,70.97000000000006,42.375714285714324,1.3957142857142857,2.5,5.671428571428572,0.4,65.71428571428571,47.0,6.242857142857142,13.113333333333332,169.92137,2.0,0.0174524064372831,-0.9998476951563912,0,D0,0.0,1.0,0.0,0.0,0.0,91.0,nonburnable_or_other,7299.0,25.0,25.0,0.0,2905.0,25.0,0.0
fire_00861,Pilot Fire,2019-01-01,2019,1,40.61805556,-123.67555556,30.0,3.4339872044851463,C,Small,49.47285714285714,31.73000000000004,0.32,5.957142857142857,44.57142857142857,176.9,6.142857142857143,12.714285714285714,20.442857142857143,24.60666666666668,972.3872,21.0,-0.8660254037844386,-0.5000000000000001,1,D1,1.0,1.0,1.0,0.0,0.0,101.0,grass,7137.0,353.0,303.0,0.0,2137.0,125.0,0.0
fire_00862,Scott Fire,2019-06-25,2019,6,39.24678,-121.32399,80.0,4.394449154672439,C,Small,94.37000000000016,61.55857142857144,2.3500000000000005,3.171428571428572,24.37142857142857,6.300000000000001,53.142857142857146,42.57142857142857,9.000000000000002,15.996666666666666,160.39436,1.0,-0.2923717047227366,0.9563047559630355,-1,,0.0,0.0,0.0,0.0,0.0,163.0,timber_understory,9302.0,143.0,125.0,45.0,2271.0,104.0,1.0
fire_00863,York Fire,2019-04-28,2019,4,35.81778,-120.09715,161.0,5.087596335232384,D,Medium,87.17000000000006,54.64142857142856,1.6857142857142855,2.142857142857143,26.3,4.9,39.57142857142857,28.714285714285715,13.214285714285714,16.79333333333333,228.0535,1.0,-0.4383711467890775,0.8987940462991669,-1,,0.0,0.0,0.0,0.0,0.0,122.0,grass_shrub,9337.0,215.0,211.0,0.0,2270.0,111.0,0.0
fire_00864,Cana Fire,2019-04-30,2019,4,39.83958,-121.957,10.0,2.3978952727983707,C,Small,88.2500000000001,56.95571428571426,1.5528571428571427,2.857142857142857,33.98571428571429,42.400000000000006,36.285714285714285,30.714285714285715,12.757142857142856,19.92666666666667,55.85109,0.0,-0.5735764363510464,-0.8191520442889916,-1,,0.0,0.0,0.0,0.0,0.0,122.0,grass_shrub,7662.0,331.0,303.0,0.0,2662.0,123.0,0.0
fire_00865,Woody Fire,2019-04-30,2019,4,35.65189,-118.92545,115.0,4.7535901911063645,D,Medium,89.71571428571434,59.27000000000006,1.8871428571428568,2.985714285714286,26.6,3.9,48.42857142857143,38.57142857142857,10.97142857142857,14.640000000000002,340.5384,3.0,0.4539904997395466,-0.891006524188368,-1,,0.0,0.0,0.0,0.0,0.0,122.0,grass_shrub,9337.0,229.0,214.0,0.0,2270.0,112.0,0.0
fire_00866,Meridian Fire,2019-05-01,2019,5,39.85484,-121.905,50.0,3.9318256327243257,C,Small,84.7785714285715,55.67000000000006,1.3471428571428572,2.257142857142857,36.94285714285714,47.0,35.0,26.714285714285715,12.714285714285714,20.226666666666667,76.50578,1.0,-0.6560590289905073,-0.754709580222772,-1,,0.0,0.0,0.0,0.0,0.0,102.0,grass,9301.0,347.0,304.0,0.0,2270.0,124.0,0.0
fire_00867,Vulcan Fire,2019-05-03,2019,5,35.03855,-119.19454,172.0,5.153291594497779,D,Medium,83.18428571428576,55.5928571428572,1.578571428571428,3.271428571428572,27.27142857142857,3.9,51.142857142857146,31.714285714285715,9.842857142857143,13.123333333333331,237.39458,3.0,0.9986295347545738,0.0523359562429438,-1,,0.0,0.0,0.0,0.0,0.0,102.0,grass,9301.0,343.0,304.0,0.0,2270.0,124.0,0.0
fire_00868,Refuge Fire,2019-05-07,2019,5,35.72057,-119.62762,2500.0,7.824445930877619,F,Large,81.74428571428574,52.892857142857096,1.5157142857142858,2.8285714285714287,25.94285714285714,2.9,49.42857142857143,38.285714285714285,10.485714285714286,15.00333333333333,66.576935,0.0,0.9876883405951378,0.1564344650402308,-1,,0.0,0.0,0.0,0.0,0.0,122.0,grass_shrub,9829.0,333.0,302.0,0.0,2151.0,113.0,0.0
fire_00869,Sugar Fire,2019-05-10,2019,5,39.11536,-120.76088,65.0,4.189654742026425,C,Small,71.17571428571432,49.0357142857143,0.9585714285714284,2.242857142857143,37.48571428571428,14.3,46.0,32.285714285714285,9.94285714285714,18.19333333333333,1216.45,6.0,0.3090169943749472,-0.9510565162951536,-1,,0.0,0.0,0.0,0.0,0.0,165.0,timber_understory,7028.0,146.0,126.0,45.0,2028.0,104.0,1.0
fire_00870,Border Fire,2019-05-13,2019,5,32.557566,-116.8663,22.0,3.1354942159291497,C,Small,64.00142857142865,51.42714285714296,0.3442857142857143,2.757142857142857,63.14285714285715,19.4,23.142857142857142,7.428571428571429,17.814285714285717,15.433333333333334,447.1652,15.0,-0.9986295347545738,-0.0523359562429435,-9,,,,,,,122.0,grass_shrub,7092.0,234.0,218.0,0.0,2092.0,113.0,0.0
fire_00871,Shady Fire,2019-05-18,2019,5,33.650237,-116.172534,130.0,4.875197323201151,D,Medium,92.57000000000006,66.46999999999996,2.301428571428572,4.171428571428572,26.27142857142857,0.6,72.71428571428571,64.14285714285714,8.999999999999998,7.013333333333332,-28.5933,0.0,-0.7986355100472929,0.6018150231520482,-1,,0.0,0.0,0.0,0.0,0.0,91.0,nonburnable_or_other,7296.0,22.0,22.0,0.0,2902.0,22.0,0.0
fire_00872,Paskenta Fire,2019-05-20,2019,5,39.98097,-122.30737,63.0,4.158883083359672,C,Small,66.6500000000001,52.070000000000064,0.6242857142857144,7.528571428571429,54.82857142857143,64.3,30.0,18.0,15.342857142857143,14.87,139.22966,1.0,-0.7986355100472929,0.6018150231520482,-1,,0.0,0.0,0.0,0.0,0.0,122.0,grass_shrub,7662.0,335.0,304.0,0.0,2662.0,123.0,0.0
fire_00873,Foothill Fire,2019-05-20,2019,5,33.81678,-117.18194,26.0,3.295836866004329,C,Small,74.26142857142852,51.607142857142904,0.7885714285714285,3.3857142857142857,41.4,15.6,31.428571428571427,18.0,15.985714285714286,14.053333333333336,489.14468,3.0,-0.0523359562429443,-0.9986295347545738,0,D0,0.0,1.0,0.0,0.0,0.0,122.0,grass_shrub,7092.0,224.0,208.0,0.0,2092.0,112.0,0.0
fire_00874,Belmont Fire,2019-05-29,2019,5,35.30759,-119.96498,835.0,6.728628613084702,E,Medium,67.39571428571428,45.61571428571434,0.5242857142857144,4.242857142857144,48.89999999999999,33.2,25.142857142857142,22.714285714285715,17.085714285714285,17.12,594.5873,0.0,-0.992546151641322,0.1218693434051475,-1,,0.0,0.0,0.0,0.0,0.0,102.0,grass,9301.0,332.0,304.0,0.0,2270.0,123.0,0.0
fire_00875,Hill Fire,2019-05-29,2019,5,36.66909,-119.3046,121.0,4.804021044733257,D,Medium,70.73857142857138,52.58428571428576,0.7899999999999999,2.614285714285714,48.142857142857146,65.39999999999999,33.0,25.714285714285715,15.2,14.636666666666663,146.14919,3.0,-0.3907311284892738,-0.9205048534524404,-1,,0.0,0.0,0.0,0.0,0.0,102.0,grass,7980.0,114.0,104.0,15.0,2960.0,101.0,1.0
fire_00876,Diversion Fire,2019-05-30,2019,5,33.69078,-114.57265,45.0,3.828641396489095,C,Small,86.03857142857137,56.929999999999936,2.021428571428572,3.042857142857143,21.514285714285712,0.0,77.57142857142857,58.85714285714285,7.528571428571429,7.230000000000001,85.37121,0.0,-0.9945218953682732,0.1045284632676537,-1,,0.0,0.0,0.0,0.0,0.0,98.0,nonburnable_or_other,7292.0,11.0,11.0,0.0,11.0,11.0,0.0
fire_00877,Canyon Fire,2019-05-30,2019,5,37.45899,-121.22093,144.0,4.976733742420574,D,Medium,71.97285714285704,52.7642857142857,0.7857142857142857,3.7,45.18571428571428,49.2,27.285714285714285,20.571428571428573,15.3,15.900000000000004,286.05112,11.0,0.5877852522924731,0.8090169943749475,-1,,0.0,0.0,0.0,0.0,0.0,102.0,grass,9301.0,340.0,304.0,0.0,2270.0,124.0,0.0
fire_00878,66 Fire,2019-05-29,2019,5,33.57039,-116.1466,55.0,4.02535169073515,C,Small,86.42428571428579,58.57571428571432,1.7371428571428569,4.514285714285714,28.385714285714283,1.0,62.71428571428572,50.0,10.44285714285714,7.743333333333335,-50.826733,0.0,0.0697564737441252,0.9975640502598242,-1,,0.0,0.0,0.0,0.0,0.0,142.0,shrub,7087.0,219.0,205.0,0.0,2087.0,111.0,0.0
fire_00879,Spruce Fire,2019-06-01,2019,6,36.28001,-119.10974,155.0,5.049856007249537,D,Medium,76.91000000000008,52.610000000000085,1.0242857142857142,2.4857142857142853,43.65714285714286,51.8,31.142857142857142,21.428571428571427,15.257142857142856,14.750000000000002,124.77724,5.0,-0.3583679495453007,-0.9335804264972016,-1,,0.0,0.0,0.0,0.0,0.0,91.0,nonburnable_or_other,7296.0,22.0,22.0,0.0,2902.0,22.0,0.0
fire_00880,Citrus Fire,2019-06-02,2019,6,36.18479,-118.99229,257.0,5.552959584921617,D,Medium,76.6785714285715,55.3357142857144,1.1842857142857142,2.5142857142857147,41.114285714285714,53.0,37.142857142857146,21.285714285714285,12.628571428571428,13.140000000000002,208.33482,4.0,0.9781476007338056,-0.2079116908177598,-1,,0.0,0.0,0.0,0.0,0.0,122.0,grass_shrub,9337.0,244.0,209.0,0.0,2270.0,114.0,0.0
fire_00881,Yokohl Fire,2019-06-03,2019,6,36.23012,-118.85712,33.0,3.5263605246161616,C,Small,74.72428571428568,55.82428571428578,1.2642857142857142,2.3428571428571425,36.08571428571428,92.7,35.857142857142854,16.571428571428573,11.485714285714286,13.130000000000004,799.8582,3.0,-0.8910065241883679,-0.4539904997395466,-1,,0.0,0.0,0.0,0.0,0.0,144.0,shrub,7114.0,132.0,114.0,35.0,2114.0,103.0,1.0
fire_00882,Bear Fire,2019-06-03,2019,6,36.14246,-118.80582,25.0,3.258096538021482,C,Small,78.78714285714304,56.287142857143046,1.3514285714285712,2.385714285714286,35.68571428571429,103.1,37.57142857142857,24.285714285714285,11.714285714285714,13.77,364.73172,12.0,-0.7431448254773941,0.6691306063588583,-1,,0.0,0.0,0.0,0.0,0.0,102.0,grass,7924.0,342.0,303.0,0.0,2911.0,124.0,0.0
fire_00883,Boulder Fire,2019-06-05,2019,6,35.343761,-119.913717,1075.0,6.98100574072173,F,Large,82.95285714285728,59.0642857142857,1.3342857142857143,3.171428571428571,34.857142857142854,46.4,36.71428571428572,26.571428571428573,12.585714285714284,15.076666666666664,687.3548,4.0,-0.7547095802227721,-0.656059028990507,-1,,0.0,0.0,0.0,0.0,0.0,102.0,grass,9301.0,341.0,303.0,0.0,2270.0,124.0,0.0
fire_00884,Willow Fire,2019-06-06,2019,6,38.02503,-121.9763,23.0,3.1780538303479458,C,Small,84.0071428571429,54.92428571428578,1.23,4.214285714285714,38.58571428571429,51.9,35.142857142857146,35.42857142857143,14.328571428571427,16.450000000000003,62.38424,6.0,0.5877852522924731,0.8090169943749475,-1,,0.0,0.0,0.0,0.0,0.0,102.0,grass,9301.0,343.0,304.0,0.0,2270.0,124.0,0.0
fire_00885,Nelson Fire ,2019-06-07,2019,6,38.21416,-122.12214,24.0,3.218875824868201,C,Small,87.94142857142866,55.77285714285714,1.4657142857142855,4.257142857142857,34.58571428571428,76.8,36.71428571428572,36.57142857142857,13.928571428571429,16.403333333333332,13.201391,2.0,-0.6560590289905073,-0.754709580222772,-1,,0.0,0.0,0.0,0.0,0.0,91.0,nonburnable_or_other,7299.0,25.0,25.0,0.0,2905.0,25.0,0.0
fire_00886,Watt Fire,2019-06-07,2019,6,38.75263,-121.39259,27.0,3.332204510175204,C,Small,89.58714285714305,60.11857142857152,1.4728571428571426,2.3714285714285714,36.9,120.6,39.42857142857143,30.571428571428573,13.1,15.843333333333332,30.341982,0.0,0.4067366430757997,-0.9135454576426012,-1,,0.0,0.0,0.0,0.0,0.0,122.0,grass_shrub,7662.0,351.0,304.0,0.0,2662.0,125.0,0.0
fire_00887,Stuhr Fire,2019-06-07,2019,6,37.25988,-121.09375,581.0,6.366470447731438,E,Medium,91.28428571428586,61.610000000000085,1.6728571428571428,3.2285714285714286,33.55714285714286,35.599999999999994,38.142857142857146,34.285714285714285,13.7,15.873333333333331,67.43005,1.0,0.2419218955996676,0.9702957262759964,-1,,0.0,0.0,0.0,0.0,0.0,102.0,grass,9301.0,335.0,304.0,0.0,2270.0,123.0,0.0
fire_00888,Levee Fire,2019-06-08,2019,6,39.15641,-121.56363,70.0,4.262679877041316,C,Small,90.66714285714288,61.1214285714286,1.5085714285714285,2.3714285714285714,37.3,91.9,30.714285714285715,24.142857142857142,14.257142857142856,17.573333333333334,21.359127,0.0,0.0174524064372831,-0.9998476951563912,-1,,0.0,0.0,0.0,0.0,0.0,91.0,nonburnable_or_other,7299.0,25.0,25.0,0.0,2905.0,25.0,0.0
fire_00889,Sand Fire,2019-06-08,2019,6,38.88978,-122.23922,2220.0,7.7057128238944275,F,Large,87.68428571428576,58.935714285714404,1.4471428571428573,2.4,35.50000000000001,67.6,39.42857142857143,29.857142857142858,12.914285714285713,15.54,131.64888,1.0,-0.9271838545667872,0.3746065934159122,-1,,0.0,0.0,0.0,0.0,0.0,102.0,grass,7966.0,338.0,303.0,0.0,2966.0,123.0,0.0
fire_00890,Ink Fire,2019-06-08,2019,6,38.63047,-122.47282,50.0,3.9318256327243257,C,Small,85.65285714285719,54.3071428571429,1.317142857142857,3.042857142857144,35.48571428571428,100.6,32.142857142857146,28.714285714285715,14.3,18.14666666666667,345.82355,15.0,0.7431448254773942,0.6691306063588582,-1,,0.0,0.0,0.0,0.0,0.0,163.0,timber_understory,9302.0,149.0,123.0,45.0,2271.0,104.0,1.0
fire_00891,West Butte Fire,2019-06-08,2019,6,39.28926,-121.85906,1350.0,7.208600337960199,F,Large,90.46142857142863,62.22714285714286,1.481428571428571,2.585714285714286,37.37142857142857,72.7,33.142857142857146,26.857142857142858,14.099999999999998,16.9,19.412476,0.0,0.8746197071393959,-0.4848096202463369,-1,,0.0,0.0,0.0,0.0,0.0,93.0,nonburnable_or_other,7984.0,64.0,64.0,0.0,2964.0,64.0,0.0
fire_00892,McMillan Fire,2019-06-12,2019,6,35.66318,-120.41128,1763.0,7.475339236566737,F,Large,93.80428571428583,52.19857142857146,2.232857142857143,2.628571428571429,18.17142857142857,24.4,45.71428571428572,37.42857142857143,11.5,15.773333333333335,316.97855,4.0,-0.9563047559630354,-0.2923717047227367,-1,,0.0,0.0,0.0,0.0,0.0,102.0,grass,7986.0,328.0,303.0,0.0,2966.0,122.0,0.0
fire_00893,Malech Fire,2019-06-09,2019,6,37.21638,-121.70768,210.0,5.351858133476067,D,Medium,78.4785714285715,52.91857142857142,0.9228571428571428,4.6000000000000005,40.42857142857142,57.6,29.0,33.714285714285715,15.1,18.880000000000003,288.25906,15.0,-0.3583679495453007,-0.9335804264972016,-1,,0.0,0.0,0.0,0.0,0.0,102.0,grass,9301.0,332.0,304.0,0.0,2270.0,123.0,0.0
fire_00894,Calaveras Fire ,2019-06-10,2019,6,37.44422,-121.84082,35.0,3.58351893845611,C,Small,81.71857142857142,56.030000000000044,1.3785714285714286,4.185714285714286,32.24285714285715,49.1,34.57142857142857,35.714285714285715,13.37142857142857,17.990000000000002,232.99878,9.0,0.1564344650402306,-0.9876883405951378,-1,,0.0,0.0,0.0,0.0,0.0,91.0,nonburnable_or_other,7299.0,25.0,25.0,0.0,2905.0,25.0,0.0
fire_00895,Ardo Fire,2019-06-12,2019,6,35.97059,-120.88241,43.0,3.784189633918261,C,Small,95.14142857142856,51.81285714285716,2.32,3.528571428571429,17.657142857142855,16.6,45.71428571428572,42.57142857142857,11.785714285714286,15.506666666666666,134.3082,4.0,0.5591929034707468,0.8290375725550417,-1,,0.0,0.0,0.0,0.0,0.0,93.0,nonburnable_or_other,7984.0,64.0,64.0,0.0,2964.0,64.0,0.0
fire_00896,Springs Fire,2019-06-10,2019,6,35.89593,-118.94106,47.0,3.871201010907891,C,Small,91.64428571428574,60.17000000000006,1.8257142857142856,3.099999999999999,31.371428571428574,60.2,42.57142857142857,34.42857142857143,12.071428571428571,14.863333333333332,227.12346,1.0,-0.2756373558169989,-0.961261695938319,-1,,0.0,0.0,0.0,0.0,0.0,102.0,grass,9301.0,349.0,304.0,0.0,2270.0,124.0,0.0
fire_00897,Bitter Fire ,2019-06-10,2019,6,35.57376,-120.11738,120.0,4.795790545596741,D,Medium,89.17571428571432,63.10142857142864,2.2085714285714286,3.428571428571428,21.78571428571429,37.3,58.71428571428572,48.71428571428572,8.228571428571428,12.156666666666666,533.62006,1.0,-0.7660444431189779,0.6427876096865395,-1,,0.0,0.0,0.0,0.0,0.0,102.0,grass,9301.0,330.0,303.0,0.0,2270.0,123.0,0.0
fire_00898,Pauma Fire,2019-06-10,2019,6,33.30267,-116.97772,15.0,2.772588722239781,C,Small,82.87571428571422,57.93285714285712,1.3285714285714287,2.685714285714286,33.228571428571435,38.6,35.285714285714285,27.857142857142858,13.128571428571428,17.369999999999997,271.03336,8.0,-0.3255681544571566,-0.9455185755993168,0,D0,0.0,1.0,0.0,0.0,0.0,102.0,grass,7934.0,340.0,302.0,0.0,2911.0,124.0,0.0
fire_00899,32 Fire,2019-06-15,2019,6,39.76242,-121.73659,17.0,2.8903717578961645,C,Small,94.52428571428568,66.49571428571429,2.4171428571428573,2.942857142857143,26.88571428571429,94.8,43.85714285714285,34.42857142857143,8.157142857142857,19.08333333333333,299.40213,5.0,-0.9781476007338056,0.2079116908177593,-1,,0.0,0.0,0.0,0.0,0.0,122.0,grass_shrub,9337.0,,222.0,0.0,2270.0,115.0,0.0
fire_00900,Rocky Fire,2019-06-14,2019,6,41.64895,-122.35962,17.0,2.8903717578961645,C,Small,86.4500000000001,48.36714285714288,1.907142857142857,3.628571428571429,21.028571428571432,56.39999999999999,50.57142857142857,42.85714285714285,9.028571428571428,15.256666666666668,856.79376,1.0,0.4539904997395466,-0.891006524188368,-1,,0.0,0.0,0.0,0.0,0.0,102.0,grass,7105.0,232.0,208.0,0.0,2105.0,113.0,0.0
fire_00901,IronGate Fire,2019-06-16,2019,6,41.94622,-122.40157,10.0,2.3978952727983707,C,Small,93.88142857142869,55.31000000000008,2.377142857142857,2.6857142857142864,18.9,27.5,61.0,45.57142857142857,7.371428571428572,13.23333333333333,787.1754,3.0,-0.4067366430758001,-0.913545457642601,-1,,0.0,0.0,0.0,0.0,0.0,123.0,grass_shrub,7080.0,240.0,217.0,0.0,2080.0,114.0,0.0
fire_00902,Weisgarber Fire,2019-06-20,2019,6,33.39684,-117.29665,120.0,4.795790545596741,D,Medium,71.20142857142864,58.190000000000126,0.3228571428571428,2.657142857142857,65.1,8.1,27.428571428571427,23.142857142857142,16.77142857142857,18.336666666666662,183.89503,5.0,-0.9396926207859084,0.3420201433256689,0,D0,0.0,1.0,0.0,0.0,0.0,122.0,grass_shrub,9337.0,250.0,215.0,0.0,2270.0,115.0,0.0
fire_00903,Lumgrey Fire,2019-06-17,2019,6,39.28926,-121.85906,207.0,5.337538079701318,D,Medium,94.13857142857158,62.124285714285676,1.757142857142857,2.1142857142857143,34.528571428571425,46.6,43.0,29.142857142857142,11.22857142857143,16.883333333333336,19.412476,0.0,0.8746197071393959,-0.4848096202463369,-1,,0.0,0.0,0.0,0.0,0.0,93.0,nonburnable_or_other,7984.0,64.0,64.0,0.0,2964.0,64.0,0.0
fire_00904,Jerry Fire,2019-06-21,2019,6,33.919507,-117.103765,500.0,6.2166061010848646,E,Medium,82.13000000000014,57.9071428571429,0.9957142857142858,2.6,40.771428571428565,18.3,38.42857142857143,30.0,14.099999999999998,16.566666666666666,493.12045,5.0,-0.8660254037844386,-0.5000000000000001,0,D0,0.0,1.0,0.0,0.0,0.0,122.0,grass_shrub,7092.0,224.0,219.0,0.0,2092.0,112.0,0.0
fire_00905,Mountain Fire,2019-06-21,2019,6,37.75427,-121.57382,30.0,3.4339872044851463,C,Small,92.26142857142862,58.83285714285712,1.817142857142857,3.3428571428571425,29.8,3.4,48.71428571428572,38.57142857142857,11.928571428571429,14.326666666666666,74.60332,2.0,0.6018150231520484,0.7986355100472928,-1,,0.0,0.0,0.0,0.0,0.0,102.0,grass,9301.0,336.0,304.0,0.0,2270.0,123.0,0.0
fire_00906,Paskenta Fire,2019-06-22,2019,6,39.97083,-122.48277,46.0,3.8501476017100575,C,Small,96.29857142857146,68.86142857142852,2.7871428571428574,5.1,22.785714285714285,9.2,62.285714285714285,59.57142857142857,7.385714285714286,13.703333333333331,235.32059,2.0,-0.6691306063588581,-0.7431448254773944,-1,,0.0,0.0,0.0,0.0,0.0,102.0,grass,9301.0,353.0,304.0,0.0,2270.0,125.0,0.0
fire_00907,Scott Fire,2019-06-24,2019,6,39.24678,-121.32399,80.0,4.394449154672439,C,Small,94.39571428571428,61.610000000000085,2.2728571428571427,3.128571428571429,25.885714285714283,12.0,51.142857142857146,41.142857142857146,9.657142857142858,16.21,160.39436,1.0,-0.2923717047227366,0.9563047559630355,-1,,0.0,0.0,0.0,0.0,0.0,163.0,timber_understory,9302.0,143.0,125.0,45.0,2271.0,104.0,1.0
fire_00908,Rock Fire,2019-06-25,2019,6,37.46577,-121.28312,2420.0,7.791935956938058,F,Large,90.0500000000001,62.35571428571426,2.032857142857143,3.942857142857143,26.0,1.5,50.285714285714285,42.85714285714285,10.714285714285714,14.933333333333332,363.58774,8.0,-0.8910065241883678,0.4539904997395468,-1,,0.0,0.0,0.0,0.0,0.0,102.0,grass,9301.0,332.0,303.0,0.0,2270.0,123.0,0.0
fire_00909,Lonoak Fire,2019-06-25,2019,6,36.28426,-120.94771,2546.0,7.842671474979457,F,Large,92.15857142857143,53.12428571428578,1.997142857142857,3.3857142857142857,22.62857142857143,4.0,50.285714285714285,44.42857142857143,11.742857142857144,14.706666666666669,284.4839,4.0,-0.7986355100472928,-0.6018150231520484,-1,,0.0,0.0,0.0,0.0,0.0,102.0,grass,9301.0,335.0,304.0,0.0,2270.0,123.0,0.0
fire_00910,Trinity Fire,2019-06-26,2019,6,40.41404,-122.66779,90.0,4.51085950651685,C,Small,90.4357142857144,63.12714285714286,2.414285714285714,3.4571428571428564,20.97142857142857,3.5,67.71428571428571,50.71428571428572,6.342857142857143,12.503333333333336,269.83957,2.0,0.4694715627858908,0.8829475928589269,-1,,0.0,0.0,0.0,0.0,0.0,91.0,nonburnable_or_other,7299.0,25.0,25.0,0.0,2905.0,25.0,0.0
fire_00911,Mines Fire,2019-06-26,2019,6,37.494136,-121.534827,17.0,2.8903717578961645,C,Small,86.37285714285714,62.124285714285676,1.95,3.4857142857142853,25.457142857142856,0.8,54.0,41.42857142857143,8.814285714285713,15.310000000000002,760.7902,1.0,0.8660254037844384,-0.5000000000000004,-1,,0.0,0.0,0.0,0.0,0.0,144.0,shrub,7114.0,138.0,124.0,35.0,2114.0,103.0,1.0
fire_00912,Dyer Fire,2019-06-26,2019,6,38.73817,-121.39419,148.0,5.003946305945459,D,Medium,92.85285714285729,60.83857142857158,2.148571428571429,2.928571428571428,25.014285714285712,0.0,51.85714285714285,40.142857142857146,10.257142857142856,14.333333333333336,30.074871,0.0,-0.788010753606722,-0.6156614753256582,-1,,0.0,0.0,0.0,0.0,0.0,102.0,grass,7987.0,336.0,303.0,0.0,2967.0,123.0,0.0
fire_00913,Nuevo Fire,2019-06-27,2019,6,33.80493,-117.15738,20.0,3.044522437723423,C,Small,82.36142857142862,58.1642857142857,1.11,3.142857142857143,39.07142857142857,0.0,39.0,32.714285714285715,14.742857142857142,15.376666666666669,433.74274,1.0,0.6691306063588578,-0.7431448254773946,0,D0,0.0,1.0,0.0,0.0,0.0,121.0,grass_shrub,9301.0,327.0,302.0,0.0,2270.0,122.0,0.0
fire_00914,Long Fire,2019-06-28,2019,6,39.40972222,-121.00055556,2.0,1.0986122886681098,B,Small,81.59000000000002,52.147142857143024,1.5799999999999998,3.9,27.2,18.8,57.71428571428572,49.85714285714285,7.571428571428571,16.28,721.65765,10.0,-0.1391731009600658,-0.9902680687415704,-1,,0.0,0.0,0.0,0.0,0.0,187.0,timber_litter,7030.0,152.0,119.0,55.0,2030.0,105.0,1.0
fire_00915,Otay Fire,2019-06-29,2019,6,32.62305556,-116.91416667,28.0,3.367295829986474,C,Small,74.21000000000008,60.2214285714286,0.5728571428571428,2.685714285714286,57.21428571428572,0.0,31.0,28.285714285714285,16.17142857142857,17.439999999999998,161.76051,2.0,0.8987940462991668,-0.4383711467890778,0,D0,0.0,1.0,0.0,0.0,0.0,122.0,grass_shrub,7092.0,232.0,214.0,0.0,2092.0,113.0,0.0
fire_00916,Wolf Fire ,2019-06-29,2019,6,33.911,-116.980528,214.0,5.3706380281276624,D,Medium,83.90428571428582,52.84142857142856,1.3414285714285714,2.7571428571428567,29.042857142857144,0.0,38.42857142857143,30.714285714285715,14.171428571428567,17.05333333333333,796.4369,2.0,-0.2923717047227371,-0.9563047559630352,0,D0,0.0,1.0,0.0,0.0,0.0,122.0,grass_shrub,7933.0,235.0,216.0,0.0,2912.0,113.0,0.0
fire_00917,Merced Fire ,2019-06-29,2019,6,37.312877,-120.242411,210.0,5.351858133476067,D,Medium,90.3071428571428,59.37285714285714,2.041428571428572,3.414285714285714,24.485714285714288,0.0,54.142857142857146,45.142857142857146,9.628571428571428,14.056666666666668,91.23301,0.0,0.1391731009600654,-0.9902680687415704,-1,,0.0,0.0,0.0,0.0,0.0,122.0,grass_shrub,7662.0,352.0,304.0,0.0,2662.0,125.0,0.0
fire_00918,Mayberry Fire ,2019-06-29,2019,6,39.32889,-121.23431,12.0,2.5649493574615367,C,Small,86.8357142857143,56.39000000000002,1.9057142857142848,3.128571428571429,26.914285714285715,10.1,60.142857142857146,47.142857142857146,7.585714285714286,14.963333333333331,638.81354,8.0,-0.6946583704589974,0.7193398003386511,-1,,0.0,0.0,0.0,0.0,0.0,144.0,shrub,7105.0,234.0,216.0,0.0,2105.0,113.0,0.0
fire_00919,Coyote Fire,2019-07-02,2019,7,37.18904,-121.694968,74.0,4.31748811353631,C,Small,78.32428571428578,52.738571428571376,1.1585714285714286,4.642857142857143,32.27142857142858,0.0,47.0,44.57142857142857,10.7,15.786666666666664,112.772,6.0,-0.4383711467890777,-0.8987940462991668,-1,,0.0,0.0,0.0,0.0,0.0,91.0,nonburnable_or_other,7299.0,25.0,25.0,0.0,2905.0,25.0,0.0
fire_00920,Hollow Fire,2019-07-03,2019,7,37.63206,-121.538382,283.0,5.648974238161206,D,Medium,79.7642857142858,57.804285714285825,1.4785714285714284,3.8857142857142857,29.27142857142857,0.0,59.142857142857146,46.42857142857143,8.12857142857143,13.016666666666667,257.5882,3.0,-0.9986295347545738,-0.0523359562429435,-1,,0.0,0.0,0.0,0.0,0.0,102.0,grass,9301.0,330.0,304.0,0.0,2270.0,123.0,0.0
fire_00921,Bikeway Fire,2019-07-05,2019,7,37.469,-121.3697,25.0,3.258096538021482,C,Small,82.85000000000011,57.95857142857144,1.821428571428572,4.128571428571428,22.31428571428572,0.0,64.14285714285714,49.42857142857143,7.171428571428571,12.346666666666668,743.03955,10.0,-0.9271838545667874,-0.374606593415912,-1,,0.0,0.0,0.0,0.0,0.0,144.0,shrub,7105.0,232.0,218.0,0.0,2105.0,114.0,0.0
fire_00922,Fellow Fire,2019-07-05,2019,7,37.99837,-122.16201,24.0,3.218875824868201,C,Small,83.18428571428586,54.3071428571429,1.3800000000000003,4.542857142857143,32.114285714285714,0.0,50.0,43.71428571428572,11.171428571428573,13.603333333333332,162.10664,4.0,-0.0697564737441253,0.9975640502598242,-1,,0.0,0.0,0.0,0.0,0.0,102.0,grass,9301.0,338.0,304.0,0.0,2270.0,123.0,0.0
fire_00923,Ranch Fire,2019-07-05,2019,7,40.41741,-122.767256,30.0,3.4339872044851463,C,Small,85.91000000000008,57.495714285714385,1.7928571428571427,2.042857142857143,26.81428571428572,0.0,67.28571428571429,39.285714285714285,7.899999999999999,10.529999999999998,438.02188,3.0,-0.8660254037844386,-0.5000000000000001,-1,,0.0,0.0,0.0,0.0,0.0,144.0,shrub,7114.0,138.0,109.0,35.0,2114.0,103.0,1.0
fire_00924,Snowstorm Fire,2019-07-05,2019,7,40.679318,-120.392768,263.0,5.575949103146316,D,Medium,74.72428571428568,42.4785714285715,1.3942857142857144,3.271428571428572,16.37142857142857,1.2,76.0,60.57142857142857,6.6000000000000005,10.01666666666667,1563.4772,2.0,-0.9510565162951536,0.3090169943749475,-1,,0.0,0.0,0.0,0.0,0.0,122.0,grass_shrub,7017.0,120.0,109.0,25.0,2017.0,102.0,1.0
fire_00925,Far Fire,2019-07-06,2019,7,39.06066,-121.35014,38.0,3.6635616461296463,C,Small,89.94714285714302,58.75571428571426,1.784285714285714,1.6999999999999995,28.857142857142858,0.0,53.57142857142857,32.714285714285715,10.414285714285713,13.663333333333332,52.231373,1.0,0.0871557427476578,-0.9961946980917455,-1,,0.0,0.0,0.0,0.0,0.0,102.0,grass,9301.0,343.0,304.0,0.0,2270.0,124.0,0.0
fire_00926,Lake Fire,2019-07-08,2019,7,37.524378,-120.296551,244.0,5.501258210544727,D,Medium,93.83000000000014,65.82714285714286,2.35,4.0285714285714285,24.15714285714285,0.0,68.57142857142857,60.42857142857143,7.942857142857142,10.826666666666666,134.01604,3.0,-0.1736481776669303,-0.984807753012208,-1,,0.0,0.0,0.0,0.0,0.0,144.0,shrub,7114.0,127.0,125.0,25.0,2114.0,102.0,1.0
fire_00927,Gillis Fire,2019-07-08,2019,7,35.6311111,-120.2691666,1010.0,6.918695219020472,F,Large,89.0214285714287,49.730000000000146,1.98,3.0428571428571423,17.499999999999996,0.0,58.85714285714285,47.0,8.928571428571429,13.29,563.68585,5.0,0.7071067811865474,-0.7071067811865477,-1,,0.0,0.0,0.0,0.0,0.0,102.0,grass,9301.0,330.0,304.0,0.0,2270.0,123.0,0.0
fire_00928,Sargent Fire,2019-07-09,2019,7,35.95191,-120.8092,190.0,5.25227342804663,D,Medium,88.14714285714302,50.9642857142857,1.811428571428572,2.8000000000000003,19.77142857142857,0.0,59.142857142857146,47.142857142857146,9.599999999999998,13.083333333333336,259.54642,2.0,0.4226182617406996,-0.9063077870366498,-1,,0.0,0.0,0.0,0.0,0.0,102.0,grass,9301.0,335.0,303.0,0.0,2270.0,123.0,0.0
fire_00929,Gibbel Fire ,2019-07-11,2019,7,33.69055556,-116.953889,20.0,3.044522437723423,C,Small,87.06714285714288,56.28714285714284,1.6985714285714284,2.542857142857143,25.81428571428572,0.0,53.0,39.285714285714285,10.12857142857143,14.16,544.4056,9.0,0.1218693434051476,-0.992546151641322,0,D0,0.0,1.0,0.0,0.0,0.0,121.0,grass_shrub,9301.0,326.0,303.0,0.0,2270.0,122.0,0.0
fire_00930,Border Fire,2019-07-12,2019,7,32.566389,-116.7525,100.0,4.61512051684126,D,Medium,82.7214285714287,57.495714285714385,1.195714285714286,2.6142857142857143,37.31428571428571,0.0,40.42857142857143,32.285714285714285,13.614285714285714,15.839999999999998,209.39569,1.0,0.7986355100472928,-0.6018150231520483,0,D0,0.0,1.0,0.0,0.0,0.0,122.0,grass_shrub,7092.0,234.0,224.0,0.0,2092.0,113.0,0.0
fire_00931,Lincoln Fire,2019-07-12,2019,7,33.56938,-116.07896,80.0,4.394449154672439,C,Small,107.84428571428575,72.71857142857152,4.592857142857143,2.985714285714286,7.685714285714286,0.0,97.42857142857144,74.42857142857143,3.8857142857142857,6.143333333333332,-58.17272,0.0,-0.766044443118978,-0.6427876096865393,-1,,0.0,0.0,0.0,0.0,0.0,122.0,grass_shrub,7087.0,224.0,205.0,0.0,2087.0,112.0,0.0
fire_00932,Mid Fire,2019-07-12,2019,7,37.093243,-121.586846,22.0,3.1354942159291497,C,Small,82.4642857142857,55.15571428571436,1.1657142857142857,3.942857142857143,34.400000000000006,0.0,44.285714285714285,40.42857142857143,13.628571428571428,14.069999999999997,90.38416,1.0,-0.5150380749100544,-0.8571673007021121,-1,,0.0,0.0,0.0,0.0,0.0,91.0,nonburnable_or_other,7299.0,25.0,25.0,0.0,2905.0,25.0,0.0
fire_00933,Horse Fire,2019-07-12,2019,7,40.463936,-122.435492,30.0,3.4339872044851463,C,Small,91.07857142857151,65.4928571428572,2.2,2.5428571428571423,27.528571428571432,0.0,70.0,45.85714285714285,7.385714285714286,9.77,234.12782,1.0,0.1564344650402309,0.9876883405951378,-1,,0.0,0.0,0.0,0.0,0.0,91.0,nonburnable_or_other,7299.0,25.0,25.0,0.0,2905.0,25.0,0.0
fire_00934,Orange fire,2019-07-13,2019,7,33.8128372,-117.1228851,96.0,4.574710978503383,C,Small,90.5642857142857,59.9642857142857,1.8571428571428568,2.542857142857143,27.128571428571423,0.0,48.57142857142857,36.71428571428572,11.814285714285717,14.04,466.50537,3.0,0.882947592858927,-0.4694715627858908,0,D0,0.0,1.0,0.0,0.0,0.0,122.0,grass_shrub,7092.0,218.0,208.0,0.0,2092.0,111.0,0.0
fire_00935,Jasper Fire,2019-07-13,2019,7,39.631945,-119.769881,1165.0,7.061334366910438,F,Large,85.78142857142868,56.21000000000008,2.067142857142857,3.6428571428571423,17.2,0.0,81.71428571428571,67.42857142857143,6.285714285714285,7.986666666666666,1551.6676,7.0,-0.9659258262890682,0.258819045102521,-1,,0.0,0.0,0.0,0.0,0.0,121.0,grass_shrub,7903.0,16.0,16.0,0.0,2917.0,17.0,0.0
fire_00936,Doyle Fire,2019-07-14,2019,7,40.072739,-120.158273,193.0,5.267858159063328,D,Medium,88.55857142857144,50.8357142857144,2.1214285714285714,3.542857142857143,16.2,0.0,78.0,64.71428571428571,6.7,8.993333333333334,1285.3644,2.0,-0.4539904997395467,0.8910065241883679,-1,,0.0,0.0,0.0,0.0,0.0,102.0,grass,9309.0,340.0,302.0,0.0,2274.0,124.0,0.0
fire_00937,South Fire ,2019-07-14,2019,7,34.366111,-118.96,131.0,4.882801922586371,D,Medium,84.75285714285728,55.9785714285715,1.2785714285714285,2.2285714285714286,34.24285714285714,0.0,40.142857142857146,29.714285714285715,14.471428571428572,14.866666666666667,106.9651,1.0,0.882947592858927,-0.4694715627858908,-1,,0.0,0.0,0.0,0.0,0.0,93.0,nonburnable_or_other,7984.0,64.0,64.0,0.0,2964.0,64.0,0.0
fire_00938,Milton Fire ,2019-07-15,2019,7,37.944751,-120.84372,202.0,5.313205979041787,D,Medium,93.70142857142864,61.070000000000064,2.1414285714285715,3.242857142857143,25.0,0.0,54.71428571428572,44.85714285714285,10.857142857142858,12.909999999999998,80.22813,0.0,0.90630778703665,-0.4226182617406992,-1,,0.0,0.0,0.0,0.0,0.0,102.0,grass,9301.0,330.0,304.0,0.0,2270.0,123.0,0.0
fire_00939,Aborn Fire,2019-07-15,2019,7,37.32555556,-121.76444444,47.0,3.871201010907891,C,Small,79.91857142857152,55.41285714285716,1.0071428571428571,4.542857142857143,38.62857142857143,0.0,44.285714285714285,42.57142857142857,13.814285714285717,13.48,164.5352,11.0,-0.156434465040231,-0.9876883405951375,-1,,0.0,0.0,0.0,0.0,0.0,91.0,nonburnable_or_other,7296.0,22.0,22.0,0.0,2902.0,22.0,0.0
fire_00940,Madera Fire ,2019-07-15,2019,7,37.016944,-119.934167,213.0,5.365976015021851,D,Medium,96.24714285714302,62.48428571428576,2.447142857142857,3.8142857142857136,22.81428571428572,0.0,61.71428571428572,54.71428571428572,9.228571428571428,12.026666666666667,109.934944,0.0,-0.8090169943749475,-0.587785252292473,-1,,0.0,0.0,0.0,0.0,0.0,122.0,grass_shrub,7662.0,331.0,303.0,0.0,2662.0,125.0,0.0
fire_00941,Meadow Fire,2019-07-16,2019,7,33.514658,-116.7884,81.0,4.406719247264253,C,Small,93.41857142857152,60.14428571428574,2.448571428571429,2.257142857142857,17.71428571428571,0.0,65.57142857142857,46.285714285714285,7.814285714285714,12.183333333333335,1041.2664,1.0,0.7193398003386509,-0.6946583704589976,0,D0,0.0,1.0,0.0,0.0,0.0,102.0,grass,9301.0,344.0,304.0,0.0,2270.0,124.0,0.0
fire_00942,Whiskey Fire,2019-07-16,2019,7,37.962557,-121.468074,90.0,4.51085950651685,C,Small,92.59571428571428,60.4785714285715,1.9685714285714284,3.657142857142857,27.12857142857143,0.0,50.71428571428572,44.42857142857143,12.042857142857144,13.01333333333333,-0.7545355,0.0,-0.9135454576426008,0.4067366430758004,-1,,0.0,0.0,0.0,0.0,0.0,122.0,grass_shrub,9337.0,244.0,214.0,0.0,2270.0,114.0,0.0
fire_00943,Goose 2 Fire,2019-07-17,2019,7,41.909,-120.306,128.0,4.859812404361672,D,Medium,82.18142857142858,51.32428571428568,1.457142857142857,3.228571428571428,24.971428571428568,0.7,61.285714285714285,49.285714285714285,8.914285714285715,12.073333333333332,1549.0531,14.0,0.1736481776669299,-0.984807753012208,-1,,0.0,0.0,0.0,0.0,0.0,102.0,grass,7967.0,356.0,302.0,0.0,2967.0,125.0,0.0
fire_00944,Vista Fire,2019-07-17,2019,7,32.794768,-116.839743,25.0,3.258096538021482,C,Small,90.20428571428582,60.684285714285764,1.615714285714286,2.3000000000000003,32.4,0.0,42.42857142857143,31.0,13.185714285714289,15.306666666666665,234.45047,5.0,-0.6293203910498378,-0.7771459614569706,0,D0,0.0,1.0,0.0,0.0,0.0,121.0,grass_shrub,7914.0,17.0,17.0,0.0,2917.0,17.0,0.0
fire_00945,Rains Fire,2019-07-18,2019,7,37.420988,-121.371276,35.0,3.58351893845611,C,Small,91.77285714285713,63.38428571428576,2.3314285714285714,4.342857142857143,21.714285714285715,0.0,66.57142857142857,54.71428571428572,7.757142857142858,10.976666666666668,394.0058,6.0,0.838670567945424,0.5446390350150271,-1,,0.0,0.0,0.0,0.0,0.0,142.0,shrub,7097.0,226.0,219.0,0.0,2097.0,114.0,0.0
fire_00946,Whiskey Fire,2019-07-18,2019,7,38.115224,-120.78068,27.0,3.332204510175204,C,Small,93.5214285714285,63.66714285714288,2.1357142857142857,2.085714285714286,26.285714285714285,0.0,56.71428571428572,39.142857142857146,9.714285714285714,12.906666666666666,235.5552,2.0,0.788010753606722,-0.6156614753256582,-1,,0.0,0.0,0.0,0.0,0.0,98.0,nonburnable_or_other,7292.0,11.0,11.0,0.0,11.0,11.0,0.0
fire_00947,Valley Fire,2019-07-21,2019,7,37.241427,-120.027731,149.0,5.010635294096256,D,Medium,97.12142857142871,65.41571428571424,2.5442857142857145,2.642857142857143,23.571428571428573,0.0,68.14285714285714,50.142857142857146,8.314285714285713,10.106666666666666,226.61331,2.0,-0.9781476007338056,0.2079116908177593,-1,,0.0,0.0,0.0,0.0,0.0,102.0,grass,9301.0,347.0,304.0,0.0,2270.0,124.0,0.0
fire_00948,Tejon Fire,2019-07-21,2019,7,34.9008333,-118.9183333,208.0,5.342334251964811,D,Medium,87.0928571428572,60.96714285714298,2.292857142857143,3.0285714285714285,16.585714285714285,0.0,83.57142857142857,63.71428571428572,5.671428571428572,8.160000000000002,872.3007,4.0,0.9335804264972016,0.3583679495453002,-1,,0.0,0.0,0.0,0.0,0.0,103.0,grass,9301.0,328.0,304.0,0.0,2105.0,112.0,0.0
fire_00949,Canyon Fire,2019-07-22,2019,7,38.481258,-122.143942,64.0,4.174387269895637,C,Small,91.18142857142868,57.47000000000016,1.7642857142857145,4.157142857142857,29.571428571428573,0.0,52.285714285714285,45.71428571428572,11.585714285714284,12.096666666666666,302.8928,9.0,0.4694715627858904,-0.8829475928589271,-1,,0.0,0.0,0.0,0.0,0.0,102.0,grass,9301.0,341.0,303.0,0.0,2270.0,126.0,0.0
fire_00950,Milpas Fire,2019-07-22,2019,7,34.42386,-117.10318,81.0,4.406719247264253,C,Small,96.55571428571426,63.512857142857264,3.1757142857142857,3.7571428571428567,10.52857142857143,0.0,90.57142857142856,76.42857142857143,4.728571428571429,7.266666666666667,1064.5088,8.0,0.981627183447664,0.1908089953765448,-1,,0.0,0.0,0.0,0.0,0.0,122.0,grass_shrub,7082.0,223.0,205.0,0.0,2082.0,112.0,0.0
fire_00951,Moms Fire ,2019-07-23,2019,7,39.423833,-121.579738,10.0,2.3978952727983707,C,Small,94.98714285714304,65.64714285714302,1.9828571428571429,2.3,33.57142857142858,0.0,57.57142857142857,38.0,10.342857142857142,10.840000000000002,38.58656,1.0,-0.0697564737441255,-0.9975640502598242,-1,,0.0,0.0,0.0,0.0,0.0,101.0,grass,7913.0,16.0,16.0,0.0,2916.0,16.0,0.0
fire_00952,Marshview Fire,2019-07-24,2019,7,38.158333,-122.118889,183.0,5.214935757608986,D,Medium,87.2214285714287,58.31857142857152,1.5614285714285714,4.771428571428571,32.48571428571429,0.0,50.71428571428572,47.57142857142857,11.571428571428571,12.323333333333334,22.737955,5.0,0.2419218955996676,0.9702957262759964,-1,,0.0,0.0,0.0,0.0,0.0,102.0,grass,9301.0,343.0,304.0,0.0,2270.0,124.0,0.0
fire_00953,Sweigert Fire ,2019-07-24,2019,7,37.433192,-121.807258,80.0,4.394449154672439,C,Small,81.07571428571421,60.40142857142854,1.3357142857142856,3.4142857142857146,35.07142857142857,0.0,54.71428571428572,43.142857142857146,10.428571428571429,12.033333333333331,391.40277,12.0,0.90630778703665,0.4226182617406994,-1,,0.0,0.0,0.0,0.0,0.0,144.0,shrub,7105.0,226.0,212.0,0.0,2105.0,112.0,0.0
fire_00954,Thompson Fire ,2019-07-24,2019,7,35.004722,-120.435278,95.0,4.564348191467836,C,Small,74.90428571428582,54.87285714285734,0.6785714285714286,2.9857142857142853,47.271428571428565,0.0,34.142857142857146,28.714285714285715,15.514285714285714,16.153333333333332,90.472145,3.0,-0.544639035015027,-0.8386705679454242,-1,,0.0,0.0,0.0,0.0,0.0,122.0,grass_shrub,9302.0,128.0,122.0,25.0,2271.0,102.0,1.0
fire_00955,Tree Fire,2019-07-27,2019,7,41.834366,-122.656569,83.0,4.430816798843313,C,Small,91.3357142857144,59.63000000000004,2.21,2.5142857142857147,22.828571428571426,0.0,71.0,46.57142857142857,7.542857142857143,8.763333333333334,651.6145,7.0,-0.6691306063588581,-0.7431448254773944,-1,,0.0,0.0,0.0,0.0,0.0,102.0,grass,7105.0,219.0,204.0,0.0,2105.0,112.0,0.0
fire_00956,Community Fire,2019-07-27,2019,7,41.838,-122.845,35.0,3.58351893845611,C,Small,92.3642857142858,59.27000000000006,2.261428571428571,2.7285714285714286,22.37142857142857,0.0,71.0,46.85714285714285,7.485714285714286,8.770000000000001,599.7646,7.0,-0.981627183447664,0.1908089953765449,-1,,0.0,0.0,0.0,0.0,0.0,103.0,grass,7105.0,228.0,209.0,0.0,2105.0,115.0,0.0
fire_00957,Usal Fire,2019-07-27,2019,7,39.831762,-123.846013,130.0,4.875197323201151,D,Medium,71.58714285714305,51.7357142857143,0.5685714285714286,8.028571428571428,51.04285714285714,0.0,31.285714285714285,46.285714285714285,16.014285714285712,16.91,67.42838,9.0,-0.7431448254773942,-0.6691306063588582,-9,,,,,,,91.0,nonburnable_or_other,7299.0,25.0,25.0,0.0,2905.0,25.0,0.0
fire_00958,Star Fire,2019-07-28,2019,7,33.997528,-117.769766,156.0,5.056245805348308,D,Medium,97.01857142857152,68.91285714285716,2.3042857142857147,2.342857142857143,26.9,0.0,53.57142857142857,38.71428571428572,10.371428571428572,13.236666666666668,330.12943,2.0,-0.0523359562429438,0.9986295347545738,-1,,0.0,0.0,0.0,0.0,0.0,121.0,grass_shrub,7914.0,17.0,17.0,0.0,2917.0,17.0,0.0
fire_00959,Tucker Fire,2019-07-28,2019,7,41.79591,-121.260305,14217.0,9.562264046489428,G,Extreme,87.17000000000016,53.51000000000008,1.8028571428571425,2.657142857142857,21.928571428571427,0.3,62.71428571428572,46.71428571428572,9.0,10.966666666666669,1521.3345,6.0,0.3090169943749472,-0.9510565162951536,-1,,0.0,0.0,0.0,0.0,0.0,122.0,grass_shrub,7126.0,220.0,206.0,0.0,2126.0,113.0,0.0
fire_00960,Dehesa Fire,2019-07-28,2019,7,32.767649,-116.796032,150.0,5.017279836814924,D,Medium,95.4500000000001,65.41571428571434,2.14,2.6,28.057142857142857,0.0,48.285714285714285,36.42857142857143,11.314285714285717,14.343333333333334,503.15668,19.0,0.8910065241883679,0.4539904997395467,0,D0,0.0,1.0,0.0,0.0,0.0,121.0,grass_shrub,7092.0,215.0,220.0,0.0,2092.0,111.0,0.0
fire_00961,Range Fire,2019-07-28,2019,7,34.665699,-119.94974,100.0,4.61512051684126,D,Medium,99.51285714285716,61.45571428571426,2.762857142857143,2.3000000000000003,17.328571428571426,0.0,61.0,43.57142857142857,9.028571428571428,12.22,394.96628,3.0,-0.9659258262890684,-0.2588190451025208,-1,,0.0,0.0,0.0,0.0,0.0,145.0,shrub,7105.0,,230.0,0.0,2105.0,115.0,0.0
fire_00962,Lake Fire,2019-07-29,2019,7,35.908333,-120.984167,306.0,5.726847747587197,E,Medium,102.72714285714287,55.15571428571426,3.292857142857143,3.4285714285714293,10.314285714285717,0.0,66.71428571428571,56.85714285714285,8.657142857142857,10.48,342.44333,7.0,-0.9396926207859084,-0.3420201433256686,-1,,0.0,0.0,0.0,0.0,0.0,144.0,shrub,7105.0,226.0,211.0,0.0,2105.0,112.0,0.0
fire_00963,Mill Fire,2019-07-30,2019,7,36.008889,-121.466944,280.0,5.638354669333745,D,Medium,83.72428571428568,67.9357142857144,2.4185714285714286,2.657142857142857,14.114285714285716,0.0,80.42857142857143,53.71428571428572,5.357142857142857,8.286666666666667,797.4685,22.0,-0.9205048534524404,-0.3907311284892735,-1,,0.0,0.0,0.0,0.0,0.0,102.0,grass,7105.0,242.0,218.0,25.0,2029.0,103.0,1.0
fire_00964,Carson Fire,2019-07-30,2019,7,38.757636,-120.75664,13.0,2.6390573296152584,C,Small,97.6357142857144,68.45,3.12,2.142857142857143,17.37142857142857,0.0,78.42857142857143,53.142857142857146,5.942857142857143,9.23,723.47833,5.0,0.7193398003386509,-0.6946583704589976,-1,,0.0,0.0,0.0,0.0,0.0,165.0,timber_understory,7030.0,149.0,128.0,45.0,2030.0,104.0,1.0
fire_00965,Mesa Fire ,2019-07-31,2019,7,35.60989,-118.41204,448.0,6.107022887742255,E,Medium,92.8785714285714,67.9357142857144,2.8128571428571427,3.7857142857142856,16.257142857142856,0.0,81.14285714285714,69.28571428571429,6.342857142857143,8.006666666666666,962.33405,10.0,0.8191520442889918,0.573576436351046,-1,,0.0,0.0,0.0,0.0,0.0,91.0,nonburnable_or_other,7299.0,25.0,25.0,0.0,2905.0,25.0,0.0
fire_00966,Caliente Fire,2019-08-01,2019,8,32.575556,-117.026667,448.0,6.107022887742255,E,Medium,80.94714285714302,63.66714285714288,0.7728571428571429,2.628571428571429,53.48571428571428,0.0,34.714285714285715,29.285714285714285,15.328571428571433,15.96666666666667,137.08344,4.0,0.3907311284892735,-0.9205048534524404,0,D0,0.0,1.0,0.0,0.0,0.0,91.0,nonburnable_or_other,7299.0,25.0,25.0,0.0,2905.0,25.0,0.0
fire_00967,Browns Fire,2019-08-02,2019,8,38.3525,-121.123611,84.0,4.442651256490317,C,Small,96.04142857142867,61.99571428571428,2.5942857142857143,2.914285714285714,19.6,0.0,66.0,50.85714285714285,7.685714285714285,11.48,53.217594,1.0,0.6946583704589973,-0.7193398003386511,-1,,0.0,0.0,0.0,0.0,0.0,93.0,nonburnable_or_other,7981.0,61.0,61.0,0.0,2961.0,61.0,0.0
fire_00968,Prairie Fire ,2019-08-02,2019,8,38.622058,-121.114095,50.0,3.9318256327243257,C,Small,96.6071428571428,63.46142857142862,2.688571428571429,2.857142857142857,20.02857142857143,0.0,67.14285714285714,51.285714285714285,7.3,11.396666666666668,115.64495,1.0,0.1908089953765451,-0.981627183447664,-1,,0.0,0.0,0.0,0.0,0.0,102.0,grass,7129.0,335.0,304.0,0.0,2129.0,123.0,0.0
fire_00969,Meadow Fire (Not a CAL FIRE incident),2019-08-02,2019,8,41.43783,-120.23976,103.0,4.6443908991413725,D,Medium,79.14714285714302,48.032857142857225,1.6271428571428572,2.7142857142857144,16.27142857142857,0.0,73.42857142857143,54.42857142857143,6.871428571428572,10.099999999999998,2174.789,13.0,0.342020143325669,-0.9396926207859084,-1,,0.0,0.0,0.0,0.0,0.0,165.0,timber_understory,7172.0,142.0,122.0,45.0,2172.0,104.0,1.0
fire_00970,Marsh Complex,2019-08-03,2019,8,37.908362,-121.872941,340.0,5.831882477283517,E,Medium,87.45285714285718,61.40428571428562,2.172857142857143,4.542857142857143,23.34285714285713,0.0,72.42857142857143,60.142857142857146,6.857142857142857,9.076666666666666,295.78363,7.0,-0.9563047559630354,-0.2923717047227367,-1,,0.0,0.0,0.0,0.0,0.0,102.0,grass,9301.0,334.0,304.0,0.0,2270.0,123.0,0.0
fire_00971,Five Fire,2019-08-03,2019,8,34.677864,-118.752395,156.0,5.056245805348308,D,Medium,94.34428571428575,66.54714285714303,3.237142857142857,2.8285714285714287,7.957142857142856,0.0,90.71428571428572,68.57142857142857,4.285714285714286,7.56,947.72675,7.0,-0.9702957262759964,-0.2419218955996675,-1,,0.0,0.0,0.0,0.0,0.0,99.0,nonburnable_or_other,9246.0,100.0,100.0,0.0,2002.0,100.0,0.0
fire_00972,La Barisa Fire,2019-08-03,2019,8,34.202883,-116.4449,26.0,3.295836866004329,C,Small,97.3785714285715,73.15571428571447,3.617142857142858,2.942857142857143,10.328571428571433,3.0,95.71428571428572,72.14285714285714,4.814285714285714,4.813333333333334,1102.3118,3.0,-0.2079116908177593,0.9781476007338056,-1,,0.0,0.0,0.0,0.0,0.0,122.0,grass_shrub,7082.0,222.0,206.0,0.0,2082.0,112.0,0.0
fire_00973,Gilbert Fire,2019-08-04,2019,8,40.55924,-122.25409,30.0,3.4339872044851463,C,Small,98.30428571428583,67.2928571428572,2.8528571428571428,2.557142857142857,22.285714285714285,0.0,74.14285714285714,47.142857142857146,7.042857142857143,8.076666666666664,166.05801,3.0,-0.3420201433256687,0.9396926207859084,-1,,0.0,0.0,0.0,0.0,0.0,91.0,nonburnable_or_other,7299.0,25.0,25.0,0.0,2905.0,25.0,0.0
fire_00974,Caliente Fire,2019-08-05,2019,8,35.287373,-118.623651,29.0,3.4011973816621555,C,Small,96.27285714285713,68.29571428571428,3.231428571428571,2.9714285714285715,11.328571428571427,0.3,87.85714285714286,67.42857142857143,4.842857142857143,7.616666666666668,438.70642,5.0,0.9902680687415704,-0.1391731009600658,-1,,0.0,0.0,0.0,0.0,0.0,121.0,grass_shrub,9301.0,329.0,304.0,0.0,2270.0,122.0,0.0
fire_00975,Toro Fire ,2019-08-05,2019,8,33.740219,-117.333728,94.0,4.553876891600541,C,Small,96.83857142857138,63.79571428571428,2.718571428571429,2.4714285714285715,17.02857142857143,0.0,65.14285714285714,47.57142857142857,8.17142857142857,11.836666666666666,634.0502,3.0,-0.9135454576426008,-0.4067366430758002,0,D0,0.0,1.0,0.0,0.0,0.0,122.0,grass_shrub,7092.0,226.0,214.0,0.0,2092.0,112.0,0.0
fire_00976,Sellers Fire,2019-08-07,2019,8,37.968494,-121.678172,58.0,4.07753744390572,C,Small,93.59857142857146,60.787142857143046,2.1014285714285714,4.042857142857143,25.128571428571423,0.0,58.57142857142857,47.71428571428572,10.22857142857143,11.093333333333332,12.348019,0.0,0.5299192642332049,0.8480480961564261,-1,,0.0,0.0,0.0,0.0,0.0,91.0,nonburnable_or_other,7296.0,22.0,22.0,0.0,2902.0,22.0,0.0
fire_00977,R-1 Fire,2019-08-07,2019,8,40.886677,-120.336977,130.0,4.875197323201151,D,Medium,85.8071428571428,48.0071428571429,1.988571428571428,2.857142857142857,14.157142857142857,3.9,79.14285714285714,60.0,6.614285714285715,8.45,1640.8022,4.0,-0.1045284632676535,0.9945218953682732,-1,,0.0,0.0,0.0,0.0,0.0,121.0,grass_shrub,7123.0,346.0,303.0,0.0,2126.0,112.0,0.0
fire_00978,3-2 Willow (Previously H-1 Fire),2019-08-07,2019,8,40.900458,-121.320838,107.0,4.68213122712422,D,Medium,86.88714285714305,55.7214285714287,1.96,2.4285714285714284,21.01428571428572,0.0,77.14285714285714,54.0,7.1,8.349999999999998,1329.4435,9.0,0.5000000000000001,0.8660254037844386,-1,,0.0,0.0,0.0,0.0,0.0,122.0,grass_shrub,7098.0,234.0,208.0,0.0,2098.0,113.0,0.0
fire_00979,Golf Fire,2019-08-08,2019,8,38.99174,-122.7751,20.0,3.044522437723423,C,Small,90.22999999999993,62.6642857142858,2.1671428571428573,4.342857142857143,23.057142857142857,0.0,71.57142857142857,59.285714285714285,7.5857142857142845,8.793333333333331,1024.5187,18.0,0.9135454576426008,0.4067366430758002,-1,,0.0,0.0,0.0,0.0,0.0,165.0,timber_understory,7043.0,163.0,123.0,65.0,2043.0,106.0,1.0
fire_00980,Preston Fire,2019-08-08,2019,8,37.949747,-120.420058,21.0,3.091042453358316,C,Small,94.49857142857147,62.304285714285825,2.39,3.214285714285714,21.014285714285712,0.0,72.14285714285714,57.142857142857146,7.700000000000001,9.76,447.4844,5.0,0.1564344650402306,-0.9876883405951378,-1,,0.0,0.0,0.0,0.0,0.0,122.0,grass_shrub,7923.0,238.0,216.0,0.0,2912.0,113.0,0.0
fire_00981,W1 McDonald Fire,2019-08-08,2019,8,40.943799,-120.275298,1020.0,6.928537818164665,F,Large,85.70428571428582,49.47285714285714,1.95,3.171428571428572,15.757142857142856,2.5,75.14285714285714,52.285714285714285,6.985714285714285,8.459999999999999,1684.141,3.0,-0.8290375725550416,0.5591929034707469,-1,,0.0,0.0,0.0,0.0,0.0,122.0,grass_shrub,7126.0,226.0,205.0,0.0,2126.0,112.0,0.0
fire_00982,Harte Fire,2019-08-09,2019,8,37.708743,-121.841879,240.0,5.484796933490655,D,Medium,88.27571428571432,58.24142857142856,1.6657142857142857,4.185714285714285,29.0,0.0,50.85714285714285,45.57142857142857,12.242857142857142,12.203333333333328,146.09787,5.0,-0.7313537016191706,-0.6819983600624984,-1,,0.0,0.0,0.0,0.0,0.0,91.0,nonburnable_or_other,7298.0,24.0,24.0,0.0,2904.0,24.0,0.0
fire_00983,Heavy Range Fire,2019-08-10,2019,8,39.171091,-121.423281,33.0,3.5263605246161616,C,Small,92.72428571428578,62.74142857142856,2.125714285714285,2.3857142857142857,26.27142857142857,0.0,62.57142857142857,41.71428571428572,9.542857142857144,10.33,46.998863,1.0,0.5446390350150266,-0.8386705679454243,-1,,0.0,0.0,0.0,0.0,0.0,102.0,grass,9301.0,348.0,304.0,0.0,2270.0,124.0,0.0
fire_00984,Radio Fire,2019-08-12,2019,8,33.909792,-117.004667,20.0,3.044522437723423,C,Small,94.42142857142849,60.19571428571428,2.5485714285714285,2.514285714285714,16.62857142857143,0.0,73.71428571428571,53.142857142857146,7.071428571428571,10.183333333333334,792.77527,5.0,0.1736481776669299,-0.984807753012208,0,D0,0.0,1.0,0.0,0.0,0.0,121.0,grass_shrub,7092.0,229.0,207.0,0.0,2092.0,111.0,0.0
fire_00985,Lower Fire,2019-08-12,2019,8,40.46968,-122.54364,46.0,3.8501476017100575,C,Small,89.74142857142866,62.87000000000006,1.8042857142857145,2.642857142857143,34.57142857142857,19.2,57.57142857142857,31.142857142857142,11.342857142857143,8.223333333333333,308.4857,3.0,-0.2923717047227371,-0.9563047559630352,-1,,0.0,0.0,0.0,0.0,0.0,165.0,timber_understory,7030.0,144.0,112.0,45.0,2030.0,104.0,1.0
fire_00986,Moose Fire,2019-08-12,2019,8,39.005262,-123.195306,225.0,5.420534999272286,D,Medium,87.8642857142858,56.6214285714287,1.7699999999999998,8.171428571428573,26.65714285714285,2.3,54.71428571428572,64.85714285714286,11.114285714285716,10.8,421.4318,17.0,-0.9986295347545738,0.0523359562429438,-1,,0.0,0.0,0.0,0.0,0.0,165.0,timber_understory,7114.0,145.0,122.0,45.0,2114.0,104.0,1.0
fire_00987,West Fire ,2019-08-13,2019,8,34.91,-118.254,1575.0,7.362645270417825,F,Large,96.50428571428583,65.82714285714286,3.3185714285714285,4.471428571428572,9.7,0.0,98.71428571428572,89.71428571428571,4.185714285714286,5.169999999999999,813.809,5.0,-0.766044443118978,-0.6427876096865393,-1,,0.0,0.0,0.0,0.0,0.0,141.0,shrub,7087.0,219.0,204.0,0.0,2087.0,111.0,0.0
fire_00988,Timm Fire ,2019-08-13,2019,8,38.455,-121.969167,81.0,4.406719247264253,C,Small,93.2642857142858,60.01571428571424,2.198571428571429,4.914285714285714,23.528571428571432,0.0,58.85714285714285,53.42857142857143,10.442857142857145,10.606666666666666,50.935,1.0,-0.4694715627858909,0.8829475928589269,-1,,0.0,0.0,0.0,0.0,0.0,102.0,grass,9301.0,358.0,304.0,0.0,2270.0,125.0,0.0
fire_00989,Greenstone Fire ,2019-08-14,2019,8,38.703889,-120.890556,16.0,2.833213344056216,C,Small,87.88999999999992,57.95857142857144,2.0157142857142856,2.5,23.47142857142857,0.0,75.14285714285714,53.0,7.914285714285714,8.206666666666667,419.0541,3.0,0.4539904997395466,-0.891006524188368,-1,,0.0,0.0,0.0,0.0,0.0,163.0,timber_understory,9302.0,136.0,123.0,35.0,2271.0,103.0,1.0
fire_00990,Spring Fire ,2019-08-14,2019,8,39.088333,-122.309167,20.0,3.044522437723423,C,Small,90.95,59.37285714285724,2.0,2.657142857142857,25.885714285714283,0.0,58.57142857142857,40.42857142857143,10.5,10.64,251.35515,12.0,6.123233995736766e-17,1.0,-1,,0.0,0.0,0.0,0.0,0.0,144.0,shrub,7114.0,131.0,119.0,35.0,2114.0,103.0,1.0
fire_00991,Bayliss Fire,2019-08-15,2019,8,37.219717,-121.761974,60.0,4.110873864173311,C,Small,87.53000000000004,59.29571428571428,1.6857142857142855,4.514285714285714,28.34285714285713,0.9,48.57142857142857,46.85714285714285,12.62857142857143,12.733333333333333,85.283966,3.0,0.9902680687415704,-0.1391731009600658,-1,,0.0,0.0,0.0,0.0,0.0,91.0,nonburnable_or_other,7296.0,22.0,22.0,0.0,2902.0,22.0,0.0
fire_00992,Cottage Fire,2019-08-15,2019,8,40.484329,-122.159393,156.0,5.056245805348308,D,Medium,91.13000000000004,62.6642857142857,2.0628571428571427,3.4142857142857137,30.685714285714287,12.0,55.57142857142857,38.71428571428572,11.757142857142858,8.546666666666669,159.3377,2.0,-0.9510565162951536,0.3090169943749475,-1,,0.0,0.0,0.0,0.0,0.0,121.0,grass_shrub,9301.0,326.0,304.0,0.0,2270.0,122.0,0.0
fire_00993,Hunter Fire,2019-08-15,2019,8,37.532028,-120.208019,433.0,6.073044534100405,E,Medium,95.47571428571432,64.64428571428574,2.608571428571428,3.371428571428571,21.014285714285712,0.0,74.57142857142857,60.142857142857146,8.414285714285715,8.003333333333336,333.62567,2.0,-0.1045284632676533,-0.9945218953682734,-1,,0.0,0.0,0.0,0.0,0.0,102.0,grass,9301.0,346.0,303.0,0.0,2270.0,124.0,0.0
fire_00994,Border 9 Fire,2019-08-15,2019,8,32.57394,-116.760465,80.0,4.394449154672439,C,Small,89.09857142857146,58.112857142857266,1.657142857142857,2.2857142857142856,29.55714285714286,0.0,48.85714285714285,35.285714285714285,12.985714285714284,12.88,250.65103,10.0,-0.9993908270190958,-0.0348994967025009,0,D0,0.0,1.0,0.0,0.0,0.0,122.0,grass_shrub,7092.0,222.0,221.0,0.0,2092.0,112.0,0.0
fire_00995,Patterson Fire,2019-08-15,2019,8,38.652475,-120.826165,35.0,3.58351893845611,C,Small,87.94142857142866,58.85857142857144,2.0228571428571427,2.3857142857142857,24.257142857142856,0.0,74.42857142857143,51.85714285714285,8.142857142857144,8.206666666666667,383.5185,6.0,-0.882947592858927,0.4694715627858907,-1,,0.0,0.0,0.0,0.0,0.0,91.0,nonburnable_or_other,7299.0,25.0,25.0,0.0,2905.0,25.0,0.0
fire_00996,Border 8 Fire,2019-08-16,2019,8,32.573437,-116.658735,1507.0,7.318539548567902,F,Large,93.1357142857143,54.15285714285718,2.271428571428572,2.157142857142857,18.942857142857143,0.5,60.42857142857143,43.142857142857146,10.214285714285714,11.726666666666665,567.7036,5.0,-0.981627183447664,0.1908089953765449,0,D0,0.0,1.0,0.0,0.0,0.0,122.0,grass_shrub,7092.0,233.0,220.0,0.0,2092.0,113.0,0.0
fire_00997,Gaines Fire,2019-08-16,2019,8,37.536069,-120.177018,1300.0,7.170888478512505,F,Large,95.01285714285716,60.8642857142858,2.492857142857143,3.128571428571429,20.842857142857145,0.0,68.85714285714286,54.57142857142857,9.328571428571427,9.206666666666669,459.25745,4.0,-0.1908089953765446,-0.981627183447664,-1,,0.0,0.0,0.0,0.0,0.0,101.0,grass,9301.0,341.0,304.0,0.0,2270.0,122.0,0.0
fire_00998,Patterson Fire,2019-08-21,2019,8,37.71734,-121.55867,139.0,4.941642422609304,D,Medium,93.82999999999994,62.09857142857146,2.327142857142857,3.3285714285714287,24.02857142857143,0.0,62.71428571428572,45.85714285714285,9.328571428571427,9.976666666666665,125.375854,1.0,0.1218693434051474,0.992546151641322,-1,,0.0,0.0,0.0,0.0,0.0,102.0,grass,9301.0,338.0,304.0,0.0,2270.0,123.0,0.0
fire_00999,Mountain Fire,2019-08-22,2019,8,40.715556,-122.241944,600.0,6.398594934535208,E,Medium,96.01571428571434,66.31571428571434,2.52,3.4285714285714293,25.88571428571429,16.7,62.285714285714285,48.42857142857143,9.085714285714284,8.949999999999998,298.39914,7.0,-0.8660254037844387,0.4999999999999999,-1,,0.0,0.0,0.0,0.0,0.0,186.0,timber_litter,7264.0,142.0,119.0,45.0,2264.0,104.0,1.0
fire_01000,Yucca Fire,2019-08-22,2019,8,33.4506,-116.857817,34.0,3.555348061489413,C,Small,95.03857142857159,56.46714285714288,2.694285714285715,2.742857142857143,13.37142857142857,1.4,77.42857142857143,58.142857142857146,7.1,8.84,659.1477,5.0,-0.8090169943749475,-0.587785252292473,0,D0,0.0,1.0,0.0,0.0,0.0,101.0,grass,7110.0,215.0,208.0,0.0,2110.0,112.0,0.0
fire_01001,Horse Fire,2019-08-24,2019,8,40.562,-120.544,131.0,4.882801922586371,D,Medium,84.23857142857138,49.83285714285712,1.89,3.5000000000000004,15.599999999999998,3.4,79.85714285714286,65.57142857142857,6.771428571428571,7.503333333333335,1634.7734,14.0,-0.4383711467890777,-0.8987940462991668,-1,,0.0,0.0,0.0,0.0,0.0,142.0,shrub,7017.0,120.0,110.0,25.0,2017.0,102.0,1.0
fire_01002,Long Valley Fire ,2019-08-24,2019,8,39.892222,-120.029722,2438.0,7.79934339821592,F,Large,88.71285714285716,52.995714285714385,2.111428571428572,3.171428571428572,16.82857142857143,2.6,78.42857142857143,61.42857142857143,7.200000000000001,7.723333333333333,1419.2128,4.0,-0.6946583704589974,0.7193398003386511,-1,,0.0,0.0,0.0,0.0,0.0,142.0,shrub,9308.0,341.0,302.0,0.0,2126.0,112.0,0.0
fire_01003,Ivy Fire,2019-08-25,2019,8,33.77777348,-117.487578,80.0,4.394449154672439,C,Small,91.2071428571428,62.81857142857152,1.9985714285714289,3.0285714285714285,26.857142857142858,0.0,63.285714285714285,49.57142857142857,10.428571428571429,9.52,321.04044,2.0,0.7431448254773942,0.6691306063588582,0,D0,0.0,1.0,0.0,0.0,0.0,101.0,grass,7913.0,16.0,16.0,0.0,2916.0,16.0,0.0
fire_01004,Jamieson Fire,2019-08-25,2019,8,37.034183,-121.45597,35.0,3.58351893845611,C,Small,84.21285714285726,56.80142857142854,1.2685714285714285,3.7285714285714286,34.18571428571428,0.0,48.0,41.285714285714285,13.657142857142857,11.763333333333334,314.8975,1.0,0.9335804264972016,0.3583679495453002,-1,,0.0,0.0,0.0,0.0,0.0,102.0,grass,9301.0,339.0,302.0,0.0,2270.0,123.0,0.0
fire_01005,Border 10 Fire,2019-08-25,2019,8,32.557546,-116.873955,25.0,3.258096538021482,C,Small,86.1928571428572,59.55285714285718,1.187142857142857,3.8285714285714287,38.17142857142857,0.0,42.85714285714285,39.0,14.428571428571429,13.243333333333336,341.34656,17.0,-0.6819983600624986,-0.7313537016191705,-9,,,,,,,122.0,grass_shrub,7110.0,222.0,216.0,0.0,2110.0,112.0,0.0
fire_01006,Sage Fire,2019-08-27,2019,8,33.463991,-116.914799,12.0,2.5649493574615367,C,Small,96.71000000000008,62.35571428571426,2.511428571428572,3.242857142857144,21.1,0.0,68.28571428571429,55.285714285714285,9.585714285714284,8.95,525.8256,2.0,0.1736481776669299,-0.984807753012208,0,D0,0.0,1.0,0.0,0.0,0.0,102.0,grass,7129.0,336.0,303.0,0.0,2129.0,123.0,0.0
fire_01007,R-1 Fire,2019-08-28,2019,8,40.593,-120.581,3380.0,8.125926802707886,F,Large,84.88142857142869,52.429999999999936,2.0028571428571427,3.671428571428571,15.471428571428577,2.3,79.42857142857143,67.0,6.885714285714286,7.576666666666666,1584.7545,4.0,-0.9998476951563912,-0.0174524064372836,-1,,0.0,0.0,0.0,0.0,0.0,122.0,grass_shrub,7017.0,117.0,111.0,15.0,2017.0,101.0,1.0
fire_01008,Carroll Fire,2019-08-31,2019,8,37.718636,-121.657011,19.0,2.995732273553991,C,Small,89.76714285714289,61.84142857142856,1.971428571428572,3.5857142857142854,26.22857142857143,0.0,58.285714285714285,43.71428571428572,10.028571428571428,10.44,318.09683,4.0,0.6819983600624985,0.7313537016191705,-1,,0.0,0.0,0.0,0.0,0.0,91.0,nonburnable_or_other,7299.0,25.0,25.0,0.0,2905.0,25.0,0.0
fire_01009,Creek Fire,2019-08-31,2019,8,36.40193,-119.030621,756.0,6.6293632534374485,E,Medium,98.5357142857143,69.45285714285718,2.884285714285714,2.757142857142857,22.27142857142857,0.0,79.71428571428571,58.142857142857146,7.342857142857143,6.6000000000000005,172.64796,5.0,-0.9998476951563912,0.0174524064372834,-1,,0.0,0.0,0.0,0.0,0.0,102.0,grass,9301.0,344.0,304.0,0.0,2270.0,124.0,0.0
fire_01010,Jolon Fire,2019-09-01,2019,9,35.906482,-120.992914,66.0,4.204692619390966,C,Small,98.45857142857145,56.69857142857146,2.62,3.5571428571428574,16.95714285714286,0.0,58.42857142857143,51.42857142857143,11.5,10.05,345.23367,6.0,-0.9563047559630354,-0.2923717047227367,-1,,0.0,0.0,0.0,0.0,0.0,101.0,grass,7913.0,16.0,16.0,0.0,2916.0,16.0,0.0
fire_01011,Snail Fire,2019-09-01,2019,9,34.71011,-119.3547,279.0,5.634789603169249,D,Medium,102.93285714285722,57.47000000000006,3.4371428571428573,2.3285714285714287,11.171428571428573,0.0,87.14285714285714,60.71428571428572,6.742857142857142,5.816666666666666,1125.8582,2.0,0.7313537016191707,-0.6819983600624983,-1,,0.0,0.0,0.0,0.0,0.0,142.0,shrub,7019.0,124.0,112.0,25.0,2019.0,102.0,1.0
fire_01012,Mines Fire,2019-09-02,2019,9,37.545167,-121.596667,11.0,2.4849066497880004,C,Small,87.71000000000008,66.75285714285718,2.36,3.842857142857144,20.442857142857143,0.0,76.42857142857143,55.285714285714285,6.785714285714286,7.216666666666666,936.66345,14.0,-0.9271838545667874,-0.374606593415912,-1,,0.0,0.0,0.0,0.0,0.0,144.0,shrub,7114.0,136.0,131.0,35.0,2114.0,103.0,1.0
fire_01013,Antelope Fire,2019-09-02,2019,9,36.600167,-120.8405,167.0,5.123963979403259,D,Medium,98.58714285714305,64.85,3.052857142857143,3.728571428571428,15.585714285714284,0.0,77.85714285714286,62.0,7.042857142857143,7.280000000000001,384.20288,1.0,0.2588190451025207,0.9659258262890684,-1,,0.0,0.0,0.0,0.0,0.0,102.0,grass,9301.0,331.0,304.0,0.0,2270.0,123.0,0.0
fire_01014,Telephone Fire,2019-09-02,2019,9,34.353667,-117.343833,15.0,2.772588722239781,C,Small,93.28999999999992,66.2642857142857,2.5542857142857147,3.242857142857144,19.4,0.0,84.28571428571429,65.42857142857143,7.042857142857144,5.98,1098.528,3.0,0.8660254037844387,0.4999999999999999,-1,,0.0,0.0,0.0,0.0,0.0,122.0,grass_shrub,7082.0,223.0,205.0,0.0,2082.0,112.0,0.0
fire_01015,Country Fire,2019-09-03,2019,9,38.898915,-120.946657,85.0,4.454347296253507,C,Small,93.70142857142875,63.53857142857138,2.69,2.742857142857143,17.571428571428573,0.0,81.14285714285714,59.85714285714285,6.585714285714286,7.303333333333332,526.89703,2.0,-0.9781476007338056,0.2079116908177593,-1,,0.0,0.0,0.0,0.0,0.0,91.0,nonburnable_or_other,7299.0,25.0,25.0,0.0,2905.0,25.0,0.0
fire_01016,Deer Fire,2019-09-03,2019,9,37.178353,-122.07743,10.0,2.3978952727983707,C,Small,80.89571428571438,61.35285714285718,1.45,4.442857142857143,31.71428571428572,1.1,59.0,51.0,9.55714285714286,10.669999999999996,370.2577,7.0,-0.9945218953682732,-0.1045284632676535,-1,,0.0,0.0,0.0,0.0,0.0,186.0,timber_litter,7113.0,163.0,117.0,65.0,2113.0,106.0,1.0
fire_01017,Walker Fire,2019-09-04,2019,9,40.061389,-120.680556,54612.0,10.90802722863092,G,Extreme,87.50428571428561,49.9357142857143,2.1014285714285714,3.871428571428571,14.471428571428572,0.0,82.28571428571429,70.71428571428571,6.742857142857143,7.0633333333333335,1234.1322,16.0,0.848048096156426,0.5299192642332049,-1,,0.0,0.0,0.0,0.0,0.0,98.0,nonburnable_or_other,7292.0,11.0,11.0,0.0,11.0,11.0,0.0
fire_01018,Tenaja,2019-09-04,2019,9,33.528469,-117.273157,1926.0,7.563719668414366,F,Large,91.67000000000016,69.11857142857153,1.8442857142857143,2.757142857142857,33.114285714285714,0.0,51.285714285714285,39.42857142857143,11.971428571428572,11.563333333333333,553.44196,2.0,0.882947592858927,0.4694715627858908,0,D0,0.0,1.0,0.0,0.0,0.0,122.0,grass_shrub,9272.0,343.0,304.0,0.0,2236.0,124.0,0.0
fire_01019,Glass Fire,2019-09-04,2019,9,38.910498,-122.642572,28.0,3.367295829986474,C,Small,92.4928571428571,58.2928571428572,2.1585714285714284,3.014285714285714,21.8,0.0,63.71428571428572,44.285714285714285,9.457142857142856,9.489999999999998,494.90778,5.0,0.2079116908177594,0.9781476007338056,-1,,0.0,0.0,0.0,0.0,0.0,93.0,nonburnable_or_other,7961.0,61.0,61.0,0.0,2961.0,61.0,0.0
fire_01020,Foster Fire ,2019-09-04,2019,9,36.732866,-121.39478,17.0,2.8903717578961645,C,Small,89.76714285714299,55.25857142857144,1.9085714285714288,3.785714285714286,21.7,0.0,57.71428571428572,47.71428571428572,9.957142857142856,11.456666666666669,359.19,5.0,-0.7071067811865475,0.7071067811865476,-1,,0.0,0.0,0.0,0.0,0.0,144.0,shrub,7114.0,134.0,123.0,35.0,2114.0,103.0,1.0
fire_01021,Red Bank Fire,2019-09-05,2019,9,40.12,-122.64,8836.0,9.086702731518004,G,Extreme,92.64714285714302,64.3357142857144,2.33,1.9285714285714284,23.342857142857145,8.1,64.42857142857143,33.285714285714285,8.285714285714285,9.23,524.58984,3.0,0.0174524064372836,0.9998476951563912,-1,,0.0,0.0,0.0,0.0,0.0,103.0,grass,7105.0,225.0,212.0,0.0,2105.0,113.0,0.0
fire_01022,Flood Fire ,2019-09-05,2019,9,38.017138,-120.945044,44.0,3.80666248977032,C,Small,94.98714285714304,60.761428571428624,2.361428571428572,2.3285714285714287,21.15714285714285,0.0,62.0,44.42857142857143,9.857142857142858,10.35,63.13965,1.0,0.1736481776669299,-0.984807753012208,-1,,0.0,0.0,0.0,0.0,0.0,102.0,grass,9301.0,338.0,304.0,0.0,2270.0,123.0,0.0
fire_01023,Henthorne Fire,2019-09-05,2019,9,40.062304,-123.222196,244.0,5.501258210544727,D,Medium,84.47000000000017,56.98142857142858,1.6414285714285717,2.4285714285714284,25.25714285714286,3.8,69.42857142857143,41.85714285714285,8.171428571428573,8.58,1097.0641,12.0,0.898794046299167,0.4383711467890774,-1,,0.0,0.0,0.0,0.0,0.0,161.0,timber_understory,7098.0,233.0,213.0,0.0,2043.0,106.0,0.0
fire_01024,South Fire,2019-09-05,2019,9,40.109,-122.789,5332.0,8.581669210600602,G,Extreme,83.67285714285714,57.08428571428576,1.7585714285714285,2.0142857142857142,23.32857142857143,3.3,65.14285714285714,34.714285714285715,8.171428571428573,9.296666666666663,886.50085,18.0,-0.5735764363510462,0.8191520442889917,-1,,0.0,0.0,0.0,0.0,0.0,144.0,shrub,7105.0,239.0,215.0,0.0,2105.0,115.0,0.0
fire_01025,Springs Fire,2019-09-06,2019,9,37.826,-118.872,4840.0,8.484876589939695,F,Large,74.05571428571426,50.63000000000004,1.4614285714285715,2.8857142857142857,20.300000000000004,6.6,73.71428571428571,42.285714285714285,6.871428571428572,7.993333333333335,2669.655,5.0,0.9702957262759964,-0.2419218955996678,-1,,0.0,0.0,0.0,0.0,0.0,165.0,timber_understory,7031.0,139.0,112.0,35.0,2031.0,103.0,1.0
fire_01026,Lone Fire,2019-09-06,2019,9,41.748,-121.056,5737.0,8.65486599654131,G,Extreme,86.0642857142857,49.36999999999996,1.611428571428571,2.642857142857143,22.457142857142856,10.4,48.142857142857146,29.142857142857142,12.528571428571428,11.883333333333333,1409.5316,1.0,0.5150380749100542,-0.8571673007021123,-1,,0.0,0.0,0.0,0.0,0.0,141.0,shrub,7123.0,339.0,303.0,0.0,2124.0,111.0,0.0
fire_01027,Cow Fire,2019-09-06,2019,9,36.284,-118.228,1975.0,7.588829878307813,F,Large,71.51000000000008,41.5785714285715,1.3142857142857145,2.1142857142857143,15.900000000000002,1.7,82.42857142857143,46.85714285714285,6.4,6.383333333333332,2926.6172,15.0,0.4539904997395468,0.8910065241883678,-1,,0.0,0.0,0.0,0.0,0.0,165.0,timber_understory,7044.0,137.0,115.0,35.0,2044.0,103.0,1.0
fire_01028,Broder Fire,2019-09-06,2019,9,36.151,-118.185,381.0,5.945420608606575,E,Medium,74.8785714285715,47.030000000000044,1.508571428571429,2.171428571428572,15.6,2.6,84.42857142857143,48.85714285714285,6.128571428571428,5.916666666666666,2480.9102,11.0,0.6691306063588578,-0.7431448254773946,-1,,0.0,0.0,0.0,0.0,0.0,144.0,shrub,7098.0,238.0,213.0,0.0,2098.0,113.0,0.0
fire_01029,Taboose Fire,2019-09-06,2019,9,37.034,-118.345,10296.0,9.239607869656751,G,Extreme,84.05857142857144,56.184285714285764,2.162857142857143,2.771428571428572,15.085714285714287,9.1,86.14285714285714,47.42857142857143,5.742857142857143,5.156666666666667,1869.2888,16.0,-0.1045284632676535,0.9945218953682732,-1,,0.0,0.0,0.0,0.0,0.0,141.0,shrub,7079.0,230.0,206.0,0.0,2079.0,112.0,0.0
fire_01030,Forbestown Fire,2019-09-06,2019,9,39.470333,-121.412333,58.0,4.07753744390572,C,Small,93.03285714285722,65.2357142857143,2.53,2.685714285714286,20.17142857142857,0.0,77.85714285714286,57.0,7.057142857142857,7.893333333333332,599.08514,4.0,-0.2419218955996677,-0.9702957262759964,-1,,0.0,0.0,0.0,0.0,0.0,145.0,shrub,7105.0,232.0,217.0,0.0,2105.0,115.0,0.0
fire_01031,Lime Fire,2019-09-07,2019,9,41.862237,-122.662258,1872.0,7.535296702444088,F,Large,86.42428571428567,58.31857142857152,1.794285714285714,2.3285714285714287,22.728571428571428,29.7,57.57142857142857,29.571428571428573,9.242857142857144,10.52,1018.24023,24.0,0.0348994967025012,-0.9993908270190958,-1,,0.0,0.0,0.0,0.0,0.0,147.0,shrub,7105.0,228.0,206.0,0.0,2105.0,115.0,0.0
fire_01032,Kidder 2 Fire,2019-09-07,2019,9,41.4929742,-123.2129356,227.0,5.429345628954441,D,Medium,85.37000000000006,57.54714285714302,1.7571428571428571,2.185714285714285,24.128571428571423,27.4,62.85714285714285,33.57142857142857,8.457142857142857,9.976666666666668,1350.1013,29.0,0.9945218953682732,0.1045284632676534,-1,,0.0,0.0,0.0,0.0,0.0,142.0,shrub,7137.0,358.0,304.0,35.0,2028.0,107.0,1.0
fire_01033,Rams Horn Fire,2019-09-07,2019,9,41.150392,-122.634108,280.0,5.638354669333745,D,Medium,87.2214285714285,54.02428571428578,1.8228571428571427,2.571428571428572,21.27142857142857,23.5,61.42857142857143,35.714285714285715,8.914285714285715,10.453333333333337,1075.2537,8.0,-0.6819983600624986,-0.7313537016191705,-1,,0.0,0.0,0.0,0.0,0.0,147.0,shrub,7021.0,130.0,110.0,0.0,2105.0,115.0,0.0
fire_01034,Oak Fire,2019-09-07,2019,9,38.955024,-122.833831,53.0,3.9889840465642745,C,Small,92.21000000000008,55.36142857142862,2.01,4.914285714285716,21.2,0.0,59.0,53.285714285714285,11.085714285714284,10.103333333333332,441.57236,3.0,0.7071067811865474,-0.7071067811865477,-1,,0.0,0.0,0.0,0.0,0.0,91.0,nonburnable_or_other,7299.0,25.0,25.0,0.0,2905.0,25.0,0.0
fire_01035,Swedes Fire,2019-09-07,2019,9,39.45296,-121.412619,496.0,6.208590026096629,E,Medium,95.09000000000002,64.85,2.62,2.7,19.31428571428572,0.0,76.0,56.142857142857146,7.342857142857142,8.280000000000001,460.13565,10.0,-0.3090169943749475,-0.9510565162951536,-1,,0.0,0.0,0.0,0.0,0.0,122.0,grass_shrub,7264.0,130.0,109.0,35.0,2264.0,103.0,1.0
fire_01036,Duzel Fire,2019-09-07,2019,9,41.512917,-122.740333,15.0,2.772588722239781,C,Small,83.67285714285714,56.570000000000064,1.7014285714285713,2.257142857142857,22.585714285714285,27.5,63.0,34.714285714285715,8.557142857142859,9.94,1485.1257,13.0,0.2419218955996674,-0.9702957262759966,-1,,0.0,0.0,0.0,0.0,0.0,122.0,grass_shrub,7098.0,244.0,208.0,0.0,2098.0,114.0,0.0
fire_01037,Sycamore Fire,2019-09-07,2019,9,33.9369,-117.3063,250.0,5.525452939131784,D,Medium,97.8928571428572,69.14428571428574,2.47,2.242857142857143,23.728571428571428,0.0,63.142857142857146,44.285714285714285,9.871428571428572,9.609999999999998,468.35104,1.0,-0.9659258262890684,-0.2588190451025208,-1,,0.0,0.0,0.0,0.0,0.0,91.0,nonburnable_or_other,7299.0,25.0,25.0,0.0,2905.0,25.0,0.0
fire_01038,McMurray Fire,2019-09-09,2019,9,34.630919,-120.187368,200.0,5.303304908059076,D,Medium,88.68714285714304,56.69857142857146,1.5928571428571427,5.328571428571428,28.985714285714284,0.0,42.142857142857146,49.0,13.8,15.14,135.1533,2.0,-0.9876883405951375,0.1564344650402309,-1,,0.0,0.0,0.0,0.0,0.0,102.0,grass,9301.0,339.0,304.0,0.0,2270.0,123.0,0.0
fire_01039,Bailey Fire,2019-09-10,2019,9,33.496633,-116.631106,10.0,2.3978952727983707,C,Small,87.53000000000004,57.93285714285712,1.9614285714285715,3.2857142857142856,21.61428571428571,4.9,71.0,51.0,8.614285714285714,7.223333333333333,1178.2407,1.0,0.7071067811865476,0.7071067811865476,0,D0,0.0,1.0,0.0,0.0,0.0,102.0,grass,9301.0,332.0,304.0,0.0,2270.0,123.0,0.0
fire_01040,Stuhr Fire ,2019-09-11,2019,9,37.32585,-121.110146,190.0,5.25227342804663,D,Medium,89.22714285714287,60.19571428571428,1.9514285714285715,3.9142857142857146,26.428571428571427,0.0,65.42857142857143,53.0,9.285714285714286,9.29,54.963703,1.0,-0.2419218955996677,0.9702957262759964,-1,,0.0,0.0,0.0,0.0,0.0,102.0,grass,9301.0,333.0,303.0,0.0,2270.0,123.0,0.0
fire_01041,Redwood Fire,2019-09-12,2019,9,33.854597,-117.270144,34.0,3.555348061489413,C,Small,88.19857142857146,59.88714285714305,1.6314285714285717,2.771428571428572,29.542857142857144,0.0,55.85714285714285,43.42857142857143,12.028571428571428,10.333333333333336,508.7562,3.0,-0.0174524064372834,0.9998476951563912,0,D0,0.0,1.0,0.0,0.0,0.0,121.0,grass_shrub,9301.0,327.0,303.0,0.0,2270.0,122.0,0.0
fire_01042,Bridge Fire,2019-09-13,2019,9,37.492002,-120.401028,11.0,2.4849066497880004,C,Small,86.7071428571429,60.247142857143025,1.7799999999999996,4.071428571428571,28.057142857142857,0.0,68.85714285714286,60.285714285714285,9.414285714285716,8.416666666666666,112.937035,2.0,0.9659258262890684,0.2588190451025207,-1,,0.0,0.0,0.0,0.0,0.0,102.0,grass,9301.0,336.0,304.0,0.0,2270.0,123.0,0.0
fire_01043,Horseshoe Fire ,2019-09-14,2019,9,33.4853,-117.043723,503.0,6.222576268071369,E,Medium,88.45571428571427,60.32428571428578,1.758571428571429,2.7142857142857144,29.157142857142865,1.7000000000000002,55.42857142857143,42.285714285714285,11.657142857142857,10.813333333333336,367.8533,2.0,0.992546151641322,0.1218693434051474,0,D0,0.0,1.0,0.0,0.0,0.0,122.0,grass_shrub,7092.0,244.0,212.0,0.0,2092.0,114.0,0.0
fire_01044,Bar Fire,2019-09-15,2019,9,41.749667,-123.000833,91.0,4.5217885770490405,C,Small,80.48428571428576,49.49857142857146,1.49,2.814285714285714,24.14285714285714,5.5,60.71428571428572,41.71428571428572,10.44285714285714,9.256666666666666,604.0288,6.0,-0.544639035015027,-0.8386705679454242,-1,,0.0,0.0,0.0,0.0,0.0,188.0,timber_litter,7043.0,156.0,133.0,65.0,2043.0,107.0,1.0
fire_01045,Bautista Fire,2019-09-15,2019,9,33.635,-116.801111,167.0,5.123963979403259,D,Medium,86.24428571428574,55.9785714285714,1.9885714285714289,2.3285714285714287,20.085714285714285,5.1,70.71428571428571,49.71428571428572,9.37142857142857,7.356666666666666,948.7737,11.0,0.9271838545667874,0.374606593415912,0,D0,0.0,1.0,0.0,0.0,0.0,142.0,shrub,7110.0,220.0,206.0,0.0,2110.0,113.0,0.0
fire_01046,Baseline Fire ,2019-09-20,2019,9,38.751648,-121.432636,640.0,6.46302945692067,E,Medium,84.18714285714304,56.59571428571438,1.6028571428571428,2.8285714285714283,30.88571428571429,8.8,54.142857142857146,31.571428571428573,11.685714285714283,9.67,21.618954,0.0,0.6427876096865393,-0.7660444431189781,-1,,0.0,0.0,0.0,0.0,0.0,103.0,grass,9829.0,356.0,304.0,0.0,2280.0,125.0,0.0
fire_01047,Reservoir Fire,2019-09-21,2019,9,37.467744,-121.842751,128.0,4.859812404361672,D,Medium,73.69571428571427,58.08714285714304,1.2285714285714284,4.0,35.48571428571429,7.8,57.142857142857146,34.857142857142854,10.057142857142855,8.62,490.18835,13.0,-0.5591929034707467,0.8290375725550417,-1,,0.0,0.0,0.0,0.0,0.0,102.0,grass,9301.0,336.0,304.0,0.0,2270.0,123.0,0.0
fire_01048,Lopez Fire,2019-09-21,2019,9,35.214364,-120.455883,220.0,5.3981627015177525,D,Medium,82.69571428571439,52.04428571428574,1.512857142857143,4.285714285714286,25.028571428571432,0.0,58.0,55.57142857142857,10.342857142857142,12.256666666666662,196.28201,4.0,-0.7880107536067219,0.6156614753256584,-1,,0.0,0.0,0.0,0.0,0.0,145.0,shrub,7105.0,229.0,214.0,0.0,2105.0,115.0,0.0
fire_01049,Kennedy Fire,2019-09-21,2019,9,33.900994,-117.170588,98.0,4.59511985013459,C,Small,87.83857142857138,56.801428571428644,1.855714285714286,2.5714285714285707,22.9,0.0,60.285714285714285,45.142857142857146,10.914285714285716,9.733333333333333,511.92313,7.0,0.7771459614569706,-0.6293203910498378,0,D0,0.0,1.0,0.0,0.0,0.0,91.0,nonburnable_or_other,7297.0,23.0,23.0,0.0,2903.0,23.0,0.0
fire_01050,Lynette Fire,2019-09-22,2019,9,38.20177,-120.827386,67.0,4.219507705176107,C,Small,79.14714285714302,50.63000000000004,1.1042857142857143,3.2142857142857144,36.67142857142857,20.1,42.285714285714285,27.428571428571427,14.714285714285714,11.093333333333334,215.5534,4.0,-0.587785252292473,0.8090169943749475,-1,,0.0,0.0,0.0,0.0,0.0,102.0,grass,9301.0,335.0,304.0,0.0,2270.0,123.0,0.0
fire_01051,Tulloch Fire,2019-09-23,2019,9,37.838333,-120.625556,83.0,4.430816798843313,C,Small,80.12428571428578,55.31000000000008,1.3157142857142858,3.514285714285714,32.771428571428565,12.1,51.57142857142857,39.57142857142857,12.6,9.65,184.86046,5.0,-0.2079116908177598,-0.9781476007338056,-1,,0.0,0.0,0.0,0.0,0.0,102.0,grass,9301.0,343.0,303.0,0.0,2270.0,124.0,0.0
fire_01052,Cow Fire,2019-09-24,2019,9,40.612556,-122.039167,16.0,2.833213344056216,C,Small,80.58714285714274,55.8500000000001,1.2028571428571428,4.7,37.67142857142857,13.8,43.57142857142857,34.857142857142854,14.842857142857143,9.943333333333332,339.27948,2.0,-0.4694715627858907,-0.882947592858927,-1,,0.0,0.0,0.0,0.0,0.0,102.0,grass,9301.0,335.0,303.0,0.0,2270.0,123.0,0.0
fire_01053,Dehesa Fire ,2019-09-24,2019,9,32.787656,-116.806941,200.0,5.303304908059076,D,Medium,85.06142857142862,53.69000000000002,1.2885714285714287,2.5285714285714285,32.57142857142857,3.6,42.42857142857143,32.57142857142857,14.62857142857143,13.286666666666669,459.28445,7.0,-0.6560590289905073,-0.754709580222772,0,D0,0.0,1.0,0.0,0.0,0.0,145.0,shrub,7110.0,246.0,223.0,0.0,2110.0,114.0,0.0
fire_01054,Electra Fire,2019-09-25,2019,9,38.332083,-120.67131,10.0,2.3978952727983707,C,Small,81.71857142857142,54.5642857142858,1.5,3.114285714285714,29.6,24.3,48.285714285714285,35.0,13.314285714285717,9.77,303.9141,12.0,-0.9781476007338056,-0.2079116908177595,-1,,0.0,0.0,0.0,0.0,0.0,186.0,timber_litter,7264.0,130.0,109.0,45.0,2264.0,104.0,1.0
fire_01055,Willow Fire,2019-09-25,2019,9,32.87833333,-116.88,52.0,3.970291913552122,C,Small,85.1642857142858,57.05857142857144,1.2257142857142858,2.3285714285714287,36.15714285714286,2.6,40.57142857142857,30.285714285714285,15.3,13.62,171.32248,10.0,-0.8910065241883678,0.4539904997395468,0,D0,0.0,1.0,0.0,0.0,0.0,122.0,grass_shrub,7092.0,230.0,208.0,0.0,2092.0,113.0,0.0
fire_01056,Mare Fire,2019-09-26,2019,9,38.07944444,-122.25611111,30.0,3.4339872044851463,C,Small,87.63285714285722,56.929999999999936,1.7142857142857142,2.9,26.385714285714283,1.7999999999999998,42.42857142857143,32.714285714285715,13.542857142857144,14.550000000000002,32.400623,1.0,-0.8571673007021122,0.5150380749100544,-1,,0.0,0.0,0.0,0.0,0.0,101.0,grass,7903.0,16.0,16.0,0.0,2916.0,16.0,0.0
fire_01057,Hwy Fire,2019-09-28,2019,9,39.622137,-121.693472,300.0,5.707110264748875,E,Medium,90.66714285714288,60.04142857142856,2.0685714285714285,3.7428571428571433,26.6,7.9,54.71428571428572,49.0,11.099999999999998,10.74,61.101948,1.0,0.3583679495453004,-0.9335804264972016,-1,,0.0,0.0,0.0,0.0,0.0,122.0,grass_shrub,7151.0,117.0,107.0,15.0,2151.0,101.0,1.0
fire_01058,Chaparral Fire,2019-09-29,2019,9,38.538467,-120.965105,22.0,3.1354942159291497,C,Small,85.37000000000006,57.032857142857225,1.6814285714285715,3.3285714285714283,30.02857142857143,22.3,53.142857142857146,39.71428571428572,11.12857142857143,10.086666666666666,196.22731,2.0,-0.8910065241883679,-0.4539904997395466,-1,,0.0,0.0,0.0,0.0,0.0,102.0,grass,9301.0,339.0,304.0,0.0,2270.0,123.0,0.0
fire_01059,Warren Fire,2019-09-30,2019,9,33.703546,-117.033598,19.0,2.995732273553991,C,Small,80.04714285714282,57.495714285714385,1.1700000000000002,3.128571428571429,42.15714285714286,0.9,52.85714285714285,37.42857142857143,12.528571428571428,9.619999999999996,457.16312,3.0,0.90630778703665,-0.4226182617406992,0,D0,0.0,1.0,0.0,0.0,0.0,93.0,nonburnable_or_other,7984.0,64.0,64.0,0.0,2964.0,64.0,0.0
fire_01060,Frame Fire,2019-09-30,2019,9,36.154184,-120.634179,25.0,3.258096538021482,C,Small,82.31000000000009,49.57571428571432,1.5885714285714287,3.557142857142857,24.0,0.0,65.0,52.142857142857146,10.471428571428572,8.413333333333334,631.0977,3.0,-0.1045284632676535,0.9945218953682732,-1,,0.0,0.0,0.0,0.0,0.0,144.0,shrub,7114.0,134.0,122.0,35.0,2114.0,103.0,1.0
fire_01061,Ranch Fire,2019-10-01,2019,10,35.189783,-120.1755,52.0,3.970291913552122,C,Small,80.25285714285728,51.04142857142866,1.422857142857143,3.871428571428571,30.04285714285714,0.0,62.42857142857143,54.142857142857146,11.357142857142858,8.893333333333333,518.6059,3.0,0.559192903470747,-0.8290375725550416,-1,,0.0,0.0,0.0,0.0,0.0,102.0,grass,9301.0,343.0,304.0,0.0,2270.0,124.0,0.0
fire_01062,Del Fire,2019-10-03,2019,10,37.429506,-121.336465,18.0,2.9444389791664403,C,Small,72.4357142857144,49.62714285714286,1.062857142857143,4.728571428571429,30.95714285714286,5.3,62.285714285714285,53.85714285714285,10.5,8.223333333333333,385.75848,7.0,0.7660444431189778,-0.6427876096865396,-1,,0.0,0.0,0.0,0.0,0.0,144.0,shrub,7105.0,236.0,219.0,0.0,2105.0,115.0,0.0
fire_01063,Elk Fire,2019-10-04,2019,10,41.70611111,-123.4375,63.0,4.158883083359672,C,Small,61.32714285714286,35.33000000000004,0.5042857142857143,3.342857142857143,41.38571428571429,78.30000000000001,23.857142857142858,12.285714285714286,17.414285714285715,14.406666666666668,499.40088,17.0,0.2588190451025203,-0.9659258262890684,-1,,0.0,0.0,0.0,0.0,0.0,188.0,timber_litter,7043.0,167.0,132.0,65.0,2043.0,106.0,1.0
fire_01064,Wilson Fire,2019-10-04,2019,10,39.613783,-123.458782,10.0,2.3978952727983707,C,Small,58.935714285714404,41.09000000000002,0.3785714285714285,5.885714285714285,53.89999999999999,27.7,29.428571428571427,29.142857142857142,16.857142857142858,14.146666666666668,535.5757,5.0,0.2249510543438649,-0.9743700647852352,-1,,0.0,0.0,0.0,0.0,0.0,122.0,grass_shrub,7029.0,145.0,115.0,45.0,2029.0,104.0,1.0
fire_01065,Briceburg Fire,2019-10-06,2019,10,37.604638,-119.96606,5563.0,8.624072553043334,G,Extreme,69.76142857142862,43.04428571428584,1.1128571428571428,2.185714285714285,22.6,3.8,62.85714285714285,43.85714285714285,10.657142857142858,8.696666666666665,442.46265,1.0,0.7193398003386512,0.6946583704589973,-1,,0.0,0.0,0.0,0.0,0.0,144.0,shrub,7105.0,230.0,216.0,0.0,2105.0,113.0,0.0
fire_01066,American Fire,2019-10-06,2019,10,38.165873,-122.211671,526.0,6.267200548541362,E,Medium,75.08428571428576,47.54428571428584,1.0614285714285714,2.9714285714285715,27.685714285714283,0.8999999999999999,42.285714285714285,32.857142857142854,14.214285714285714,14.16,131.9411,4.0,-0.4067366430758001,-0.913545457642601,-1,,0.0,0.0,0.0,0.0,0.0,102.0,grass,9301.0,348.0,304.0,0.0,2270.0,124.0,0.0
fire_01067,Point Fire ,2019-10-07,2019,10,37.066483,-121.219163,29.0,3.4011973816621555,C,Small,73.43857142857138,49.06142857142862,1.2985714285714285,3.4428571428571426,20.41428571428571,5.6,54.57142857142857,43.285714285714285,11.157142857142858,10.97,427.30847,3.0,-0.1736481776669303,0.984807753012208,-1,,0.0,0.0,0.0,0.0,0.0,102.0,grass,9301.0,336.0,304.0,0.0,2270.0,123.0,0.0
fire_01068,Dales Fire,2019-10-07,2019,10,40.314187,-122.070055,11.0,2.4849066497880004,C,Small,76.1642857142858,48.23857142857148,1.4257142857142855,4.042857142857143,20.857142857142858,18.7,52.285714285714285,45.57142857142857,11.385714285714284,10.813333333333334,192.9349,2.0,0.8090169943749473,-0.5877852522924734,-1,,0.0,0.0,0.0,0.0,0.0,102.0,grass,9301.0,340.0,303.0,0.0,2270.0,124.0,0.0
fire_01069,Little Fire,2019-10-08,2019,10,37.606,-121.853,12.0,2.5649493574615367,C,Small,78.71000000000008,51.04142857142856,1.532857142857143,2.9428571428571426,17.62857142857143,3.7,51.42857142857143,39.142857142857146,11.585714285714284,12.213333333333336,129.20203,3.0,-0.9702957262759964,-0.2419218955996675,-1,,0.0,0.0,0.0,0.0,0.0,122.0,grass_shrub,7933.0,218.0,210.0,0.0,2912.0,111.0,0.0
fire_01070,Cross Fire,2019-10-09,2019,10,35.79069,-120.73102,289.0,5.66988092298052,D,Medium,85.1642857142858,42.684285714285764,1.985714285714285,2.7857142857142856,6.5,0.0,62.142857142857146,49.57142857142857,9.171428571428573,11.160000000000002,186.8129,1.0,0.3420201433256688,0.9396926207859084,-1,,0.0,0.0,0.0,0.0,0.0,101.0,grass,7913.0,16.0,16.0,0.0,2916.0,16.0,0.0
fire_01071,Corning Fire ,2019-10-09,2019,10,39.847708,-122.1604,68.0,4.23410650459726,C,Small,83.26142857142852,49.98714285714304,1.861428571428571,4.085714285714286,13.257142857142856,23.3,55.42857142857143,45.57142857142857,9.385714285714284,11.926666666666666,67.9076,0.0,-0.1391731009600653,0.9902680687415704,-1,,0.0,0.0,0.0,0.0,0.0,102.0,grass,7980.0,136.0,108.0,35.0,2960.0,103.0,1.0
fire_01072,Inghram Fire,2019-10-09,2019,10,39.847708,-122.160416,10.0,2.3978952727983707,C,Small,83.26142857142852,49.98714285714304,1.861428571428571,4.085714285714286,13.257142857142856,23.3,55.42857142857143,45.57142857142857,9.385714285714284,11.926666666666666,67.9076,0.0,-0.1391731009600653,0.9902680687415704,-1,,0.0,0.0,0.0,0.0,0.0,102.0,grass,7980.0,136.0,108.0,35.0,2960.0,103.0,1.0
fire_01073,Merrill Fire,2019-10-10,2019,10,37.828267,-122.103867,40.0,3.713572066704308,C,Small,75.49571428571439,52.738571428571376,1.42,3.5142857142857147,19.85714285714286,6.8,53.285714285714285,41.57142857142857,9.885714285714286,12.88,256.0686,4.0,0.5150380749100542,-0.8571673007021123,-1,,0.0,0.0,0.0,0.0,0.0,91.0,nonburnable_or_other,7296.0,22.0,22.0,0.0,2902.0,22.0,0.0
fire_01074,Eagle Fire,2019-10-10,2019,10,33.827979,-117.499619,9.0,2.302585092994046,B,Small,84.93285714285712,51.7357142857144,1.8100000000000005,2.2285714285714286,16.642857142857142,0.0,55.71428571428572,39.71428571428572,10.157142857142857,11.903333333333336,278.36493,4.0,-0.2588190451025206,-0.9659258262890684,-1,,0.0,0.0,0.0,0.0,0.0,91.0,nonburnable_or_other,7299.0,25.0,25.0,0.0,2905.0,25.0,0.0
fire_01075,Reche Fire,2019-10-10,2019,10,33.975405,-117.207068,350.0,5.860786223465865,E,Medium,85.2928571428571,54.87285714285734,2.2071428571428573,2.4571428571428577,8.728571428571428,1.9,70.71428571428571,52.142857142857146,7.071428571428571,9.503333333333334,747.82855,1.0,0.9993908270190958,0.0348994967025009,-1,,0.0,0.0,0.0,0.0,0.0,122.0,grass_shrub,7092.0,238.0,210.0,0.0,2092.0,113.0,0.0
fire_01076,Sandalwood Fire,2019-10-10,2019,10,33.9925,-117.059167,1011.0,6.919683849847411,F,Large,84.85571428571426,52.30142857142854,2.2385714285714284,2.4142857142857146,6.185714285714285,3.0,77.14285714285714,56.85714285714285,6.285714285714286,8.46,717.20593,3.0,-0.5000000000000004,-0.8660254037844385,-1,,0.0,0.0,0.0,0.0,0.0,91.0,nonburnable_or_other,7299.0,25.0,25.0,0.0,2905.0,25.0,0.0
fire_01077,Plains Fire,2019-10-10,2019,10,40.4988,-122.19911,42.0,3.7612001156935615,C,Small,80.81857142857142,49.85857142857144,1.752857142857143,3.971428571428571,14.899999999999997,11.6,59.285714285714285,49.85714285714285,9.028571428571428,10.98,156.97571,1.0,-0.3255681544571566,-0.9455185755993168,-1,,0.0,0.0,0.0,0.0,0.0,102.0,grass,9301.0,332.0,304.0,0.0,2270.0,123.0,0.0
fire_01078,Wolf Fire,2019-10-10,2019,10,33.8615,-116.897333,75.0,4.330733340286331,C,Small,82.13000000000004,53.767142857142986,2.1357142857142857,2.242857142857143,6.142857142857143,2.9,78.14285714285714,55.71428571428572,5.914285714285716,8.373333333333333,917.45544,4.0,-0.1908089953765446,-0.981627183447664,-1,,0.0,0.0,0.0,0.0,0.0,122.0,grass_shrub,7092.0,226.0,212.0,0.0,2092.0,111.0,0.0
fire_01079,Wendy Fire,2019-10-10,2019,10,34.156389,-118.950833,91.0,4.5217885770490405,C,Small,84.0071428571428,57.54714285714302,1.9271428571428573,1.5714285714285716,16.485714285714288,0.0,67.28571428571429,42.57142857142857,7.828571428571428,10.273333333333335,237.33128,3.0,0.8746197071393959,-0.4848096202463369,-1,,0.0,0.0,0.0,0.0,0.0,91.0,nonburnable_or_other,7297.0,23.0,23.0,0.0,2903.0,23.0,0.0
fire_01080,Saddle Ridge Fire,2019-10-10,2019,10,34.32988,-118.48161,8799.0,9.0825070004663,G,Extreme,84.18714285714304,56.03000000000014,1.89,2.1,15.65714285714286,0.6,62.285714285714285,43.285714285714285,8.757142857142856,10.73,591.67896,19.0,-0.9781476007338056,-0.2079116908177595,-1,,0.0,0.0,0.0,0.0,0.0,122.0,grass_shrub,7092.0,229.0,212.0,0.0,2092.0,113.0,0.0
fire_01081,Bitter Fire,2019-10-11,2019,10,35.709176,-120.312856,30.0,3.4339872044851463,C,Small,83.7500000000001,43.19857142857146,1.9614285714285715,2.0285714285714285,7.014285714285713,0.0,71.57142857142857,49.57142857142857,7.357142857142858,9.673333333333336,352.13232,2.0,0.8480480961564258,-0.529919264233205,-1,,0.0,0.0,0.0,0.0,0.0,102.0,grass,9301.0,340.0,304.0,0.0,2270.0,124.0,0.0
fire_01082,Caples Fire,2019-10-11,2019,10,38.724,-120.145,3435.0,8.142063283104147,F,Large,60.8642857142857,34.48142857142858,0.8914285714285715,3.3000000000000003,15.114285714285716,37.6,56.142857142857146,46.42857142857143,9.085714285714284,11.366666666666667,2191.95,14.0,-0.8480480961564261,-0.5299192642332048,-1,,0.0,0.0,0.0,0.0,0.0,184.0,timber_litter,7032.0,142.0,117.0,55.0,2032.0,105.0,1.0
fire_01083,Olivas Fire,2019-10-11,2019,10,34.23955,-119.20187,200.0,5.303304908059076,D,Medium,77.27000000000007,52.532857142857225,1.1657142857142857,1.7,26.1,0.4,46.142857142857146,30.714285714285715,11.628571428571428,14.926666666666668,18.716269,1.0,-0.8829475928589269,-0.4694715627858908,-1,,0.0,0.0,0.0,0.0,0.0,91.0,nonburnable_or_other,7299.0,25.0,25.0,0.0,2905.0,25.0,0.0
fire_01084,Horse Fire,2019-10-13,2019,10,40.387772,-120.304341,55.0,4.02535169073515,C,Small,64.74714285714302,28.9785714285714,1.0042857142857142,4.1571428571428575,13.242857142857144,33.0,58.57142857142857,53.85714285714285,9.44285714285714,11.256666666666666,1262.2103,4.0,-0.8910065241883679,-0.4539904997395466,-1,,0.0,0.0,0.0,0.0,0.0,102.0,grass,9336.0,222.0,204.0,0.0,2282.0,112.0,0.0
fire_01085,Johnson Fire ,2019-10-14,2019,10,33.45148,-116.05898,75.0,4.330733340286331,C,Small,94.01000000000008,55.41285714285716,3.0242857142857145,3.142857142857143,5.242857142857143,4.9,90.0,72.14285714285714,5.1571428571428575,6.343333333333333,-62.033497,1.0,0.3255681544571567,0.9455185755993168,-1,,0.0,0.0,0.0,0.0,0.0,121.0,grass_shrub,9310.0,226.0,211.0,0.0,2275.0,112.0,0.0
fire_01086,Nustar Fire,2019-10-15,2019,10,38.045866,-122.245186,15.0,2.772588722239781,C,Small,78.40142857142864,45.8214285714286,1.3714285714285714,2.628571428571429,17.8,1.7000000000000002,50.57142857142857,36.285714285714285,10.757142857142856,13.68,50.27229,4.0,0.5877852522924729,-0.8090169943749476,-1,,0.0,0.0,0.0,0.0,0.0,91.0,nonburnable_or_other,7298.0,24.0,24.0,0.0,2904.0,24.0,0.0
fire_01087,Fairmont Fire,2019-10-15,2019,10,32.762706,-117.097441,10.0,2.3978952727983707,C,Small,77.9642857142857,56.004285714285615,0.992857142857143,2.128571428571429,37.31428571428573,3.1,35.285714285714285,27.428571428571427,15.657142857142858,15.66,101.6962,1.0,1.0,0.0,-1,,0.0,0.0,0.0,0.0,0.0,91.0,nonburnable_or_other,7299.0,25.0,25.0,0.0,2905.0,25.0,0.0
fire_01088,Real Fire,2019-10-17,2019,10,34.484722,-120.190833,420.0,6.042632833682381,E,Medium,74.82714285714286,53.87000000000006,1.2057142857142855,3.157142857142857,27.457142857142856,0.0,50.42857142857143,40.85714285714285,11.128571428571428,13.71,189.66125,16.0,-0.9743700647852352,-0.2249510543438649,-1,,0.0,0.0,0.0,0.0,0.0,145.0,shrub,7110.0,243.0,217.0,0.0,2110.0,114.0,0.0
fire_01089,Grove Fire,2019-10-17,2019,10,38.88913,-122.604425,25.0,3.258096538021482,C,Small,76.78142857142858,36.20428571428572,1.4985714285714289,2.4285714285714284,7.928571428571429,0.8,65.71428571428571,43.285714285714285,7.1000000000000005,11.786666666666669,446.62735,2.0,0.0174524064372836,0.9998476951563912,-1,,0.0,0.0,0.0,0.0,0.0,144.0,shrub,7114.0,139.0,119.0,35.0,2114.0,103.0,1.0
fire_01090,Mud Fire ,2019-10-18,2019,10,36.319291,-120.460189,137.0,4.927253685157205,D,Medium,72.71857142857152,54.435714285714404,1.7985714285714285,2.3285714285714283,6.9,0.0,94.85714285714286,65.42857142857143,3.7285714285714286,6.71,1093.1195,10.0,-0.6819983600624986,-0.7313537016191705,-1,,0.0,0.0,0.0,0.0,0.0,122.0,grass_shrub,9337.0,216.0,211.0,0.0,2270.0,111.0,0.0
fire_01091,Beaumont Fire,2019-10-21,2019,10,34.033117,-117.21545,11.0,2.4849066497880004,C,Small,82.85000000000011,53.45857142857144,1.7971428571428572,2.7571428571428567,16.385714285714283,0.6,72.14285714285714,54.57142857142857,8.128571428571428,9.256666666666668,471.00858,6.0,0.6691306063588582,0.7431448254773942,-1,,0.0,0.0,0.0,0.0,0.0,121.0,grass_shrub,7914.0,17.0,17.0,0.0,2917.0,17.0,0.0
fire_01092,Palisades Fire,2019-10-21,2019,10,34.055768,-118.554091,42.0,3.7612001156935615,C,Small,80.56142857142862,60.2214285714287,1.52,1.9571428571428573,28.65714285714285,0.9,55.142857142857146,37.142857142857146,10.457142857142856,12.080000000000002,123.176216,11.0,-0.9993908270190958,0.0348994967025011,-1,,0.0,0.0,0.0,0.0,0.0,122.0,grass_shrub,7092.0,246.0,226.0,0.0,2092.0,114.0,0.0
fire_01093,Kincade Fire,2019-10-23,2019,10,38.792458,-122.780053,77758.0,11.261369578969324,G,Extreme,68.99000000000002,51.17000000000006,0.8942857142857142,5.057142857142857,36.71428571428572,1.0,55.142857142857146,55.57142857142857,12.700000000000005,10.25,748.1495,15.0,-0.1391731009600658,-0.9902680687415704,-1,,0.0,0.0,0.0,0.0,0.0,161.0,timber_understory,7027.0,150.0,120.0,0.0,2027.0,106.0,0.0
fire_01094,Old Water Fire,2019-10-24,2019,10,34.183624,-117.274276,145.0,4.983606621708336,D,Medium,82.82428571428568,55.00142857142854,2.0185714285714287,3.171428571428572,11.2,2.1,81.85714285714286,65.0,6.571428571428571,8.323333333333332,555.07605,12.0,-0.9455185755993168,-0.3255681544571567,-1,,0.0,0.0,0.0,0.0,0.0,91.0,nonburnable_or_other,7299.0,25.0,25.0,0.0,2905.0,25.0,0.0
fire_01095,Muir Fire,2019-10-24,2019,10,37.896231,-122.636471,67.0,4.219507705176107,C,Small,71.63857142857138,54.8214285714286,0.9842857142857144,4.471428571428571,38.8,0.0,41.0,37.85714285714285,13.928571428571429,14.460000000000004,71.0159,18.0,-0.3420201433256685,-0.9396926207859084,-1,,0.0,0.0,0.0,0.0,0.0,121.0,grass_shrub,7904.0,17.0,17.0,0.0,2917.0,17.0,0.0
fire_01096,Nelson Fire ,2019-10-24,2019,10,39.551423,-121.800538,80.0,4.394449154672439,C,Small,80.07285714285734,48.83000000000004,1.5028571428571431,3.6571428571428575,20.685714285714287,6.7,59.0,45.57142857142857,10.385714285714284,11.506666666666668,33.865795,0.0,-0.6018150231520483,-0.7986355100472928,-1,,0.0,0.0,0.0,0.0,0.0,91.0,nonburnable_or_other,7299.0,25.0,25.0,0.0,2905.0,25.0,0.0
fire_01097,Tick Fire,2019-10-24,2019,10,34.472778,-118.368056,4615.0,8.437283808187935,F,Large,80.81857142857152,55.31000000000008,1.9185714285714288,3.842857142857143,12.45714285714286,0.0,82.85714285714286,71.0,6.471428571428571,7.656666666666667,647.9856,3.0,-0.5735764363510464,-0.8191520442889916,-1,,0.0,0.0,0.0,0.0,0.0,122.0,grass_shrub,7110.0,229.0,217.0,0.0,2110.0,112.0,0.0
fire_01100,Sawday Fire ,2019-10-25,2019,10,33.055124,-116.742508,97.0,4.584967478670572,C,Small,82.02714285714286,52.429999999999936,2.018571428571428,2.8714285714285714,9.642857142857142,9.5,66.0,52.85714285714285,8.314285714285715,11.186666666666666,803.86816,6.0,0.0871557427476578,-0.9961946980917455,-1,,0.0,0.0,0.0,0.0,0.0,102.0,grass,9301.0,342.0,303.0,0.0,2270.0,124.0,0.0
fire_01101,Miller Fire,2019-10-25,2019,10,33.259861,-117.027333,37.0,3.6375861597263857,C,Small,88.81571428571434,56.15857142857144,2.315714285714286,2.7285714285714286,13.04285714285714,4.3,58.85714285714285,46.0,9.514285714285714,12.596666666666666,473.55527,1.0,-0.2249510543438652,-0.9743700647852352,-1,,0.0,0.0,0.0,0.0,0.0,91.0,nonburnable_or_other,7299.0,25.0,25.0,0.0,2905.0,25.0,0.0
fire_01102,Rawson Fire,2019-10-27,2019,10,40.00171,-122.25421,605.0,6.406879986069314,E,Medium,84.11000000000008,52.14714285714282,1.9085714285714288,7.314285714285714,14.871428571428568,4.5,62.142857142857146,66.42857142857143,9.228571428571428,10.93,105.77978,1.0,0.2756373558169991,0.9612616959383188,-1,,0.0,0.0,0.0,0.0,0.0,102.0,grass,7980.0,124.0,107.0,25.0,2960.0,102.0,1.0
fire_01103,Cypress Complex,2019-10-27,2019,10,37.99136,-121.64118,200.0,5.303304908059076,D,Medium,85.52428571428568,52.45571428571426,2.007142857142857,2.6142857142857143,12.8,0.0,68.28571428571429,50.85714285714285,8.914285714285715,10.03,-0.15561947,0.0,0.1736481776669304,0.984807753012208,-1,,0.0,0.0,0.0,0.0,0.0,102.0,grass,7987.0,384.0,304.0,0.0,2967.0,128.0,0.0
fire_01104,Sky Fire ,2019-10-27,2019,10,38.03545,-122.2241,150.0,5.017279836814924,D,Medium,84.3928571428572,54.6928571428572,1.89,2.4428571428571426,14.72857142857143,0.0,54.0,36.57142857142857,10.55714285714286,12.69,145.85574,5.0,0.8571673007021121,-0.5150380749100545,-1,,0.0,0.0,0.0,0.0,0.0,123.0,grass_shrub,7113.0,130.0,129.0,35.0,2113.0,103.0,1.0
fire_01105,Glencove Fire ,2019-10-27,2019,10,38.07205,-122.22463,140.0,4.948759890378168,D,Medium,85.62714285714286,50.99000000000002,1.8628571428571428,2.3428571428571425,14.44285714285714,0.0,48.142857142857146,34.0,12.27142857142857,13.616666666666667,68.3677,2.0,-0.2079116908177598,-0.9781476007338056,-1,,0.0,0.0,0.0,0.0,0.0,91.0,nonburnable_or_other,7298.0,24.0,24.0,0.0,2904.0,24.0,0.0
fire_01106,Burris Fire,2019-10-27,2019,10,39.22431,-123.12887,703.0,6.556778356158042,E,Medium,84.70142857142864,46.02714285714296,1.8857142857142857,5.857142857142857,11.77142857142857,6.2,53.42857142857143,55.71428571428572,11.87142857142857,12.053333333333336,670.03094,11.0,0.898794046299167,0.4383711467890774,-1,,0.0,0.0,0.0,0.0,0.0,165.0,timber_understory,7027.0,149.0,119.0,45.0,2027.0,104.0,1.0
fire_01107,Forest Fire,2019-10-27,2019,10,37.97911,-122.11092,50.0,3.9318256327243257,C,Small,85.47285714285714,51.89000000000002,1.95,2.6142857142857143,13.114285714285716,0.0,56.71428571428572,39.285714285714285,10.6,11.443333333333332,71.52661,3.0,0.9876883405951378,0.1564344650402308,-1,,0.0,0.0,0.0,0.0,0.0,183.0,timber_litter,7912.0,15.0,15.0,45.0,2915.0,15.0,1.0
fire_01108,Getty Fire ,2019-10-28,2019,10,34.098191,-118.478717,745.0,6.61472560020376,E,Medium,92.59571428571428,67.75571428571426,2.898571428571429,3.1142857142857143,15.257142857142858,1.1,67.0,53.85714285714285,6.942857142857142,11.893333333333334,287.62964,5.0,-0.6819983600624984,0.7313537016191706,-1,,0.0,0.0,0.0,0.0,0.0,142.0,shrub,7110.0,235.0,222.0,0.0,2110.0,114.0,0.0
fire_01109,Easy Fire,2019-10-30,2019,10,34.282179,-118.803389,2375.0,7.773173680482536,F,Large,82.31000000000009,56.00428571428582,2.0785714285714287,3.5857142857142854,11.657142857142857,0.0,71.71428571428571,61.71428571428572,6.6428571428571415,11.486666666666665,229.28229,4.0,-0.7071067811865477,-0.7071067811865475,-1,,0.0,0.0,0.0,0.0,0.0,91.0,nonburnable_or_other,7299.0,25.0,25.0,0.0,2905.0,25.0,0.0
fire_01110,Hill Fire ,2019-10-31,2019,10,34.01778,-117.4625,628.0,6.444131256700441,E,Medium,81.25571428571426,53.69000000000002,2.0157142857142856,3.9142857142857146,10.114285714285716,0.0,75.28571428571429,67.57142857142857,6.628571428571428,10.293333333333331,256.08423,4.0,-0.9271838545667874,-0.374606593415912,-1,,0.0,0.0,0.0,0.0,0.0,122.0,grass_shrub,7092.0,225.0,212.0,0.0,2092.0,112.0,0.0
fire_01111,46 Fire,2019-10-31,2019,10,33.985972,-117.414111,328.0,5.796057750765372,E,Medium,80.69000000000003,52.378571428571504,1.9357142857142853,3.8285714285714287,10.842857142857143,0.0,73.57142857142857,65.0,6.757142857142857,10.66,228.25502,1.0,-0.8386705679454239,0.5446390350150273,-1,,0.0,0.0,0.0,0.0,0.0,102.0,grass,7934.0,338.0,304.0,0.0,2911.0,123.0,0.0
fire_01112,Copper Fire,2019-10-31,2019,10,32.564583,-116.834583,50.0,3.9318256327243257,C,Small,77.11571428571423,50.42428571428578,1.6257142857142857,3.071428571428572,16.4,0.0,59.57142857142857,46.142857142857146,8.242857142857144,13.270000000000003,340.98,24.0,-0.9396926207859084,0.3420201433256689,-1,,0.0,0.0,0.0,0.0,0.0,122.0,grass_shrub,7110.0,226.0,211.0,0.0,2110.0,112.0,0.0
fire_01113,Hillside Fire,2019-10-31,2019,10,34.183,-117.285,200.0,5.303304908059076,D,Medium,74.90428571428582,50.8357142857143,1.7714285714285716,4.257142857142858,8.085714285714287,0.0,88.42857142857143,80.85714285714286,5.114285714285714,7.733333333333333,506.4174,14.0,-0.8660254037844386,-0.5000000000000001,-1,,0.0,0.0,0.0,0.0,0.0,122.0,grass_shrub,7110.0,224.0,210.0,0.0,2110.0,112.0,0.0
fire_01114,Maria Fire ,2019-10-31,2019,10,34.302212,-118.997115,9999.0,9.210340371976184,G,Extreme,78.68428571428576,51.375714285714324,1.82,3.7142857142857135,11.785714285714286,0.0,72.0,63.285714285714285,6.885714285714286,11.213333333333331,215.79492,3.0,-0.8746197071393959,-0.4848096202463369,-1,,0.0,0.0,0.0,0.0,0.0,102.0,grass,7980.0,110.0,105.0,15.0,2960.0,101.0,1.0
fire_01115,Sobrante Fire ,2019-11-01,2019,11,33.849906,-117.461363,19.0,2.995732273553991,C,Small,77.39857142857146,48.547142857142816,1.6971428571428573,3.2285714285714286,11.571428571428571,0.0,70.0,57.42857142857143,7.228571428571429,11.323333333333334,438.45367,2.0,-0.6946583704589974,0.7193398003386511,-1,,0.0,0.0,0.0,0.0,0.0,102.0,grass,9301.0,337.0,302.0,0.0,2270.0,123.0,0.0
fire_01116,Ranch Fire,2019-11-03,2019,11,40.036379,-122.637837,2534.0,7.837948916025283,F,Large,67.31857142857152,37.9785714285715,1.3142857142857145,2.742857142857144,5.114285714285714,1.5,79.28571428571429,50.85714285714285,5.357142857142857,8.786666666666665,500.879,8.0,-0.0174524064372834,0.9998476951563912,-1,,0.0,0.0,0.0,0.0,0.0,144.0,shrub,7105.0,228.0,214.0,0.0,2105.0,113.0,0.0
fire_01117,Eagle Fire,2019-11-05,2019,11,39.100408,-122.496548,75.0,4.330733340286331,C,Small,70.99571428571429,47.2357142857143,1.6,2.257142857142857,2.585714285714286,0.8,88.28571428571429,53.142857142857146,3.685714285714286,8.016666666666667,880.6961,19.0,-0.0523359562429443,-0.9986295347545738,-1,,0.0,0.0,0.0,0.0,0.0,145.0,shrub,7105.0,243.0,218.0,0.0,2105.0,114.0,0.0
fire_01118,Foothills Fire,2019-11-25,2019,11,38.838992,-121.325842,308.0,5.733341276897746,E,Medium,67.8071428571429,41.4500000000001,0.8771428571428572,2.742857142857143,27.442857142857147,2.6,49.71428571428572,34.0,12.985714285714284,9.95,37.827976,0.0,0.9876883405951375,-0.1564344650402311,0,D0,0.0,1.0,0.0,0.0,0.0,122.0,grass_shrub,9337.0,218.0,218.0,0.0,2270.0,111.0,0.0
fire_01119,Cave Fire,2019-11-25,2019,11,34.5025,-119.785,3126.0,8.047829357457841,F,Large,66.6500000000001,45.48714285714304,0.8414285714285714,2.414285714285714,37.6,0.6,57.57142857142857,35.714285714285715,12.55714285714286,8.473333333333333,748.72064,19.0,-0.8191520442889918,-0.5735764363510462,0,D0,0.0,1.0,0.0,0.0,0.0,121.0,grass_shrub,9129.0,161.0,123.0,0.0,2152.0,116.0,0.0
fire_01120,Bear Fire ,2020-02-15,2020,2,40.511092,-123.6378411,15.0,2.772588722239781,C,Small,57.67571428571442,30.290000000000123,0.6242857142857142,6.114285714285714,29.72857142857143,141.60000000000002,19.714285714285715,29.142857142857142,14.342857142857143,28.64333333333333,1019.58075,14.0,0.6819983600624985,0.7313537016191705,-1,,0.0,0.0,0.0,0.0,0.0,91.0,nonburnable_or_other,7299.0,25.0,25.0,0.0,2905.0,25.0,0.0
fire_01121,Antelope Fire,2020-02-17,2020,2,39.6923001,-120.3291855,102.0,4.634728988229636,D,Medium,55.10428571428582,20.2357142857143,0.5714285714285714,5.014285714285714,24.485714285714288,7.8,37.42857142857143,39.0,14.099999999999998,17.42666666666667,1491.6421,0.0,1.0,0.0,0,D0,0.0,1.0,0.0,0.0,0.0,102.0,grass,7967.0,353.0,301.0,0.0,2967.0,125.0,0.0
fire_01122,Beegum Fire,2020-02-23,2020,2,40.33583333,-122.84722222,75.0,4.330733340286331,C,Small,62.2785714285715,34.070000000000064,0.7642857142857142,1.842857142857143,27.442857142857147,22.3,45.71428571428572,30.142857142857142,10.9,16.910000000000004,526.24774,7.0,0.8660254037844387,0.4999999999999999,0,D0,0.0,1.0,0.0,0.0,0.0,99.0,nonburnable_or_other,9062.0,100.0,100.0,0.0,2002.0,100.0,0.0
fire_01123,Wood Fire,2020-02-23,2020,2,40.62155,-120.49392,57.0,4.060443010546419,C,Small,49.21571428571434,19.25857142857144,0.4771428571428572,3.842857142857144,25.52857142857143,9.9,41.0,36.71428571428572,12.357142857142858,17.78666666666667,1555.865,4.0,0.8571673007021121,-0.5150380749100545,0,D0,0.0,1.0,0.0,0.0,0.0,91.0,nonburnable_or_other,7299.0,25.0,25.0,0.0,2905.0,25.0,0.0
fire_01124,Baseball Fire,2020-02-25,2020,2,39.75638899,-122.94111111,211.0,5.356586274672012,D,Medium,56.44142857142856,37.798571428571464,0.7485714285714284,2.757142857142857,22.542857142857144,17.9,46.71428571428572,34.42857142857143,8.457142857142857,20.96333333333333,1232.3851,25.0,0.0523359562429439,-0.9986295347545738,0,D0,0.0,1.0,0.0,0.0,0.0,184.0,timber_litter,7105.0,233.0,218.0,45.0,2030.0,104.0,1.0
fire_01125,Grizzly Fire,2020-03-02,2020,3,39.774968,-122.384532,154.0,5.043425116919247,D,Medium,72.3071428571429,42.838571428571484,1.104285714285714,5.314285714285714,24.4,0.0,46.71428571428572,48.57142857142857,11.3,16.523333333333337,166.81055,2.0,-0.4694715627858909,0.8829475928589269,1,D1,1.0,1.0,1.0,0.0,0.0,122.0,grass_shrub,9829.0,342.0,302.0,0.0,2280.0,124.0,0.0
fire_01126,Mann Fire,2020-03-03,2020,3,33.96957,-117.51793,180.0,5.198497031265826,D,Medium,76.70428571428582,48.93285714285712,1.4728571428571429,3.4,20.285714285714285,4.3,52.0,38.85714285714285,10.414285714285716,12.609999999999998,198.04836,1.0,-0.9945218953682732,0.1045284632676537,-1,,0.0,0.0,0.0,0.0,0.0,91.0,nonburnable_or_other,7296.0,22.0,22.0,0.0,2902.0,22.0,0.0
fire_01127,South Main Fire,2020-03-06,2020,3,33.65263,-117.40906,20.0,3.044522437723423,C,Small,69.8642857142858,48.44428571428574,1.182857142857143,2.9142857142857146,26.542857142857144,12.6,54.71428571428572,36.57142857142857,9.3,11.873333333333337,819.27795,5.0,0.6427876096865394,0.766044443118978,-1,,0.0,0.0,0.0,0.0,0.0,121.0,grass_shrub,7110.0,355.0,303.0,0.0,2110.0,114.0,0.0
fire_01128,Carter Fire ,2020-04-04,2020,4,32.93432,-115.5865,275.0,5.62040086571715,D,Medium,81.38428571428587,52.17285714285714,1.687142857142857,2.157142857142857,19.514285714285712,42.2,51.285714285714285,35.857142857142854,9.028571428571428,14.423333333333334,-24.413431,1.0,0.9271838545667872,-0.3746065934159123,-1,,0.0,0.0,0.0,0.0,0.0,142.0,shrub,7087.0,217.0,205.0,0.0,2087.0,111.0,0.0
fire_01129,Red Fire ,2020-04-23,2020,4,40.09554,-122.43905,26.0,3.295836866004329,C,Small,76.57571428571433,48.95857142857144,1.2357142857142858,2.742857142857143,29.62857142857143,29.8,47.71428571428572,33.285714285714285,9.94285714285714,15.453333333333331,167.6304,1.0,0.4848096202463371,0.8746197071393957,2,D2,2.0,1.0,1.0,1.0,0.0,102.0,grass,7980.0,137.0,113.0,35.0,2960.0,103.0,1.0
fire_01130,Bar Fire,2020-04-25,2020,4,40.63442,-122.97693,55.0,4.02535169073515,C,Small,70.40428571428562,40.6785714285714,0.8557142857142859,2.4428571428571426,35.82857142857143,42.5,39.285714285714285,29.0,12.428571428571429,17.19333333333333,561.41736,1.0,-0.9986295347545738,-0.0523359562429435,3,D3,3.0,1.0,1.0,1.0,1.0,122.0,grass_shrub,7029.0,154.0,123.0,55.0,2029.0,105.0,1.0
fire_01131,Byron Fire,2020-04-27,2020,4,37.82066,-121.595225,47.0,3.871201010907891,C,Small,85.2928571428572,57.1357142857143,1.76,3.3428571428571425,26.228571428571428,28.0,52.71428571428572,40.85714285714285,8.985714285714286,14.67,7.0209484,1.0,0.573576436351046,0.8191520442889918,1,D1,1.0,1.0,1.0,0.0,0.0,102.0,grass,9301.0,331.0,304.0,0.0,2270.0,123.0,0.0
fire_01132,Interstate 5 Fire,2020-05-03,2020,5,36.075003,-120.106407,2060.0,7.630946580890459,F,Large,86.7071428571429,59.88714285714305,1.901428571428572,3.085714285714286,23.142857142857142,35.7,50.71428571428572,40.285714285714285,8.8,16.46666666666667,182.16676,4.0,0.6819983600624985,0.7313537016191705,0,D0,0.0,1.0,0.0,0.0,0.0,102.0,grass,7986.0,322.0,302.0,0.0,2966.0,122.0,0.0
fire_01133,Hollister Fire,2020-05-07,2020,5,34.47438,-120.29379,156.0,5.056245805348308,D,Medium,74.44142857142856,52.48142857142868,1.0814285714285714,11.7,32.94285714285714,23.9,40.71428571428572,67.57142857142857,11.428571428571429,18.79666666666667,67.29263,6.0,-0.9335804264972016,-0.3583679495453004,-1,,0.0,0.0,0.0,0.0,0.0,102.0,grass,9301.0,335.0,304.0,0.0,2270.0,123.0,0.0
fire_01134,Candy Fire,2020-05-08,2020,5,39.42208,-121.47273,17.0,2.8903717578961645,C,Small,82.2071428571429,51.83857142857138,1.6685714285714286,2.6428571428571432,25.25714285714286,0.0,53.85714285714285,40.285714285714285,9.0,15.246666666666664,153.02322,1.0,-0.9781476007338056,0.2079116908177593,2,D2,2.0,1.0,1.0,1.0,0.0,102.0,grass,9301.0,343.0,304.0,0.0,2270.0,124.0,0.0
fire_01135,Gilman Fire,2020-05-18,2020,5,33.861054,-117.024114,20.0,3.044522437723423,C,Small,79.5071428571429,52.25,1.2071428571428573,3.171428571428571,29.9,0.5,52.42857142857143,42.285714285714285,10.542857142857144,15.626666666666663,496.33188,6.0,-0.6946583704589973,-0.7193398003386512,-1,,0.0,0.0,0.0,0.0,0.0,121.0,grass_shrub,7092.0,232.0,214.0,0.0,2092.0,113.0,0.0
fire_01136,Acres Fire,2020-05-21,2020,5,37.11715,-119.982359,152.0,5.030437921392435,D,Medium,79.7642857142858,53.0214285714287,1.3685714285714283,3.4428571428571426,29.485714285714288,17.5,50.71428571428572,34.285714285714285,11.085714285714284,12.686666666666667,124.212494,1.0,-0.6819983600624986,-0.7313537016191705,1,D1,1.0,1.0,1.0,0.0,0.0,102.0,grass,9301.0,343.0,304.0,0.0,2270.0,124.0,0.0
fire_01137,Spanish Fire ,2020-05-22,2020,5,38.697834,-122.403634,20.0,3.044522437723423,C,Small,74.03000000000004,48.57285714285714,0.96,3.4285714285714284,38.85714285714285,30.5,33.857142857142854,17.285714285714285,14.8,14.046666666666663,227.65074,8.0,0.9612616959383188,0.2756373558169991,2,D2,2.0,1.0,1.0,1.0,0.0,91.0,nonburnable_or_other,7299.0,25.0,25.0,0.0,2905.0,25.0,0.0
fire_01138,Range Fire,2020-05-27,2020,5,35.34237,-120.70524,5000.0,8.517393171418904,G,Extreme,76.8071428571429,50.47571428571432,1.1071428571428572,3.357142857142857,32.84285714285714,14.0,38.42857142857143,36.285714285714285,14.685714285714283,15.333333333333332,178.44691,8.0,-0.7547095802227721,-0.656059028990507,-1,,0.0,0.0,0.0,0.0,0.0,102.0,grass,9301.0,341.0,303.0,0.0,2184.0,125.0,0.0
fire_01139,Harley Fire,2020-05-28,2020,5,33.83167,-117.34934,60.0,4.110873864173311,C,Small,89.38142857142859,53.43285714285722,2.005714285714286,2.571428571428572,17.742857142857144,0.0,54.285714285714285,40.85714285714285,10.742857142857144,13.38,471.86743,1.0,0.6018150231520479,-0.798635510047293,-1,,0.0,0.0,0.0,0.0,0.0,122.0,grass_shrub,7933.0,224.0,208.0,0.0,2912.0,112.0,0.0
fire_01140,Scorpion Fire,2020-05-31,2020,5,34.01389,-119.74577,1395.0,7.241366283322318,F,Large,72.12714285714276,51.63285714285722,0.8099999999999998,1.8000000000000005,43.957142857142856,2.6,38.85714285714285,26.428571428571427,14.099999999999998,14.490000000000002,323.88168,16.0,-0.9335804264972016,-0.3583679495453004,-1,,0.0,0.0,0.0,0.0,0.0,102.0,grass,7110.0,219.0,208.0,0.0,2110.0,111.0,0.0
fire_01141,Acres Fire,2020-06-01,2020,6,37.11806,-119.93221,237.0,5.472270673671475,D,Medium,94.8071428571429,63.38428571428576,2.6814285714285715,2.4571428571428577,20.75714285714286,17.4,66.42857142857143,47.85714285714285,6.985714285714287,11.173333333333336,174.3122,2.0,-0.9945218953682732,-0.1045284632676535,1,D1,1.0,1.0,1.0,0.0,0.0,102.0,grass,9301.0,346.0,304.0,0.0,2270.0,124.0,0.0
fire_01142,Amoruso Fire,2020-06-01,2020,6,38.824371,-121.390862,670.0,6.508769136971682,E,Medium,91.95285714285728,62.227142857142965,2.414285714285714,2.142857142857143,23.65714285714285,23.800000000000004,60.142857142857146,29.714285714285715,7.071428571428571,11.49,26.97532,0.0,0.0871557427476578,-0.9961946980917455,2,D2,2.0,1.0,1.0,1.0,0.0,122.0,grass_shrub,9829.0,334.0,304.0,0.0,2280.0,123.0,0.0
fire_01143,Nash Fire,2020-06-01,2020,6,39.1296,-123.48018,10.0,2.3978952727983707,C,Small,83.64714285714302,53.07285714285714,1.4028571428571426,4.442857142857142,38.72857142857144,56.29999999999999,34.0,27.571428571428573,12.485714285714286,16.62333333333333,156.39955,1.0,0.5150380749100542,-0.8571673007021123,2,D2,2.0,1.0,1.0,1.0,0.0,91.0,nonburnable_or_other,7299.0,25.0,25.0,0.0,2905.0,25.0,0.0
fire_01144,Horn Fire ,2020-06-02,2020,6,40.809323,-120.288882,37.0,3.6375861597263857,C,Small,77.91285714285716,44.48428571428576,1.4114285714285717,3.171428571428572,23.28571428571429,14.1,54.285714285714285,35.42857142857143,9.257142857142856,11.810000000000002,1617.9246,0.0,0.6560590289905073,0.754709580222772,0,D0,0.0,1.0,0.0,0.0,0.0,121.0,grass_shrub,7153.0,220.0,204.0,0.0,2153.0,112.0,0.0
fire_01145,Smoketree Fire,2020-06-02,2020,6,33.782532,-116.524014,129.0,4.867534450455582,D,Medium,103.98714285714304,69.17000000000006,4.042857142857143,3.2142857142857144,9.471428571428572,0.0,90.28571428571428,71.85714285714286,4.585714285714286,7.413333333333332,177.44498,11.0,0.7193398003386509,-0.6946583704589976,-1,,0.0,0.0,0.0,0.0,0.0,91.0,nonburnable_or_other,7297.0,23.0,23.0,0.0,2903.0,23.0,0.0
fire_01146,Wildlife Fire,2020-06-03,2020,6,38.232281,-122.042199,300.0,5.707110264748875,E,Medium,87.9928571428572,57.75285714285728,1.98,3.7857142857142856,26.357142857142858,23.6,60.0,47.57142857142857,7.857142857142858,11.986666666666666,2.1980963,0.0,-0.898794046299167,0.4383711467890773,2,D2,2.0,1.0,1.0,1.0,0.0,102.0,grass,7987.0,335.0,302.0,0.0,2967.0,123.0,0.0
fire_01147,Silver Fire,2020-06-04,2020,6,37.329163,-121.726223,19.0,2.995732273553991,C,Small,77.39857142857146,60.4785714285715,1.4142857142857144,3.4285714285714293,37.44285714285714,26.5,50.142857142857146,35.285714285714285,9.8,13.146666666666668,598.77356,10.0,0.1045284632676534,0.9945218953682732,0,D0,0.0,1.0,0.0,0.0,0.0,102.0,grass,7129.0,340.0,304.0,0.0,2129.0,124.0,0.0
fire_01148,Brock Fire,2020-06-04,2020,6,40.837885,-122.097933,15.0,2.772588722239781,C,Small,84.5214285714287,58.37000000000016,1.5657142857142856,3.1142857142857143,38.6,179.60000000000002,37.42857142857143,26.0,11.357142857142858,16.386666666666667,674.74866,19.0,-0.5299192642332048,0.8480480961564261,1,D1,1.0,1.0,1.0,0.0,0.0,165.0,timber_understory,7030.0,152.0,112.0,55.0,2030.0,105.0,1.0
fire_01149,Colleen Fire,2020-06-04,2020,6,37.229703,-121.851895,126.0,4.844187086458591,D,Medium,82.46428571428581,55.90142857142864,1.4942857142857142,3.442857142857143,33.1,9.4,53.71428571428572,42.142857142857146,9.957142857142856,12.73,125.96536,2.0,0.9945218953682732,0.1045284632676534,0,D0,0.0,1.0,0.0,0.0,0.0,123.0,grass_shrub,7113.0,138.0,124.0,35.0,2113.0,103.0,1.0
fire_01150,Karchner Fire,2020-06-05,2020,6,38.98487,-121.340239,39.0,3.688879454113936,C,Small,89.7928571428572,61.147142857143024,2.1785714285714284,2.342857142857143,25.21428571428572,20.5,61.85714285714285,38.57142857142857,7.814285714285715,11.446666666666664,37.808556,0.0,-0.7771459614569708,-0.6293203910498376,2,D2,2.0,1.0,1.0,1.0,0.0,122.0,grass_shrub,9829.0,331.0,303.0,0.0,2280.0,123.0,0.0
fire_01151,Lakeville Fire,2020-06-05,2020,6,38.224849,-122.549816,141.0,4.955827057601261,D,Medium,82.69571428571427,53.74142857142856,1.3757142857142857,3.4285714285714293,37.27142857142858,28.4,40.71428571428572,32.857142857142854,11.457142857142856,16.59,97.87232,2.0,-0.3255681544571566,-0.9455185755993168,2,D2,2.0,1.0,1.0,1.0,0.0,102.0,grass,9301.0,349.0,304.0,0.0,2270.0,125.0,0.0
fire_01152,McGary Fire ,2020-06-05,2020,6,38.196893,-122.156313,79.0,4.382026634673881,C,Small,87.96714285714287,56.75,1.9528571428571424,3.557142857142857,27.11428571428571,32.1,54.0,36.142857142857146,8.742857142857144,12.949999999999998,54.502518,6.0,6.123233995736766e-17,1.0,2,D2,2.0,1.0,1.0,1.0,0.0,102.0,grass,9301.0,335.0,304.0,0.0,2270.0,124.0,0.0
fire_01153,Gulch Fire,2020-06-06,2020,6,38.216134,-122.536406,107.0,4.68213122712422,D,Medium,82.5928571428572,52.97000000000006,1.4185714285714286,3.7714285714285714,36.271428571428565,34.0,42.85714285714285,35.42857142857143,11.085714285714284,16.07,100.391785,1.0,-0.8910065241883679,-0.4539904997395466,2,D2,2.0,1.0,1.0,1.0,0.0,102.0,grass,9301.0,353.0,303.0,0.0,2270.0,125.0,0.0
fire_01154,Quail Fire,2020-06-06,2020,6,38.470809,-122.038208,1837.0,7.516433302915632,F,Large,87.2214285714287,57.05857142857144,2.0614285714285714,3.6142857142857134,24.52857142857143,12.7,64.57142857142857,48.42857142857143,7.700000000000001,10.913333333333332,85.3975,3.0,0.9975640502598242,0.0697564737441253,2,D2,2.0,1.0,1.0,1.0,0.0,102.0,grass,9301.0,326.0,303.0,0.0,2270.0,124.0,0.0
fire_01155,Willow Fire ,2020-06-06,2020,6,37.994368,-122.002811,100.0,4.61512051684126,D,Medium,84.72714285714287,57.392857142857096,1.8257142857142856,3.885714285714286,29.32857142857143,11.1,58.57142857142857,41.142857142857146,8.914285714285715,10.97,46.260223,0.0,0.7431448254773942,-0.6691306063588581,2,D2,2.0,1.0,1.0,1.0,0.0,102.0,grass,9301.0,333.0,304.0,0.0,2270.0,124.0,0.0
fire_01156,Bitterwater Fire,2020-06-07,2020,6,36.2644,-121.0781,211.0,5.356586274672012,D,Medium,84.18714285714304,53.150000000000105,1.7285714285714284,3.4,24.642857142857142,4.4,58.285714285714285,48.42857142857143,10.071428571428571,11.74,155.9706,5.0,-0.6560590289905073,-0.754709580222772,-1,,0.0,0.0,0.0,0.0,0.0,102.0,grass,9301.0,336.0,304.0,0.0,2270.0,123.0,0.0
fire_01157,Hunters Fire,2020-06-07,2020,6,37.61955,-120.215454,85.0,4.454347296253507,C,Small,89.2785714285715,57.9071428571429,2.138571428571429,3.3857142857142857,23.785714285714285,35.0,61.57142857142857,50.85714285714285,8.357142857142856,11.800000000000002,552.61914,13.0,-0.2419218955996677,-0.9702957262759964,1,D1,1.0,1.0,1.0,0.0,0.0,122.0,grass_shrub,7114.0,132.0,108.0,35.0,2114.0,103.0,1.0
fire_01158,Sperry Fire,2020-06-08,2020,6,37.463636,-121.16483,80.0,4.394449154672439,C,Small,90.4357142857143,59.11571428571424,2.47,4.471428571428572,17.385714285714283,10.7,70.14285714285714,59.42857142857143,7.257142857142858,9.623333333333331,45.928318,2.0,0.2756373558169991,0.9612616959383188,1,D1,1.0,1.0,1.0,0.0,0.0,91.0,nonburnable_or_other,7297.0,23.0,23.0,0.0,2903.0,23.0,0.0
fire_01159,Grand Fire,2020-06-08,2020,6,33.638067,-117.37581,27.0,3.332204510175204,C,Small,81.4357142857144,58.858571428571544,1.5328571428571427,3.314285714285714,35.371428571428574,1.2,56.0,40.142857142857146,10.242857142857142,11.366666666666664,826.48956,18.0,0.7431448254773942,0.6691306063588582,-1,,0.0,0.0,0.0,0.0,0.0,122.0,grass_shrub,7092.0,238.0,224.0,0.0,2092.0,113.0,0.0
fire_01160,Bradley Fire ,2020-06-08,2020,6,35.94979,-120.81509,230.0,5.442417710521793,D,Medium,87.89000000000001,52.17285714285714,2.0028571428571427,3.3857142857142857,21.31428571428572,2.6,58.57142857142857,50.57142857142857,10.314285714285711,12.346666666666666,259.54642,2.0,0.4226182617406996,-0.9063077870366498,-1,,0.0,0.0,0.0,0.0,0.0,102.0,grass,9301.0,342.0,304.0,0.0,2270.0,124.0,0.0
fire_01161,Sierra Fire,2020-06-08,2020,6,33.82925,-117.46036,100.0,4.61512051684126,D,Medium,84.2642857142858,58.60142857142864,1.487142857142857,3.185714285714286,34.75714285714285,2.0,50.142857142857146,36.0,11.571428571428571,12.303333333333333,413.31296,3.0,0.7071067811865474,-0.7071067811865477,-1,,0.0,0.0,0.0,0.0,0.0,91.0,nonburnable_or_other,7299.0,25.0,25.0,0.0,2905.0,25.0,0.0
fire_01162,Oak Fire,2020-06-08,2020,6,33.78275,-116.89655,20.0,3.044522437723423,C,Small,85.65285714285719,56.31285714285716,1.7985714285714287,3.4285714285714284,27.428571428571427,2.2,59.57142857142857,42.57142857142857,9.528571428571428,11.183333333333334,563.3906,1.0,-0.6560590289905073,-0.754709580222772,-1,,0.0,0.0,0.0,0.0,0.0,122.0,grass_shrub,7092.0,231.0,208.0,0.0,2092.0,113.0,0.0
fire_01163,Cronan Fire ,2020-06-09,2020,6,38.827755,-120.988571,29.0,3.4011973816621555,C,Small,84.2642857142857,53.12428571428578,1.94,3.5142857142857147,22.1,36.8,64.85714285714286,53.71428571428572,7.528571428571428,11.8,289.94492,2.0,-0.5735764363510462,0.8191520442889917,1,D1,1.0,1.0,1.0,0.0,0.0,165.0,timber_understory,7030.0,147.0,128.0,45.0,2030.0,104.0,1.0
fire_01164,Vineyard Fire ,2020-06-09,2020,6,38.89695,-123.21318,151.0,5.0238805208462765,D,Medium,77.0642857142858,51.2214285714287,1.3185714285714287,8.27142857142857,32.8,46.0,45.57142857142857,58.71428571428572,10.528571428571428,15.933333333333332,318.94543,2.0,-0.9975640502598242,-0.0697564737441252,2,D2,2.0,1.0,1.0,1.0,0.0,91.0,nonburnable_or_other,7299.0,25.0,25.0,0.0,2905.0,25.0,0.0
fire_01165,India Fire,2020-06-09,2020,6,33.37579,-117.47166,1100.0,7.00397413672268,F,Large,76.6785714285715,56.6214285714286,0.7142857142857143,3.271428571428572,54.72857142857144,4.3,28.857142857142858,19.571428571428573,16.557142857142857,16.326666666666664,131.56789,6.0,0.9975640502598242,0.0697564737441253,-1,,0.0,0.0,0.0,0.0,0.0,102.0,grass,9301.0,349.0,302.0,0.0,2270.0,124.0,0.0
fire_01166,Elizabeth Fire,2020-06-10,2020,6,34.29475,-119.17808,300.0,5.707110264748875,E,Medium,78.27285714285713,56.39000000000002,1.2385714285714289,4.5285714285714285,34.871428571428574,2.7,45.42857142857143,45.285714285714285,12.685714285714283,13.243333333333332,110.323326,5.0,-0.898794046299167,0.4383711467890773,-1,,0.0,0.0,0.0,0.0,0.0,102.0,grass,7980.0,112.0,105.0,15.0,2960.0,101.0,1.0
fire_01167,Soda Fire,2020-06-10,2020,6,35.35146,-120.00521,1680.0,7.427144133408616,F,Large,83.51857142857152,51.375714285714324,1.84,4.8571428571428585,20.728571428571428,5.3,59.71428571428572,58.42857142857143,8.928571428571427,12.766666666666664,609.5446,1.0,-0.8290375725550417,-0.5591929034707467,-1,,0.0,0.0,0.0,0.0,0.0,102.0,grass,9301.0,338.0,303.0,0.0,2270.0,123.0,0.0
fire_01168,Lime Fire,2020-06-10,2020,6,34.46182,-118.77347,803.0,6.689599269178967,E,Medium,82.92714285714297,57.44428571428574,1.7914285714285714,3.8,26.92857142857144,2.9,59.42857142857143,52.42857142857143,9.828571428571427,11.216666666666669,497.15533,16.0,-0.1908089953765448,0.981627183447664,-1,,0.0,0.0,0.0,0.0,0.0,122.0,grass_shrub,7092.0,230.0,211.0,0.0,2092.0,113.0,0.0
fire_01169,Skyline Fire,2020-06-11,2020,6,32.73044,-116.7862,100.0,4.61512051684126,D,Medium,78.40142857142864,50.3214285714286,1.3128571428571427,4.242857142857143,35.1,4.8,41.142857142857146,30.428571428571427,12.842857142857143,14.9,786.8286,3.0,-0.2249510543438652,-0.9743700647852352,-1,,0.0,0.0,0.0,0.0,0.0,122.0,grass_shrub,7933.0,214.0,208.0,0.0,2912.0,111.0,0.0
fire_01170,Border 7 Fire,2020-06-11,2020,6,32.580882,-116.690712,90.0,4.51085950651685,C,Small,78.81285714285727,49.85857142857144,1.3385714285714287,3.942857142857143,34.18571428571429,4.2,41.142857142857146,29.142857142857142,12.900000000000002,14.839999999999998,973.40686,13.0,0.9945218953682732,-0.1045284632676534,-1,,0.0,0.0,0.0,0.0,0.0,145.0,shrub,7110.0,231.0,219.0,0.0,2110.0,113.0,0.0
fire_01171,Watt Fire,2020-06-11,2020,6,38.733421,-121.378879,40.0,3.713572066704308,C,Small,85.26714285714299,54.87285714285714,2.091428571428572,3.685714285714286,17.77142857142857,21.0,73.71428571428571,60.42857142857143,6.557142857142858,10.15,29.021685,0.0,0.4067366430757997,-0.9135454576426012,2,D2,2.0,1.0,1.0,1.0,0.0,102.0,grass,9301.0,334.0,303.0,0.0,2270.0,123.0,0.0
fire_01172,Grant Fire,2020-06-12,2020,6,38.520981,-121.201927,5042.0,8.525756422076725,G,Extreme,83.59571428571428,53.04714285714302,1.9157142857142853,4.142857142857143,18.714285714285715,17.1,72.28571428571429,64.42857142857143,6.8571428571428585,10.446666666666664,60.114166,1.0,0.3907311284892735,-0.9205048534524404,2,D2,2.0,1.0,1.0,1.0,0.0,102.0,grass,9301.0,343.0,304.0,0.0,2270.0,124.0,0.0
fire_01173,Hog Fire,2020-06-12,2020,6,36.82276,-119.36572,533.0,6.280395838960195,E,Medium,86.29571428571428,54.48714285714304,2.18,2.8714285714285714,18.685714285714283,18.200000000000003,73.42857142857143,54.57142857142857,6.671428571428571,9.956666666666669,180.38922,6.0,0.9396926207859084,0.3420201433256687,1,D1,1.0,1.0,1.0,0.0,0.0,102.0,grass,9301.0,353.0,304.0,0.0,2270.0,125.0,0.0
fire_01174,Cornetts Fire,2020-06-13,2020,6,37.40827,-120.08522,191.0,5.2574953720277815,D,Medium,84.57285714285715,53.43285714285722,1.9242857142857144,3.357142857142857,20.65714285714285,29.9,67.85714285714286,54.71428571428572,7.300000000000002,11.53,383.97086,2.0,0.6293203910498375,-0.7771459614569708,1,D1,1.0,1.0,1.0,0.0,0.0,102.0,grass,9301.0,358.0,304.0,0.0,2270.0,125.0,0.0
fire_01175,Dawson Fire ,2020-06-13,2020,6,33.776033,-117.461925,10.0,2.3978952727983707,C,Small,88.55857142857144,58.344285714285846,2.2642857142857142,3.457142857142857,18.8,1.8,62.57142857142857,53.142857142857146,9.3,11.006666666666668,337.14822,6.0,0.1564344650402306,-0.9876883405951378,-1,,0.0,0.0,0.0,0.0,0.0,122.0,grass_shrub,7092.0,238.0,212.0,0.0,2092.0,113.0,0.0
fire_01176,Drum Fire,2020-06-14,2020,6,34.63309,-120.28867,696.0,6.546785410760524,E,Medium,83.18428571428576,52.5071428571429,1.6642857142857144,8.77142857142857,24.37142857142857,6.9,47.71428571428572,65.28571428571429,10.885714285714286,14.839999999999998,132.84961,2.0,-0.7313537016191705,0.6819983600624985,-1,,0.0,0.0,0.0,0.0,0.0,93.0,nonburnable_or_other,7981.0,61.0,61.0,0.0,2961.0,61.0,0.0
fire_01177,Avila Fire,2020-06-15,2020,6,35.17977,-120.69959,445.0,6.100318952020064,E,Medium,79.3785714285714,50.75857142857144,1.1542857142857144,5.142857142857143,35.32857142857143,8.1,41.0,46.285714285714285,13.628571428571428,15.666666666666666,57.897858,3.0,0.2079116908177594,-0.9781476007338056,-9,,,,,,,102.0,grass,7986.0,351.0,302.0,0.0,2966.0,125.0,0.0
fire_01178,Bitter Fire ,2020-06-16,2020,6,36.3011,-120.92925,813.0,6.70196036600254,E,Medium,87.94142857142866,49.112857142857266,2.062857142857143,4.4,16.885714285714286,6.7,67.57142857142857,62.42857142857143,8.12857142857143,11.0,302.1838,2.0,-0.90630778703665,0.4226182617406995,0,D0,0.0,1.0,0.0,0.0,0.0,102.0,grass,9301.0,335.0,304.0,0.0,2270.0,123.0,0.0
fire_01179,Riata Fire ,2020-06-16,2020,6,35.40953,-120.56823,18.0,2.9444389791664403,C,Small,87.81285714285715,47.570000000000064,1.9271428571428568,4.271428571428571,19.142857142857142,9.7,57.285714285714285,53.142857142857146,9.542857142857144,13.343333333333334,332.61002,3.0,-0.0348994967025007,-0.9993908270190958,-1,,0.0,0.0,0.0,0.0,0.0,144.0,shrub,7114.0,139.0,117.0,35.0,2114.0,103.0,1.0
fire_01180,Walker Fire,2020-06-16,2020,6,38.07741,-120.72958,1455.0,7.283448228756631,F,Large,83.85285714285729,54.12714285714286,1.6842857142857144,3.0857142857142854,25.728571428571428,36.2,60.57142857142857,42.0,8.942857142857141,11.86,387.53894,7.0,-0.4694715627858907,-0.882947592858927,1,D1,1.0,1.0,1.0,0.0,0.0,102.0,grass,9301.0,364.0,303.0,0.0,2270.0,126.0,0.0
fire_01181,Nelson Fire ,2020-06-17,2020,6,39.52408,-121.60037,95.0,4.564348191467836,C,Small,85.8071428571429,59.01285714285716,1.8557142857142856,2.9285714285714284,27.857142857142858,18.0,62.0,40.0,8.042857142857143,11.816666666666665,66.46772,2.0,-0.9975640502598242,0.0697564737441255,2,D2,2.0,1.0,1.0,1.0,0.0,121.0,grass_shrub,7662.0,340.0,303.0,0.0,2662.0,121.0,0.0
fire_01182,Liberty Fire,2020-06-17,2020,6,38.23432,-121.20828,89.0,4.499809670330265,C,Small,85.13857142857138,56.67285714285714,1.904285714285714,3.928571428571428,22.77142857142857,7.3,74.28571428571429,63.71428571428572,7.242857142857143,9.29,26.987528,0.0,0.7071067811865474,-0.7071067811865477,1,D1,1.0,1.0,1.0,0.0,0.0,102.0,grass,7987.0,335.0,304.0,0.0,2967.0,123.0,0.0
fire_01183,Gyle Fire,2020-06-17,2020,6,40.000132,-122.205628,68.0,4.23410650459726,C,Small,85.13857142857158,58.24142857142866,1.772857142857143,4.342857142857143,27.557142857142857,22.2,57.42857142857143,42.142857142857146,8.6,12.183333333333334,87.21792,0.0,0.1045284632676534,0.9945218953682732,2,D2,2.0,1.0,1.0,1.0,0.0,102.0,grass,7980.0,128.0,111.0,25.0,2960.0,102.0,1.0
fire_01184,Ridge Fire,2020-06-17,2020,6,35.9497,-121.42113,83.0,4.430816798843313,C,Small,71.81857142857152,51.0928571428572,1.1757142857142855,5.242857142857143,28.342857142857145,11.8,60.57142857142857,59.71428571428572,8.628571428571428,12.003333333333334,934.08655,8.0,-1.8369701987210287e-16,-1.0,-1,,0.0,0.0,0.0,0.0,0.0,165.0,timber_understory,7027.0,167.0,121.0,65.0,2027.0,106.0,1.0
fire_01185,Baker Fire,2020-06-17,2020,6,35.27678,-118.6894,165.0,5.111987788356544,D,Medium,87.45285714285718,59.09000000000002,2.1957142857142857,3.357142857142857,17.95714285714286,4.4,76.42857142857143,61.285714285714285,6.514285714285714,9.486666666666668,493.5679,5.0,0.9510565162951536,-0.3090169943749477,-1,,0.0,0.0,0.0,0.0,0.0,91.0,nonburnable_or_other,7299.0,25.0,25.0,0.0,2905.0,25.0,0.0
fire_01186,Nelson Fire,2020-06-18,2020,6,38.89178,-121.33956,110.0,4.709530201312334,D,Medium,85.11285714285717,55.18142857142858,1.8814285714285712,3.6714285714285713,22.15714285714285,4.1,69.0,58.142857142857146,7.728571428571429,10.49,36.60807,0.0,0.4539904997395466,-0.891006524188368,2,D2,2.0,1.0,1.0,1.0,0.0,122.0,grass_shrub,7662.0,322.0,304.0,0.0,2662.0,122.0,0.0
fire_01187,Fork Fire,2020-06-18,2020,6,36.37085,-118.845123,130.0,4.875197323201151,D,Medium,81.92428571428567,55.25857142857144,1.7971428571428572,3.5142857142857147,24.014285714285712,8.1,72.42857142857143,59.0,6.728571428571429,10.343333333333334,610.4263,12.0,0.2588190451025203,-0.9659258262890684,1,D1,1.0,1.0,1.0,0.0,0.0,122.0,grass_shrub,7029.0,148.0,128.0,45.0,2029.0,104.0,1.0
fire_01188,Teddy Fire,2020-06-18,2020,6,39.37577,-121.45372,13.0,2.6390573296152584,C,Small,84.34142857142857,57.36714285714288,1.78,3.4,27.457142857142856,10.099999999999998,63.0,44.42857142857143,7.914285714285714,11.696666666666667,99.91431,1.0,0.0348994967025012,-0.9993908270190958,2,D2,2.0,1.0,1.0,1.0,0.0,102.0,grass,9301.0,340.0,303.0,0.0,2270.0,124.0,0.0
fire_01189,Springs Fire,2020-06-19,2020,6,35.89133,-118.8613,217.0,5.384495062789089,D,Medium,86.03857142857137,58.1642857142857,2.0228571428571427,3.5571428571428565,21.4,0.9,75.0,61.57142857142857,6.585714285714286,9.986666666666668,361.2299,2.0,-0.6427876096865395,-0.7660444431189779,0,D0,0.0,1.0,0.0,0.0,0.0,102.0,grass,9301.0,348.0,304.0,0.0,2270.0,124.0,0.0
fire_01190,Honcut Fire,2020-06-20,2020,6,39.36894,-121.53976,89.0,4.499809670330265,C,Small,87.89000000000001,59.1928571428572,2.191428571428572,2.842857142857143,21.58571428571429,5.1,68.42857142857143,46.57142857142857,7.157142857142858,10.596666666666668,32.973133,0.0,-0.7986355100472928,-0.6018150231520484,2,D2,2.0,1.0,1.0,1.0,0.0,186.0,timber_litter,7980.0,147.0,103.0,45.0,2960.0,104.0,1.0
fire_01191,East Fire,2020-06-20,2020,6,41.5017,-120.54161,11.0,2.4849066497880004,C,Small,70.35285714285718,37.9785714285715,0.9071428571428573,3.657142857142857,31.285714285714285,14.7,35.57142857142857,24.142857142857142,13.5,16.14,1344.0654,1.0,-0.9396926207859084,-0.3420201433256686,1,D1,1.0,1.0,1.0,0.0,0.0,91.0,nonburnable_or_other,7297.0,23.0,23.0,0.0,2903.0,23.0,0.0
fire_01192,Quarter Fire,2020-06-21,2020,6,38.08264,-120.20316,10.0,2.3978952727983707,C,Small,79.7642857142858,51.27285714285714,1.6385714285714283,2.757142857142857,21.2,3.7,65.42857142857143,49.0,8.028571428571428,11.419999999999998,1191.4794,9.0,-0.788010753606722,-0.6156614753256582,1,D1,1.0,1.0,1.0,0.0,0.0,186.0,timber_litter,7029.0,162.0,123.0,65.0,2029.0,106.0,1.0
fire_01193,Hunter Fire,2020-06-21,2020,6,35.90835,-121.08753,195.0,5.278114659230517,D,Medium,92.3642857142857,48.67571428571432,2.3885714285714283,3.128571428571429,12.528571428571428,3.9,72.85714285714286,56.57142857142857,7.214285714285714,9.906666666666666,289.60867,2.0,-0.9702957262759964,-0.2419218955996675,-1,,0.0,0.0,0.0,0.0,0.0,144.0,shrub,7114.0,130.0,128.0,35.0,2114.0,103.0,1.0
fire_01194,Stage Fire,2020-06-21,2020,6,36.69845,-121.57407,52.0,3.970291913552122,C,Small,75.49571428571429,53.58714285714304,1.03,4.071428571428571,35.31428571428572,2.2,51.285714285714285,44.0,11.042857142857144,12.873333333333337,68.01177,3.0,0.1218693434051476,-0.992546151641322,-1,,0.0,0.0,0.0,0.0,0.0,91.0,nonburnable_or_other,7299.0,25.0,25.0,0.0,2905.0,25.0,0.0
fire_01195,Grade Fire ,2020-06-22,2020,6,36.5537,-119.19677,1050.0,6.957497370876951,F,Large,93.08428571428576,61.48142857142858,2.7085714285714286,2.3000000000000003,15.914285714285713,0.5,78.0,54.285714285714285,6.271428571428571,9.490000000000002,173.03246,4.0,-0.6560590289905073,-0.754709580222772,1,D1,1.0,1.0,1.0,0.0,0.0,102.0,grass,7980.0,115.0,113.0,15.0,2960.0,101.0,1.0
fire_01196,Rico Fire ,2020-06-22,2020,6,35.9789,-120.87858,348.0,5.855071922202427,E,Medium,91.82428571428568,51.40142857142864,2.1642857142857146,3.0571428571428574,16.271428571428576,0.4,65.57142857142857,51.42857142857143,8.828571428571427,10.83,138.69206,1.0,0.0174524064372831,-0.9998476951563912,-1,,0.0,0.0,0.0,0.0,0.0,93.0,nonburnable_or_other,7984.0,64.0,64.0,0.0,2964.0,64.0,0.0
fire_01197,River Fire,2020-06-22,2020,6,35.62906,-120.68326,15.0,2.772588722239781,C,Small,90.20428571428582,49.44714285714282,1.9714285714285715,3.4285714285714284,18.4,0.0,61.42857142857143,50.42857142857143,9.728571428571428,11.553333333333336,234.36456,3.0,0.0871557427476578,-0.9961946980917455,-1,,0.0,0.0,0.0,0.0,0.0,91.0,nonburnable_or_other,7296.0,22.0,22.0,0.0,2902.0,22.0,0.0
fire_01198,Sycamore Fire,2020-06-23,2020,6,36.97511,-119.33439,19.0,2.995732273553991,C,Small,90.79571428571428,61.45571428571426,2.461428571428571,2.671428571428572,20.428571428571427,0.0,72.57142857142857,53.0,6.728571428571429,10.353333333333332,500.45026,9.0,-0.9961946980917455,0.0871557427476582,1,D1,1.0,1.0,1.0,0.0,0.0,165.0,timber_understory,7114.0,141.0,112.0,45.0,2114.0,104.0,1.0
fire_01199,R-2 Fire,2020-06-23,2020,6,40.43203,-120.28147,563.0,6.335054251498059,E,Medium,82.02714285714296,44.972857142857244,1.8342857142857143,3.414285714285714,15.042857142857144,10.0,67.85714285714286,56.142857142857146,7.8,10.373333333333337,1380.1364,2.0,0.3090169943749474,0.9510565162951536,0,D0,0.0,1.0,0.0,0.0,0.0,122.0,grass_shrub,7080.0,224.0,211.0,0.0,2080.0,112.0,0.0
fire_01200,R-3 Fire,2020-06-24,2020,6,40.44793,-120.04635,210.0,5.351858133476067,D,Medium,84.44428571428574,49.62714285714286,2.025714285714286,2.7,13.985714285714286,11.6,66.28571428571429,50.0,7.614285714285714,11.23,1542.9272,2.0,-0.3255681544571566,-0.9455185755993168,0,D0,0.0,1.0,0.0,0.0,0.0,102.0,grass,9308.0,344.0,302.0,0.0,2273.0,124.0,0.0
fire_01201,58 Fire,2020-06-24,2020,6,33.27665,-115.96594,12.0,2.5649493574615367,C,Small,105.76142857142862,72.1785714285715,3.992857142857143,2.542857142857143,13.6,0.0,90.85714285714286,61.57142857142857,5.228571428571429,5.830000000000002,-27.035172,1.0,-0.1391731009600653,0.9902680687415704,-1,,0.0,0.0,0.0,0.0,0.0,99.0,nonburnable_or_other,9150.0,31.0,31.0,0.0,31.0,31.0,0.0
fire_01202,Diablo Fire,2020-06-25,2020,6,37.46265,-121.18355,202.0,5.313205979041787,D,Medium,98.87000000000016,63.6928571428572,3.051428571428571,3.3571428571428568,14.914285714285716,3.5,77.85714285714286,56.71428571428572,6.1571428571428575,8.373333333333335,94.70874,5.0,0.3907311284892737,0.9205048534524404,1,D1,1.0,1.0,1.0,0.0,0.0,102.0,grass,9301.0,339.0,304.0,0.0,2270.0,123.0,0.0
fire_01203,Bend Fire,2020-06-25,2020,6,35.30742,-119.88048,263.0,5.575949103146316,D,Medium,94.91000000000008,58.8071428571429,2.474285714285714,3.057142857142857,17.61428571428571,0.3,71.14285714285714,55.85714285714285,7.442857142857143,10.349999999999996,628.64496,2.0,-0.5150380749100544,-0.8571673007021121,-1,,0.0,0.0,0.0,0.0,0.0,101.0,grass,7913.0,16.0,16.0,0.0,2916.0,16.0,0.0
fire_01204,Aurora Fire,2020-06-26,2020,6,38.22554,-119.00289,280.0,5.638354669333745,D,Medium,77.5785714285714,41.55285714285718,1.4357142857142855,2.0428571428571427,18.02857142857143,8.0,61.142857142857146,37.71428571428572,8.628571428571428,10.743333333333336,2610.0027,9.0,-0.898794046299167,0.4383711467890773,1,D1,1.0,1.0,1.0,0.0,0.0,122.0,grass_shrub,7126.0,230.0,203.0,0.0,2126.0,113.0,0.0
fire_01205,Indian Fire,2020-06-26,2020,6,33.565093,-116.750925,59.0,4.0943445622221,C,Small,87.55571428571426,56.00428571428582,1.841428571428572,2.4,21.957142857142856,0.8999999999999999,63.71428571428572,46.0,9.785714285714286,9.993333333333334,1147.0742,4.0,-0.9135454576426008,0.4067366430758004,-1,,0.0,0.0,0.0,0.0,0.0,122.0,grass_shrub,7092.0,220.0,208.0,0.0,2092.0,112.0,0.0
fire_01206,Poeville Fire,2020-06-27,2020,6,39.32596,-119.81098,2975.0,7.998335395952982,F,Large,91.56714285714288,55.10428571428572,2.3685714285714288,3.242857142857143,15.928571428571429,2.5,77.0,61.57142857142857,6.614285714285714,8.7,1560.0944,8.0,-0.7771459614569709,0.6293203910498374,1,D1,1.0,1.0,1.0,0.0,0.0,121.0,grass_shrub,9309.0,335.0,303.0,0.0,2274.0,123.0,0.0
fire_01207,Pass Fire,2020-06-28,2020,6,37.06641,-121.21912,2192.0,7.693025748417888,F,Large,93.2642857142857,62.89571428571428,2.2142857142857144,3.6142857142857134,23.928571428571427,2.1,68.14285714285714,51.0,7.799999999999999,9.943333333333332,427.30847,3.0,-0.1736481776669303,0.984807753012208,0,D0,0.0,1.0,0.0,0.0,0.0,102.0,grass,9301.0,351.0,303.0,0.0,2270.0,125.0,0.0
fire_01208,Gage Fire,2020-06-28,2020,6,35.69993,-120.96759,33.0,3.5263605246161616,C,Small,95.47571428571432,52.224285714285784,2.382857142857143,2.6142857142857143,17.91428571428571,1.3,64.0,47.285714285714285,9.671428571428573,10.563333333333333,374.10825,6.0,0.981627183447664,0.1908089953765448,-1,,0.0,0.0,0.0,0.0,0.0,186.0,timber_litter,7113.0,151.0,128.0,55.0,2113.0,105.0,1.0
fire_01209,Muck Fire ,2020-06-29,2020,6,41.0336731,-121.2199939,12.0,2.5649493574615367,C,Small,86.81000000000009,58.1642857142858,2.121428571428571,3.3285714285714287,20.77142857142857,17.5,67.14285714285714,54.142857142857146,6.557142857142857,11.866666666666664,1356.2346,1.0,0.3090169943749474,0.9510565162951536,1,D1,1.0,1.0,1.0,0.0,0.0,189.0,timber_litter,7027.0,140.0,124.0,45.0,2027.0,104.0,1.0
fire_01210,Avacado Fire,2020-06-30,2020,6,39.3784,-121.4319,136.0,4.919980925828125,D,Medium,97.04428571428573,67.0357142857143,2.83,2.771428571428572,22.81428571428572,1.2,75.57142857142857,55.71428571428572,6.47142857142857,9.756666666666668,158.59737,5.0,0.0523359562429439,-0.9986295347545738,2,D2,2.0,1.0,1.0,1.0,0.0,102.0,grass,9301.0,338.0,303.0,0.0,2270.0,123.0,0.0
fire_01211,Flat Fire,2020-06-30,2020,6,40.791509,-123.437051,62.0,4.143134726391533,C,Small,91.92714285714285,55.747142857143025,2.295714285714286,4.842857142857143,25.300000000000004,12.0,60.42857142857143,53.71428571428572,7.557142857142858,13.556666666666668,583.44336,25.0,-0.9902680687415704,-0.1391731009600655,2,D2,2.0,1.0,1.0,1.0,0.0,185.0,timber_litter,7105.0,244.0,219.0,35.0,2043.0,105.0,1.0
fire_01212,Bena Fire,2020-07-01,2020,7,35.310132,-118.702732,4000.0,8.294299608857235,F,Large,95.78428571428586,67.13857142857138,2.735714285714286,3.242857142857143,18.285714285714285,1.2,81.28571428571429,63.71428571428572,6.485714285714286,7.846666666666667,367.40894,10.0,0.7313537016191705,0.6819983600624985,-1,,0.0,0.0,0.0,0.0,0.0,122.0,grass_shrub,9337.0,222.0,212.0,0.0,2270.0,112.0,0.0
fire_01213,Rowher Fire,2020-07-01,2020,7,34.542742,-118.324601,648.0,6.47543271670409,E,Medium,83.72428571428568,56.77571428571432,1.387142857142857,4.2,32.51428571428571,0.0,58.85714285714285,53.285714285714285,11.242857142857144,10.05,896.0481,7.0,-0.981627183447664,0.1908089953765449,-1,,0.0,0.0,0.0,0.0,0.0,141.0,shrub,7110.0,225.0,216.0,0.0,2110.0,115.0,0.0
fire_01214,Bonadelle Fire,2020-07-02,2020,7,36.9678542,-119.9252132,500.0,6.2166061010848646,E,Medium,97.09571428571438,63.79571428571438,2.8514285714285714,3.357142857142857,17.3,0.0,77.71428571428571,61.42857142857143,6.814285714285715,8.469999999999999,97.8284,0.0,-0.4383711467890777,-0.8987940462991668,1,D1,1.0,1.0,1.0,0.0,0.0,102.0,grass,7980.0,110.0,101.0,15.0,2960.0,101.0,1.0
fire_01215,Soda Fire ,2020-07-03,2020,7,35.393889,-120.053275,157.0,5.062595033026967,D,Medium,87.68428571428576,54.28142857142858,1.8685714285714283,5.142857142857143,22.728571428571428,0.4,68.14285714285714,68.0,9.142857142857142,9.466666666666669,631.09344,1.0,-0.6156614753256581,-0.7880107536067221,-1,,0.0,0.0,0.0,0.0,0.0,102.0,grass,9301.0,332.0,304.0,0.0,2270.0,123.0,0.0
fire_01216,Mount R Fire,2020-07-03,2020,7,34.182436,-117.124353,62.0,4.143134726391533,C,Small,83.05571428571446,53.51000000000008,1.74,3.5857142857142854,19.12857142857143,1.7999999999999998,78.85714285714286,64.42857142857143,7.371428571428572,7.733333333333334,1266.0155,20.0,-0.9612616959383188,-0.275637355816999,-1,,0.0,0.0,0.0,0.0,0.0,121.0,grass_shrub,7110.0,355.0,303.0,0.0,2110.0,114.0,0.0
fire_01217,Sheridan Fire,2020-07-04,2020,7,37.536015,-121.876277,108.0,4.691347882229144,D,Medium,78.19571428571427,55.15571428571426,1.4157142857142857,4.128571428571429,27.642857142857142,0.0,64.85714285714286,50.42857142857143,8.5,9.793333333333337,269.74353,7.0,0.882947592858927,0.4694715627858908,1,D1,1.0,1.0,1.0,0.0,0.0,102.0,grass,9301.0,348.0,304.0,0.0,2270.0,124.0,0.0
fire_01218,Lake Fire,2020-07-05,2020,7,35.351065,-120.00485,583.0,6.369900982828227,E,Medium,86.65571428571425,52.01857142857152,1.841428571428572,4.614285714285714,21.22857142857143,0.3,65.0,61.85714285714285,9.571428571428571,10.053333333333333,609.5446,1.0,-0.8290375725550417,-0.5591929034707467,-1,,0.0,0.0,0.0,0.0,0.0,102.0,grass,9301.0,338.0,303.0,0.0,2270.0,123.0,0.0
fire_01219,Park Fire,2020-07-04,2020,7,37.166733,-121.567505,353.0,5.869296913133774,E,Medium,79.3785714285715,54.87285714285714,1.4599999999999995,4.185714285714286,26.47142857142857,0.0,65.28571428571429,50.285714285714285,8.814285714285715,9.58,612.3677,6.0,-0.2756373558169989,-0.961261695938319,0,D0,0.0,1.0,0.0,0.0,0.0,184.0,timber_litter,7112.0,144.0,111.0,45.0,2112.0,104.0,1.0
fire_01220,Cotton Fire,2020-07-05,2020,7,37.091637,-121.086625,100.0,4.61512051684126,D,Medium,86.03857142857137,56.878571428571504,2.0142857142857142,3.8571428571428577,19.81428571428572,0.0,70.85714285714286,55.71428571428572,8.114285714285714,8.520000000000001,179.51987,6.0,-0.6946583704589974,0.7193398003386511,0,D0,0.0,1.0,0.0,0.0,0.0,102.0,grass,9301.0,331.0,304.0,0.0,2270.0,123.0,0.0
fire_01221,Kings Fire,2020-07-05,2020,7,36.750186,-119.116536,67.0,4.219507705176107,C,Small,88.81571428571434,60.7357142857143,2.27,2.385714285714286,18.34285714285713,0.8,79.14285714285714,55.285714285714285,6.414285714285713,8.79,705.5062,15.0,-0.6819983600624986,-0.7313537016191705,1,D1,1.0,1.0,1.0,0.0,0.0,144.0,shrub,7114.0,134.0,110.0,35.0,2114.0,103.0,1.0
fire_01222,Crews Fire,2020-07-05,2020,7,37.034839,-121.501532,5513.0,8.615045591583742,G,Extreme,82.56714285714288,52.48142857142868,1.445714285714286,4.4,27.057142857142857,0.0,55.57142857142857,46.85714285714285,11.2,10.949999999999998,226.96246,13.0,-0.1736481776669303,-0.984807753012208,0,D0,0.0,1.0,0.0,0.0,0.0,102.0,grass,9301.0,331.0,304.0,0.0,2270.0,124.0,0.0
fire_01223,Soledad Fire,2020-07-05,2020,7,34.467915,-118.328877,1525.0,7.330405211844402,F,Large,82.90142857142864,55.49000000000002,1.554285714285714,3.757142857142857,28.057142857142853,0.0,59.0,50.85714285714285,10.857142857142858,10.15,717.9698,4.0,-0.838670567945424,-0.5446390350150271,-1,,0.0,0.0,0.0,0.0,0.0,122.0,grass_shrub,7110.0,224.0,218.0,0.0,2110.0,112.0,0.0
fire_01224,California Fire,2020-07-06,2020,7,38.02996,-122.25471,298.0,5.700443573390687,D,Medium,80.71571428571434,54.435714285714404,1.3414285714285712,4.2,31.9,0.0,54.0,44.85714285714285,10.77142857142857,11.41,58.02672,4.0,0.5877852522924729,-0.8090169943749476,2,D2,2.0,1.0,1.0,1.0,0.0,91.0,nonburnable_or_other,7297.0,23.0,23.0,0.0,2903.0,23.0,0.0
fire_01225,Patterson Fire,2020-07-06,2020,7,37.71984,-121.53524,150.0,5.017279836814924,D,Medium,92.41571428571424,59.55285714285718,2.558571428571429,3.8857142857142857,14.957142857142856,0.0,75.85714285714286,56.71428571428572,6.7,8.259999999999998,71.45368,2.0,0.4226182617406994,0.90630778703665,1,D1,1.0,1.0,1.0,0.0,0.0,91.0,nonburnable_or_other,7296.0,22.0,22.0,0.0,2902.0,22.0,0.0
fire_01226,Mountain Meadow Fire ,2020-07-06,2020,7,38.21614,-122.12447,75.0,4.330733340286331,C,Small,90.23000000000005,55.61857142857142,2.217142857142857,4.485714285714286,18.15714285714285,0.0,67.71428571428571,57.142857142857146,8.242857142857144,9.489999999999998,13.201391,2.0,-0.6560590289905073,-0.754709580222772,2,D2,2.0,1.0,1.0,1.0,0.0,91.0,nonburnable_or_other,7299.0,25.0,25.0,0.0,2905.0,25.0,0.0
fire_01227,Brandon Fire,2020-07-07,2020,7,38.58488,-120.941267,32.0,3.49650756146648,C,Small,94.8071428571428,57.85571428571446,2.74,3.1000000000000005,14.771428571428572,0.7,81.71428571428571,63.71428571428572,6.057142857142857,8.443333333333333,271.1525,5.0,-0.4067366430758002,0.9135454576426008,1,D1,1.0,1.0,1.0,0.0,0.0,91.0,nonburnable_or_other,7299.0,25.0,25.0,0.0,2905.0,25.0,0.0
fire_01228,Nail Fire,2020-07-07,2020,7,39.35498,-122.65813,25.0,3.258096538021482,C,Small,90.4357142857144,58.0357142857143,2.487142857142857,2.342857142857143,14.157142857142857,0.0,78.28571428571429,47.142857142857146,5.657142857142857,9.073333333333332,522.83813,3.0,0.4694715627858904,-0.8829475928589271,2,D2,2.0,1.0,1.0,1.0,0.0,145.0,shrub,7105.0,251.0,215.0,0.0,2105.0,115.0,0.0
fire_01229,Tripp Fire ,2020-07-09,2020,7,33.551838,-116.7464168,10.0,2.3978952727983707,C,Small,87.81285714285715,56.13285714285712,2.112857142857143,3.014285714285714,17.08571428571429,0.0,68.71428571428571,54.0,8.057142857142859,9.676666666666668,1114.7179,2.0,-0.992546151641322,0.1218693434051475,-1,,0.0,0.0,0.0,0.0,0.0,122.0,grass_shrub,7092.0,219.0,208.0,0.0,2092.0,111.0,0.0
fire_01230,Alum Fire,2020-07-11,2020,7,37.37731,-121.79349,31.0,3.4657359027997265,C,Small,85.47285714285714,55.104285714285616,1.8242857142857145,5.057142857142857,18.75714285714286,0.0,67.42857142857143,61.85714285714285,8.3,9.603333333333332,295.70526,15.0,-0.6946583704589973,-0.7193398003386512,1,D1,1.0,1.0,1.0,0.0,0.0,122.0,grass_shrub,7933.0,223.0,212.0,0.0,2912.0,112.0,0.0
fire_01231,Power Fire,2020-07-11,2020,7,37.1487,-119.50307,108.0,4.691347882229144,D,Medium,96.9928571428571,60.607142857142904,2.9457142857142853,2.3285714285714287,14.457142857142856,1.4,83.0,58.0,5.785714285714286,8.169999999999998,322.32495,7.0,-0.3090169943749475,-0.9510565162951536,1,D1,1.0,1.0,1.0,0.0,0.0,98.0,nonburnable_or_other,7292.0,11.0,11.0,0.0,11.0,11.0,0.0
fire_01232,Elliot Fire,2020-07-13,2020,7,33.623968,-117.108421,2.0,1.0986122886681098,B,Small,98.99857142857147,61.55857142857144,2.7657142857142856,2.757142857142857,17.085714285714285,1.2,59.71428571428572,46.0,9.271428571428572,11.583333333333336,439.60855,2.0,-0.8290375725550417,-0.5591929034707467,-1,,0.0,0.0,0.0,0.0,0.0,122.0,grass_shrub,7092.0,216.0,213.0,0.0,2092.0,111.0,0.0
fire_01233,Robinson Fire,2020-07-13,2020,7,39.43227,-121.37994,33.0,3.5263605246161616,C,Small,94.91000000000008,63.35857142857144,2.9228571428571426,1.8571428571428568,16.34285714285714,0.0,82.28571428571429,52.71428571428572,5.457142857142857,8.986666666666668,436.17386,3.0,0.3583679495453004,0.9335804264972016,2,D2,2.0,1.0,1.0,1.0,0.0,186.0,timber_litter,9301.0,344.0,302.0,45.0,2264.0,104.0,1.0
fire_01234,Casino Fire,2020-07-13,2020,7,33.48429,-116.83552,91.0,4.5217885770490405,C,Small,98.15,58.6785714285715,2.934285714285714,2.871428571428571,12.914285714285713,0.0,70.0,54.142857142857146,7.07142857142857,10.463333333333331,866.0567,4.0,0.2079116908177594,-0.9781476007338056,-1,,0.0,0.0,0.0,0.0,0.0,122.0,grass_shrub,7092.0,217.0,212.0,0.0,2092.0,111.0,0.0
fire_01235,Mineral Fire,2020-07-13,2020,7,36.09493,-120.52193,29667.0,10.29782430285645,G,Extreme,96.7357142857143,66.41857142857152,3.3628571428571425,2.9142857142857146,9.028571428571428,0.0,82.85714285714286,60.285714285714285,4.742857142857142,8.853333333333332,472.78995,4.0,-0.6018150231520483,-0.7986355100472928,0,D0,0.0,1.0,0.0,0.0,0.0,122.0,grass_shrub,9337.0,230.0,211.0,0.0,2270.0,113.0,0.0
fire_01236,Coyote Fire,2020-07-15,2020,7,36.653,-121.04401,1485.0,7.303843225277705,F,Large,93.28999999999992,60.63285714285722,2.7357142857142853,3.9,13.171428571428567,0.0,79.57142857142857,64.28571428571429,5.557142857142857,8.620000000000001,631.7976,4.0,-0.8191520442889918,-0.5735764363510462,0,D0,0.0,1.0,0.0,0.0,0.0,102.0,grass,9301.0,337.0,303.0,0.0,2270.0,123.0,0.0
fire_01237,Ben Fire,2020-07-15,2020,7,37.42319,-119.95807,48.0,3.8918202981106265,C,Small,97.30142857142864,65.23571428571441,3.001428571428572,1.442857142857143,15.8,0.0,82.0,49.71428571428572,5.928571428571429,8.343333333333334,474.13113,5.0,0.6691306063588578,-0.7431448254773946,1,D1,1.0,1.0,1.0,0.0,0.0,91.0,nonburnable_or_other,7299.0,25.0,25.0,0.0,2905.0,25.0,0.0
fire_01238,Valley Fire ,2020-07-15,2020,7,39.10112,-121.33589,500.0,6.2166061010848646,E,Medium,97.53285714285722,63.3071428571428,3.121428571428571,2.0000000000000004,12.971428571428572,0.0,87.71428571428571,57.57142857142857,5.271428571428571,7.3,78.412445,2.0,0.4226182617406996,-0.9063077870366498,2,D2,2.0,1.0,1.0,1.0,0.0,91.0,nonburnable_or_other,7299.0,25.0,25.0,0.0,2905.0,25.0,0.0
fire_01239,Hollow Fire,2020-07-16,2020,7,37.64044,-121.59374,253.0,5.537334267018537,D,Medium,94.34428571428575,66.5214285714287,3.001428571428572,4.0,15.185714285714283,0.0,81.71428571428571,59.42857142857143,5.3,7.723333333333332,287.7227,4.0,0.2756373558169991,0.9612616959383188,1,D1,1.0,1.0,1.0,0.0,0.0,102.0,grass,9301.0,332.0,304.0,0.0,2270.0,123.0,0.0
fire_01240,Pitzer Fire,2020-07-17,2020,7,34.39464,-116.97557,119.0,4.787491742782046,D,Medium,101.85285714285718,65.93000000000004,3.707142857142857,3.271428571428572,9.571428571428571,0.0,96.71428571428572,76.57142857142857,4.257142857142857,5.69,1162.9008,9.0,0.981627183447664,0.1908089953765448,-1,,0.0,0.0,0.0,0.0,0.0,142.0,shrub,7082.0,220.0,211.0,0.0,2082.0,112.0,0.0
fire_01241,Badger Fire,2020-07-18,2020,7,41.79319,-122.69296,557.0,6.324358962381311,E,Medium,91.54142857142855,61.147142857143024,2.35,2.671428571428572,20.685714285714287,0.0,71.28571428571429,47.57142857142857,6.7714285714285705,10.043333333333331,799.2179,3.0,-0.1908089953765448,0.981627183447664,3,D3,3.0,1.0,1.0,1.0,1.0,165.0,timber_understory,7028.0,152.0,124.0,55.0,2028.0,105.0,1.0
fire_01242,Hog Fire,2020-07-18,2020,7,40.420886,-120.86375,9564.0,9.165865881874351,G,Extreme,85.37000000000006,55.798571428571464,2.1185714285714288,3.514285714285714,14.57142857142857,0.0,81.42857142857143,67.28571428571429,5.557142857142857,8.96,1656.4977,5.0,-0.7313537016191705,0.6819983600624985,1,D1,1.0,1.0,1.0,0.0,0.0,165.0,timber_understory,7031.0,141.0,125.0,45.0,2031.0,104.0,1.0
fire_01243,Platina Fire,2020-07-19,2020,7,40.462621,-122.792645,333.0,5.811140992976701,E,Medium,91.15571428571425,60.787142857143046,2.091428571428572,2.585714285714286,25.31428571428572,0.0,68.14285714285714,44.42857142857143,7.557142857142857,10.153333333333332,796.5508,10.0,-0.1391731009600658,-0.9902680687415704,2,D2,2.0,1.0,1.0,1.0,0.0,145.0,shrub,7105.0,245.0,219.0,0.0,2105.0,114.0,0.0
fire_01244,Gold Fire,2020-07-20,2020,7,41.11037,-120.923293,22614.0,10.026368681911944,G,Extreme,90.71857142857152,54.66714285714288,2.301428571428572,2.928571428571428,16.185714285714283,0.0,74.42857142857143,57.142857142857146,6.714285714285715,10.113333333333337,1335.3191,2.0,0.6293203910498375,-0.7771459614569708,1,D1,1.0,1.0,1.0,0.0,0.0,141.0,shrub,7124.0,216.0,206.0,0.0,2124.0,111.0,0.0
fire_01245,Milepost 21 Fire,2020-07-20,2020,7,41.1849445,-123.6986222,100.0,4.61512051684126,D,Medium,97.22428571428568,59.88714285714305,2.654285714285714,3.442857142857143,23.214285714285715,0.0,64.14285714285714,44.42857142857143,7.814285714285715,11.196666666666667,129.4732,8.0,-0.3907311284892738,-0.9205048534524404,2,D2,2.0,1.0,1.0,1.0,0.0,98.0,nonburnable_or_other,7292.0,11.0,11.0,0.0,11.0,11.0,0.0
fire_01246,Feather Fire,2020-07-20,2020,7,39.506597,-121.604579,30.0,3.4339872044851463,C,Small,97.30142857142864,65.90428571428572,2.7885714285714287,1.7571428571428571,21.457142857142856,0.0,82.14285714285714,49.85714285714285,5.985714285714286,7.586666666666664,62.058582,1.0,-0.9510565162951536,0.3090169943749475,2,D2,2.0,1.0,1.0,1.0,0.0,102.0,grass,9301.0,331.0,303.0,0.0,2270.0,123.0,0.0
fire_01247,Holland Fire ,2020-07-20,2020,7,37.977309,-121.620238,75.0,4.330733340286331,C,Small,91.07857142857151,60.37571428571422,2.0471428571428576,4.285714285714286,24.457142857142856,0.0,75.57142857142857,67.57142857142857,8.214285714285714,7.553333333333333,0.36296543,0.0,0.1908089953765449,0.981627183447664,1,D1,1.0,1.0,1.0,0.0,0.0,98.0,nonburnable_or_other,7292.0,11.0,11.0,0.0,11.0,11.0,0.0
fire_01248,Easton Fire,2020-07-20,2020,7,34.135626,-117.192142,71.0,4.276666119016055,C,Small,92.54428571428573,64.41285714285726,2.552857142857143,3.357142857142857,15.9,0.0,81.57142857142857,65.57142857142857,5.928571428571429,8.41,444.74805,5.0,-0.8571673007021123,-0.5150380749100542,-1,,0.0,0.0,0.0,0.0,0.0,91.0,nonburnable_or_other,7296.0,22.0,22.0,0.0,2902.0,22.0,0.0
fire_01249,Rabbit Fire ,2020-07-20,2020,7,37.118075,-119.932391,135.0,4.912654885736052,D,Medium,100.79857142857146,66.2642857142857,3.071428571428572,2.5285714285714285,18.414285714285715,0.0,84.57142857142857,59.71428571428572,6.314285714285715,7.016666666666667,174.3122,2.0,-0.9945218953682732,-0.1045284632676535,1,D1,1.0,1.0,1.0,0.0,0.0,102.0,grass,9301.0,346.0,304.0,0.0,2270.0,124.0,0.0
fire_01250,Iris Fire,2020-07-21,2020,7,37.518879,-118.711135,120.0,4.795790545596741,D,Medium,75.03285714285722,50.21857142857152,1.5399999999999998,2.0000000000000004,17.857142857142858,2.6,84.85714285714286,54.85714285714285,5.842857142857143,7.026666666666667,2627.1526,14.0,0.0523359562429439,0.9986295347545738,1,D1,1.0,1.0,1.0,0.0,0.0,141.0,shrub,7079.0,239.0,205.0,0.0,2079.0,113.0,0.0
fire_01251,July Complex,2020-07-24,2020,7,41.699,-121.477,83261.0,11.329747541599064,G,Extreme,90.25571428571426,56.08142857142858,2.144285714285714,2.7285714285714286,20.2,2.5,65.57142857142857,43.285714285714285,7.557142857142857,10.903333333333334,1480.6072,5.0,0.0871557427476581,0.9961946980917455,2,D2,2.0,1.0,1.0,1.0,0.0,142.0,shrub,7126.0,222.0,206.0,25.0,2062.0,102.0,1.0
fire_01252,Jack Fire,2020-07-24,2020,7,33.93327,-117.033124,145.0,4.983606621708336,D,Medium,92.15857142857134,57.93285714285722,2.292857142857143,2.7285714285714286,17.785714285714285,0.0,73.0,54.42857142857143,7.485714285714286,10.006666666666668,725.7465,2.0,0.5877852522924729,-0.8090169943749476,-1,,0.0,0.0,0.0,0.0,0.0,101.0,grass,9301.0,347.0,302.0,0.0,2270.0,123.0,0.0
fire_01253,Hill Fire,2020-07-24,2020,7,39.013591,-122.359663,138.0,4.934473933130692,D,Medium,99.33285714285712,65.1071428571429,3.1385714285714283,2.1142857142857143,15.828571428571433,0.0,86.0,48.85714285714285,5.785714285714286,6.063333333333332,332.79724,1.0,0.6156614753256583,0.788010753606722,2,D2,2.0,1.0,1.0,1.0,0.0,91.0,nonburnable_or_other,7299.0,25.0,25.0,0.0,2905.0,25.0,0.0
fire_01254,Karen Fire,2020-07-25,2020,7,34.028116,-117.429598,250.0,5.525452939131784,D,Medium,90.46142857142851,59.8357142857144,1.741428571428571,3.071428571428572,27.62857142857143,0.0,56.42857142857143,45.42857142857143,11.499999999999998,11.446666666666664,328.42755,10.0,-0.9396926207859084,0.3420201433256689,-1,,0.0,0.0,0.0,0.0,0.0,122.0,grass_shrub,7092.0,222.0,207.0,0.0,2092.0,112.0,0.0
fire_01255,Ione Fire ,2020-07-26,2020,7,38.420382,-121.044895,51.0,3.951243718581428,C,Small,92.57000000000006,59.1928571428572,2.205714285714285,3.2,22.15714285714285,0.0,74.71428571428571,58.85714285714285,8.62857142857143,7.353333333333333,57.786217,0.0,-0.3255681544571566,-0.9455185755993168,1,D1,1.0,1.0,1.0,0.0,0.0,122.0,grass_shrub,9829.0,343.0,304.0,0.0,2280.0,124.0,0.0
fire_01256,Cottonwood Fire,2020-07-27,2020,7,37.083806,-121.101634,788.0,6.670766320845874,E,Medium,89.09857142857146,60.19571428571428,2.0185714285714287,3.257142857142857,22.87142857142857,0.0,70.14285714285714,50.142857142857146,8.928571428571427,7.616666666666668,202.44566,6.0,-0.9781476007338056,-0.2079116908177595,0,D0,0.0,1.0,0.0,0.0,0.0,98.0,nonburnable_or_other,7292.0,11.0,11.0,0.0,11.0,11.0,0.0
fire_01257,Ridge Fire,2020-07-27,2020,7,34.75844,-118.72004,321.0,5.7745515455444085,E,Medium,89.43285714285722,60.40142857142864,2.4842857142857144,3.3285714285714287,13.742857142857142,0.0,90.57142857142856,71.57142857142857,5.271428571428571,6.309999999999998,1113.3228,14.0,0.8660254037844387,0.4999999999999999,-1,,0.0,0.0,0.0,0.0,0.0,122.0,grass_shrub,7092.0,223.0,213.0,0.0,2092.0,112.0,0.0
fire_01259,Border 11 Fire,2020-07-28,2020,7,32.62212,-116.77048,100.0,4.61512051684126,D,Medium,87.50428571428583,54.79571428571438,1.5214285714285711,2.485714285714286,29.985714285714288,0.9,49.142857142857146,38.285714285714285,13.142857142857142,12.830000000000002,444.77493,4.0,0.4539904997395468,0.8910065241883678,-1,,0.0,0.0,0.0,0.0,0.0,102.0,grass,7129.0,343.0,302.0,0.0,2129.0,124.0,0.0
fire_01260,Branch Fire,2020-07-28,2020,7,35.35146,-120.00521,3222.0,8.078067881815437,F,Large,91.74714285714302,56.338571428571484,2.2142857142857144,3.985714285714285,19.24285714285714,0.0,73.28571428571429,64.71428571428571,8.314285714285713,8.566666666666665,609.5446,1.0,-0.8290375725550417,-0.5591929034707467,-1,,0.0,0.0,0.0,0.0,0.0,102.0,grass,9301.0,338.0,303.0,0.0,2270.0,123.0,0.0
fire_01261,Brook Fire,2020-07-29,2020,7,34.25143,-117.45479,185.0,5.225746673713202,D,Medium,89.2785714285715,56.13285714285722,2.1557142857142857,2.8000000000000003,17.314285714285713,0.0,77.57142857142857,58.0,7.271428571428571,8.500000000000002,804.85205,12.0,0.5446390350150271,0.838670567945424,-1,,0.0,0.0,0.0,0.0,0.0,145.0,shrub,7110.0,241.0,219.0,0.0,2110.0,114.0,0.0
fire_01262,Clay Fire,2020-07-29,2020,7,38.40329,-121.17197,741.0,6.60934924316738,E,Medium,94.62714285714286,59.75857142857144,2.52,3.614285714285714,17.857142857142858,0.0,76.28571428571429,63.85714285714285,8.22857142857143,7.1933333333333325,41.302837,0.0,-0.8191520442889918,-0.5735764363510462,2,D2,2.0,1.0,1.0,1.0,0.0,102.0,grass,9301.0,347.0,304.0,0.0,2270.0,124.0,0.0
fire_01263,Rabbit Fire,2020-07-30,2020,7,33.934137,-117.034461,104.0,4.653960350157523,D,Medium,92.67285714285714,57.110000000000085,2.341428571428571,2.4,17.285714285714285,0.0,72.71428571428571,51.85714285714285,8.085714285714285,9.48333333333333,725.7465,2.0,0.5877852522924729,-0.8090169943749476,-1,,0.0,0.0,0.0,0.0,0.0,101.0,grass,9301.0,347.0,302.0,0.0,2270.0,123.0,0.0
fire_01264,Dam Fire,2020-07-30,2020,7,34.17363,-117.889503,220.0,5.3981627015177525,D,Medium,86.27000000000007,62.58714285714304,2.075714285714286,2.457142857142857,20.542857142857144,0.0,78.42857142857143,55.142857142857146,6.828571428571429,8.363333333333335,440.71005,14.0,-0.898794046299167,0.4383711467890773,-1,,0.0,0.0,0.0,0.0,0.0,141.0,shrub,7110.0,235.0,214.0,0.0,2110.0,114.0,0.0
fire_01265,Sheep Fire,2020-07-30,2020,7,35.14357,-118.7933,233.0,5.455321115357702,D,Medium,99.59000000000002,71.17571428571432,3.52,2.628571428571429,13.1,0.0,95.14285714285714,67.71428571428571,4.857142857142857,5.323333333333333,255.52866,11.0,0.8290375725550418,-0.5591929034707466,-1,,0.0,0.0,0.0,0.0,0.0,121.0,grass_shrub,9301.0,329.0,303.0,0.0,2270.0,122.0,0.0
fire_01266,Apple Fire,2020-07-31,2020,7,33.99139,-116.9617,33424.0,10.417059401970144,G,Extreme,93.3928571428572,58.4214285714286,2.5471428571428567,2.471428571428571,14.385714285714286,0.0,77.57142857142857,55.71428571428572,7.042857142857143,8.926666666666668,1005.78577,7.0,-0.8660254037844386,-0.5000000000000001,-1,,0.0,0.0,0.0,0.0,0.0,145.0,shrub,7110.0,244.0,223.0,0.0,2110.0,114.0,0.0
fire_01267,Stump Fire,2020-08-01,2020,8,40.34659,-121.6415,684.0,6.529418838262226,E,Medium,85.19000000000003,57.16142857142862,2.0085714285714285,2.1,18.9,0.0,80.57142857142857,53.57142857142857,6.2,8.346666666666668,1489.5581,2.0,0.2588190451025203,-0.9659258262890684,1,D1,1.0,1.0,1.0,0.0,0.0,165.0,timber_understory,7028.0,150.0,125.0,55.0,2028.0,105.0,1.0
fire_01268,Castaic Fire,2020-08-01,2020,8,34.51853,-118.59699,178.0,5.187385805840755,D,Medium,94.44714285714302,60.63285714285722,2.567142857142857,2.8285714285714283,16.314285714285713,0.0,73.42857142857143,56.285714285714285,7.785714285714286,9.253333333333332,471.6043,7.0,0.2079116908177594,-0.9781476007338056,-1,,0.0,0.0,0.0,0.0,0.0,98.0,nonburnable_or_other,7292.0,11.0,11.0,0.0,11.0,11.0,0.0
fire_01269,Pond Fire,2020-08-01,2020,8,35.43128,-120.47346,2005.0,7.603897968521881,F,Large,95.52714285714286,52.147142857143024,2.3085714285714287,3.7571428571428567,17.54285714285714,0.0,54.0,48.57142857142857,12.3,11.253333333333336,470.3997,3.0,0.9612616959383188,0.2756373558169991,-1,,0.0,0.0,0.0,0.0,0.0,144.0,shrub,7105.0,227.0,222.0,0.0,2105.0,112.0,0.0
fire_01270,Sophia Fire,2020-08-02,2020,8,38.686478,-121.103299,36.0,3.610917912644224,C,Small,98.1500000000001,62.58714285714304,3.057142857142857,2.9714285714285715,13.814285714285717,0.0,83.57142857142857,64.14285714285714,6.228571428571429,7.063333333333334,165.92166,8.0,0.342020143325669,-0.9396926207859084,1,D1,1.0,1.0,1.0,0.0,0.0,101.0,grass,7913.0,16.0,16.0,0.0,2916.0,16.0,0.0
fire_01271,Water Fire,2020-08-02,2020,8,33.924086,-116.641846,52.0,3.970291913552122,C,Small,104.29571428571428,72.5642857142857,4.325714285714287,3.642857142857143,7.642857142857141,0.0,100.57142857142856,83.71428571428571,3.985714285714285,4.920000000000001,423.78912,7.0,-0.992546151641322,-0.1218693434051473,-1,,0.0,0.0,0.0,0.0,0.0,122.0,grass_shrub,9810.0,351.0,303.0,0.0,2275.0,125.0,0.0
fire_01272,North Fire,2020-08-02,2020,8,40.36764,-120.44811,6882.0,8.836809882398365,G,Extreme,94.62714285714286,53.09857142857146,2.7928571428571423,3.157142857142857,10.185714285714289,6.2,79.71428571428571,50.71428571428572,5.971428571428572,6.829999999999998,1247.2654,1.0,0.5446390350150271,0.838670567945424,1,D1,1.0,1.0,1.0,0.0,0.0,122.0,grass_shrub,9336.0,230.0,203.0,0.0,2282.0,113.0,0.0
fire_01273,Sites Fire ,2020-08-02,2020,8,39.31313,-122.48525,560.0,6.329720905522696,E,Medium,99.84714285714303,63.92428571428568,3.441428571428571,1.5857142857142856,10.2,0.0,87.28571428571429,46.142857142857146,5.142857142857143,6.186666666666667,385.90955,4.0,0.1045284632676529,-0.9945218953682734,2,D2,2.0,1.0,1.0,1.0,0.0,102.0,grass,9301.0,338.0,304.0,0.0,2270.0,123.0,0.0
fire_01274,Post Fire,2020-08-02,2020,8,34.04447,-118.21608,120.0,4.795790545596741,D,Medium,84.11000000000008,61.45571428571426,1.1971428571428573,2.1,39.48571428571429,0.0,42.142857142857146,30.142857142857142,14.542857142857144,12.906666666666668,94.11108,1.0,-0.4383711467890777,-0.8987940462991668,-1,,0.0,0.0,0.0,0.0,0.0,91.0,nonburnable_or_other,7299.0,25.0,25.0,0.0,2905.0,25.0,0.0
fire_01275,Beale Fire,2020-08-02,2020,8,39.11307,-121.38178,600.0,6.398594934535208,E,Medium,97.91857142857152,63.05,3.105714285714286,2.214285714285714,12.885714285714286,0.0,86.42857142857143,58.71428571428572,5.942857142857143,6.410000000000002,42.540634,1.0,0.0697564737441252,-0.9975640502598244,2,D2,2.0,1.0,1.0,1.0,0.0,91.0,nonburnable_or_other,7298.0,24.0,24.0,0.0,2904.0,24.0,0.0
fire_01276,Elsmere Fire,2020-08-03,2020,8,34.3428,-118.49731,200.0,5.303304908059076,D,Medium,94.88428571428577,63.59000000000002,2.5500000000000003,2.714285714285715,18.942857142857143,0.0,67.42857142857143,50.71428571428572,8.32857142857143,10.24,613.1372,8.0,0.0871557427476578,-0.9961946980917455,-1,,0.0,0.0,0.0,0.0,0.0,102.0,grass,9337.0,231.0,208.0,0.0,2270.0,113.0,0.0
fire_01277,Stagecoach Fire,2020-08-03,2020,8,35.43044,-118.53361,7760.0,8.95686647085414,G,Extreme,90.74428571428574,61.995714285714385,2.625714285714285,3.242857142857144,11.4,0.0,90.85714285714286,71.42857142857143,5.257142857142858,6.126666666666667,1075.4252,7.0,-0.8987940462991669,-0.4383711467890774,-1,,0.0,0.0,0.0,0.0,0.0,102.0,grass,7105.0,325.0,308.0,0.0,2105.0,111.0,0.0
fire_01278,Trimmer Fire,2020-08-04,2020,8,36.90933,-119.2439,594.0,6.38856140554563,E,Medium,99.5642857142858,69.11857142857153,3.424285714285714,2.128571428571429,12.414285714285713,0.0,90.28571428571428,60.285714285714285,5.042857142857143,6.476666666666668,379.24185,10.0,0.1908089953765451,-0.981627183447664,1,D1,1.0,1.0,1.0,0.0,0.0,122.0,grass_shrub,9337.0,235.0,214.0,25.0,2114.0,103.0,1.0
fire_01279,Pass Fire,2020-08-04,2020,8,35.61521,-120.40457,322.0,5.777652323222656,E,Medium,99.64142857142856,54.25571428571426,2.9457142857142857,3.271428571428572,11.642857142857142,0.0,65.57142857142857,54.57142857142857,9.1,9.976666666666665,393.67056,3.0,0.6946583704589973,0.7193398003386512,-1,,0.0,0.0,0.0,0.0,0.0,102.0,grass,9301.0,338.0,304.0,0.0,2270.0,123.0,0.0
fire_01280,Fort Fire,2020-08-06,2020,8,34.93929,-118.92967,277.0,5.627621113690637,D,Medium,88.68714285714304,65.08142857142857,2.664285714285714,3.557142857142857,13.471428571428572,0.0,93.28571428571428,75.42857142857143,5.028571428571429,5.319999999999998,482.15536,8.0,0.9945218953682732,0.1045284632676534,-1,,0.0,0.0,0.0,0.0,0.0,102.0,grass,9301.0,338.0,304.0,0.0,2270.0,123.0,0.0
fire_01281,Mina Fire,2020-08-10,2020,8,39.82454,-123.262437,177.0,5.181783550292085,D,Medium,94.96142857142863,55.13000000000004,2.441428571428572,5.971428571428571,18.62857142857143,0.0,68.57142857142857,63.71428571428572,9.028571428571428,8.586666666666666,448.4063,4.0,-0.882947592858927,0.4694715627858907,2,D2,2.0,1.0,1.0,1.0,0.0,102.0,grass,7131.0,343.0,303.0,0.0,2131.0,125.0,0.0
fire_01282,Duluth Fire,2020-08-10,2020,8,38.81111,-121.318472,65.0,4.189654742026425,C,Small,94.11285714285727,60.89000000000002,2.355714285714285,2.814285714285714,22.02857142857143,0.0,75.28571428571429,56.57142857142857,8.942857142857141,6.926666666666666,35.03182,0.0,-0.9702957262759964,-0.2419218955996675,2,D2,2.0,1.0,1.0,1.0,0.0,102.0,grass,9301.0,334.0,304.0,0.0,2270.0,123.0,0.0
fire_01283,R-1 Fire,2020-08-11,2020,8,40.590714,-120.549595,285.0,5.655991810819852,D,Medium,84.72714285714287,52.27571428571432,1.9942857142857144,3.3571428571428568,15.471428571428572,3.9,83.28571428571429,66.57142857142857,6.328571428571428,7.153333333333334,1898.1324,12.0,0.0174524064372831,-0.9998476951563912,1,D1,1.0,1.0,1.0,0.0,0.0,122.0,grass_shrub,7080.0,221.0,201.0,0.0,2080.0,113.0,0.0
fire_01284,Soda Fire,2020-08-12,2020,8,34.962524,-119.444977,424.0,6.052089168924417,E,Medium,88.14714285714302,58.08714285714284,2.3542857142857145,2.5428571428571423,15.614285714285714,0.0,91.14285714285714,63.85714285714285,5.742857142857142,5.246666666666668,879.6098,6.0,0.882947592858927,-0.4694715627858908,-1,,0.0,0.0,0.0,0.0,0.0,102.0,grass,9301.0,332.0,305.0,0.0,2270.0,123.0,0.0
fire_01285,Lake Fire,2020-08-12,2020,8,34.679,-118.452,31089.0,10.3446415030528,G,Extreme,85.70428571428562,65.28714285714284,2.352857142857143,4.142857142857143,17.11428571428571,0.0,90.14285714285714,77.85714285714286,5.6,5.7700000000000005,1044.7883,7.0,-0.7071067811865477,-0.7071067811865475,-1,,0.0,0.0,0.0,0.0,0.0,122.0,grass_shrub,7110.0,228.0,210.0,0.0,2110.0,112.0,0.0
fire_01286,Carrizo Fire,2020-08-12,2020,8,35.308259,-119.987565,183.0,5.214935757608986,D,Medium,93.44428571428574,56.13285714285712,2.3028571428571425,4.0,19.24285714285714,0.0,73.85714285714286,65.0,8.442857142857141,8.190000000000001,595.47217,0.0,-0.4226182617406993,0.90630778703665,-1,,0.0,0.0,0.0,0.0,0.0,102.0,grass,9301.0,332.0,304.0,0.0,2270.0,123.0,0.0
fire_01287,Meiss Fire,2020-08-13,2020,8,38.474502,-121.172572,512.0,6.240275845170769,E,Medium,93.93285714285712,60.7357142857143,2.322857142857143,3.4571428571428564,21.471428571428568,0.0,70.57142857142857,58.57142857142857,9.671428571428573,7.516666666666666,41.376434,0.0,-0.5150380749100543,0.8571673007021123,2,D2,2.0,1.0,1.0,1.0,0.0,102.0,grass,9301.0,343.0,303.0,0.0,2270.0,124.0,0.0
fire_01288,Ranch 2 Fire,2020-08-13,2020,8,34.160265,-117.910498,4237.0,8.351846738828245,F,Large,87.0928571428571,61.687142857143044,2.0385714285714287,2.571428571428572,20.985714285714288,0.0,72.14285714285714,52.71428571428572,8.37142857142857,8.443333333333333,265.29572,12.0,-0.981627183447664,-0.1908089953765447,-1,,0.0,0.0,0.0,0.0,0.0,101.0,grass,7092.0,230.0,211.0,0.0,2916.0,16.0,0.0
fire_01289,Clark Fire,2020-08-14,2020,8,39.647686,-121.633994,110.0,4.709530201312334,D,Medium,97.79000000000002,65.18428571428566,3.0042857142857144,2.3428571428571425,16.742857142857144,0.0,79.85714285714286,51.285714285714285,6.942857142857143,6.756666666666665,92.40382,1.0,-0.4383711467890777,-0.8987940462991668,2,D2,2.0,1.0,1.0,1.0,0.0,102.0,grass,9301.0,332.0,304.0,0.0,2270.0,126.0,0.0
fire_01290,Loyalton Fire,2020-08-14,2020,8,39.702438,-120.143473,47029.0,10.758540974939091,G,Extreme,80.81857142857152,50.65571428571436,1.7914285714285716,3.142857142857143,15.3,4.300000000000001,83.71428571428571,64.85714285714286,6.314285714285715,7.056666666666666,2353.2876,3.0,0.9205048534524404,0.3907311284892737,1,D1,1.0,1.0,1.0,0.0,0.0,141.0,shrub,7098.0,226.0,201.0,0.0,2098.0,114.0,0.0
fire_01291,Whale Fire,2020-08-15,2020,8,35.472114,-120.856731,320.0,5.771441123130016,E,Medium,81.97571428571432,55.38714285714305,1.3185714285714285,2.685714285714286,31.771428571428576,2.2,44.57142857142857,31.857142857142858,13.5,12.97,111.8946,2.0,-0.3746065934159123,-0.9271838545667872,-1,,0.0,0.0,0.0,0.0,0.0,123.0,grass_shrub,7113.0,142.0,129.0,45.0,2113.0,104.0,1.0
fire_01292,Hills Fire,2020-08-15,2020,8,36.09876,-120.427342,2121.0,7.660114319173928,F,Large,100.15571428571425,62.4071428571429,3.031428571428572,2.857142857142857,16.071428571428573,0.0,78.14285714285714,59.285714285714285,8.042857142857143,6.956666666666668,318.36334,5.0,-0.6560590289905072,0.7547095802227721,0,D0,0.0,1.0,0.0,0.0,0.0,144.0,shrub,7105.0,220.0,211.0,0.0,2105.0,112.0,0.0
fire_01293,3-2 Fire,2020-08-16,2020,8,35.519723,-120.801074,20.0,3.044522437723423,C,Small,87.91571428571434,55.31000000000008,1.8671428571428568,2.5142857142857147,22.9,3.0,52.142857142857146,35.142857142857146,11.8,11.636666666666663,397.29138,3.0,0.9993908270190958,-0.0348994967025008,-1,,0.0,0.0,0.0,0.0,0.0,165.0,timber_understory,7114.0,140.0,135.0,45.0,2114.0,104.0,1.0
fire_01294,Elk Fire,2020-08-16,2020,8,39.52452,-122.427358,727.0,6.590301048196686,E,Medium,101.85285714285718,68.39857142857146,3.5442857142857145,2.4571428571428577,13.471428571428572,0.0,84.85714285714286,60.142857142857146,6.385714285714285,6.430000000000001,294.64276,3.0,0.9743700647852352,-0.2249510543438653,2,D2,2.0,1.0,1.0,1.0,0.0,144.0,shrub,7114.0,130.0,121.0,35.0,2114.0,103.0,1.0
fire_01295,River Fire,2020-08-16,2020,8,36.60239,-121.62161,48088.0,10.780808739711564,G,Extreme,82.9785714285715,59.86142857142862,1.5385714285714285,2.3714285714285714,34.32857142857143,0.0,48.71428571428572,33.285714285714285,12.128571428571432,12.166666666666664,23.744255,3.0,0.8746197071393957,0.484809620246337,-1,,0.0,0.0,0.0,0.0,0.0,98.0,nonburnable_or_other,7292.0,11.0,11.0,0.0,11.0,11.0,0.0
fire_01296,August Complex (includes Doe Fire),2020-08-16,2020,8,39.776,-122.673,1032648.0,13.847637903333007,G,Extreme,88.8928571428571,69.35000000000011,2.7871428571428574,2.271428571428572,14.714285714285714,0.0,85.42857142857143,49.71428571428572,5.2142857142857135,6.483333333333334,1405.5464,13.0,-0.1045284632676535,0.9945218953682732,2,D2,2.0,1.0,1.0,1.0,0.0,142.0,shrub,7098.0,231.0,215.0,35.0,2028.0,106.0,1.0
fire_01297,Jones Fire,2020-08-17,2020,8,39.29241,-121.100352,705.0,6.559615237493242,E,Medium,100.13000000000004,68.8357142857144,3.482857142857142,2.5142857142857147,14.828571428571427,0.0,87.57142857142857,61.85714285714285,5.6000000000000005,6.450000000000001,410.538,4.0,0.1908089953765451,-0.981627183447664,1,D1,1.0,1.0,1.0,0.0,0.0,122.0,grass_shrub,7029.0,145.0,114.0,45.0,2029.0,104.0,1.0
fire_01298,4-8 Fire,2020-08-17,2020,8,39.555943,-122.5012461,275.0,5.62040086571715,D,Medium,100.10428571428562,67.11285714285717,3.2357142857142853,2.4857142857142853,15.599999999999998,0.0,80.0,48.42857142857143,6.471428571428572,6.669999999999999,387.87656,2.0,0.6156614753256585,-0.7880107536067218,2,D2,2.0,1.0,1.0,1.0,0.0,144.0,shrub,7114.0,131.0,120.0,35.0,2114.0,103.0,1.0
fire_01299,Holser Fire,2020-08-17,2020,8,34.438759,-118.758965,3000.0,8.006700845440367,F,Large,96.17000000000006,68.0642857142858,2.901428571428572,2.8000000000000003,16.900000000000002,0.0,74.14285714285714,55.71428571428572,6.985714285714286,9.236666666666668,261.3075,3.0,-0.8191520442889919,0.5735764363510459,-1,,0.0,0.0,0.0,0.0,0.0,91.0,nonburnable_or_other,7299.0,25.0,25.0,0.0,2905.0,25.0,0.0
fire_01300,Murphy Fire,2020-08-17,2020,8,38.840068,-120.876546,14.0,2.70805020110221,C,Small,98.2785714285714,69.6071428571429,3.432857142857143,2.6000000000000005,13.514285714285714,0.0,88.71428571428571,63.57142857142857,5.442857142857143,6.176666666666667,549.1595,1.0,-0.6819983600624986,-0.7313537016191705,1,D1,1.0,1.0,1.0,0.0,0.0,145.0,shrub,7105.0,251.0,222.0,0.0,2105.0,115.0,0.0
fire_01301,CZU Lightning Complex (Including Warnella Fire) ,2020-08-16,2020,8,37.17162,-122.22275,86509.0,11.36801529317442,G,Extreme,91.79857142857156,66.34142857142866,2.4971428571428573,2.628571428571429,19.9,4.800000000000001,62.285714285714285,39.57142857142857,8.514285714285716,9.696666666666664,325.49774,1.0,-0.90630778703665,0.4226182617406995,1,D1,1.0,1.0,1.0,0.0,0.0,185.0,timber_litter,7128.0,249.0,225.0,45.0,2015.0,107.0,1.0
fire_01302,SCU Lightning Complex,2020-08-16,2020,8,37.439437,-121.30435,396624.0,12.890746528885495,G,Extreme,98.5357142857144,70.6357142857143,3.3200000000000003,3.428571428571428,15.028571428571428,0.0,79.28571428571429,57.42857142857143,6.7,6.84,265.7077,5.0,0.0174524064372836,0.9998476951563912,1,D1,1.0,1.0,1.0,0.0,0.0,144.0,shrub,9301.0,336.0,303.0,0.0,2105.0,113.0,0.0
fire_01303,Carmel Fire,2020-08-18,2020,8,36.4463,-121.68181,6901.0,8.839566503657949,G,Extreme,95.52714285714296,60.7357142857144,2.461428571428572,3.3857142857142857,22.37142857142857,0.0,49.0,40.42857142857143,11.55714285714286,13.286666666666669,240.90436,6.0,0.8090169943749475,0.5877852522924731,-1,,0.0,0.0,0.0,0.0,0.0,186.0,timber_litter,7113.0,154.0,121.0,55.0,2113.0,105.0,1.0
fire_01304,3-19 Fire,2020-08-18,2020,8,39.276,-123.013667,62.0,4.143134726391533,C,Small,92.62142857142871,65.80142857142864,2.764285714285714,2.971428571428572,16.02857142857143,4.2,77.71428571428571,43.0,5.928571428571429,7.049999999999999,908.7941,8.0,-1.8369701987210287e-16,-1.0,2,D2,2.0,1.0,1.0,1.0,0.0,102.0,grass,9301.0,338.0,304.0,0.0,2270.0,125.0,0.0
fire_01305,Salt Fire,2020-08-18,2020,8,38.027921,-120.763258,1783.0,7.486613313139955,F,Large,101.85285714285729,71.9214285714287,3.571428571428572,2.857142857142857,15.185714285714289,0.0,80.57142857142857,60.71428571428572,6.614285714285715,7.249999999999998,327.65894,3.0,0.848048096156426,0.5299192642332049,1,D1,1.0,1.0,1.0,0.0,0.0,102.0,grass,9301.0,330.0,304.0,0.0,2270.0,123.0,0.0
fire_01306,Creek Fire,2020-08-18,2020,8,39.8174372,-123.2111007,820.0,6.710523109452428,E,Medium,99.10142857142864,58.47285714285714,2.9914285714285715,3.0857142857142863,15.114285714285714,1.8,71.57142857142857,43.0,6.828571428571428,8.34,424.74976,8.0,-0.8987940462991669,-0.4383711467890774,2,D2,2.0,1.0,1.0,1.0,0.0,91.0,nonburnable_or_other,7299.0,25.0,25.0,0.0,2905.0,25.0,0.0
fire_01307,LNU Lightning Complex,2020-08-17,2020,8,38.48193,-122.14864,363220.0,12.80276674342106,G,Extreme,99.1785714285714,65.31285714285727,3.1900000000000004,4.042857142857143,15.114285714285712,0.0,74.28571428571429,59.142857142857146,7.1000000000000005,8.066666666666666,302.8928,9.0,0.4694715627858904,-0.8829475928589271,2,D2,2.0,1.0,1.0,1.0,0.0,103.0,grass,7105.0,233.0,219.0,0.0,2105.0,115.0,0.0
fire_01308,Butte/Tehama/Glenn Lightning Complex (Tehama/Glenn Zone) ,2020-08-17,2020,8,40.09571,-122.4393,19609.0,9.883794919190391,G,Extreme,102.41857142857143,71.20142857142864,3.685714285714286,2.8428571428571425,14.928571428571429,0.3,81.71428571428571,49.85714285714285,5.985714285714287,6.580000000000001,167.6304,1.0,0.4848096202463371,0.8746197071393957,2,D2,2.0,1.0,1.0,1.0,0.0,102.0,grass,7980.0,137.0,113.0,35.0,2960.0,103.0,1.0
fire_01309,Flint Fire,2020-08-19,2020,8,38.03106,-120.85258,55.0,4.02535169073515,C,Small,104.78428571428576,69.35000000000011,3.7085714285714286,3.0571428571428574,13.985714285714286,0.0,76.85714285714286,60.142857142857146,7.228571428571429,7.88,113.816536,1.0,-0.1908089953765446,-0.981627183447664,1,D1,1.0,1.0,1.0,0.0,0.0,102.0,grass,9301.0,331.0,305.0,0.0,2270.0,123.0,0.0
fire_01310,Moc Fire,2020-08-20,2020,8,37.813779,-120.312565,2857.0,7.957877358489813,F,Large,102.36714285714288,71.92142857142849,3.5800000000000005,5.471428571428571,14.442857142857145,0.0,83.57142857142857,84.85714285714286,6.214285714285714,6.886666666666668,314.91272,10.0,0.838670567945424,0.5446390350150271,1,D1,1.0,1.0,1.0,0.0,0.0,186.0,timber_litter,7264.0,143.0,129.0,45.0,2264.0,104.0,1.0
fire_01311,Volcano Fire,2020-08-20,2020,8,33.454896,-117.328234,45.0,3.828641396489095,C,Small,97.30142857142864,67.9357142857144,2.0042857142857144,2.9,30.8,0.0,44.285714285714285,35.57142857142857,13.157142857142857,13.79,168.86441,5.0,-0.9455185755993168,0.3255681544571566,-1,,0.0,0.0,0.0,0.0,0.0,145.0,shrub,7110.0,259.0,230.0,0.0,2110.0,115.0,0.0
fire_01312,Coyote Fire,2020-08-21,2020,8,37.18725,-121.68465,143.0,4.969813299576001,D,Medium,99.4357142857144,66.3928571428572,2.97,5.142857142857143,14.514285714285714,0.0,62.142857142857146,59.285714285714285,8.27142857142857,11.116666666666667,172.07567,12.0,-0.3583679495453007,-0.9335804264972016,1,D1,1.0,1.0,1.0,0.0,0.0,102.0,grass,9301.0,334.0,303.0,0.0,2270.0,123.0,0.0
fire_01313,Sheep Fire ,2020-08-22,2020,8,40.274,-120.757,29570.0,10.294549430333548,G,Extreme,82.61857142857153,61.48142857142858,2.015714285714286,4.242857142857143,18.500000000000004,2.8,81.57142857142857,65.14285714285714,6.142857142857143,6.756666666666667,1640.8619,10.0,-0.3255681544571566,-0.9455185755993168,1,D1,1.0,1.0,1.0,0.0,0.0,141.0,shrub,7098.0,231.0,212.0,0.0,2098.0,113.0,0.0
fire_01314,Woodward Fire,2020-08-18,2020,8,38.018089,-122.836701,4929.0,8.503094267036737,F,Large,81.38428571428577,57.70142857142864,1.3242857142857145,3.7428571428571424,38.12857142857143,2.8,35.714285714285715,20.571428571428573,13.214285714285714,15.483333333333333,135.24759,10.0,-0.3420201433256685,-0.9396926207859084,2,D2,2.0,1.0,1.0,1.0,0.0,188.0,timber_litter,7043.0,144.0,114.0,55.0,2043.0,105.0,1.0
fire_01315,Placer Fire,2020-08-25,2020,8,35.4335197,-120.1243296,53.0,3.9889840465642745,C,Small,98.5357142857144,68.27000000000007,3.037142857142857,4.628571428571428,17.085714285714285,1.3,79.0,74.14285714285714,6.785714285714285,7.81,597.96027,3.0,0.2079116908177594,-0.9781476007338056,-1,,0.0,0.0,0.0,0.0,0.0,99.0,nonburnable_or_other,9062.0,31.0,31.0,0.0,31.0,31.0,0.0
fire_01316,R-8 Pinecone Fire ,2020-08-26,2020,8,40.773,-120.536,567.0,6.342121418721152,E,Medium,80.97285714285714,51.14428571428574,1.8014285714285714,3.214285714285714,15.814285714285717,12.6,78.0,61.71428571428572,6.699999999999998,7.44,1907.7332,6.0,-0.8746197071393959,-0.4848096202463369,1,D1,1.0,1.0,1.0,0.0,0.0,121.0,grass_shrub,7123.0,346.0,302.0,0.0,2080.0,113.0,0.0
fire_01317,Perry Fire,2020-08-26,2020,8,38.8825,-121.10411,9.0,2.302585092994046,B,Small,93.41857142857152,69.58142857142857,2.8428571428571425,2.685714285714285,18.214285714285715,0.0,88.71428571428571,63.42857142857143,5.42857142857143,6.040000000000001,300.41998,5.0,0.6691306063588578,-0.7431448254773946,1,D1,1.0,1.0,1.0,0.0,0.0,91.0,nonburnable_or_other,7299.0,25.0,25.0,0.0,2905.0,25.0,0.0
fire_01318,Johnson Fire ,2020-08-28,2020,8,34.65979,-118.36411,290.0,5.673323267171493,D,Medium,90.23000000000005,69.68428571428576,2.2285714285714286,4.242857142857143,26.985714285714288,0.0,81.42857142857143,70.28571428571429,7.542857142857143,5.74,1078.1672,1.0,-0.9975640502598242,-0.0697564737441252,-1,,0.0,0.0,0.0,0.0,0.0,102.0,grass,7110.0,233.0,215.0,0.0,2129.0,125.0,0.0
fire_01319,Hensley Fire ,2020-08-30,2020,8,37.08053,-119.88673,400.0,5.993961427306569,E,Medium,98.25285714285728,70.78999999999992,2.7785714285714285,2.4714285714285715,23.58571428571429,0.0,77.28571428571429,54.57142857142857,8.128571428571428,6.753333333333332,130.07088,2.0,-0.0348994967025007,-0.9993908270190958,1,D1,1.0,1.0,1.0,0.0,0.0,102.0,grass,9301.0,357.0,304.0,0.0,2270.0,125.0,0.0
fire_01320,Catholic Fire,2020-09-01,2020,9,39.012743,-122.637037,13.0,2.6390573296152584,C,Small,92.59571428571438,63.38428571428576,2.545714285714286,3.099999999999999,16.757142857142856,1.8,78.42857142857143,53.142857142857146,7.042857142857143,6.720000000000001,500.19608,6.0,0.8660254037844384,-0.5000000000000004,2,D2,2.0,1.0,1.0,1.0,0.0,145.0,shrub,7105.0,256.0,219.0,0.0,2105.0,115.0,0.0
fire_01321,Creek Fire,2020-09-04,2020,9,37.19147,-119.261175,379895.0,12.847652810033685,G,Extreme,81.8214285714287,64.56714285714298,2.138571428571429,1.9285714285714288,17.2,0.0,88.14285714285714,56.0,5.742857142857142,5.760000000000001,1432.1698,22.0,0.9986295347545738,-0.0523359562429443,1,D1,1.0,1.0,1.0,0.0,0.0,142.0,shrub,7105.0,234.0,213.0,35.0,2027.0,105.0,1.0
fire_01322,El Dorado Fire,2020-09-05,2020,9,34.08056,-116.98669,22744.0,10.032100620004105,G,Extreme,85.06142857142862,64.10428571428582,2.407142857142857,3.071428571428572,11.900000000000002,3.2,90.42857142857144,69.42857142857143,4.957142857142857,5.846666666666667,1593.4579,4.0,-0.2923717047227371,-0.9563047559630352,0,D0,0.0,1.0,0.0,0.0,0.0,121.0,grass_shrub,7097.0,227.0,216.0,45.0,2914.0,14.0,1.0
fire_01323,Valley Fire,2020-09-05,2020,9,32.765615,-116.692705,16390.0,9.70448768268936,G,Extreme,87.0928571428572,61.5071428571429,1.907142857142857,3.3285714285714287,25.61428571428572,0.0,68.28571428571429,51.285714285714285,8.414285714285715,8.706666666666667,738.3564,8.0,0.9993908270190958,-0.0348994967025008,-1,,0.0,0.0,0.0,0.0,0.0,102.0,grass,7987.0,335.0,304.0,0.0,2967.0,123.0,0.0
fire_01324,Oak Fire,2020-09-07,2020,9,39.4935,-123.3965,1100.0,7.00397413672268,F,Large,85.5500000000001,54.77000000000006,1.9285714285714288,3.7,19.4,2.4,68.28571428571429,49.142857142857146,7.899999999999999,9.153333333333334,589.7855,11.0,-0.3090169943749473,0.9510565162951536,2,D2,2.0,1.0,1.0,1.0,0.0,121.0,grass_shrub,7105.0,223.0,216.0,0.0,2917.0,17.0,0.0
fire_01325,Willow Fire,2020-09-09,2020,9,39.3637,-121.32361,1311.0,7.179307969504034,F,Large,96.17000000000006,67.65285714285729,3.3314285714285714,3.028571428571429,10.94285714285714,0.0,90.85714285714286,70.28571428571429,5.242857142857143,5.883333333333335,420.98654,3.0,-0.6156614753256583,0.788010753606722,2,D2,2.0,1.0,1.0,1.0,0.0,163.0,timber_understory,9302.0,142.0,115.0,35.0,2271.0,104.0,1.0
fire_01326,Sperry Fire,2020-09-08,2020,9,37.46377,-121.18018,45.0,3.828641396489095,C,Small,97.12142857142871,66.49571428571439,3.105714285714286,3.671428571428572,14.914285714285713,0.0,76.57142857142857,58.57142857142857,7.1000000000000005,7.31,94.70874,5.0,0.3907311284892737,0.9205048534524404,1,D1,1.0,1.0,1.0,0.0,0.0,102.0,grass,9301.0,339.0,304.0,0.0,2270.0,123.0,0.0
fire_01327,Schoolhouse Fire,2020-09-09,2020,9,41.68229,-122.84057,45.0,3.828641396489095,C,Small,94.34428571428575,60.530000000000044,2.8885714285714283,3.085714285714286,9.885714285714286,0.0,81.71428571428571,57.0,5.6571428571428575,7.929999999999999,1043.3707,7.0,-0.8191520442889918,-0.5735764363510462,3,D3,3.0,1.0,1.0,1.0,1.0,144.0,shrub,7105.0,238.0,223.0,0.0,2105.0,113.0,0.0
fire_01328,Shackleford Fire,2020-09-11,2020,9,41.575549,-123.021635,50.0,3.9318256327243257,C,Small,87.37571428571432,60.761428571428624,2.6228571428571428,3.114285714285714,8.3,0.0,86.14285714285714,58.0,4.671428571428572,7.233333333333333,1322.4532,21.0,-0.5591929034707467,0.8290375725550417,3,D3,3.0,1.0,1.0,1.0,1.0,165.0,timber_understory,7028.0,158.0,125.0,45.0,2028.0,105.0,1.0
fire_01329,Bullfrog Fire,2020-09-12,2020,9,37.135474,-119.027309,1185.0,7.078341579557671,F,Large,66.34142857142857,50.3214285714286,1.4,3.314285714285714,13.214285714285714,0.0,89.85714285714286,70.71428571428571,4.6571428571428575,6.4300000000000015,2725.8218,13.0,-0.3907311284892738,0.9205048534524404,1,D1,1.0,1.0,1.0,0.0,0.0,101.0,grass,7098.0,223.0,204.0,0.0,2098.0,112.0,0.0
fire_01330,Fox Fire,2020-09-16,2020,9,41.211022,-122.847359,2188.0,7.691200097522863,F,Large,71.81857142857152,52.14714285714282,1.4657142857142855,2.857142857142857,14.585714285714284,2.7,77.85714285714286,49.57142857142857,5.299999999999999,9.186666666666666,2063.122,12.0,0.838670567945424,0.5446390350150271,3,D3,3.0,1.0,1.0,1.0,1.0,161.0,timber_understory,7044.0,136.0,113.0,35.0,2044.0,103.0,1.0
fire_01331,San Antonio Fire ,2020-09-16,2020,9,34.773809,-120.491594,111.0,4.718498871295094,D,Medium,73.46428571428581,51.24714285714282,0.6357142857142858,3.842857142857143,46.114285714285714,0.0,34.57142857142857,32.57142857142857,16.514285714285712,14.87,88.53194,4.0,0.8571673007021123,0.5150380749100542,-1,,0.0,0.0,0.0,0.0,0.0,122.0,grass_shrub,9829.0,342.0,303.0,0.0,2280.0,124.0,0.0
fire_01332,Snow Fire ,2020-09-17,2020,9,33.88831,-116.68386,6254.0,8.741136422901011,G,Extreme,92.90428571428582,69.94142857142856,3.3999999999999995,2.185714285714285,6.742857142857142,1.3,101.71428571428572,68.85714285714286,3.7,4.8100000000000005,499.58334,24.0,0.5591929034707468,0.8290375725550417,0,D0,0.0,1.0,0.0,0.0,0.0,122.0,grass_shrub,9810.0,338.0,304.0,0.0,2275.0,123.0,0.0
fire_01333,Glass Fire,2020-09-27,2020,9,38.56295,-122.49745,67484.0,11.119660629943382,G,Extreme,87.0928571428572,53.150000000000105,1.6685714285714286,4.4,23.08571428571429,0.0,55.71428571428572,48.142857142857146,12.457142857142856,9.066666666666665,185.62848,16.0,-0.7431448254773942,-0.6691306063588582,2,D2,2.0,1.0,1.0,1.0,0.0,121.0,grass_shrub,7921.0,128.0,108.0,0.0,2917.0,17.0,0.0
fire_01334,Zogg Fire,2020-09-27,2020,9,40.53927,-122.56656,56338.0,10.93914229189407,G,Extreme,84.85571428571426,59.93857142857148,1.9985714285714289,2.585714285714286,21.02857142857143,0.0,78.42857142857143,46.85714285714285,7.399999999999999,6.143333333333333,553.1449,12.0,-0.7193398003386513,0.6946583704589971,2,D2,2.0,1.0,1.0,1.0,0.0,184.0,timber_litter,7105.0,238.0,215.0,55.0,2030.0,105.0,1.0
fire_01335,Martindale Fire ,2020-09-28,2020,9,34.563,-118.4,230.0,5.442417710521793,D,Medium,84.9071428571429,58.78142857142858,2.0685714285714285,2.185714285714286,16.2,0.0,87.42857142857143,58.285714285714285,6.3571428571428585,6.23,891.6323,7.0,0.3583679495453004,-0.9335804264972016,-1,,0.0,0.0,0.0,0.0,0.0,145.0,shrub,7110.0,236.0,215.0,0.0,2110.0,113.0,0.0
fire_01336,Candy Fire,2020-09-29,2020,9,33.764357,-117.374419,454.0,6.12029741895095,E,Medium,89.09857142857156,63.53857142857148,2.127142857142857,2.357142857142857,21.857142857142858,0.0,74.0,51.71428571428572,8.085714285714285,8.646666666666668,731.70245,4.0,-0.5591929034707467,0.8290375725550417,-1,,0.0,0.0,0.0,0.0,0.0,102.0,grass,9301.0,330.0,302.0,0.0,2270.0,123.0,0.0
fire_01337,Copper Fire ,2020-09-30,2020,9,38.49375,-121.003602,48.0,3.8918202981106265,C,Small,89.99857142857147,58.26714285714288,2.1357142857142857,3.2,20.61428571428572,0.0,68.42857142857143,55.285714285714285,9.957142857142856,7.876666666666666,136.51591,1.0,-0.1391731009600658,-0.9902680687415704,1,D1,1.0,1.0,1.0,0.0,0.0,102.0,grass,9301.0,340.0,304.0,0.0,2270.0,124.0,0.0
fire_01338,Pony Fire,2020-10-03,2020,10,38.464074,-121.039236,20.0,3.044522437723423,C,Small,93.54714285714282,60.40142857142864,2.692857142857143,3.014285714285714,12.22857142857143,0.0,71.28571428571429,56.42857142857143,8.642857142857142,8.253333333333334,84.19959,2.0,0.9702957262759964,-0.2419218955996678,1,D1,1.0,1.0,1.0,0.0,0.0,91.0,nonburnable_or_other,7299.0,25.0,25.0,0.0,2905.0,25.0,0.0
fire_01339,Lambert Fire,2020-10-04,2020,10,38.424016,-121.006635,21.0,3.091042453358316,C,Small,94.24142857142866,61.687142857143044,2.878571428571429,2.7857142857142856,9.414285714285716,0.0,74.57142857142857,57.42857142857143,7.6571428571428575,8.13,67.89054,1.0,-0.3583679495453007,-0.9335804264972016,1,D1,1.0,1.0,1.0,0.0,0.0,122.0,grass_shrub,9829.0,338.0,304.0,0.0,2280.0,123.0,0.0
fire_01340,Fields Fire ,2020-10-07,2020,10,39.181047,-121.450982,56.0,4.04305126783455,C,Small,93.16142857142862,59.45,2.95,1.7428571428571429,4.971428571428571,0.0,85.85714285714286,51.57142857142857,4.957142857142857,6.799999999999999,34.21285,0.0,-0.6293203910498378,-0.7771459614569706,2,D2,2.0,1.0,1.0,1.0,0.0,99.0,nonburnable_or_other,7295.0,32.0,32.0,0.0,32.0,32.0,0.0
fire_01341,Irvine Fire,2020-10-11,2020,10,37.821737,-122.104314,30.0,3.4339872044851463,C,Small,77.42428571428567,53.51000000000008,1.3257142857142856,4.285714285714286,30.428571428571427,0.0,61.285714285714285,49.285714285714285,9.471428571428572,10.273333333333332,321.3756,5.0,-0.1218693434051471,-0.992546151641322,2,D2,2.0,1.0,1.0,1.0,0.0,91.0,nonburnable_or_other,7296.0,22.0,22.0,0.0,2902.0,22.0,0.0
fire_01342,Diamond Fire,2020-10-13,2020,10,37.98337,-120.64541,21.0,3.091042453358316,C,Small,82.43857142857138,55.74714285714282,1.7771428571428571,3.271428571428572,20.485714285714284,0.0,79.28571428571429,62.142857142857146,7.514285714285714,7.133333333333334,302.23883,5.0,-0.8660254037844386,-0.5000000000000001,1,D1,1.0,1.0,1.0,0.0,0.0,162.0,timber_understory,9302.0,125.0,118.0,35.0,2271.0,103.0,1.0
fire_01343,Bruder Fire,2020-10-15,2020,10,34.014728,-117.138078,170.0,5.14166355650266,D,Medium,83.03000000000004,61.04428571428574,1.92,2.585714285714286,23.442857142857143,0.0,78.85714285714286,55.85714285714285,8.142857142857142,6.5200000000000005,640.9268,5.0,-0.8191520442889918,-0.5735764363510462,-1,,0.0,0.0,0.0,0.0,0.0,121.0,grass_shrub,7914.0,17.0,17.0,0.0,2917.0,17.0,0.0
fire_01344,Cameron Fire,2020-10-18,2020,10,38.659387,-120.964726,15.0,2.772588722239781,C,Small,87.96714285714299,58.85857142857144,2.4642857142857144,3.542857142857144,10.157142857142857,0.0,85.14285714285714,71.28571428571429,6.9,6.2733333333333325,420.10074,4.0,-0.6018150231520483,-0.7986355100472928,1,D1,1.0,1.0,1.0,0.0,0.0,91.0,nonburnable_or_other,7297.0,23.0,23.0,0.0,2903.0,23.0,0.0
fire_01345,Ferry Fire,2020-10-22,2020,10,39.51694,-121.54475,6.0,1.9459101490553128,B,Small,91.28428571428586,57.341428571428665,2.655714285714286,3.3857142857142857,8.042857142857143,0.0,87.14285714285714,71.71428571428571,5.871428571428572,6.633333333333335,85.612946,3.0,-1.8369701987210287e-16,-1.0,3,D3,3.0,1.0,1.0,1.0,1.0,91.0,nonburnable_or_other,7299.0,25.0,25.0,0.0,2905.0,25.0,0.0
fire_01346,Redwood Fire,2020-10-23,2020,10,40.55823,-123.88658,102.0,4.634728988229636,D,Medium,75.3928571428571,55.18142857142868,1.6,8.1,17.2,16.900000000000002,64.0,72.28571428571429,7.642857142857143,10.73666666666667,794.64905,8.0,0.9612616959383188,0.2756373558169991,2,D2,2.0,1.0,1.0,1.0,0.0,102.0,grass,9301.0,349.0,304.0,0.0,2270.0,124.0,0.0
fire_01347,Pope Fire,2020-10-23,2020,10,38.56184,-122.37828,61.0,4.127134385045092,C,Small,86.50142857142865,56.69857142857146,2.3314285714285714,3.514285714285714,7.914285714285713,0.0,78.71428571428571,57.71428571428572,5.700000000000001,8.416666666666666,322.1731,5.0,0.9998476951563912,-0.0174524064372835,3,D3,3.0,1.0,1.0,1.0,1.0,93.0,nonburnable_or_other,7961.0,61.0,61.0,0.0,2961.0,61.0,0.0
fire_01348,Point Fire (Shasta and Tehama County),2020-10-25,2020,10,40.38869,-122.39033,275.0,5.62040086571715,D,Medium,84.93285714285722,53.43285714285712,2.204285714285714,3.0142857142857147,9.971428571428572,0.0,83.42857142857143,55.42857142857143,6.0,6.416666666666669,155.62679,1.0,-0.981627183447664,-0.1908089953765447,3,D3,3.0,1.0,1.0,1.0,1.0,122.0,grass_shrub,7662.0,346.0,304.0,0.0,2662.0,124.0,0.0
fire_01349,Dersch Fire,2020-10-25,2020,10,40.47646,-122.18102,133.0,4.897839799950911,D,Medium,84.3928571428572,52.301428571428644,2.1342857142857143,4.185714285714286,10.542857142857144,0.0,81.14285714285714,64.71428571428571,6.357142857142857,6.81,161.9439,2.0,-0.7547095802227721,-0.656059028990507,2,D2,2.0,1.0,1.0,1.0,0.0,102.0,grass,9301.0,342.0,303.0,0.0,2270.0,124.0,0.0
fire_01350,Olinda Fire,2020-10-25,2020,10,40.41486,-122.342,5.0,1.791759469228055,B,Small,84.67571428571432,53.43285714285712,2.1885714285714286,3.185714285714286,10.05714285714286,0.0,83.57142857142857,58.57142857142857,6.0,6.4300000000000015,212.27872,0.0,-0.9659258262890682,0.258819045102521,2,D2,2.0,1.0,1.0,1.0,0.0,102.0,grass,9301.0,353.0,304.0,0.0,2270.0,125.0,0.0
fire_01351,Silverado Fire ,2020-10-26,2020,10,33.73614,-117.65719,12466.0,9.430840432344976,G,Extreme,71.5357142857144,54.71857142857152,0.7000000000000001,2.2285714285714286,48.75714285714286,0.9,47.85714285714285,30.714285714285715,13.900000000000002,10.303333333333336,352.10864,3.0,0.8571673007021121,-0.5150380749100545,-1,,0.0,0.0,0.0,0.0,0.0,142.0,shrub,7110.0,240.0,220.0,0.0,2110.0,114.0,0.0
fire_01352,Blue Ridge Fire ,2020-10-26,2020,10,33.877257,-117.675067,13964.0,9.544309478379278,G,Extreme,72.59000000000002,60.06714285714288,0.93,2.1,45.72857142857142,0.8,55.85714285714285,33.57142857142857,10.957142857142856,9.696666666666664,149.47922,5.0,-0.6946583704589974,0.7193398003386511,-1,,0.0,0.0,0.0,0.0,0.0,102.0,grass,9301.0,337.0,303.0,0.0,2270.0,123.0,0.0
fire_01353,Cypress Fire,2020-11-01,2020,11,34.03343,-117.51476,150.0,5.017279836814924,D,Medium,79.45571428571427,53.74142857142856,1.842857142857143,2.742857142857143,15.042857142857144,0.0,70.14285714285714,53.285714285714285,9.014285714285714,8.543333333333331,262.71658,1.0,-0.8090169943749475,-0.587785252292473,-1,,0.0,0.0,0.0,0.0,0.0,91.0,nonburnable_or_other,7299.0,25.0,25.0,0.0,2905.0,25.0,0.0
fire_01354,San Dimas Fire,2020-11-06,2020,11,34.146195,-117.778561,131.0,4.882801922586371,D,Medium,84.23857142857138,66.49571428571429,2.52,1.8142857142857145,7.542857142857143,0.0,88.14285714285714,57.71428571428572,4.742857142857142,6.926666666666665,641.0321,19.0,-0.7986355100472929,0.6018150231520482,-1,,0.0,0.0,0.0,0.0,0.0,122.0,grass_shrub,7118.0,147.0,123.0,45.0,2118.0,104.0,1.0
fire_01355,257 Fire,2020-11-17,2020,11,41.4435,-120.87054,49.0,3.912023005428146,C,Small,47.287142857143046,24.91571428571434,0.2871428571428572,4.385714285714285,47.17142857142857,22.200000000000003,25.428571428571427,12.571428571428571,18.714285714285715,13.823333333333332,1314.804,0.0,-0.7313537016191705,0.6819983600624985,2,D2,2.0,1.0,1.0,1.0,0.0,122.0,grass_shrub,9011.0,330.0,304.0,0.0,2225.0,123.0,0.0
fire_01356,Airport Fire,2020-12-01,2020,12,33.893351,-117.62109,1087.0,6.992096427415888,F,Large,72.0500000000001,43.09571428571428,1.2242857142857144,1.8571428571428568,16.82857142857143,6.0,48.142857142857146,34.142857142857146,13.0,12.226666666666668,162.36234,2.0,0.9702957262759964,-0.2419218955996678,-1,,0.0,0.0,0.0,0.0,0.0,183.0,timber_litter,9129.0,159.0,113.0,45.0,2152.0,105.0,1.0
fire_01357,Cerritos Fire,2020-12-03,2020,12,33.773754,-117.051463,200.0,5.303304908059076,D,Medium,71.12428571428568,42.607142857142904,1.487142857142857,2.128571428571429,6.185714285714286,11.1,69.42857142857143,50.142857142857146,8.3,9.543333333333331,541.41705,8.0,-0.8290375725550416,0.5591929034707469,-1,,0.0,0.0,0.0,0.0,0.0,122.0,grass_shrub,7092.0,219.0,208.0,0.0,2092.0,111.0,0.0
fire_01358,Bond Fire,2020-12-02,2020,12,33.743842,-117.674967,6686.0,8.80792062205398,G,Extreme,69.8642857142858,49.395714285714384,1.3471428571428572,1.942857142857143,15.842857142857143,12.4,51.57142857142857,36.142857142857146,11.328571428571426,12.77,343.86267,6.0,0.848048096156426,0.5299192642332049,-1,,0.0,0.0,0.0,0.0,0.0,121.0,grass_shrub,7092.0,226.0,219.0,0.0,2092.0,113.0,0.0
fire_01359,Thomas Fire,2020-12-03,2020,12,41.591948,-120.374514,24.0,3.218875824868201,C,Small,47.6214285714287,20.210000000000083,0.3871428571428571,3.157142857142857,31.142857142857142,52.1,26.857142857142858,24.857142857142858,17.32857142857143,16.339999999999996,1520.243,5.0,0.1736481776669299,-0.984807753012208,3,D3,3.0,1.0,1.0,1.0,1.0,122.0,grass_shrub,7084.0,250.0,213.0,0.0,2084.0,115.0,0.0
fire_01360,Cornell Fire,2020-12-07,2020,12,34.33622,-119.078,174.0,5.1647859739235145,D,Medium,74.64714285714302,52.224285714285784,1.931428571428572,2.314285714285714,1.0,2.6,80.42857142857143,59.0,3.928571428571429,10.919999999999998,69.79845,2.0,0.882947592858927,-0.4694715627858908,0,D0,0.0,1.0,0.0,0.0,0.0,91.0,nonburnable_or_other,7297.0,23.0,23.0,0.0,2903.0,23.0,0.0
fire_01361,Sanderson Fire,2020-12-13,2020,12,33.93244,-117.03459,1954.0,7.578145472419466,F,Large,62.63857142857148,47.415714285714344,1.2,3.042857142857143,17.12857142857143,0.0,87.0,67.28571428571429,4.671428571428572,8.110000000000001,725.7465,2.0,0.5877852522924729,-0.8090169943749476,0,D0,0.0,1.0,0.0,0.0,0.0,101.0,grass,9301.0,347.0,302.0,0.0,2270.0,123.0,0.0
fire_01362,Erbes Fire,2021-01-14,2021,1,34.20955,-118.83967,250.0,5.525452939131784,D,Medium,71.71571428571434,52.58428571428576,1.6685714285714288,3.2857142857142856,6.171428571428571,27.7,76.85714285714286,63.71428571428572,5.571428571428571,8.844827586206897,310.70648,4.0,-0.529919264233205,-0.848048096156426,1,D1,1.0,1.0,1.0,0.0,0.0,91.0,nonburnable_or_other,7297.0,23.0,23.0,0.0,2903.0,23.0,0.0
fire_01363,Manzanita Fire,2021-01-19,2021,1,37.25086,-119.51982,23.0,3.1780538303479458,C,Small,68.3214285714287,41.3214285714285,1.0985714285714283,2.642857142857143,21.757142857142856,21.4,52.57142857142857,39.71428571428572,9.928571428571429,13.534482758620689,901.9962,4.0,-0.3420201433256687,0.9396926207859084,2,D2,2.0,1.0,1.0,1.0,0.0,144.0,shrub,7114.0,130.0,117.0,35.0,2114.0,103.0,1.0
fire_01364,Bonny Doone Complex (Previously Fanning Fire),2021-01-19,2021,1,37.08931,-122.10509,20.0,3.044522437723423,C,Small,71.56142857142862,46.69571428571428,0.9314285714285716,3.971428571428571,32.98571428571428,49.2,26.714285714285715,30.571428571428573,15.771428571428572,19.872413793103448,267.45117,15.0,0.2079116908177594,0.9781476007338056,1,D1,1.0,1.0,1.0,0.0,0.0,188.0,timber_litter,7043.0,165.0,132.0,75.0,2043.0,107.0,1.0
fire_01365,North Butano Fire,2021-01-18,2021,1,37.18259,-122.28823,15.0,2.772588722239781,C,Small,70.17285714285714,50.01285714285716,0.8157142857142857,4.228571428571429,38.9,30.7,27.714285714285715,31.0,16.142857142857142,18.21034482758621,361.82394,3.0,0.6691306063588582,0.7431448254773942,1,D1,1.0,1.0,1.0,0.0,0.0,161.0,timber_understory,7128.0,240.0,215.0,0.0,2043.0,106.0,0.0
fire_01366,China Grade Fire,2021-01-18,2021,1,37.17749,-122.1756,22.0,3.1354942159291497,C,Small,67.8071428571429,50.37285714285714,0.7742857142857144,3.7,41.42857142857143,53.2,28.0,30.0,15.471428571428572,18.379310344827584,314.3185,5.0,-0.7771459614569709,0.6293203910498374,1,D1,1.0,1.0,1.0,0.0,0.0,185.0,timber_litter,7015.0,165.0,131.0,65.0,2015.0,106.0,1.0
fire_01367,Wolf Fire,2021-01-19,2021,1,34.99432,-119.185309,865.0,6.763884908562435,E,Medium,70.19857142857146,45.1785714285715,1.2085714285714286,3.0285714285714285,19.228571428571428,16.0,64.85714285714286,50.85714285714285,8.328571428571431,9.979310344827583,436.80124,8.0,0.9975640502598242,-0.0697564737441256,1,D1,1.0,1.0,1.0,0.0,0.0,102.0,grass,9301.0,340.0,304.0,0.0,2270.0,124.0,0.0
fire_01368,72 Fire,2021-01-19,2021,1,33.52871,-116.10723,43.0,3.784189633918261,C,Small,79.8928571428572,44.94714285714282,1.875714285714286,3.4285714285714284,7.800000000000002,0.9,84.0,70.0,6.071428571428571,7.355172413793104,-60.4391,1.0,-0.1218693434051473,0.992546151641322,2,D2,2.0,1.0,1.0,1.0,0.0,121.0,grass_shrub,9310.0,234.0,208.0,0.0,2275.0,113.0,0.0
fire_01369,Towsley Fire,2021-01-19,2021,1,34.3585229,-118.5553174,184.0,5.220355825078324,D,Medium,75.03285714285722,49.421428571428706,1.7042857142857142,4.7,7.285714285714286,34.4,76.57142857142857,74.85714285714286,5.314285714285715,9.93793103448276,447.51584,4.0,0.9743700647852352,0.224951054343865,1,D1,1.0,1.0,1.0,0.0,0.0,122.0,grass_shrub,7092.0,228.0,217.0,25.0,2118.0,101.0,1.0
fire_01370,Panther Ridge Fire,2021-01-19,2021,1,37.18381,-122.13372,20.0,3.044522437723423,C,Small,70.3785714285715,48.85571428571426,0.8942857142857144,4.257142857142857,35.01428571428571,45.5,29.0,34.142857142857146,15.542857142857144,18.37241379310345,340.37473,5.0,-0.7313537016191706,-0.6819983600624984,1,D1,1.0,1.0,1.0,0.0,0.0,162.0,timber_understory,7015.0,174.0,126.0,75.0,2015.0,107.0,1.0
fire_01371,Freedom Fire,2021-01-19,2021,1,36.98767,-121.83627,37.0,3.6375861597263857,C,Small,74.18428571428576,45.46142857142862,1.07,2.9285714285714284,28.31428571428572,24.2,31.428571428571427,27.857142857142858,14.842857142857143,17.782758620689652,141.33,2.0,-0.9396926207859084,0.3420201433256689,1,D1,1.0,1.0,1.0,0.0,0.0,186.0,timber_litter,7113.0,165.0,124.0,65.0,2113.0,106.0,1.0
fire_01372,Grapevine Fire,2021-03-14,2021,3,35.5819816117628,-117.5910734433329,86.0,4.465908118654584,C,Small,55.67000000000006,38.13285714285722,0.5871428571428572,5.185714285714285,34.68571428571428,7.5,56.57142857142857,38.42857142857143,11.0,8.973333333333334,921.75775,5.0,0.7660444431189778,-0.6427876096865396,3,D3,3.0,1.0,1.0,1.0,1.0,141.0,shrub,7087.0,217.0,204.0,0.0,2087.0,111.0,0.0
fire_01373,Refuge Fire,2021-03-27,2021,3,41.927772,-121.627082,873.0,6.773080375655535,E,Medium,50.1928571428572,20.647142857143024,0.3342857142857142,3.6571428571428575,37.08571428571429,7.0,25.714285714285715,25.428571428571427,17.785714285714285,18.91,1243.6492,3.0,0.90630778703665,-0.4226182617406992,3,D3,3.0,1.0,1.0,1.0,1.0,121.0,grass_shrub,9828.0,332.0,305.0,0.0,2279.0,123.0,0.0
fire_01374,Line Fire,2021-03-28,2021,3,37.813464,-120.131236,23.0,3.1780538303479458,C,Small,59.0642857142858,32.65571428571426,0.6814285714285714,3.4714285714285715,29.31428571428572,71.10000000000001,32.285714285714285,28.428571428571427,13.014285714285716,16.676666666666666,923.17834,2.0,0.8191520442889916,-0.5735764363510465,1,D1,1.0,1.0,1.0,0.0,0.0,102.0,grass,7030.0,133.0,110.0,55.0,2029.0,105.0,1.0
fire_01375,Woodman Fire,2021-04-01,2021,4,40.6758842,-122.0536419,35.0,3.58351893845611,C,Small,72.53857142857137,41.27000000000006,1.1957142857142855,5.6571428571428575,22.528571428571432,112.6,36.57142857142857,40.285714285714285,10.6,19.73333333333333,384.02762,7.0,-0.2923717047227371,-0.9563047559630352,2,D2,2.0,1.0,1.0,1.0,0.0,102.0,grass,9301.0,344.0,303.0,0.0,2270.0,124.0,0.0
fire_01376,Westwood Fire,2021-04-04,2021,4,34.30277328465364,-118.70009500551254,25.0,3.258096538021482,C,Small,78.55571428571426,56.77571428571432,1.7485714285714284,3.4285714285714284,15.071428571428571,22.6,65.28571428571429,54.142857142857146,6.971428571428572,11.659999999999998,396.03748,7.0,-0.992546151641322,-0.1218693434051473,1,D1,1.0,1.0,1.0,0.0,0.0,122.0,grass_shrub,7092.0,236.0,210.0,0.0,2092.0,113.0,0.0
fire_01377,Paso Fire,2021-04-12,2021,4,32.958961,-116.582369,28.0,3.367295829986474,C,Small,66.23857142857148,45.77000000000006,1.0957142857142856,5.471428571428571,20.12857142857143,75.8,56.57142857142857,60.142857142857146,6.700000000000001,17.076666666666668,1506.1461,6.0,0.0697564737441252,0.9975640502598242,0,D0,0.0,1.0,0.0,0.0,0.0,122.0,grass_shrub,7261.0,149.0,110.0,45.0,2261.0,104.0,1.0
fire_01378,Turnout Fire,2021-04-18,2021,4,38.99914,-123.35838,200.0,5.303304908059076,D,Medium,74.98142857142858,39.187142857143044,1.1985714285714286,6.342857142857143,23.62857142857143,0.0,47.85714285714285,53.285714285714285,10.628571428571428,17.003333333333334,135.34149,3.0,0.9743700647852352,-0.2249510543438653,2,D2,2.0,1.0,1.0,1.0,0.0,93.0,nonburnable_or_other,7961.0,61.0,61.0,0.0,2961.0,61.0,0.0
fire_01379,River Fire,2021-04-19,2021,4,38.9743823,-121.5896697,80.0,4.394449154672439,C,Small,81.20428571428582,46.05285714285718,1.6057142857142856,2.3999999999999995,20.61428571428571,0.0,53.85714285714285,38.142857142857146,9.114285714285712,15.096666666666668,12.426202,0.0,-0.9743700647852352,-0.2249510543438649,3,D3,3.0,1.0,1.0,1.0,1.0,188.0,timber_litter,7151.0,141.0,112.0,45.0,2151.0,104.0,1.0
fire_01380,Luis Fire,2021-04-24,2021,4,37.0953436,-121.143154,93.0,4.543294782270004,C,Small,75.9071428571429,51.89000000000002,1.3114285714285714,4.514285714285714,27.54285714285714,0.0,63.142857142857146,55.142857142857146,8.542857142857143,11.136666666666663,151.84293,4.0,-0.8660254037844387,0.4999999999999999,2,D2,2.0,1.0,1.0,1.0,0.0,121.0,grass_shrub,9301.0,327.0,304.0,0.0,2270.0,122.0,0.0
fire_01381,North Fire,2021-04-28,2021,4,34.449686,-118.616276,650.0,6.478509642208569,E,Medium,64.25857142857144,48.0071428571429,0.6628571428571428,3.928571428571429,42.12857142857142,0.0,59.71428571428572,51.57142857142857,10.428571428571429,9.743333333333332,320.26038,1.0,-0.8090169943749475,-0.587785252292473,3,D3,3.0,1.0,1.0,1.0,1.0,91.0,nonburnable_or_other,7296.0,22.0,22.0,0.0,2902.0,22.0,0.0
fire_01382,Sky Fire,2021-04-29,2021,4,38.88437128468346,-122.51771555326388,65.0,4.189654742026425,C,Small,66.18714285714304,43.55857142857144,0.8757142857142858,2.957142857142857,36.971428571428575,5.699999999999999,53.42857142857143,32.714285714285715,10.8,11.793333333333331,496.87576,12.0,-0.3583679495453007,-0.9335804264972016,3,D3,3.0,1.0,1.0,1.0,1.0,102.0,grass,7105.0,240.0,220.0,0.0,2114.0,103.0,0.0
fire_01383,Campo Fire,2021-04-29,2021,4,38.223179,-120.856628,160.0,5.081404364984463,D,Medium,71.84428571428575,40.83285714285722,0.9357142857142856,3.1142857142857143,36.41428571428571,2.3,39.85714285714285,28.714285714285715,13.657142857142857,15.753333333333334,175.90317,6.0,0.2079116908177594,-0.9781476007338056,2,D2,2.0,1.0,1.0,1.0,0.0,102.0,grass,9301.0,340.0,304.0,0.0,2270.0,124.0,0.0
fire_01384,Salmon Fire,2021-05-01,2021,5,38.773294,-121.034998,32.0,3.49650756146648,C,Small,74.69857142857146,44.71571428571434,1.2085714285714284,2.8428571428571425,32.52857142857143,1.3,48.71428571428572,33.285714285714285,11.55714285714286,13.38,206.31314,3.0,0.4383711467890774,-0.898794046299167,2,D2,2.0,1.0,1.0,1.0,0.0,165.0,timber_understory,7030.0,147.0,131.0,45.0,2030.0,104.0,1.0
fire_01385,Southern Fire,2021-05-02,2021,5,32.987532,-116.443391,5366.0,8.588024372176829,G,Extreme,76.96142857142863,48.727142857142965,1.6528571428571428,4.985714285714286,22.77142857142857,3.5,65.42857142857143,57.0,9.414285714285716,9.06,637.00867,2.0,-0.0348994967025009,0.9993908270190958,0,D0,0.0,1.0,0.0,0.0,0.0,101.0,grass,7092.0,215.0,208.0,0.0,2092.0,112.0,0.0
fire_01386,Creek Fire,2021-05-04,2021,5,33.532246,-116.767011,32.0,3.49650756146648,C,Small,73.56714285714288,43.81571428571434,1.3557142857142854,3.828571428571429,21.81428571428572,12.1,55.42857142857143,45.0,10.771428571428572,10.596666666666666,1071.5892,3.0,0.2079116908177594,-0.9781476007338056,2,D2,2.0,1.0,1.0,1.0,0.0,145.0,shrub,7110.0,232.0,217.0,0.0,2110.0,113.0,0.0
fire_01387,Bridge Fire,2021-05-05,2021,5,33.86972,-117.044072,226.0,5.424950017481403,D,Medium,85.47285714285714,53.124285714285676,1.9971428571428569,2.957142857142857,16.099999999999998,4.3,65.28571428571429,51.57142857142857,8.842857142857143,10.063333333333333,464.93082,8.0,-0.5877852522924732,-0.8090169943749473,2,D2,2.0,1.0,1.0,1.0,0.0,121.0,grass_shrub,7092.0,228.0,208.0,0.0,2092.0,111.0,0.0
fire_01388,Gunnison Fire,2021-05-08,2021,5,39.85479,-121.91936,550.0,6.311734809152915,E,Medium,85.55,56.030000000000044,1.84,5.471428571428572,24.75714285714286,6.8,61.0,58.142857142857146,8.057142857142857,11.873333333333337,69.88738,1.0,-0.5000000000000004,-0.8660254037844385,3,D3,3.0,1.0,1.0,1.0,1.0,102.0,grass,9301.0,340.0,303.0,0.0,2270.0,124.0,0.0
fire_01389,Granite Fire,2021-05-08,2021,5,38.03106,-120.85258,118.0,4.77912349311153,D,Medium,84.47000000000017,50.50142857142864,1.66,3.6857142857142855,23.08571428571429,1.7,55.85714285714285,48.0,9.428571428571429,13.599999999999998,113.816536,1.0,-0.1908089953765446,-0.981627183447664,3,D3,3.0,1.0,1.0,1.0,1.0,102.0,grass,9301.0,331.0,305.0,0.0,2270.0,123.0,0.0
fire_01390,Dillard Fire,2021-05-08,2021,5,38.28328,-121.45965,44.0,3.80666248977032,C,Small,84.70142857142864,52.301428571428644,1.77,3.728571428571428,22.34285714285715,0.0,62.71428571428572,51.285714285714285,8.314285714285715,11.58,1.8008702,0.0,0.0523359562429439,-0.9986295347545738,3,D3,3.0,1.0,1.0,1.0,1.0,93.0,nonburnable_or_other,7988.0,68.0,68.0,0.0,2968.0,68.0,0.0
fire_01391,Quail Fire,2021-05-12,2021,5,39.2510745,-121.361339,35.0,3.58351893845611,C,Small,86.73285714285723,55.28428571428566,2.0928571428571425,4.285714285714287,19.67142857142857,6.300000000000001,67.28571428571429,61.42857142857143,6.9,11.796666666666663,158.59596,3.0,-0.6691306063588582,0.7431448254773942,3,D3,3.0,1.0,1.0,1.0,1.0,165.0,timber_understory,7114.0,141.0,120.0,45.0,2114.0,104.0,1.0
fire_01392,Pine Fire,2021-05-12,2021,5,34.454231,-117.663815,442.0,6.093569770045136,E,Medium,78.68428571428576,55.952857142857184,1.811428571428572,4.057142857142858,16.24285714285714,0.0,85.42857142857143,73.71428571428571,5.7,6.803333333333333,1161.9088,5.0,0.7986355100472928,0.6018150231520483,3,D3,3.0,1.0,1.0,1.0,1.0,102.0,grass,7082.0,219.0,204.0,0.0,2082.0,111.0,0.0
fire_01393,Fields Fire,2021-05-14,2021,5,37.560209,-120.419624,97.0,4.584967478670572,C,Small,88.32714285714296,58.37000000000006,2.32,4.771428571428572,15.44285714285714,0.5,73.57142857142857,70.71428571428571,6.442857142857143,10.646666666666668,94.16257,1.0,0.2756373558169994,-0.9612616959383188,3,D3,3.0,1.0,1.0,1.0,1.0,102.0,grass,9301.0,347.0,304.0,0.0,2270.0,124.0,0.0
fire_01394,R-1 Fire,2021-05-14,2021,5,40.971612,-120.094517,29.0,3.4011973816621555,C,Small,61.35285714285718,34.969999999999956,0.8542857142857143,3.614285714285714,23.214285714285715,18.4,57.142857142857146,48.42857142857143,9.457142857142856,12.253333333333332,2022.7461,6.0,0.1564344650402306,-0.9876883405951378,3,D3,3.0,1.0,1.0,1.0,1.0,122.0,grass_shrub,7126.0,226.0,208.0,15.0,2019.0,102.0,1.0
fire_01395,Palisades Fire,2021-05-14,2021,5,34.079046,-118.558938,1202.0,7.0925737159746784,F,Large,64.36142857142862,53.89571428571428,0.3214285714285714,2.7857142857142856,65.91428571428571,0.0,33.142857142857146,27.571428571428573,16.87142857142857,14.143333333333334,313.17245,15.0,-0.2419218955996677,-0.9702957262759964,3,D3,3.0,1.0,1.0,1.0,1.0,145.0,shrub,7110.0,249.0,222.0,0.0,2110.0,114.0,0.0
fire_01396,Davis Fire,2021-05-18,2021,5,33.8948,-117.1116,300.0,5.707110264748875,E,Medium,75.3928571428572,52.86714285714288,1.0757142857142856,3.571428571428572,36.55714285714286,2.7,58.285714285714285,48.85714285714285,11.028571428571428,10.096666666666666,437.14282,1.0,-0.9781476007338056,0.2079116908177593,2,D2,2.0,1.0,1.0,1.0,0.0,102.0,grass,9301.0,337.0,302.0,0.0,2092.0,113.0,0.0
fire_01397,Parkside Fire,2021-05-19,2021,5,33.50994,-115.917099,17.0,2.8903717578961645,C,Small,94.85857142857144,66.67571428571432,2.858571428571429,4.771428571428572,17.814285714285713,0.0,89.0,82.71428571428571,5.885714285714286,5.543333333333334,-55.073006,3.0,-0.5877852522924732,-0.8090169943749473,2,D2,2.0,1.0,1.0,1.0,0.0,142.0,shrub,7087.0,215.0,208.0,0.0,2087.0,111.0,0.0
fire_01398,Settlers Fire,2021-05-19,2021,5,38.56101,-121.01365,45.0,3.828641396489095,C,Small,82.9785714285715,51.761428571428624,1.6614285714285717,3.5,25.87142857142857,1.3,68.57142857142857,56.285714285714285,7.500000000000001,11.13,186.88782,3.0,-0.2588190451025206,-0.9659258262890684,3,D3,3.0,1.0,1.0,1.0,1.0,102.0,grass,9301.0,332.0,304.0,0.0,2270.0,123.0,0.0
fire_01399,WeeVill Fire,2021-05-20,2021,5,34.7591895,-118.5044868,300.0,5.707110264748875,E,Medium,78.96714285714287,54.3071428571429,1.7457142857142858,7.3,18.571428571428573,0.7,84.57142857142857,99.57142857142856,6.257142857142858,6.816666666666666,879.66003,2.0,0.9945218953682732,0.1045284632676534,3,D3,3.0,1.0,1.0,1.0,1.0,122.0,grass_shrub,9810.0,338.0,303.0,0.0,2275.0,123.0,0.0
fire_01400,Bluff Fire,2021-05-21,2021,5,41.23106,-123.66003,25.0,3.258096538021482,C,Small,73.51571428571434,43.7642857142857,1.0871428571428572,4.328571428571428,35.142857142857146,33.2,53.42857142857143,43.57142857142857,9.742857142857142,12.93,276.01123,20.0,-0.4383711467890775,0.8987940462991669,2,D2,2.0,1.0,1.0,1.0,0.0,165.0,timber_understory,7030.0,164.0,126.0,65.0,2030.0,106.0,1.0
fire_01401,Tomki Fire,2021-05-21,2021,5,39.384319,-123.23205,18.0,2.9444389791664403,C,Small,70.58428571428576,43.6357142857144,0.8000000000000002,6.157142857142857,40.32857142857143,15.900000000000002,40.57142857142857,34.42857142857143,13.128571428571428,13.82333333333333,599.77124,5.0,-0.9612616959383188,-0.275637355816999,3,D3,3.0,1.0,1.0,1.0,1.0,184.0,timber_litter,7030.0,154.0,116.0,45.0,2030.0,104.0,1.0
fire_01402,Lake Fire,2021-05-24,2021,5,33.965596,-117.471517,115.0,4.7535901911063645,D,Medium,73.3357142857143,52.40428571428572,0.9342857142857142,4.071428571428572,36.07142857142857,0.0,53.42857142857143,48.42857142857143,12.185714285714283,10.516666666666667,213.69821,1.0,-0.4848096202463368,-0.8746197071393959,2,D2,2.0,1.0,1.0,1.0,0.0,91.0,nonburnable_or_other,7299.0,25.0,25.0,0.0,2905.0,25.0,0.0
fire_01403,Live Oak Fire,2021-05-27,2021,5,37.45646,-120.00392,197.0,5.288267030694535,D,Medium,73.92714285714285,47.41571428571424,1.2557142857142856,2.8714285714285714,26.071428571428573,0.0,66.57142857142857,49.85714285714285,8.185714285714285,10.666666666666666,522.4567,7.0,-0.8987940462991669,-0.4383711467890774,3,D3,3.0,1.0,1.0,1.0,1.0,122.0,grass_shrub,7264.0,136.0,108.0,35.0,2264.0,103.0,1.0
fire_01404,Mile Fire,2021-05-27,2021,5,37.89346196853137,-120.8391587117288,508.0,6.2324480165505225,E,Medium,79.53285714285722,49.65285714285718,1.624285714285714,4.3,18.557142857142857,0.0,72.28571428571429,65.42857142857143,7.242857142857142,10.086666666666668,53.6338,0.0,-1.8369701987210287e-16,-1.0,3,D3,3.0,1.0,1.0,1.0,1.0,102.0,grass,9301.0,342.0,303.0,0.0,2270.0,124.0,0.0
fire_01405,Sargents Fire,2021-05-30,2021,5,35.932852,-120.854096,1118.0,7.020190708311925,F,Large,83.51857142857152,46.54142857142856,1.6314285714285717,3.2857142857142856,18.057142857142857,0.0,64.0,52.142857142857146,9.028571428571428,10.976666666666668,199.87804,6.0,0.0348994967025012,-0.9993908270190958,2,D2,2.0,1.0,1.0,1.0,0.0,102.0,grass,9301.0,330.0,303.0,0.0,2270.0,123.0,0.0
fire_01406,Slope Fire,2021-05-31,2021,5,36.86201725309289,-119.3484121800294,25.0,3.258096538021482,C,Small,89.38142857142869,57.341428571428665,2.277142857142857,2.714285714285715,18.328571428571426,0.0,80.14285714285714,58.71428571428572,6.314285714285715,8.396666666666667,384.4828,4.0,0.4226182617406994,0.90630778703665,3,D3,3.0,1.0,1.0,1.0,1.0,102.0,grass,9301.0,346.0,303.0,0.0,2270.0,124.0,0.0
fire_01407,Smalley Fire,2021-05-31,2021,5,37.1619216,-119.5166045,45.0,3.828641396489095,C,Small,87.06714285714288,56.492857142857204,2.0628571428571427,2.4714285714285715,21.11428571428572,0.0,76.0,53.71428571428572,6.714285714285714,9.066666666666665,427.57797,10.0,-0.9876883405951378,-0.1564344650402307,3,D3,3.0,1.0,1.0,1.0,1.0,102.0,grass,9301.0,346.0,303.0,0.0,2270.0,124.0,0.0
fire_01408,Scott Fire,2021-06-01,2021,6,33.631955,-117.089849,28.0,3.367295829986474,C,Small,82.69571428571427,52.738571428571376,1.5242857142857142,3.0142857142857147,23.028571428571432,0.0,62.285714285714285,49.142857142857146,9.028571428571428,10.676666666666668,455.9742,1.0,-0.9781476007338056,-0.2079116908177595,2,D2,2.0,1.0,1.0,1.0,0.0,122.0,grass_shrub,7092.0,230.0,213.0,0.0,2092.0,113.0,0.0
fire_01409,Coyote Fire,2021-06-02,2021,6,33.895007,-116.90145,43.0,3.784189633918261,C,Small,82.92714285714297,54.28142857142858,1.812857142857143,2.8,17.685714285714283,0.6,72.71428571428571,54.85714285714285,7.128571428571428,9.283333333333337,740.8265,10.0,0.9945218953682732,-0.1045284632676534,2,D2,2.0,1.0,1.0,1.0,0.0,102.0,grass,9301.0,336.0,304.0,0.0,2270.0,123.0,0.0
fire_01410,Buck Fire,2021-06-06,2021,6,37.24484944019164,-119.86047836209606,50.0,3.9318256327243257,C,Small,96.53000000000004,66.31571428571434,2.9457142857142853,2.857142857142857,17.47142857142857,0.0,77.85714285714286,58.85714285714285,6.185714285714285,9.26,366.01086,3.0,0.3583679495453004,-0.9335804264972016,3,D3,3.0,1.0,1.0,1.0,1.0,102.0,grass,9301.0,352.0,303.0,0.0,2270.0,125.0,0.0
fire_01411,Intanko Fire,2021-06-08,2021,6,39.084872,-121.333346,939.0,6.84587987526405,E,Medium,94.49857142857147,60.01571428571434,2.75,2.6142857142857143,14.742857142857144,0.0,80.71428571428571,51.85714285714285,5.628571428571428,8.166666666666668,77.61315,2.0,-0.0348994967025007,-0.9993908270190958,4,D4,4.0,1.0,1.0,1.0,1.0,102.0,grass,9301.0,338.0,303.0,0.0,2270.0,123.0,0.0
fire_01412,Farm Fire,2021-06-09,2021,6,34.383247203440405,-117.41835464122236,250.0,5.525452939131784,D,Medium,79.58428571428576,57.418571428571525,1.7642857142857142,5.057142857142858,22.685714285714287,0.0,81.85714285714286,78.14285714285714,6.414285714285716,7.036666666666665,1193.3435,2.0,0.6819983600624985,0.7313537016191705,2,D2,2.0,1.0,1.0,1.0,0.0,101.0,grass,7934.0,325.0,303.0,0.0,2911.0,122.0,0.0
fire_01413,Sierra Fire,2021-06-09,2021,6,33.315711565249096,-117.34832277422022,1000.0,6.90875477931522,F,Large,71.22714285714297,56.46714285714298,0.5814285714285715,3.2285714285714286,56.17142857142857,3.3,34.142857142857146,26.142857142857142,14.885714285714286,15.323333333333332,32.760265,1.0,-0.3255681544571566,-0.9455185755993168,1,D1,1.0,1.0,1.0,0.0,0.0,91.0,nonburnable_or_other,7299.0,25.0,25.0,0.0,2905.0,25.0,0.0
fire_01414,Creek Fire,2021-06-09,2021,6,38.899722,-122.238889,34.0,3.555348061489413,C,Small,89.61285714285717,57.44428571428574,2.3742857142857146,2.8285714285714283,16.571428571428573,0.0,82.0,53.142857142857146,5.628571428571428,7.333333333333332,164.32458,6.0,-0.6018150231520483,-0.7986355100472928,4,D4,4.0,1.0,1.0,1.0,1.0,102.0,grass,7967.0,344.0,302.0,0.0,2967.0,124.0,0.0
fire_01415,Flats Fire,2021-06-13,2021,6,33.5812044,-116.4518615,341.0,5.834810737062605,E,Medium,80.87000000000006,55.43857142857148,2.06,4.057142857142858,12.77142857142857,0.0,90.0,78.0,5.200000000000001,6.553333333333334,1222.3344,5.0,0.7071067811865476,0.7071067811865476,2,D2,2.0,1.0,1.0,1.0,0.0,122.0,grass_shrub,7110.0,224.0,215.0,0.0,2110.0,112.0,0.0
fire_01416,Goose Fire,2021-06-13,2021,6,38.3046414,-120.9608439,67.0,4.219507705176107,C,Small,78.71000000000008,51.53000000000014,1.532857142857143,3.2428571428571424,23.500000000000004,0.5,74.71428571428571,58.57142857142857,7.257142857142858,8.836666666666666,82.20362,2.0,-0.3746065934159123,-0.9271838545667872,4,D4,4.0,1.0,1.0,1.0,1.0,93.0,nonburnable_or_other,7961.0,61.0,61.0,0.0,2961.0,61.0,0.0
fire_01417,Beale Fire,2021-06-13,2021,6,39.1956433,-121.3587065,150.0,5.017279836814924,D,Medium,82.00142857142853,54.48714285714304,1.864285714285714,3.0428571428571423,19.685714285714287,2.0,81.57142857142857,61.85714285714285,6.085714285714286,8.049999999999999,108.167946,3.0,0.2923717047227367,-0.9563047559630354,4,D4,4.0,1.0,1.0,1.0,1.0,144.0,shrub,9301.0,340.0,303.0,0.0,2105.0,115.0,0.0
fire_01418,Silicon Fire,2021-06-14,2021,6,37.24042,-121.76309,35.0,3.58351893845611,C,Small,75.31571428571434,48.650000000000105,1.03,5.085714285714286,31.91428571428571,0.0,54.142857142857146,52.71428571428572,10.742857142857144,11.746666666666666,87.66631,5.0,-0.3420201433256685,-0.9396926207859084,3,D3,3.0,1.0,1.0,1.0,1.0,91.0,nonburnable_or_other,7296.0,22.0,22.0,0.0,2902.0,22.0,0.0
fire_01419,Kathryn Fire,2021-06-15,2021,6,33.67127,-116.94956,15.0,2.772588722239781,C,Small,87.42714285714285,56.13285714285712,2.2271428571428573,3.057142857142857,14.571428571428571,0.7,69.85714285714286,55.85714285714285,8.314285714285713,9.520000000000003,540.04565,5.0,-0.3583679495453007,-0.9335804264972016,2,D2,2.0,1.0,1.0,1.0,0.0,102.0,grass,7129.0,336.0,303.0,0.0,2129.0,123.0,0.0
fire_01420,Rock Fire,2021-06-15,2021,6,40.61468,-122.49164,108.0,4.691347882229144,D,Medium,80.51000000000008,55.64428571428574,1.612857142857143,3.042857142857143,26.98571428571429,1.1,72.28571428571429,42.71428571428572,6.92857142857143,7.909999999999997,296.12823,2.0,-0.9781476007338056,0.2079116908177593,4,D4,4.0,1.0,1.0,1.0,1.0,183.0,timber_litter,9337.0,237.0,216.0,45.0,2914.0,14.0,1.0
fire_01421,Dairy Fire,2021-06-15,2021,6,40.10806,-122.16025,165.0,5.111987788356544,D,Medium,82.95285714285728,56.878571428571504,1.8057142857142856,4.614285714285714,23.32857142857143,1.2,74.42857142857143,54.42857142857143,6.685714285714284,7.443333333333334,76.9876,0.0,-0.2419218955996677,0.9702957262759964,4,D4,4.0,1.0,1.0,1.0,1.0,102.0,grass,7980.0,131.0,106.0,35.0,2960.0,103.0,1.0
fire_01422,Equestrian Fire,2021-06-16,2021,6,38.79988,-121.01273,10.0,2.3978952727983707,C,Small,82.00142857142865,49.11285714285716,1.6685714285714286,3.0,21.542857142857144,0.0,78.0,59.0,7.128571428571428,8.133333333333335,456.10004,2.0,-0.8660254037844386,-0.5000000000000001,3,D3,3.0,1.0,1.0,1.0,1.0,163.0,timber_understory,9302.0,131.0,133.0,35.0,2271.0,103.0,1.0
fire_01423,Pomo Fire,2021-06-17,2021,6,39.16338,-122.916,42.0,3.7612001156935615,C,Small,81.84714285714303,48.98428571428576,1.4414285714285715,4.314285714285714,28.88571428571428,0.6,59.71428571428572,48.71428571428572,10.157142857142858,10.216666666666663,408.5458,1.0,-0.7771459614569709,0.6293203910498374,4,D4,4.0,1.0,1.0,1.0,1.0,91.0,nonburnable_or_other,7298.0,24.0,24.0,0.0,2904.0,24.0,0.0
fire_01424,Park Fire,2021-06-17,2021,6,39.77144,-121.76629,402.0,5.998936561946683,E,Medium,88.55857142857144,58.935714285714404,2.08,3.2285714285714286,24.31428571428572,1.3,76.57142857142857,59.285714285714285,7.285714285714286,8.120000000000001,112.66792,4.0,-0.6293203910498378,-0.7771459614569706,4,D4,4.0,1.0,1.0,1.0,1.0,182.0,timber_litter,7910.0,13.0,13.0,35.0,2913.0,13.0,1.0
fire_01425,Alabama Fire,2021-06-18,2021,6,36.59717,-118.20355,560.0,6.329720905522696,E,Medium,88.19857142857146,62.30428571428572,2.791428571428572,3.314285714285714,9.671428571428573,1.3,98.42857142857144,77.0,4.014285714285714,5.12,1988.2632,25.0,0.2249510543438649,0.9743700647852352,4,D4,4.0,1.0,1.0,1.0,1.0,142.0,shrub,7019.0,121.0,105.0,25.0,2019.0,102.0,1.0
fire_01426,Antelope Fire,2021-06-18,2021,6,36.47887,-119.10788,11.0,2.4849066497880004,C,Small,92.64714285714302,64.54142857142855,2.671428571428572,3.185714285714286,19.057142857142857,0.0,86.42857142857143,66.42857142857143,6.07142857142857,6.290000000000001,174.99484,5.0,-0.3583679495453007,-0.9335804264972016,3,D3,3.0,1.0,1.0,1.0,1.0,102.0,grass,7980.0,117.0,106.0,15.0,2960.0,101.0,1.0
fire_01427,Success Fire,2021-06-18,2021,6,36.03223,-118.85799,800.0,6.68586094706836,E,Medium,89.81857142857152,63.95,2.48,3.7,19.4,0.0,85.14285714285714,69.85714285714286,6.1,6.636666666666666,275.65585,6.0,0.5446390350150271,0.838670567945424,4,D4,4.0,1.0,1.0,1.0,1.0,102.0,grass,9301.0,335.0,304.0,0.0,2270.0,123.0,0.0
fire_01428,Nettle Fire,2021-06-18,2021,6,36.03887,-118.76857,1265.0,7.143617602704121,F,Large,86.3214285714285,60.6071428571428,2.2557142857142853,3.3714285714285714,18.928571428571427,0.0,84.28571428571429,66.57142857142857,6.085714285714286,6.97,463.62573,11.0,-0.7986355100472929,0.6018150231520482,4,D4,4.0,1.0,1.0,1.0,1.0,102.0,grass,9301.0,340.0,303.0,0.0,2270.0,124.0,0.0
fire_01429,Willow Fire,2021-06-18,2021,6,36.151231,-121.558858,2877.0,7.964850887447313,F,Large,86.11571428571435,59.50142857142864,2.244285714285714,4.814285714285715,18.257142857142856,0.0,77.28571428571429,67.71428571428571,6.8,7.94,574.5594,7.0,0.9781476007338056,-0.2079116908177598,3,D3,3.0,1.0,1.0,1.0,1.0,144.0,shrub,7105.0,244.0,223.0,0.0,2105.0,114.0,0.0
fire_01430,Crane Fire,2021-06-18,2021,6,34.83498,-118.86258,48.0,3.8918202981106265,C,Small,86.93857142857138,55.747142857143025,2.391428571428571,3.6,11.72857142857143,0.0,90.14285714285714,74.28571428571429,5.514285714285713,6.076666666666668,1084.121,3.0,0.4067366430758002,0.9135454576426008,4,D4,4.0,1.0,1.0,1.0,1.0,144.0,shrub,7105.0,236.0,214.0,0.0,2105.0,113.0,0.0
fire_01431,Overland Fire,2021-06-19,2021,6,32.903917,-116.233056,515.0,6.246106765481563,E,Medium,111.1357142857144,79.53285714285722,5.371428571428572,2.4142857142857146,7.871428571428572,0.0,96.57142857142856,66.28571428571429,3.757142857142857,5.893333333333333,292.20923,2.0,-0.0697564737441253,0.9975640502598242,1,D1,1.0,1.0,1.0,0.0,0.0,99.0,nonburnable_or_other,9150.0,31.0,31.0,0.0,31.0,31.0,0.0
fire_01432,Bautista Fire,2021-06-19,2021,6,33.551747,-116.707967,95.0,4.564348191467836,C,Small,96.27285714285713,63.05,3.0071428571428567,3.3714285714285714,10.714285714285714,0.0,76.28571428571429,63.142857142857146,6.1000000000000005,9.98,1222.5316,1.0,-0.6427876096865395,-0.7660444431189779,2,D2,2.0,1.0,1.0,1.0,0.0,91.0,nonburnable_or_other,7297.0,23.0,23.0,0.0,2903.0,23.0,0.0
fire_01433,Inyo Creek Fire,2021-06-19,2021,6,36.6000177,-118.1420738,592.0,6.385194398997726,E,Medium,93.29000000000002,66.29000000000002,3.217142857142857,3.3000000000000003,9.828571428571427,1.1,99.71428571428572,78.0,3.8,4.846666666666667,1564.4479,8.0,-0.6560590289905072,0.7547095802227721,4,D4,4.0,1.0,1.0,1.0,1.0,102.0,grass,7082.0,225.0,202.0,0.0,2082.0,112.0,0.0
fire_01434,Cow Fire,2021-06-20,2021,6,40.53297,-122.12107,761.0,6.635946555686647,E,Medium,98.51000000000008,64.9785714285715,3.16,4.128571428571428,19.2,0.6,80.42857142857143,70.0,6.442857142857143,7.956666666666667,241.17526,1.0,-0.4383711467890777,-0.8987940462991668,4,D4,4.0,1.0,1.0,1.0,1.0,121.0,grass_shrub,9337.0,224.0,213.0,0.0,2917.0,17.0,0.0
fire_01435,76 Fire,2021-06-20,2021,6,33.499081,-116.1147496,20.0,3.044522437723423,C,Small,111.88142857142859,78.6071428571429,5.3100000000000005,3.528571428571429,8.514285714285714,0.0,100.14285714285714,82.0,3.685714285714286,5.136666666666666,-46.184772,1.0,0.034899496702501,0.9993908270190958,2,D2,2.0,1.0,1.0,1.0,0.0,93.0,nonburnable_or_other,7984.0,64.0,64.0,0.0,2964.0,64.0,0.0
fire_01436,Clevenger Fire,2021-06-20,2021,6,33.09183,-116.9543,53.0,3.9889840465642745,C,Small,90.77000000000007,65.57000000000006,2.0042857142857144,3.2,26.714285714285715,0.0,54.71428571428572,43.85714285714285,8.914285714285715,13.613333333333337,137.02394,6.0,-0.4848096202463368,-0.8746197071393959,1,D1,1.0,1.0,1.0,0.0,0.0,102.0,grass,9301.0,343.0,302.0,0.0,2270.0,124.0,0.0
fire_01437,Watt Fire,2021-06-21,2021,6,38.728881,-121.39247,42.0,3.7612001156935615,C,Small,99.41000000000008,62.535714285714405,3.532857142857143,3.0285714285714285,10.185714285714283,0.0,88.0,66.85714285714286,5.257142857142858,6.763333333333333,26.770794,0.0,0.1564344650402306,-0.9876883405951378,4,D4,4.0,1.0,1.0,1.0,1.0,188.0,timber_litter,7151.0,151.0,114.0,55.0,2151.0,105.0,1.0
fire_01438,Antelope Fire,2021-06-22,2021,6,41.583949,-120.729446,580.0,6.364750756851911,E,Medium,88.8928571428572,53.17571428571432,2.1685714285714286,2.8142857142857145,16.242857142857144,2.9,67.28571428571429,51.285714285714285,8.014285714285714,10.686666666666664,1557.9023,1.0,-0.5446390350150271,0.838670567945424,3,D3,3.0,1.0,1.0,1.0,1.0,142.0,shrub,7080.0,227.0,215.0,0.0,2080.0,112.0,0.0
fire_01439,Panoche Fire,2021-06-23,2021,6,36.63228,-120.987172,145.0,4.983606621708336,D,Medium,93.03285714285713,65.51857142857152,2.905714285714285,3.3999999999999995,13.714285714285714,0.0,76.85714285714286,60.42857142857143,6.457142857142857,8.31,731.3578,7.0,-0.9945218953682732,0.1045284632676537,3,D3,3.0,1.0,1.0,1.0,1.0,145.0,shrub,7105.0,245.0,215.0,0.0,2105.0,114.0,0.0
fire_01440,Pine Fire,2021-06-23,2021,6,40.475558,-122.481055,50.0,3.9318256327243257,C,Small,103.21571428571434,68.14142857142856,3.792857142857143,3.257142857142857,13.528571428571428,0.9,83.71428571428571,60.71428571428572,5.428571428571429,7.293333333333334,270.06143,2.0,0.7193398003386512,0.6946583704589973,4,D4,4.0,1.0,1.0,1.0,1.0,122.0,grass_shrub,7662.0,357.0,302.0,0.0,2662.0,125.0,0.0
fire_01441,Mesa Fire,2021-06-23,2021,6,33.337282,-117.095858,350.0,5.860786223465865,E,Medium,84.67571428571422,57.83000000000004,1.2385714285714289,3.771428571428572,35.18571428571428,0.0,42.57142857142857,38.142857142857146,13.242857142857144,14.706666666666669,418.01904,11.0,-0.0348994967025007,-0.9993908270190958,1,D1,1.0,1.0,1.0,0.0,0.0,145.0,shrub,7110.0,235.0,218.0,0.0,2110.0,113.0,0.0
fire_01442,4-3 Fire,2021-06-24,2021,6,41.562302,-120.497502,134.0,4.90527477843843,D,Medium,91.56714285714298,53.71571428571424,2.2142857142857144,2.585714285714286,16.928571428571427,3.5,62.57142857142857,46.42857142857143,8.171428571428573,12.046666666666663,1471.4719,1.0,-0.8480480961564261,-0.5299192642332048,3,D3,3.0,1.0,1.0,1.0,1.0,102.0,grass,9308.0,330.0,302.0,0.0,2273.0,123.0,0.0
fire_01443,Paseo Fire,2021-06-25,2021,6,37.118582,-121.584194,37.0,3.6375861597263857,C,Small,83.67285714285714,56.44142857142866,1.5242857142857142,3.828571428571428,31.61428571428571,0.0,59.57142857142857,48.42857142857143,9.157142857142857,11.490000000000002,207.67818,13.0,-0.2756373558169989,-0.961261695938319,3,D3,3.0,1.0,1.0,1.0,1.0,123.0,grass_shrub,7113.0,137.0,118.0,35.0,2113.0,103.0,1.0
fire_01444,Steins Fire,2021-06-26,2021,6,38.659971,-120.876096,11.0,2.4849066497880004,C,Small,93.05857142857144,60.375714285714324,2.647142857142857,3.0857142857142854,18.385714285714283,0.0,85.14285714285714,65.14285714285714,5.285714285714286,7.6099999999999985,467.76907,5.0,0.1736481776669299,-0.984807753012208,3,D3,3.0,1.0,1.0,1.0,1.0,165.0,timber_understory,7114.0,141.0,121.0,45.0,2114.0,104.0,1.0
fire_01445,Lava Fire,2021-06-24,2021,6,41.459,-122.329,26409.0,10.18149800529118,G,Extreme,87.53000000000004,57.547142857142816,1.992857142857143,2.657142857142857,22.31428571428572,7.300000000000001,65.14285714285714,48.142857142857146,7.6,10.82,1286.1927,9.0,0.4539904997395466,-0.891006524188368,3,D3,3.0,1.0,1.0,1.0,1.0,122.0,grass_shrub,7098.0,245.0,218.0,0.0,2098.0,114.0,0.0
fire_01446,Canyon Fire,2021-06-26,2021,6,35.442533,-118.793912,220.0,5.3981627015177525,D,Medium,101.69857142857146,78.4785714285715,4.261428571428572,3.2,10.157142857142858,0.0,98.71428571428572,76.85714285714286,3.8,5.113333333333332,416.7484,20.0,-0.766044443118978,-0.6427876096865393,4,D4,4.0,1.0,1.0,1.0,1.0,122.0,grass_shrub,9337.0,220.0,208.0,0.0,2270.0,112.0,0.0
fire_01447,Shell Fire,2021-06-27,2021,6,34.919,-118.891,1984.0,7.59337419312129,F,Large,83.21000000000008,63.92428571428568,2.315714285714286,3.742857142857143,14.628571428571428,0.0,92.14285714285714,76.14285714285714,4.7,5.773333333333334,973.1731,29.0,0.9455185755993168,0.3255681544571567,4,D4,4.0,1.0,1.0,1.0,1.0,102.0,grass,9301.0,331.0,303.0,0.0,2114.0,103.0,0.0
fire_01448,Sky Fire,2021-06-27,2021,6,40.039,-121.406,76.0,4.343805421853684,C,Small,78.6071428571429,58.88428571428576,1.8085714285714285,2.771428571428572,22.442857142857143,5.3,78.28571428571429,52.142857142857146,5.528571428571429,8.173333333333334,1875.7749,7.0,0.9945218953682732,-0.1045284632676534,3,D3,3.0,1.0,1.0,1.0,1.0,183.0,timber_litter,7137.0,345.0,302.0,25.0,2032.0,104.0,1.0
fire_01449,Vulcan Fire,2021-06-27,2021,6,36.932,-119.735,140.0,4.948759890378168,D,Medium,101.05571428571426,65.05571428571426,3.498571428571428,3.2142857142857144,12.828571428571427,0.0,89.85714285714286,70.42857142857143,4.942857142857143,6.89,92.678276,1.0,0.4383711467890774,-0.898794046299167,3,D3,3.0,1.0,1.0,1.0,1.0,98.0,nonburnable_or_other,7292.0,11.0,11.0,0.0,11.0,11.0,0.0
fire_01450,Peak Fire,2021-06-28,2021,6,34.20849,-117.280416,35.0,3.58351893845611,C,Small,87.6071428571429,65.28714285714304,2.197142857142857,3.642857142857143,20.9,0.6,77.0,56.71428571428572,6.685714285714286,7.963333333333333,958.9432,10.0,-0.9205048534524404,-0.3907311284892735,2,D2,2.0,1.0,1.0,1.0,0.0,102.0,grass,7029.0,139.0,121.0,35.0,2029.0,103.0,1.0
fire_01451,Stowe Fire,2021-06-28,2021,6,33.740058,-117.050236,122.0,4.812184355372417,D,Medium,93.16142857142862,60.35,2.317142857142857,3.271428571428572,18.828571428571426,0.0,70.42857142857143,57.0,8.242857142857144,9.723333333333333,469.17456,4.0,0.2419218955996676,0.9702957262759964,2,D2,2.0,1.0,1.0,1.0,0.0,91.0,nonburnable_or_other,7299.0,25.0,25.0,0.0,2905.0,25.0,0.0
fire_01452,Lilly Fire,2021-06-28,2021,6,41.665191,-122.054254,35.0,3.58351893845611,C,Small,88.8928571428572,56.801428571428644,2.0385714285714287,2.2857142857142856,23.728571428571428,6.5,62.85714285714285,44.0,7.671428571428572,11.92333333333333,1480.8048,2.0,-0.9702957262759964,-0.2419218955996675,3,D3,3.0,1.0,1.0,1.0,1.0,121.0,grass_shrub,7098.0,325.0,308.0,0.0,2098.0,113.0,0.0
fire_01453,Tennant Fire,2021-06-28,2021,6,41.665191,-122.054254,10580.0,9.266815218904162,G,Extreme,88.8928571428572,56.801428571428644,2.0385714285714287,2.2857142857142856,23.728571428571428,6.5,62.85714285714285,44.0,7.671428571428572,11.92333333333333,1480.8048,2.0,-0.9702957262759964,-0.2419218955996675,3,D3,3.0,1.0,1.0,1.0,1.0,121.0,grass_shrub,7098.0,325.0,308.0,0.0,2098.0,113.0,0.0
fire_01454,Beswick Fire,2021-06-28,2021,6,41.917209,-122.374848,118.0,4.77912349311153,D,Medium,100.15571428571447,61.301428571428644,3.025714285714286,2.257142857142857,17.67142857142857,8.5,73.28571428571429,50.85714285714285,6.57142857142857,9.886666666666668,811.8001,2.0,0.9945218953682732,-0.1045284632676534,3,D3,3.0,1.0,1.0,1.0,1.0,102.0,grass,9301.0,348.0,303.0,0.0,2270.0,124.0,0.0
fire_01455,Blue Fire,2021-06-30,2021,6,37.02865766813302,-119.25484409482164,277.0,5.627621113690637,D,Medium,88.04428571428573,64.10428571428582,2.4442857142857144,2.557142857142857,20.757142857142856,0.0,85.14285714285714,59.85714285714285,5.414285714285716,7.14,1175.4153,2.0,0.8571673007021123,0.5150380749100542,4,D4,4.0,1.0,1.0,1.0,1.0,181.0,timber_litter,7105.0,232.0,215.0,0.0,2029.0,105.0,0.0
fire_01456,Salt Fire,2021-06-30,2021,6,40.860525,-122.348956,12660.0,9.446281681520253,G,Extreme,101.54428571428573,69.06714285714298,3.422857142857143,2.471428571428571,18.8,0.0,82.57142857142857,53.0,5.428571428571429,7.2633333333333345,406.38104,10.0,-0.9205048534524404,-0.3907311284892735,4,D4,4.0,1.0,1.0,1.0,1.0,102.0,grass,9301.0,338.0,303.0,0.0,2270.0,123.0,0.0
fire_01457,Ysabel Fire,2021-07-03,2021,7,33.119448,-116.677511,173.0,5.159055299214529,D,Medium,93.49571428571439,64.9785714285715,2.5814285714285714,2.7857142857142856,18.785714285714285,0.0,78.42857142857143,58.0,6.671428571428572,8.616666666666667,913.1255,9.0,0.2249510543438649,-0.9743700647852352,1,D1,1.0,1.0,1.0,0.0,0.0,103.0,grass,9829.0,369.0,304.0,0.0,2280.0,126.0,0.0
fire_01458,Main Fire,2021-07-03,2021,7,36.10007,-119.017899,384.0,5.953243334287785,E,Medium,100.2071428571429,73.23285714285711,3.435714285714285,3.185714285714286,17.814285714285713,0.0,89.14285714285714,68.71428571428571,5.457142857142857,6.106666666666665,171.32701,5.0,-0.9945218953682732,-0.1045284632676535,3,D3,3.0,1.0,1.0,1.0,1.0,102.0,grass,9301.0,344.0,304.0,0.0,2270.0,124.0,0.0
fire_01459,Beckwourth Complex,2021-07-04,2021,7,39.83203,-120.3415,105670.0,11.568085772814165,G,Extreme,94.75571428571426,54.8214285714285,2.664285714285714,3.585714285714286,14.0,4.8,80.57142857142857,59.142857142857146,6.042857142857143,7.736666666666667,1495.9279,6.0,-0.6819983600624986,-0.7313537016191705,3,D3,3.0,1.0,1.0,1.0,1.0,98.0,nonburnable_or_other,7292.0,11.0,11.0,0.0,11.0,11.0,0.0
fire_01460,Tumbleweed Fire,2021-07-04,2021,7,34.808751,-118.87933,868.0,6.767343125265392,E,Medium,90.87285714285714,65.64714285714302,2.902857142857143,3.342857142857143,11.471428571428572,0.0,96.71428571428572,75.71428571428571,4.485714285714286,5.196666666666668,1302.7107,6.0,0.4067366430757997,-0.9135454576426012,4,D4,4.0,1.0,1.0,1.0,1.0,144.0,shrub,7105.0,223.0,217.0,0.0,2105.0,112.0,0.0
fire_01461,Fish Fire,2021-07-04,2021,7,36.802809,-119.393795,75.0,4.330733340286331,C,Small,103.06142857142862,72.28142857142858,3.7257142857142855,2.071428571428572,16.32857142857143,0.0,89.28571428571429,58.85714285714285,5.385714285714286,6.3000000000000025,216.53438,4.0,-0.984807753012208,0.1736481776669302,3,D3,3.0,1.0,1.0,1.0,1.0,102.0,grass,9301.0,335.0,305.0,0.0,2270.0,123.0,0.0
fire_01462,Juniper Fire,2021-07-05,2021,7,41.80728,-120.638464,1011.0,6.919683849847411,F,Large,93.11000000000008,60.530000000000044,2.2742857142857145,3.042857142857143,20.714285714285715,2.4,69.0,53.85714285714285,7.571428571428571,10.92333333333333,1553.6332,1.0,-0.0174524064372834,-0.9998476951563912,3,D3,3.0,1.0,1.0,1.0,1.0,98.0,nonburnable_or_other,7292.0,11.0,11.0,0.0,11.0,11.0,0.0
fire_01463,Broiler Fire,2021-07-07,2021,7,39.253647,-123.224377,80.0,4.394449154672439,C,Small,97.94428571428574,56.492857142857204,2.5614285714285714,4.257142857142857,20.65714285714285,1.1,68.0,56.57142857142857,8.3,9.416666666666666,265.15604,6.0,0.838670567945424,0.5446390350150271,4,D4,4.0,1.0,1.0,1.0,1.0,122.0,grass_shrub,7029.0,143.0,125.0,45.0,2029.0,104.0,1.0
fire_01464,Basalt Fire,2021-07-09,2021,7,37.06047,-121.05758,92.0,4.532599493153256,C,Small,92.95571428571427,61.1214285714286,2.4585714285714286,3.6571428571428575,17.657142857142855,0.0,73.28571428571429,56.42857142857143,7.9142857142857155,7.873333333333335,86.50806,3.0,0.9743700647852352,0.224951054343865,3,D3,3.0,1.0,1.0,1.0,1.0,98.0,nonburnable_or_other,7292.0,11.0,11.0,0.0,11.0,11.0,0.0
fire_01465,Coyote Fire,2021-07-09,2021,7,41.28523,-121.77593,110.0,4.709530201312334,D,Medium,90.25571428571426,60.58142857142868,2.2385714285714284,2.571428571428572,21.6,3.0,78.14285714285714,55.85714285714285,6.571428571428571,8.35,1406.963,3.0,-0.5150380749100544,-0.8571673007021121,3,D3,3.0,1.0,1.0,1.0,1.0,165.0,timber_understory,7031.0,146.0,117.0,45.0,2031.0,104.0,1.0
fire_01466,Road Fire,2021-07-10,2021,7,32.82731,-116.6253,86.0,4.465908118654584,C,Small,88.81571428571434,62.20142857142864,2.0814285714285714,3.271428571428572,22.67142857142857,0.0,73.14285714285714,57.71428571428572,7.1000000000000005,9.393333333333333,1046.3113,5.0,0.3907311284892735,-0.9205048534524404,1,D1,1.0,1.0,1.0,0.0,0.0,145.0,shrub,7110.0,242.0,222.0,0.0,2110.0,114.0,0.0
fire_01467,Diablo Fire,2021-07-11,2021,7,37.865193,-121.667665,128.0,4.859812404361672,D,Medium,96.63285714285722,60.06714285714288,2.762857142857143,4.271428571428571,17.557142857142857,0.0,69.42857142857143,54.85714285714285,8.528571428571428,8.110000000000001,46.349827,3.0,0.4848096202463371,0.8746197071393957,4,D4,4.0,1.0,1.0,1.0,1.0,102.0,grass,9301.0,342.0,303.0,0.0,2270.0,124.0,0.0
fire_01468,Bear Fire,2021-07-11,2021,7,34.85178,-118.81448,71.0,4.276666119016055,C,Small,89.20142857142864,67.1642857142858,2.794285714285714,3.7,12.285714285714286,0.0,95.28571428571428,78.85714285714286,4.3,5.626666666666665,1140.616,3.0,0.2588190451025207,0.9659258262890684,4,D4,4.0,1.0,1.0,1.0,1.0,102.0,grass,9301.0,357.0,304.0,0.0,2270.0,125.0,0.0
fire_01469,River Fire,2021-07-11,2021,7,37.350823,-119.869785,9656.0,9.175438319966918,G,Extreme,101.18428571428576,71.84428571428575,3.71,2.2,13.257142857142856,0.0,89.0,60.285714285714285,5.2285714285714295,6.6933333333333325,402.23407,6.0,0.1218693434051476,-0.992546151641322,3,D3,3.0,1.0,1.0,1.0,1.0,121.0,grass_shrub,9301.0,339.0,304.0,35.0,2264.0,103.0,1.0
fire_01470,Bradley Fire,2021-07-11,2021,7,41.25272,-121.82403,357.0,5.8805329864007,E,Medium,92.72428571428578,54.74428571428574,2.377142857142857,2.6,18.3,3.4000000000000004,74.85714285714286,54.85714285714285,6.914285714285714,9.32,1204.6252,0.0,0.9510565162951536,0.3090169943749474,3,D3,3.0,1.0,1.0,1.0,1.0,185.0,timber_litter,7158.0,137.0,112.0,45.0,2158.0,104.0,1.0
fire_01471,Dexter Fire,2021-07-12,2021,7,37.8024,-118.8745,2965.0,7.994969522697877,F,Large,79.12142857142871,60.04142857142866,1.647142857142857,2.3,25.185714285714283,14.9,69.85714285714286,38.0,7.142857142857143,7.836666666666667,2659.6655,9.0,-0.7547095802227721,-0.656059028990507,4,D4,4.0,1.0,1.0,1.0,1.0,161.0,timber_understory,7033.0,127.0,110.0,35.0,2033.0,103.0,1.0
fire_01472,Dixie Fire,2021-07-13,2021,7,39.871306,-121.389439,963309.0,13.778130549673874,G,Extreme,97.22428571428578,68.16714285714298,3.51,2.7857142857142856,12.028571428571428,0.7,93.14285714285714,68.42857142857143,4.228571428571429,6.6033333333333335,801.2228,30.0,-0.8290375725550416,0.5591929034707469,3,D3,3.0,1.0,1.0,1.0,1.0,161.0,timber_understory,7098.0,240.0,215.0,0.0,2028.0,104.0,0.0
fire_01473,Cannon Fire,2021-07-14,2021,7,40.1703,-122.64768,43.0,3.784189633918261,C,Small,104.96428571428581,68.4500000000001,4.185714285714286,2.128571428571429,8.842857142857142,0.0,90.71428571428572,55.57142857142857,4.514285714285714,6.216666666666667,454.13806,3.0,0.882947592858927,0.4694715627858908,4,D4,4.0,1.0,1.0,1.0,1.0,144.0,shrub,7114.0,129.0,114.0,25.0,2114.0,102.0,1.0
fire_01474,Dolicini Fire,2021-07-14,2021,7,38.0975072,-122.7418335,35.0,3.58351893845611,C,Small,83.21000000000008,50.60428571428572,1.3342857142857143,6.557142857142857,34.214285714285715,0.4,46.142857142857146,49.42857142857143,13.014285714285716,12.473333333333333,63.65763,1.0,-0.9455185755993168,-0.3255681544571567,4,D4,4.0,1.0,1.0,1.0,1.0,102.0,grass,9301.0,352.0,304.0,0.0,2270.0,125.0,0.0
fire_01475,Henry Fire,2021-06-25,2021,6,38.4504695,-119.7512546,1320.0,7.186144304522325,F,Large,71.0214285714287,49.8071428571429,1.3114285714285716,3.2,22.82857142857143,11.3,72.71428571428571,52.0,6.557142857142858,9.469999999999995,2709.6982,21.0,-0.0174524064372834,-0.9998476951563912,3,D3,3.0,1.0,1.0,1.0,1.0,122.0,grass_shrub,7098.0,235.0,208.0,0.0,2098.0,113.0,0.0
fire_01476,Border 13 Fire,2021-07-15,2021,7,32.578481,-116.634023,30.0,3.4339872044851463,C,Small,90.12714285714296,64.95285714285728,1.84,2.9,30.971428571428568,0.0,62.85714285714285,47.85714285714285,9.1,10.729999999999997,549.72906,5.0,-0.981627183447664,0.1908089953765449,-9,,,,,,,145.0,shrub,7110.0,230.0,213.0,0.0,2110.0,113.0,0.0
fire_01477,Tamarack Fire,2021-07-04,2021,7,38.6280042,-119.8591887,68637.0,11.1366015962082,G,Extreme,75.47000000000017,49.88428571428576,1.3857142857142857,2.7142857142857144,24.257142857142856,15.4,60.85714285714285,23.0,8.171428571428573,9.0,2298.1736,4.0,0.1391731009600654,0.9902680687415704,3,D3,3.0,1.0,1.0,1.0,1.0,101.0,grass,7033.0,118.0,110.0,0.0,2098.0,112.0,0.0
fire_01478,Fork Fire,2021-07-17,2021,7,39.999396,-122.55195,43.0,3.784189633918261,C,Small,101.57000000000016,68.14142857142856,3.722857142857143,1.885714285714286,12.5,0.0,90.71428571428572,51.71428571428572,4.585714285714286,5.863333333333335,288.77582,2.0,0.9659258262890684,-0.2588190451025207,4,D4,4.0,1.0,1.0,1.0,1.0,91.0,nonburnable_or_other,7299.0,25.0,25.0,0.0,2905.0,25.0,0.0
fire_01479,Chicken Fire,2021-07-18,2021,7,40.86955,-120.45187,55.0,4.02535169073515,C,Small,92.41571428571434,49.70428571428572,2.5814285714285714,3.0142857142857147,10.485714285714284,1.8,86.42857142857143,66.71428571428571,5.442857142857143,7.716666666666667,1617.1508,1.0,-0.9743700647852352,0.2249510543438652,3,D3,3.0,1.0,1.0,1.0,1.0,122.0,grass_shrub,7080.0,228.0,211.0,0.0,2080.0,112.0,0.0
fire_01480,Quail Fire,2021-07-20,2021,7,33.889516,-117.070814,50.0,3.9318256327243257,C,Small,94.6785714285715,66.05857142857144,2.4457142857142857,3.0,21.5,0.6,75.42857142857143,57.57142857142857,7.742857142857143,8.146666666666668,476.68146,4.0,-0.544639035015027,-0.8386705679454242,2,D2,2.0,1.0,1.0,1.0,0.0,101.0,grass,9301.0,337.0,302.0,0.0,2270.0,122.0,0.0
fire_01481,Peak Fire,2021-07-20,2021,7,35.41153,-118.46461,2098.0,7.649216319820633,F,Large,90.4357142857144,67.88428571428577,2.8328571428571427,2.9,11.571428571428571,1.1,92.71428571428572,62.71428571428572,4.414285714285715,5.44,1274.251,17.0,-0.7547095802227721,-0.656059028990507,4,D4,4.0,1.0,1.0,1.0,1.0,144.0,shrub,7105.0,236.0,212.0,0.0,2105.0,113.0,0.0
fire_01482,Frenchtown Fire,2021-07-20,2021,7,39.383922,-121.24684,45.0,3.828641396489095,C,Small,94.47285714285714,63.358571428571544,2.9800000000000004,3.2857142857142856,14.87142857142857,0.0,94.14285714285714,73.28571428571429,4.442857142857143,5.9366666666666665,495.66916,5.0,-0.3255681544571566,-0.9455185755993168,3,D3,3.0,1.0,1.0,1.0,1.0,163.0,timber_understory,9302.0,133.0,113.0,35.0,2271.0,103.0,1.0
fire_01483,Mountain Fire,2021-07-23,2021,7,39.976,-123.505,25.0,3.258096538021482,C,Small,92.03000000000004,58.47285714285714,2.4257142857142857,7.1571428571428575,20.3,0.8,75.57142857142857,76.0,6.571428571428571,8.49,996.35956,8.0,0.6156614753256583,0.788010753606722,2,D2,2.0,1.0,1.0,1.0,0.0,165.0,timber_understory,7027.0,148.0,126.0,45.0,2027.0,104.0,1.0
fire_01484,Park Fire,2021-07-26,2021,7,36.199833,-118.722167,100.0,4.61512051684126,D,Medium,91.10428571428582,69.71000000000008,2.888571428571429,2.0000000000000004,13.671428571428573,0.0,98.28571428571428,63.0,4.2714285714285705,4.833333333333334,1408.9827,22.0,0.838670567945424,-0.544639035015027,4,D4,4.0,1.0,1.0,1.0,1.0,122.0,grass_shrub,7029.0,151.0,136.0,55.0,2029.0,105.0,1.0
fire_01485,Pinnacles Fire,2021-07-28,2021,7,36.476664,-121.224797,171.0,5.147494476813453,D,Medium,91.31000000000009,60.63285714285712,2.545714285714286,3.242857142857143,13.271428571428572,0.0,81.42857142857143,61.57142857142857,5.728571428571429,8.003333333333334,602.05194,3.0,-0.2079116908177598,-0.9781476007338056,3,D3,3.0,1.0,1.0,1.0,1.0,144.0,shrub,7114.0,130.0,128.0,35.0,2114.0,103.0,1.0
fire_01486,Evans Fire,2021-07-29,2021,7,40.183504,-120.8468224,85.0,4.454347296253507,C,Small,85.0357142857144,60.14428571428574,2.3057142857142856,3.6142857142857134,15.099999999999998,3.0,90.14285714285714,63.71428571428572,4.757142857142858,5.923333333333332,1341.0264,12.0,0.1045284632676534,0.9945218953682732,3,D3,3.0,1.0,1.0,1.0,1.0,162.0,timber_understory,7027.0,129.0,108.0,35.0,2027.0,103.0,1.0
fire_01487,McFarland Fire,2021-07-30,2021,7,40.35,-123.034,122653.0,11.717122662281623,G,Extreme,91.2071428571428,56.85285714285718,2.4957142857142856,1.8285714285714283,17.52857142857143,0.0,81.71428571428571,45.285714285714285,5.7,7.01,1078.6835,11.0,-0.3090169943749473,0.9510565162951536,3,D3,3.0,1.0,1.0,1.0,1.0,161.0,timber_understory,7137.0,349.0,303.0,0.0,2043.0,106.0,0.0
fire_01488,Robie Fire,2021-07-30,2021,7,38.054116,-120.867498,153.0,5.0369526024136295,D,Medium,99.28142857142858,64.41285714285716,3.2985714285714285,2.342857142857143,11.55714285714286,1.1,83.85714285714286,53.0,5.442857142857143,7.169999999999999,100.40097,2.0,-1.8369701987210287e-16,-1.0,4,D4,4.0,1.0,1.0,1.0,1.0,102.0,grass,9301.0,358.0,304.0,0.0,2270.0,125.0,0.0
fire_01489,Hungry Fire,2021-07-31,2021,7,34.7479248,-118.8217926,340.0,5.831882477283517,E,Medium,89.99857142857157,66.83000000000004,2.595714285714286,3.657142857142857,16.857142857142858,0.0,92.42857142857144,74.85714285714286,5.357142857142857,5.05,1012.61914,4.0,-0.9396926207859084,0.3420201433256689,4,D4,4.0,1.0,1.0,1.0,1.0,121.0,grass_shrub,7092.0,355.0,303.0,0.0,2092.0,111.0,0.0
fire_01490,Tobin Fire,2021-07-31,2021,7,35.65927,-120.560856,75.0,4.330733340286331,C,Small,94.65285714285729,57.650000000000105,2.3242857142857143,3.242857142857143,18.914285714285715,0.0,70.71428571428571,56.57142857142857,8.77142857142857,8.856666666666667,288.684,1.0,0.788010753606722,-0.6156614753256582,3,D3,3.0,1.0,1.0,1.0,1.0,93.0,nonburnable_or_other,7981.0,61.0,61.0,0.0,2961.0,61.0,0.0
fire_01491,Antelope Fire,2021-08-01,2021,8,41.5289901,-121.9154934,145632.0,11.888845037415514,G,Extreme,82.07857142857151,56.2357142857143,1.7,2.257142857142857,29.9,7.6,67.85714285714286,41.42857142857143,8.671428571428573,8.116666666666665,1614.6497,5.0,0.7771459614569709,0.6293203910498374,3,D3,3.0,1.0,1.0,1.0,1.0,161.0,timber_understory,7098.0,220.0,204.0,0.0,2172.0,105.0,0.0
fire_01492,Hiding Fire,2021-08-01,2021,8,40.466364,-122.482826,50.0,3.9318256327243257,C,Small,100.15571428571425,70.48142857142858,3.701428571428571,2.442857142857143,14.328571428571427,0.4,92.0,57.57142857142857,4.571428571428571,5.48,254.60493,2.0,-0.7193398003386511,-0.6946583704589973,4,D4,4.0,1.0,1.0,1.0,1.0,103.0,grass,7105.0,226.0,206.0,0.0,2105.0,112.0,0.0
fire_01493,Monument Fire,2021-07-30,2021,7,40.752,-123.337,223124.0,12.31548743151604,G,Extreme,91.51571428571434,61.6357142857143,2.591428571428572,2.3714285714285714,19.5,0.3,80.28571428571429,46.57142857142857,5.557142857142857,7.519999999999999,1059.8768,30.0,0.9975640502598242,0.0697564737441253,3,D3,3.0,1.0,1.0,1.0,1.0,188.0,timber_litter,7043.0,159.0,134.0,65.0,2043.0,106.0,1.0
fire_01494,River Complex,2021-07-30,2021,7,41.389,-123.057,199359.0,12.202867514581223,G,Extreme,83.31285714285715,60.65857142857154,1.777142857142857,2.3000000000000003,29.25714285714286,0.0,71.71428571428571,40.85714285714285,7.071428571428571,8.19,1969.4893,15.0,0.2419218955996674,-0.9702957262759966,3,D3,3.0,1.0,1.0,1.0,1.0,99.0,nonburnable_or_other,9110.0,100.0,100.0,0.0,2002.0,100.0,0.0
fire_01495,Antonio Fire,2021-08-03,2021,8,34.23604,-117.65989,50.0,3.9318256327243257,C,Small,82.31000000000009,64.28428571428576,2.0614285714285714,2.4857142857142853,18.6,5.7,83.0,58.42857142857143,6.857142857142857,5.526666666666667,1339.414,9.0,-0.5877852522924732,-0.8090169943749473,2,D2,2.0,1.0,1.0,1.0,0.0,142.0,shrub,7118.0,125.0,108.0,25.0,2118.0,104.0,1.0
fire_01496,House Fire,2021-08-04,2021,8,40.604986,-122.506112,60.0,4.110873864173311,C,Small,103.19000000000003,70.27571428571432,3.971428571428571,2.957142857142857,11.757142857142856,0.8,92.71428571428572,61.142857142857146,4.657142857142857,5.236666666666667,321.3532,9.0,0.4848096202463371,0.8746197071393957,4,D4,4.0,1.0,1.0,1.0,1.0,182.0,timber_litter,7105.0,228.0,211.0,35.0,2913.0,13.0,1.0
fire_01497,River Fire,2021-08-04,2021,8,39.08805,-121.01468,2619.0,7.8709295967551425,F,Large,97.55857142857144,67.0357142857144,3.455714285714285,2.857142857142857,11.071428571428571,0.0,101.28571428571428,74.71428571428571,3.857142857142857,4.719999999999999,670.53253,3.0,-0.8191520442889918,-0.5735764363510462,4,D4,4.0,1.0,1.0,1.0,1.0,122.0,grass_shrub,7260.0,143.0,120.0,45.0,2260.0,104.0,1.0
fire_01498,Hambone Fire,2021-08-06,2021,8,41.68499,-121.53946,55.0,4.02535169073515,C,Small,87.32428571428578,57.57285714285714,2.2642857142857147,2.857142857142857,15.728571428571428,5.4,75.57142857142857,46.285714285714285,6.6000000000000005,6.966666666666667,1623.4196,6.0,0.9612616959383188,0.2756373558169991,3,D3,3.0,1.0,1.0,1.0,1.0,165.0,timber_understory,7125.0,221.0,207.0,35.0,2031.0,103.0,1.0
fire_01499,Nelson Fire,2021-08-07,2021,8,41.034362,-121.89008,20.0,3.044522437723423,C,Small,96.9928571428571,56.801428571428644,3.0800000000000005,2.8571428571428568,10.585714285714284,1.6,92.0,68.85714285714286,5.014285714285714,5.983333333333333,644.9101,9.0,-0.8571673007021123,-0.5150380749100542,4,D4,4.0,1.0,1.0,1.0,1.0,165.0,timber_understory,7030.0,160.0,122.0,65.0,2030.0,106.0,1.0
fire_01500,Glen Fire,2021-08-11,2021,8,39.403918,-121.30845,184.0,5.220355825078324,D,Medium,93.05857142857144,65.8785714285715,3.0857142857142854,2.9,10.828571428571427,0.0,101.14285714285714,75.0,3.857142857142857,4.556666666666667,611.537,5.0,-0.6819983600624986,-0.7313537016191705,4,D4,4.0,1.0,1.0,1.0,1.0,102.0,grass,7029.0,139.0,124.0,35.0,2029.0,103.0,1.0
fire_01501,Middle Fire,2021-08-13,2021,8,38.250596,-122.727542,22.0,3.1354942159291497,C,Small,83.54428571428573,51.96714285714288,1.31,3.8142857142857145,33.214285714285715,0.0,44.0,35.857142857142854,13.571428571428571,13.150000000000002,104.5408,1.0,0.3255681544571563,-0.945518575599317,4,D4,4.0,1.0,1.0,1.0,1.0,103.0,grass,9829.0,365.0,303.0,0.0,2280.0,126.0,0.0
fire_01502,Coyote Fire,2021-08-13,2021,8,38.826123,-122.581257,127.0,4.852030263919617,D,Medium,97.78999999999992,62.99857142857146,3.0742857142857143,2.6142857142857143,12.9,0.0,84.0,51.0,5.971428571428571,6.0666666666666655,400.59372,6.0,-0.9396926207859084,-0.3420201433256686,4,D4,4.0,1.0,1.0,1.0,1.0,102.0,grass,7114.0,129.0,108.0,0.0,2184.0,122.0,0.0
fire_01503,Bell Fire,2021-08-14,2021,8,39.834099,-123.637032,50.0,3.9318256327243257,C,Small,89.33000000000004,58.65285714285718,2.14,4.485714285714286,18.857142857142858,0.0,66.57142857142857,52.285714285714285,8.1,9.736666666666666,471.21686,11.0,-0.9998476951563912,0.0174524064372834,3,D3,3.0,1.0,1.0,1.0,1.0,165.0,timber_understory,7043.0,138.0,114.0,35.0,2043.0,103.0,1.0
fire_01504,Caldor Fire,2021-08-14,2021,8,38.586,-120.537833,221835.0,12.309693649113756,G,Extreme,92.33857142857138,67.96142857142863,2.99,2.4285714285714284,12.042857142857144,0.0,100.14285714285714,68.85714285714286,4.057142857142857,4.666666666666668,1008.0923,4.0,0.7986355100472928,-0.6018150231520483,4,D4,4.0,1.0,1.0,1.0,1.0,188.0,timber_litter,7028.0,157.0,127.0,65.0,2028.0,107.0,1.0
fire_01505,Walkers Fire,2021-08-16,2021,8,36.268,-118.555,8777.0,9.08000387024818,G,Extreme,77.37285714285714,49.6785714285715,1.6914285714285715,2.185714285714286,13.828571428571426,5.300000000000001,89.42857142857143,59.42857142857143,5.214285714285715,6.340000000000002,2273.4094,18.0,-0.882947592858927,0.4694715627858907,4,D4,4.0,1.0,1.0,1.0,1.0,165.0,timber_understory,7031.0,131.0,113.0,35.0,2031.0,103.0,1.0
fire_01506,Cache Fire,2021-08-18,2021,8,38.928133,-122.601395,83.0,4.430816798843313,C,Small,99.48714285714304,68.1928571428572,3.15,3.742857142857143,16.485714285714288,0.0,83.57142857142857,58.85714285714285,6.042857142857143,5.843333333333335,425.9451,2.0,-0.981627183447664,-0.1908089953765447,4,D4,4.0,1.0,1.0,1.0,1.0,102.0,grass,9301.0,339.0,303.0,0.0,2270.0,123.0,0.0
fire_01507,McCash Fire,2021-08-18,2021,8,41.564,-123.404,94962.0,11.461242621033891,G,Extreme,87.76142857142862,63.6928571428571,2.2414285714285715,3.400000000000001,21.514285714285712,7.4,77.28571428571429,51.42857142857143,5.914285714285714,7.716666666666666,1033.3457,16.0,0.4694715627858904,-0.8829475928589271,3,D3,3.0,1.0,1.0,1.0,1.0,185.0,timber_litter,7105.0,239.0,218.0,25.0,2043.0,104.0,1.0
fire_01508,Rock Fire,2021-08-24,2021,8,33.474823,-116.659688,295.0,5.69035945432406,D,Medium,79.61000000000008,55.25857142857154,1.0042857142857142,4.428571428571429,41.385714285714286,17.700000000000003,54.285714285714285,51.42857142857143,13.885714285714286,8.58,1289.317,13.0,0.3907311284892737,0.9205048534524404,2,D2,2.0,1.0,1.0,1.0,0.0,141.0,shrub,7129.0,337.0,302.0,0.0,2097.0,113.0,0.0
fire_01509,Mule Fire,2021-08-25,2021,8,40.616416,-122.514391,10.0,2.3978952727983707,C,Small,90.79571428571438,61.35285714285728,2.675714285714286,3.8571428571428577,13.228571428571428,0.8,91.14285714285714,67.28571428571429,5.228571428571429,4.756666666666667,455.82227,5.0,-0.981627183447664,0.1908089953765449,4,D4,4.0,1.0,1.0,1.0,1.0,122.0,grass_shrub,7105.0,236.0,216.0,0.0,2029.0,104.0,0.0
fire_01510,Airola Fire,2021-08-25,2021,8,38.038795,-120.454797,639.0,6.461468176353717,E,Medium,86.5785714285714,60.29857142857156,2.0585714285714287,3.4285714285714284,20.67142857142857,0.0,85.71428571428571,67.57142857142857,6.985714285714286,5.23,392.3388,10.0,-0.7071067811865475,0.7071067811865476,4,D4,4.0,1.0,1.0,1.0,1.0,98.0,nonburnable_or_other,7292.0,11.0,11.0,0.0,11.0,11.0,0.0
fire_01511,South Fire,2021-08-25,2021,8,34.186147,-117.440263,680.0,6.523562306149512,E,Medium,80.81857142857152,58.44714285714302,1.0085714285714285,3.971428571428571,44.31428571428571,1.4,51.42857142857143,46.85714285714285,15.014285714285714,8.773333333333335,645.9245,7.0,-0.7193398003386513,0.6946583704589971,2,D2,2.0,1.0,1.0,1.0,0.0,122.0,grass_shrub,7933.0,221.0,209.0,0.0,2912.0,112.0,0.0
fire_01512,Westward Fire,2021-08-25,2021,8,33.918089,-116.877776,160.0,5.081404364984463,D,Medium,81.10142857142864,58.98714285714304,1.3428571428571427,4.271428571428571,36.3,13.8,61.142857142857146,55.85714285714285,12.0,8.31333333333333,701.1529,3.0,-0.9612616959383188,0.2756373558169992,2,D2,2.0,1.0,1.0,1.0,0.0,91.0,nonburnable_or_other,7299.0,25.0,25.0,0.0,2905.0,25.0,0.0
fire_01513,Bennett Fire,2021-08-25,2021,8,39.216752,-121.040771,59.0,4.0943445622221,C,Small,82.87571428571442,57.57285714285714,2.031428571428571,3.8857142857142857,17.17142857142857,0.0,94.0,77.85714285714286,5.485714285714286,4.403333333333333,774.6575,4.0,0.559192903470747,-0.8290375725550416,4,D4,4.0,1.0,1.0,1.0,1.0,91.0,nonburnable_or_other,7299.0,25.0,25.0,0.0,2905.0,25.0,0.0
fire_01514,Washington Fire,2021-08-26,2021,8,37.962933,-120.402221,100.0,4.61512051684126,D,Medium,86.03857142857159,56.8785714285714,1.922857142857143,3.557142857142857,20.11428571428572,0.0,83.28571428571429,67.14285714285714,7.485714285714286,5.496666666666666,516.63684,3.0,0.2756373558169994,-0.9612616959383188,4,D4,4.0,1.0,1.0,1.0,1.0,165.0,timber_understory,7030.0,152.0,129.0,55.0,2030.0,105.0,1.0
fire_01515,Roadside Fire,2021-08-28,2021,8,34.25145,-117.4546,50.0,3.9318256327243257,C,Small,83.46714285714299,61.48142857142858,1.8757142857142857,3.6428571428571423,28.27142857142857,0.0,61.85714285714285,53.71428571428572,11.285714285714288,8.126666666666667,804.85205,12.0,0.5446390350150271,0.838670567945424,2,D2,2.0,1.0,1.0,1.0,0.0,145.0,shrub,7110.0,241.0,219.0,0.0,2110.0,114.0,0.0
fire_01516,Chaparral Fire,2021-08-28,2021,8,33.484721,-117.39309,1427.0,7.2640301428995295,F,Large,81.02428571428568,68.1928571428572,1.6128571428571428,3.4142857142857146,42.92857142857143,0.7,49.42857142857143,38.0,13.514285714285714,9.413333333333334,600.76984,5.0,-0.9961946980917455,-0.0871557427476579,2,D2,2.0,1.0,1.0,1.0,0.0,141.0,shrub,7110.0,226.0,213.0,0.0,2110.0,114.0,0.0
fire_01517,Railroad Fire,2021-08-29,2021,8,34.34,-117.466,61.0,4.127134385045092,C,Small,83.05571428571426,67.08714285714305,2.1585714285714284,3.9571428571428577,21.77142857142857,0.0,68.57142857142857,60.85714285714285,8.942857142857143,8.126666666666667,1154.3757,10.0,-0.766044443118978,-0.6427876096865393,2,D2,2.0,1.0,1.0,1.0,0.0,142.0,shrub,7108.0,230.0,214.0,0.0,2110.0,118.0,0.0
fire_01518,Knob Fire,2021-08-29,2021,8,40.8652,-123.6744,2421.0,7.792348924113037,F,Large,82.5928571428572,55.56714285714298,1.965714285714286,5.842857142857143,18.27142857142857,0.0,76.71428571428571,68.28571428571429,6.842857142857143,7.223333333333332,847.08325,16.0,-0.4383711467890775,0.8987940462991669,3,D3,3.0,1.0,1.0,1.0,1.0,165.0,timber_understory,7043.0,172.0,138.0,75.0,2043.0,107.0,1.0
fire_01519,K-Rail,2021-08-30,2021,8,41.03877,-123.52733,16.0,2.833213344056216,C,Small,86.01285714285726,54.79571428571438,2.205714285714285,3.357142857142857,13.185714285714283,0.0,82.28571428571429,56.0,5.828571428571428,6.709999999999998,890.9593,21.0,-0.529919264233205,-0.848048096156426,3,D3,3.0,1.0,1.0,1.0,1.0,188.0,timber_litter,7043.0,164.0,130.0,75.0,2043.0,107.0,1.0
fire_01520,Lassen Fire,2021-09-01,2021,9,38.0591827,-122.6131992,44.0,3.80666248977032,C,Small,89.92142857142849,55.67000000000006,2.0557142857142856,4.042857142857143,24.028571428571432,0.0,61.42857142857143,48.57142857142857,9.328571428571427,10.073333333333332,418.43063,15.0,-0.7193398003386511,-0.6946583704589973,4,D4,4.0,1.0,1.0,1.0,1.0,102.0,grass,9301.0,349.0,304.0,0.0,2270.0,124.0,0.0
fire_01521,Lawrence Fire,2021-09-05,2021,9,38.529123,-120.731748,46.0,3.8501476017100575,C,Small,89.56142857142862,60.375714285714324,2.791428571428572,2.4142857142857146,8.385714285714284,0.0,97.71428571428572,68.42857142857143,4.242857142857143,4.846666666666668,665.9148,2.0,0.2249510543438649,-0.9743700647852352,4,D4,4.0,1.0,1.0,1.0,1.0,165.0,timber_understory,7030.0,148.0,129.0,45.0,2030.0,104.0,1.0
fire_01522,Bridge Fire,2021-09-05,2021,9,38.921239,-121.036613,411.0,6.021023349349527,E,Medium,91.54142857142855,59.1928571428572,2.8685714285714283,2.528571428571429,9.957142857142856,0.0,96.85714285714286,68.71428571428571,4.657142857142857,4.596666666666667,301.3411,4.0,-0.7547095802227721,-0.656059028990507,4,D4,4.0,1.0,1.0,1.0,1.0,163.0,timber_understory,9302.0,145.0,126.0,45.0,2271.0,104.0,1.0
fire_01523,Aruba Fire,2021-09-05,2021,9,33.380079,-117.111157,54.0,4.007333185232471,C,Small,83.05571428571426,61.94428571428574,1.3414285714285714,3.128571428571429,41.2,0.3,44.142857142857146,36.57142857142857,13.14285714285714,12.769999999999998,263.8332,8.0,0.0697564737441252,0.9975640502598242,1,D1,1.0,1.0,1.0,0.0,0.0,141.0,shrub,7110.0,231.0,221.0,0.0,2110.0,114.0,0.0
fire_01524,Caballo Fire,2021-09-06,2021,9,34.6776,-120.09009,70.0,4.262679877041316,C,Small,85.01000000000008,50.7071428571429,1.512857142857143,3.028571428571429,25.3,0.0,43.85714285714285,36.0,13.07142857142857,14.129999999999995,309.31436,2.0,-0.7313537016191706,-0.6819983600624984,3,D3,3.0,1.0,1.0,1.0,1.0,102.0,grass,9301.0,339.0,304.0,0.0,2270.0,123.0,0.0
fire_01525,Route Fire,2021-09-11,2021,9,34.569383,-118.688821,464.0,6.142037405587356,E,Medium,91.92714285714297,72.9500000000001,2.9514285714285715,3.0428571428571423,15.971428571428572,1.4,89.14285714285714,67.57142857142857,5.014285714285714,6.306666666666667,786.2443,1.0,-0.0174524064372834,0.9998476951563912,4,D4,4.0,1.0,1.0,1.0,1.0,122.0,grass_shrub,7110.0,225.0,212.0,0.0,2110.0,112.0,0.0
fire_01526,Hopkins Fire,2021-09-12,2021,9,39.232362,-123.202039,257.0,5.552959584921617,D,Medium,99.59000000000002,56.03000000000014,2.7842857142857147,5.285714285714286,14.8,0.9,73.0,59.71428571428572,8.242857142857142,7.27,218.00237,1.0,0.4067366430757997,-0.9135454576426012,4,D4,4.0,1.0,1.0,1.0,1.0,102.0,grass,9301.0,375.0,303.0,0.0,2270.0,127.0,0.0
fire_01527,Childrens Fire,2021-09-19,2021,9,36.89365,-119.792528,42.0,3.7612001156935615,C,Small,93.75285714285718,60.45285714285728,2.5500000000000003,3.085714285714286,17.67142857142857,0.0,84.0,64.57142857142857,7.157142857142857,5.926666666666666,97.86961,2.0,-0.6427876096865394,0.766044443118978,4,D4,4.0,1.0,1.0,1.0,1.0,93.0,nonburnable_or_other,7988.0,68.0,68.0,0.0,2968.0,68.0,0.0
fire_01528,University Fire,2021-09-22,2021,9,34.164501,-117.333215,71.0,4.276666119016055,C,Small,87.35000000000011,58.627142857142964,2.042857142857143,3.3857142857142857,19.11428571428572,0.0,72.28571428571429,58.85714285714285,7.7142857142857135,9.32666666666667,441.38742,3.0,-0.6946583704589973,-0.7193398003386512,2,D2,2.0,1.0,1.0,1.0,0.0,91.0,nonburnable_or_other,7299.0,25.0,25.0,0.0,2905.0,25.0,0.0
fire_01529,Fremont Fire,2021-09-22,2021,9,38.269863,-122.416983,116.0,4.762173934797756,D,Medium,80.1500000000001,51.83857142857138,1.3057142857142858,3.4285714285714293,32.07142857142857,1.3,45.71428571428572,32.57142857142857,13.085714285714284,12.063333333333334,33.191914,7.0,-0.2923717047227371,-0.9563047559630352,4,D4,4.0,1.0,1.0,1.0,1.0,93.0,nonburnable_or_other,7961.0,61.0,61.0,0.0,2961.0,61.0,0.0
fire_01530,Fawn Fire,2021-09-22,2021,9,40.729811,-122.320243,8578.0,9.057072635572965,G,Extreme,84.62428571428568,57.34142857142856,1.8757142857142857,4.028571428571428,28.471428571428568,16.099999999999998,66.14285714285714,46.42857142857143,10.05714285714286,6.053333333333331,298.4774,4.0,-0.754709580222772,0.6560590289905073,4,D4,4.0,1.0,1.0,1.0,1.0,165.0,timber_understory,7030.0,174.0,130.0,75.0,2030.0,107.0,1.0
fire_01531,Maxwell Fire,2021-10-05,2021,10,40.649917,-123.02375,80.0,4.394449154672439,C,Small,81.38428571428577,42.81285714285716,1.7142857142857142,2.3285714285714287,14.714285714285714,16.7,62.42857142857143,39.85714285714285,10.2,8.1,670.37787,9.0,0.9743700647852352,0.224951054343865,3,D3,3.0,1.0,1.0,1.0,1.0,188.0,timber_litter,7043.0,149.0,118.0,65.0,2043.0,106.0,1.0
fire_01532,View Fire ,2021-10-11,2021,10,40.287225,-122.436754,24.0,3.218875824868201,C,Small,79.42999999999994,46.7214285714287,1.61,3.157142857142857,16.542857142857144,0.3,73.14285714285714,53.42857142857143,7.928571428571429,7.516666666666667,228.01076,1.0,0.9743700647852352,0.224951054343865,4,D4,4.0,1.0,1.0,1.0,1.0,145.0,shrub,7105.0,252.0,223.0,0.0,2105.0,115.0,0.0
fire_01533,Kettle Fire,2021-10-11,2021,10,35.983649,-119.960099,447.0,6.104793232414985,E,Medium,80.92142857142849,55.15571428571426,1.857142857142857,3.1,17.54285714285714,2.6,78.28571428571429,46.285714285714285,6.571428571428571,6.166666666666667,114.09515,4.0,0.1045284632676534,0.9945218953682732,4,D4,4.0,1.0,1.0,1.0,1.0,102.0,grass,7129.0,327.0,303.0,0.0,2129.0,122.0,0.0
fire_01534,Newell Fire,2021-10-11,2021,10,38.170366,-122.241128,132.0,4.890349128221754,D,Medium,75.5214285714287,51.42714285714286,1.1057142857142856,3.6714285714285713,29.857142857142858,0.0,53.71428571428572,41.42857142857143,11.0,11.46,27.312819,3.0,-0.1736481776669303,-0.984807753012208,4,D4,4.0,1.0,1.0,1.0,1.0,91.0,nonburnable_or_other,7299.0,25.0,25.0,0.0,2905.0,25.0,0.0
fire_01535,Alisal Fire,2021-10-11,2021,10,34.553,-120.136,16970.0,9.739261284011263,G,Extreme,80.9214285714287,50.52714285714286,1.337142857142857,4.671428571428572,27.5,2.6,42.0,28.142857142857142,12.3,13.490000000000002,176.79152,2.0,0.7071067811865476,0.7071067811865476,3,D3,3.0,1.0,1.0,1.0,1.0,102.0,grass,9301.0,344.0,304.0,0.0,2270.0,124.0,0.0
fire_01536,Canal Fire ,2021-10-14,2021,10,39.986836,-122.277441,59.0,4.0943445622221,C,Small,73.18142857142868,46.92714285714286,1.3771428571428572,5.757142857142857,16.142857142857146,0.0,72.14285714285714,63.142857142857146,7.885714285714285,7.646666666666666,120.712555,1.0,-0.5150380749100543,0.8571673007021123,4,D4,4.0,1.0,1.0,1.0,1.0,102.0,grass,9301.0,366.0,303.0,0.0,2270.0,126.0,0.0
fire_01537,Gravel Fire,2021-10-15,2021,10,41.862388,-120.358206,200.0,5.303304908059076,D,Medium,52.32714285714286,27.02428571428578,0.4385714285714285,3.857142857142857,32.51428571428572,30.8,43.0,39.142857142857146,14.671428571428573,12.223333333333333,1450.4365,7.0,0.6293203910498375,-0.7771459614569708,3,D3,3.0,1.0,1.0,1.0,1.0,102.0,grass,7967.0,336.0,303.0,0.0,2967.0,123.0,0.0
fire_01538,Estrada Fire,2021-10-15,2021,10,37.013464,-121.752106,148.0,5.003946305945459,D,Medium,70.04428571428573,45.71857142857152,0.9642857142857144,4.242857142857143,25.0,0.0,56.57142857142857,46.57142857142857,10.857142857142858,10.753333333333332,246.80496,11.0,-0.766044443118978,-0.6427876096865393,3,D3,3.0,1.0,1.0,1.0,1.0,184.0,timber_litter,7112.0,150.0,117.0,55.0,2112.0,105.0,1.0
fire_01539,Hollow Fire,2021-10-24,2021,10,37.62879,-121.52692,150.0,5.017279836814924,D,Medium,68.4500000000001,58.13857142857148,0.9,4.228571428571429,44.3,8.8,54.42857142857143,13.857142857142858,10.014285714285716,7.083333333333334,220.51624,3.0,-0.3420201433256687,0.9396926207859084,4,D4,4.0,1.0,1.0,1.0,1.0,102.0,grass,7129.0,342.0,304.0,0.0,2129.0,124.0,0.0
fire_01540,Arlanza Fire,2021-11-21,2021,11,33.952633,-117.487947,24.0,3.218875824868201,C,Small,76.83285714285712,50.0642857142858,1.4357142857142855,1.8285714285714283,19.12857142857143,6.5,58.85714285714285,38.85714285714285,8.714285714285714,12.749999999999998,256.34708,3.0,0.90630778703665,0.4226182617406994,2,D2,2.0,1.0,1.0,1.0,0.0,102.0,grass,7129.0,331.0,302.0,0.0,2129.0,123.0,0.0
fire_01541,Colorado Fire,2022-01-21,2022,1,36.396461,-121.880533,687.0,6.533788837933344,E,Medium,63.41000000000008,46.798571428571464,0.6885714285714285,3.842857142857144,38.54285714285714,116.1,31.0,31.0,12.914285714285713,21.46333333333333,285.81946,7.0,0.4067366430757997,-0.9135454576426012,2,D2,2.0,1.0,1.0,1.0,0.0,185.0,timber_litter,7015.0,165.0,135.0,65.0,2015.0,106.0,1.0
fire_01542,Emerald Fire ,2022-02-10,2022,2,33.558085,-117.805666,154.0,5.043425116919247,D,Medium,69.83857142857138,56.85285714285718,1.2857142857142858,2.3857142857142857,26.942857142857143,0.8,54.85714285714285,39.57142857142857,9.442857142857145,13.37,133.85054,6.0,-0.5735764363510464,-0.8191520442889916,-9,,,,,,,102.0,grass,7092.0,239.0,214.0,0.0,2092.0,114.0,0.0
fire_01543,Airport Fire,2022-02-16,2022,2,37.369355,-118.371813,4136.0,8.327726166461412,F,Large,68.1928571428571,33.11857142857152,1.1371428571428572,3.857142857142857,15.042857142857144,0.0,68.42857142857143,59.42857142857143,7.928571428571429,10.803333333333336,1255.463,0.0,-0.6560590289905072,0.7547095802227721,2,D2,2.0,1.0,1.0,1.0,0.0,101.0,grass,7127.0,223.0,202.0,0.0,2127.0,112.0,0.0
fire_01544,Alpine Fire ,2022-03-01,2022,3,38.46234,-123.015106,21.0,3.091042453358316,C,Small,59.34714285714303,34.09571428571428,0.4671428571428572,3.5571428571428574,40.81428571428571,1.0,22.857142857142858,18.714285714285715,18.77142857142857,19.77,85.84102,10.0,0.5150380749100542,0.8571673007021123,2,D2,2.0,1.0,1.0,1.0,0.0,165.0,timber_understory,7043.0,146.0,117.0,45.0,2043.0,104.0,1.0
fire_01545,Flanagan Fire ,2022-03-04,2022,3,40.67671,-122.4073,88.0,4.48863636973214,C,Small,64.69571428571427,40.65285714285718,0.7157142857142856,1.9,37.24285714285714,0.7,49.71428571428572,31.714285714285715,11.857142857142856,12.3,255.43799,3.0,-0.3255681544571566,0.9455185755993168,2,D2,2.0,1.0,1.0,1.0,0.0,165.0,timber_understory,7030.0,160.0,121.0,65.0,2030.0,106.0,1.0
fire_01547,Gulch Fire ,2022-03-12,2022,3,41.9525087,-121.9015432,113.0,4.736198448394496,D,Medium,51.89000000000002,18.204285714285824,0.4628571428571429,3.4714285714285715,27.81428571428572,6.0,27.857142857142858,26.142857142857142,16.914285714285715,18.976666666666667,1295.7882,2.0,-0.2756373558169989,-0.961261695938319,3,D3,3.0,1.0,1.0,1.0,1.0,93.0,nonburnable_or_other,7964.0,64.0,64.0,0.0,2964.0,64.0,0.0
fire_01548,Evergreen Fire ,2022-03-12,2022,3,41.4455854,-122.3685584,12.0,2.5649493574615367,C,Small,54.77000000000006,27.410000000000082,0.6285714285714287,4.3,24.942857142857143,8.6,46.0,42.85714285714285,12.157142857142858,13.066666666666666,1079.6105,3.0,0.8746197071393959,-0.4848096202463369,2,D2,2.0,1.0,1.0,1.0,0.0,122.0,grass_shrub,7105.0,249.0,216.0,0.0,2105.0,114.0,0.0
fire_01549,Whitlow Fire,2022-03-25,2022,3,41.234712,-121.692093,10.0,2.3978952727983707,C,Small,61.58428571428576,32.65571428571426,0.7328571428571429,3.142857142857143,30.15714285714285,19.8,42.42857142857143,30.857142857142858,12.485714285714286,13.8,1263.581,2.0,-0.981627183447664,0.1908089953765449,3,D3,3.0,1.0,1.0,1.0,1.0,145.0,shrub,7098.0,228.0,206.0,0.0,2098.0,112.0,0.0
fire_01550,Platina Fire,2022-04-27,2022,4,40.44412,-122.690559,10.0,2.3978952727983707,C,Small,68.3214285714287,40.6785714285715,0.89,3.128571428571428,35.01428571428571,71.80000000000001,24.857142857142858,15.571428571428571,15.95714285714286,16.063333333333333,425.1864,5.0,-0.848048096156426,0.5299192642332049,3,D3,3.0,1.0,1.0,1.0,1.0,122.0,grass_shrub,9629.0,254.0,216.0,0.0,2152.0,115.0,0.0
fire_01551,111 Fire,2022-04-30,2022,4,33.510716,-115.916687,15.0,2.772588722239781,C,Small,90.51285714285716,59.65571428571436,2.8228571428571425,3.985714285714286,7.314285714285714,0.0,93.85714285714286,82.14285714285714,4.771428571428571,5.950000000000001,-55.073006,3.0,-0.5877852522924732,-0.8090169943749473,2,D2,2.0,1.0,1.0,1.0,0.0,142.0,shrub,7087.0,215.0,208.0,0.0,2087.0,111.0,0.0
fire_01552,Pyrite Fire ,2022-05-06,2022,5,34.018021,-117.462367,60.0,4.110873864173311,C,Small,79.94428571428574,54.89857142857146,1.3342857142857143,2.9142857142857146,28.514285714285712,6.6000000000000005,59.57142857142857,46.142857142857146,9.971428571428572,10.776666666666667,276.72272,6.0,-0.766044443118978,-0.6427876096865393,1,D1,1.0,1.0,1.0,0.0,0.0,122.0,grass_shrub,7092.0,225.0,212.0,0.0,2092.0,112.0,0.0
fire_01553,House Fire,2022-05-11,2022,5,36.974622,-119.443013,171.0,5.147494476813453,D,Medium,72.87285714285714,45.23000000000004,1.1771428571428573,3.9,31.32857142857143,27.1,55.42857142857143,48.0,9.628571428571428,12.976666666666668,361.60144,8.0,-0.5591929034707466,-0.8290375725550418,3,D3,3.0,1.0,1.0,1.0,1.0,102.0,grass,9301.0,365.0,304.0,0.0,2270.0,126.0,0.0
fire_01555,Coyote Fire,2022-05-15,2022,5,33.886637,-116.900635,46.0,3.8501476017100575,C,Small,71.43285714285722,46.28428571428576,1.3785714285714283,3.771428571428572,20.61428571428572,9.0,68.57142857142857,58.142857142857146,8.27142857142857,9.8,863.6143,19.0,0.8910065241883678,-0.4539904997395469,1,D1,1.0,1.0,1.0,0.0,0.0,122.0,grass_shrub,7110.0,228.0,212.0,0.0,2110.0,112.0,0.0
fire_01556,Poplar Fire,2022-05-16,2022,5,36.051411,-118.98167,25.0,3.258096538021482,C,Small,72.02428571428568,48.7785714285714,1.3285714285714283,3.4857142857142853,24.81428571428572,13.1,63.57142857142857,52.142857142857146,8.22857142857143,11.623333333333337,146.92197,0.0,0.5446390350150266,-0.8386705679454243,3,D3,3.0,1.0,1.0,1.0,1.0,91.0,nonburnable_or_other,7296.0,22.0,22.0,0.0,2902.0,22.0,0.0
fire_01557,Edmonston Fire,2022-05-19,2022,5,34.935583,-118.873889,682.0,6.52649485957079,E,Medium,81.07571428571433,59.65571428571436,2.037142857142857,4.257142857142857,15.428571428571429,7.2,77.57142857142857,70.14285714285714,6.1571428571428575,9.376666666666669,396.3126,9.0,0.9510565162951536,0.3090169943749474,3,D3,3.0,1.0,1.0,1.0,1.0,102.0,grass,9301.0,340.0,305.0,0.0,2270.0,124.0,0.0
fire_01558,Willow Fire ,2022-05-20,2022,5,38.015611,-121.998735,28.0,3.367295829986474,C,Small,82.2071428571429,54.89857142857146,1.5014285714285711,5.057142857142857,30.32857142857143,12.5,54.71428571428572,50.71428571428572,9.55714285714286,13.296666666666663,98.52343,7.0,-0.3583679495453007,-0.9335804264972016,2,D2,2.0,1.0,1.0,1.0,0.0,102.0,grass,9301.0,344.0,304.0,0.0,2270.0,124.0,0.0
fire_01559,Dunnigan Fire ,2022-05-20,2022,5,38.824462,-122.049621,120.0,4.795790545596741,D,Medium,92.72428571428578,53.97285714285714,2.291428571428572,3.357142857142857,18.74285714285714,5.7,59.285714285714285,46.285714285714285,9.05714285714286,12.556666666666665,107.69319,1.0,-0.5299192642332048,0.8480480961564261,3,D3,3.0,1.0,1.0,1.0,1.0,102.0,grass,7980.0,116.0,106.0,15.0,2960.0,101.0,1.0
fire_01561,Quail Fire,2022-05-21,2022,5,38.467322,-122.051923,135.0,4.912654885736052,D,Medium,87.68428571428576,52.610000000000085,1.9557142857142853,4.414285714285715,21.885714285714283,5.5,52.57142857142857,47.285714285714285,9.585714285714284,14.436666666666664,96.929924,6.0,-0.2588190451025208,0.9659258262890684,2,D2,2.0,1.0,1.0,1.0,0.0,102.0,grass,9301.0,340.0,304.0,0.0,2270.0,124.0,0.0
fire_01562,Wilder Fire,2022-05-24,2022,5,40.150329,-122.275649,90.0,4.51085950651685,C,Small,89.5357142857143,60.14428571428584,2.55,6.514285714285713,14.185714285714283,1.7,71.71428571428571,72.57142857142857,6.057142857142858,10.556666666666668,117.82486,1.0,0.5299192642332049,0.8480480961564261,3,D3,3.0,1.0,1.0,1.0,1.0,102.0,grass,9301.0,339.0,303.0,0.0,2270.0,123.0,0.0
fire_01563,River Fire ,2022-05-24,2022,5,39.2333948,-122.0246463,595.0,6.39024066706535,E,Medium,91.36142857142852,57.16142857142862,2.454285714285714,6.57142857142857,13.828571428571433,1.6,66.42857142857143,76.85714285714286,7.3428571428571425,11.866666666666667,17.65715,0.0,0.1564344650402306,-0.9876883405951378,3,D3,3.0,1.0,1.0,1.0,1.0,102.0,grass,7987.0,353.0,302.0,0.0,2967.0,125.0,0.0
fire_01564,Bull Fire ,2022-05-24,2022,5,35.0155237,-120.3564497,48.0,3.8918202981106265,C,Small,76.85857142857144,45.77000000000006,1.1014285714285714,5.314285714285714,29.642857142857142,0.0,46.42857142857143,48.85714285714285,12.77142857142857,14.106666666666667,231.49513,3.0,-0.7986355100472928,-0.6018150231520484,3,D3,3.0,1.0,1.0,1.0,1.0,102.0,grass,9301.0,346.0,303.0,0.0,2270.0,124.0,0.0
fire_01565,Elk Trail Fire,2022-05-26,2022,5,34.090619,-116.447636,431.0,6.068425588244111,E,Medium,86.1928571428571,58.627142857142964,2.434285714285714,3.7428571428571424,10.742857142857144,0.0,95.85714285714286,79.28571428571429,4.585714285714286,5.4300000000000015,1157.837,7.0,0.9455185755993168,0.3255681544571567,2,D2,2.0,1.0,1.0,1.0,0.0,122.0,grass_shrub,7092.0,223.0,209.0,0.0,2092.0,112.0,0.0
fire_01566,Lost Lake Fire ,2022-05-26,2022,5,34.010838,-114.484173,5856.0,8.675392806089782,G,Extreme,96.29857142857146,64.25857142857144,3.174285714285714,3.185714285714286,13.085714285714287,0.0,98.42857142857144,75.14285714285714,4.700000000000001,4.443333333333333,101.32727,3.0,-0.1736481776669303,0.984807753012208,3,D3,3.0,1.0,1.0,1.0,1.0,99.0,nonburnable_or_other,7109.0,214.0,203.0,0.0,2109.0,111.0,0.0
fire_01567,Old Fire,2022-05-31,2022,5,38.370078,-122.270417,570.0,6.3473892096560105,E,Medium,81.48714285714304,51.992857142857204,1.4357142857142855,4.185714285714286,33.642857142857146,5.2,49.85714285714285,43.57142857142857,10.085714285714284,15.186666666666666,94.65933,11.0,-0.5735764363510464,-0.8191520442889916,2,D2,2.0,1.0,1.0,1.0,0.0,91.0,nonburnable_or_other,7299.0,25.0,25.0,0.0,2905.0,25.0,0.0
fire_01568,Range Fire,2022-06-03,2022,6,35.199501,-118.721683,93.0,4.543294782270004,C,Small,74.08142857142857,55.77285714285714,1.5257142857142856,5.1000000000000005,22.1,0.0,79.28571428571429,75.71428571428571,6.442857142857143,8.223333333333334,521.806,24.0,0.8987940462991668,-0.4383711467890778,4,D4,4.0,1.0,1.0,1.0,1.0,121.0,grass_shrub,9301.0,326.0,304.0,0.0,2270.0,122.0,0.0
fire_01569,62 Fire,2022-06-04,2022,6,33.59823,-116.23339,60.0,4.110873864173311,C,Small,98.04714285714303,67.5500000000001,3.394285714285714,3.928571428571429,11.671428571428573,0.0,93.0,79.0,5.128571428571428,5.316666666666667,-21.940964,1.0,0.2588190451025207,0.9659258262890684,2,D2,2.0,1.0,1.0,1.0,0.0,91.0,nonburnable_or_other,7297.0,23.0,23.0,0.0,2903.0,23.0,0.0
fire_01570,Eagle Fire,2022-06-06,2022,6,35.72373,-120.56019,36.0,3.610917912644224,C,Small,86.65571428571447,49.421428571428706,1.8642857142857143,3.8285714285714287,17.185714285714287,0.0,67.71428571428571,59.57142857142857,8.485714285714286,10.553333333333333,329.116,2.0,-0.529919264233205,-0.848048096156426,3,D3,3.0,1.0,1.0,1.0,1.0,91.0,nonburnable_or_other,7299.0,25.0,25.0,0.0,2905.0,25.0,0.0
fire_01571,Hesperia Fire,2022-06-06,2022,6,34.31267,-117.34635,95.0,4.564348191467836,C,Small,79.55857142857144,48.31571428571434,1.5057142857142856,4.371428571428571,19.485714285714288,2.6,69.14285714285714,63.57142857142857,8.557142857142857,9.48333333333333,1003.70605,2.0,-0.6018150231520484,0.7986355100472927,2,D2,2.0,1.0,1.0,1.0,0.0,122.0,grass_shrub,7082.0,228.0,209.0,0.0,2082.0,112.0,0.0
fire_01572,Marsh Fire,2022-06-09,2022,6,37.895892,-121.696808,159.0,5.075173815233827,D,Medium,85.6785714285715,60.01571428571424,1.6985714285714286,3.6428571428571423,30.057142857142857,1.1,60.71428571428572,41.0,8.985714285714286,10.223333333333334,33.064255,1.0,0.4067366430758002,0.9135454576426008,2,D2,2.0,1.0,1.0,1.0,0.0,93.0,nonburnable_or_other,7984.0,64.0,64.0,0.0,2964.0,64.0,0.0
fire_01573,Park Fire,2022-06-09,2022,6,39.385829,-121.431372,54.0,4.007333185232471,C,Small,86.09000000000002,59.55285714285718,1.7742857142857145,2.5285714285714285,31.200000000000006,36.4,51.57142857142857,28.857142857142858,10.72857142857143,11.71,161.48764,5.0,-0.2588190451025206,-0.9659258262890684,3,D3,3.0,1.0,1.0,1.0,1.0,122.0,grass_shrub,7264.0,138.0,132.0,35.0,2264.0,103.0,1.0
fire_01574,Graham Fire,2022-06-10,2022,6,40.05,-121.776,100.0,4.61512051684126,D,Medium,77.86142857142862,56.51857142857152,1.3342857142857143,4.414285714285714,37.21428571428572,19.8,49.0,32.714285714285715,11.028571428571428,12.476666666666665,595.085,10.0,0.5150380749100542,-0.8571673007021123,3,D3,3.0,1.0,1.0,1.0,1.0,142.0,shrub,7029.0,,203.0,0.0,2029.0,105.0,0.0
fire_01575,Plant Fire,2022-06-11,2022,6,34.9324042,-118.9253809,517.0,6.249975242259483,E,Medium,77.96428571428581,64.36142857142862,1.7485714285714284,4.528571428571428,27.385714285714283,0.0,78.71428571428571,70.28571428571429,6.97142857142857,7.46,558.96625,13.0,0.9961946980917455,-0.0871557427476583,4,D4,4.0,1.0,1.0,1.0,1.0,91.0,nonburnable_or_other,7299.0,25.0,25.0,0.0,2905.0,25.0,0.0
fire_01576,Brandie Fire,2022-06-11,2022,6,39.319804,-121.392285,72.0,4.290459441148391,C,Small,89.04714285714282,60.684285714285764,2.0171428571428573,2.4714285714285715,28.885714285714283,28.2,49.85714285714285,28.0,11.057142857142855,11.653333333333332,188.6312,3.0,0.3255681544571563,-0.945518575599317,3,D3,3.0,1.0,1.0,1.0,1.0,122.0,grass_shrub,7662.0,342.0,303.0,0.0,2662.0,124.0,0.0
fire_01577,Sheep Fire,2022-06-12,2022,6,34.355593,-117.61508,865.0,6.763884908562435,E,Medium,82.23285714285723,58.035714285714405,2.062857142857143,4.1571428571428575,15.528571428571428,0.0,85.0,74.57142857142857,5.842857142857143,6.95,1737.5452,9.0,0.2249510543438649,0.9743700647852352,2,D2,2.0,1.0,1.0,1.0,0.0,101.0,grass,7014.0,128.0,105.0,0.0,2110.0,112.0,0.0
fire_01578,Barrett Fire,2022-06-12,2022,6,32.8134303,-116.5882585,65.0,4.189654742026425,C,Small,85.52428571428568,59.63000000000004,1.7757142857142856,4.128571428571429,25.857142857142858,0.0,60.0,53.85714285714285,9.6,11.106666666666666,1213.4425,9.0,-0.9455185755993168,-0.3255681544571567,1,D1,1.0,1.0,1.0,0.0,0.0,145.0,shrub,7110.0,251.0,223.0,0.0,2110.0,115.0,0.0
fire_01579,Border 13 Fire ,2022-06-13,2022,6,32.614832,-116.737119,577.0,6.359573868672378,E,Medium,88.48142857142868,61.17285714285714,1.82,2.9428571428571426,27.34285714285713,0.0,52.71428571428572,41.85714285714285,10.928571428571429,12.263333333333335,433.48254,5.0,-0.7660444431189779,0.6427876096865395,1,D1,1.0,1.0,1.0,0.0,0.0,122.0,grass_shrub,7110.0,228.0,214.0,0.0,2110.0,112.0,0.0
fire_01580,Rancho Fire,2022-06-13,2022,6,40.00919,-122.45621,593.0,6.386879319362645,E,Medium,93.03285714285713,63.22999999999994,2.391428571428571,3.8,23.942857142857143,12.900000000000002,61.285714285714285,43.42857142857143,9.157142857142857,9.71,214.89587,3.0,0.8191520442889918,0.573576436351046,3,D3,3.0,1.0,1.0,1.0,1.0,102.0,grass,9301.0,349.0,303.0,0.0,2270.0,124.0,0.0
fire_01581,Border 16,2022-06-21,2022,6,32.567333,-116.750667,70.0,4.262679877041316,C,Small,79.35285714285718,55.952857142857184,1.0842857142857143,3.171428571428572,38.2,0.0,44.85714285714285,37.285714285714285,13.314285714285717,13.210000000000004,209.39569,1.0,0.7986355100472928,-0.6018150231520483,1,D1,1.0,1.0,1.0,0.0,0.0,122.0,grass_shrub,7092.0,234.0,224.0,0.0,2092.0,113.0,0.0
fire_01582,Edgewood,2022-06-21,2022,6,37.459222,-122.27742,20.0,3.044522437723423,C,Small,79.97000000000006,49.1642857142858,1.387142857142857,4.828571428571429,29.828571428571426,0.0,50.142857142857146,49.0,11.1,13.44,227.42676,3.0,0.6156614753256583,0.788010753606722,2,D2,2.0,1.0,1.0,1.0,0.0,123.0,grass_shrub,7113.0,136.0,123.0,35.0,2113.0,103.0,1.0
fire_01583,Thunder Fire ,2022-06-22,2022,6,34.936618,-118.889446,2500.0,7.824445930877619,F,Large,79.01857142857152,58.85857142857144,2.085714285714286,3.814285714285714,15.085714285714284,0.3,84.71428571428571,71.28571428571429,5.8571428571428585,6.806666666666667,438.41666,15.0,0.9205048534524404,0.3907311284892737,4,D4,4.0,1.0,1.0,1.0,1.0,102.0,grass,9301.0,346.0,305.0,0.0,2270.0,124.0,0.0
fire_01584,99 Fire,2022-06-22,2022,6,39.37879,-121.68694,66.0,4.204692619390966,C,Small,88.94428571428574,57.36714285714288,2.2685714285714287,3.6571428571428575,18.84285714285713,19.2,65.85714285714286,47.42857142857143,7.3428571428571425,9.823333333333332,28.730558,0.0,0.1736481776669299,-0.984807753012208,3,D3,3.0,1.0,1.0,1.0,1.0,182.0,timber_litter,7910.0,13.0,13.0,35.0,2913.0,13.0,1.0
fire_01585,Scenic Fire ,2022-06-23,2022,6,38.046255,-122.191103,120.0,4.795790545596741,D,Medium,84.83000000000004,55.15571428571426,1.804285714285714,4.228571428571429,27.085714285714285,4.2,58.57142857142857,48.142857142857146,9.028571428571428,11.476666666666668,61.597313,9.0,0.5000000000000001,0.8660254037844386,-9,,,,,,,121.0,grass_shrub,9337.0,225.0,218.0,35.0,2114.0,103.0,1.0
fire_01586,Canyon Fire ,2022-06-23,2022,6,37.642217,-121.903018,71.0,4.276666119016055,C,Small,82.51571428571434,52.32714285714286,1.7,4.6,26.642857142857142,0.0,57.0,50.142857142857146,9.528571428571428,11.726666666666665,172.41862,18.0,0.2419218955996676,0.9702957262759964,2,D2,2.0,1.0,1.0,1.0,0.0,91.0,nonburnable_or_other,7299.0,25.0,25.0,0.0,2905.0,25.0,0.0
fire_01587,Tesla Fire,2022-06-23,2022,6,37.365652,-121.556086,552.0,6.315358001522335,E,Medium,80.33000000000004,56.72428571428568,1.8385714285714287,4.8,22.557142857142857,0.0,67.71428571428571,57.0,7.371428571428571,10.103333333333332,684.1027,8.0,-0.9876883405951375,0.1564344650402309,2,D2,2.0,1.0,1.0,1.0,0.0,144.0,shrub,7105.0,224.0,216.0,0.0,2105.0,113.0,0.0
fire_01588,Timm Fire,2022-06-23,2022,6,38.42619,-121.97785,26.0,3.295836866004329,C,Small,89.6642857142858,58.49857142857146,2.4885714285714284,4.871428571428571,17.45714285714286,5.4,74.14285714285714,62.71428571428572,6.514285714285714,8.536666666666667,53.463688,1.0,-0.0871557427476582,0.9961946980917455,2,D2,2.0,1.0,1.0,1.0,0.0,102.0,grass,7987.0,344.0,304.0,0.0,2967.0,124.0,0.0
fire_01589,Romero Fire,2022-06-23,2022,6,38.42619,-121.97785,349.0,5.857933154483459,E,Medium,89.6642857142858,58.49857142857146,2.4885714285714284,4.871428571428571,17.45714285714286,5.4,74.14285714285714,62.71428571428572,6.514285714285714,8.536666666666667,53.463688,1.0,-0.0871557427476582,0.9961946980917455,2,D2,2.0,1.0,1.0,1.0,0.0,102.0,grass,7987.0,344.0,304.0,0.0,2967.0,124.0,0.0
fire_01590,Kirker Fire ,2022-06-24,2022,6,37.97689,-121.908735,90.0,4.51085950651685,C,Small,86.0642857142858,57.95857142857144,2.1342857142857143,4.6000000000000005,22.2,1.6,68.14285714285714,58.57142857142857,7.542857142857143,9.643333333333333,206.6137,6.0,0.4226182617406994,0.90630778703665,2,D2,2.0,1.0,1.0,1.0,0.0,101.0,grass,9301.0,322.0,304.0,0.0,2270.0,122.0,0.0
fire_01591,Union Fire,2022-06-25,2022,6,33.968307,-117.462524,110.0,4.709530201312334,D,Medium,91.74714285714302,62.94714285714282,2.2700000000000005,3.142857142857143,19.81428571428572,0.0,62.42857142857143,50.42857142857143,8.885714285714284,10.846666666666668,224.1395,2.0,-0.7071067811865477,-0.7071067811865475,2,D2,2.0,1.0,1.0,1.0,0.0,91.0,nonburnable_or_other,7297.0,23.0,23.0,0.0,2903.0,23.0,0.0
fire_01592,Ridge Fire,2022-06-26,2022,6,41.317476,-122.359698,12.0,2.5649493574615367,C,Small,85.11285714285717,46.77285714285714,1.6985714285714284,3.071428571428572,24.185714285714287,28.700000000000003,53.0,42.0,9.485714285714284,13.25,1109.0054,10.0,-0.1218693434051473,0.992546151641322,3,D3,3.0,1.0,1.0,1.0,1.0,101.0,grass,7028.0,135.0,108.0,25.0,2028.0,103.0,1.0
fire_01593,Roblar Fire ,2022-06-27,2022,6,38.323263,-122.796221,63.0,4.158883083359672,C,Small,86.55285714285718,50.63000000000004,1.6271428571428572,4.142857142857143,28.7,15.5,45.0,38.285714285714285,11.928571428571429,14.873333333333331,80.08097,2.0,0.8290375725550418,-0.5591929034707466,2,D2,2.0,1.0,1.0,1.0,0.0,99.0,nonburnable_or_other,9062.0,100.0,100.0,0.0,2002.0,100.0,0.0
fire_01594,Redwood Fire,2022-06-27,2022,6,38.163521,-122.574563,113.0,4.736198448394496,D,Medium,93.75285714285718,52.94428571428574,2.1557142857142857,3.7142857142857135,24.514285714285712,3.1,53.85714285714285,41.285714285714285,10.285714285714286,12.726666666666665,44.17419,7.0,0.2756373558169991,0.9612616959383188,2,D2,2.0,1.0,1.0,1.0,0.0,101.0,grass,7668.0,341.0,304.0,0.0,2668.0,125.0,0.0
fire_01595,Burrows Fire ,2022-06-28,2022,6,39.713372,-122.55002,317.0,5.762051382780177,E,Medium,100.28428571428576,69.65857142857155,3.5085714285714285,3.042857142857143,14.457142857142856,11.8,75.85714285714286,50.85714285714285,5.514285714285714,9.173333333333334,268.21307,2.0,-0.9986295347545738,-0.0523359562429435,3,D3,3.0,1.0,1.0,1.0,1.0,121.0,grass_shrub,9301.0,326.0,304.0,0.0,2270.0,122.0,0.0
fire_01596,Camino Fire,2022-06-28,2022,6,35.136141,-120.437395,387.0,5.961005339623274,E,Medium,90.92428571428567,53.99857142857146,1.9642857142857144,3.7,22.40000000000001,0.0,58.0,52.57142857142857,10.514285714285716,12.233333333333336,227.08261,4.0,0.1391731009600654,-0.9902680687415704,3,D3,3.0,1.0,1.0,1.0,1.0,123.0,grass_shrub,7113.0,126.0,128.0,25.0,2113.0,102.0,1.0
fire_01597,Rices Fire,2022-06-28,2022,6,39.319145,-121.192271,904.0,6.807934943699926,E,Medium,100.3357142857144,67.65285714285729,3.467142857142857,2.6142857142857143,15.671428571428573,27.6,77.0,56.42857142857143,5.214285714285714,10.3,356.20697,16.0,0.5877852522924729,-0.8090169943749476,2,D2,2.0,1.0,1.0,1.0,0.0,165.0,timber_understory,7030.0,160.0,125.0,65.0,2030.0,106.0,1.0
fire_01598,Nelson Fire,2022-06-30,2022,6,39.524038,-121.650851,328.0,5.796057750765372,E,Medium,101.69857142857146,64.02714285714286,3.321428571428572,2.042857142857143,15.942857142857145,17.200000000000003,79.28571428571429,53.285714285714285,5.671428571428571,9.366666666666667,48.63206,1.0,0.8290375725550418,-0.5591929034707466,3,D3,3.0,1.0,1.0,1.0,1.0,186.0,timber_litter,7980.0,141.0,110.0,45.0,2960.0,104.0,1.0
fire_01599,Sandra Fire,2022-06-30,2022,6,39.480813,-121.366789,34.0,3.555348061489413,C,Small,94.39571428571428,62.99857142857146,2.734285714285714,2.2142857142857144,18.928571428571427,55.3,72.28571428571429,50.0,5.785714285714286,11.156666666666666,636.147,9.0,0.1736481776669299,-0.984807753012208,2,D2,2.0,1.0,1.0,1.0,0.0,165.0,timber_understory,7114.0,141.0,115.0,45.0,2114.0,104.0,1.0
fire_01600,Table Fire,2022-07-01,2022,7,37.013878,-119.576797,52.0,3.970291913552122,C,Small,101.3642857142858,68.99000000000002,3.8371428571428576,3.7,11.071428571428571,0.0,88.71428571428571,75.0,4.371428571428572,7.776666666666667,370.83688,4.0,-0.1218693434051471,-0.992546151641322,4,D4,4.0,1.0,1.0,1.0,1.0,144.0,shrub,7114.0,139.0,125.0,35.0,2114.0,103.0,1.0
fire_01601,Garrison Fire,2022-07-04,2022,7,35.8640822,-120.819059,138.0,4.934473933130692,D,Medium,93.21285714285716,53.32999999999994,2.462857142857143,4.142857142857143,14.914285714285713,0.0,77.0,65.85714285714286,6.857142857142857,8.616666666666665,168.68889,3.0,0.848048096156426,0.5299192642332049,3,D3,3.0,1.0,1.0,1.0,1.0,102.0,grass,9301.0,349.0,304.0,0.0,2270.0,124.0,0.0
fire_01602,Electra Fire,2022-07-04,2022,7,38.334802,-120.665415,4470.0,8.405367376233981,F,Large,89.99857142857147,57.23857142857148,2.23,3.5,22.32857142857143,11.3,73.28571428571429,60.42857142857143,6.542857142857144,10.513333333333332,392.36377,15.0,-0.9135454576426008,-0.4067366430758002,3,D3,3.0,1.0,1.0,1.0,1.0,121.0,grass_shrub,9301.0,333.0,304.0,15.0,2114.0,103.0,1.0
fire_01603,Jan-Dar Fire,2022-07-04,2022,7,39.42972,-121.430071,30.0,3.4339872044851463,C,Small,91.85000000000011,59.73285714285712,2.37,3.157142857142857,23.17142857142857,34.0,76.28571428571429,59.142857142857146,6.1000000000000005,10.123333333333337,202.89029,6.0,-0.3255681544571566,-0.9455185755993168,3,D3,3.0,1.0,1.0,1.0,1.0,91.0,nonburnable_or_other,7297.0,23.0,23.0,0.0,2903.0,23.0,0.0
fire_01604,Nome Fire,2022-07-05,2022,7,39.8166571,-123.2055576,20.0,3.044522437723423,C,Small,85.08714285714305,51.29857142857156,1.5014285714285711,4.485714285714286,32.24285714285714,9.3,51.42857142857143,41.285714285714285,9.942857142857145,13.936666666666667,428.7657,7.0,0.3255681544571563,-0.945518575599317,2,D2,2.0,1.0,1.0,1.0,0.0,144.0,shrub,7105.0,240.0,207.0,0.0,2105.0,114.0,0.0
fire_01605,Bay Fire,2022-07-08,2022,7,39.300253,-121.372749,30.0,3.4339872044851463,C,Small,86.01285714285716,56.54428571428584,1.4485714285714286,3.142857142857143,34.65714285714286,1.2,66.14285714285714,51.71428571428572,9.87142857142857,9.596666666666666,184.1361,2.0,0.1391731009600654,-0.9902680687415704,3,D3,3.0,1.0,1.0,1.0,1.0,122.0,grass_shrub,7264.0,133.0,122.0,35.0,2264.0,103.0,1.0
fire_01606,Washburn Fire,2022-07-07,2022,7,37.499,-119.614,4886.0,8.494333897270154,F,Large,71.04714285714282,50.03857142857148,1.0571428571428572,3.428571428571428,33.42857142857143,2.7,72.57142857142857,57.71428571428572,7.471428571428571,8.783333333333331,1749.5846,10.0,-0.3090169943749475,-0.9510565162951536,4,D4,4.0,1.0,1.0,1.0,1.0,165.0,timber_understory,7028.0,158.0,129.0,55.0,2028.0,105.0,1.0
fire_01607,Porter Fire,2022-07-09,2022,7,39.020051,-121.344587,166.0,5.117993812416755,D,Medium,86.88714285714305,57.701428571428536,1.5842857142857143,2.7571428571428567,31.31428571428572,0.0,68.28571428571429,50.57142857142857,10.314285714285711,8.250000000000002,39.742775,1.0,0.6427876096865393,-0.7660444431189781,3,D3,3.0,1.0,1.0,1.0,1.0,99.0,nonburnable_or_other,9062.0,31.0,31.0,0.0,31.0,31.0,0.0
fire_01608,Harbison,2022-07-12,2022,7,32.7947379,-116.8460273,37.0,3.6375861597263857,C,Small,83.72428571428568,58.627142857142964,1.1542857142857144,2.8714285714285714,40.01428571428572,0.0,43.85714285714285,35.0,14.3,13.060000000000002,204.40909,6.0,-0.754709580222772,0.6560590289905073,1,D1,1.0,1.0,1.0,0.0,0.0,91.0,nonburnable_or_other,7296.0,22.0,22.0,0.0,2902.0,22.0,0.0
fire_01609,Herman Fire,2022-07-13,2022,7,38.0936839,-122.1347757,115.0,4.7535901911063645,D,Medium,85.44714285714282,56.13285714285722,1.4542857142857142,4.971428571428572,33.55714285714286,0.0,52.285714285714285,48.71428571428572,12.814285714285717,10.33,51.109955,4.0,-0.5877852522924732,-0.8090169943749473,2,D2,2.0,1.0,1.0,1.0,0.0,91.0,nonburnable_or_other,7299.0,25.0,25.0,0.0,2905.0,25.0,0.0
fire_01610,Peter Fire ,2022-07-14,2022,7,40.4411992,-122.3182313,304.0,5.720311776607412,E,Medium,99.28142857142858,62.87000000000006,2.865714285714286,2.8428571428571425,21.37142857142857,0.8,69.14285714285714,44.285714285714285,8.371428571428572,8.746666666666666,154.994,2.0,0.4383711467890774,0.898794046299167,3,D3,3.0,1.0,1.0,1.0,1.0,122.0,grass_shrub,9629.0,226.0,208.0,0.0,2152.0,112.0,0.0
fire_01611,Grant Fire,2022-07-14,2022,7,38.5570067,-121.1183895,74.0,4.31748811353631,C,Small,94.1642857142858,60.55571428571436,2.314285714285714,3.285714285714286,22.75714285714286,0.0,66.28571428571429,53.85714285714285,10.071428571428571,8.663333333333332,60.57521,1.0,-0.8746197071393959,-0.4848096202463369,3,D3,3.0,1.0,1.0,1.0,1.0,102.0,grass,7129.0,339.0,304.0,0.0,2129.0,123.0,0.0
fire_01612,Rainbow Fire,2022-07-16,2022,7,40.010233,-122.433855,60.0,4.110873864173311,C,Small,100.15571428571425,65.21000000000008,3.041428571428572,3.2285714285714286,19.014285714285712,2.5,69.71428571428571,49.57142857142857,8.214285714285714,8.256666666666666,219.73366,3.0,0.754709580222772,0.6560590289905073,3,D3,3.0,1.0,1.0,1.0,1.0,102.0,grass,9301.0,356.0,303.0,0.0,2270.0,125.0,0.0
fire_01613,Riosa Fire,2022-07-17,2022,7,38.9848309,-121.340201,38.0,3.6635616461296463,C,Small,100.38714285714305,61.91857142857142,3.062857142857143,2.3285714285714287,15.757142857142858,0.0,73.28571428571429,52.142857142857146,8.085714285714285,8.186666666666666,37.808556,0.0,-0.7771459614569708,-0.6293203910498376,3,D3,3.0,1.0,1.0,1.0,1.0,122.0,grass_shrub,9829.0,331.0,303.0,0.0,2280.0,123.0,0.0
fire_01614,Border 27 Fire,2022-07-17,2022,7,32.6077664,-116.6077664,100.0,4.61512051684126,D,Medium,88.30142857142864,63.22999999999994,2.082857142857143,2.5285714285714285,23.185714285714287,0.0,69.28571428571429,50.0,7.614285714285714,10.14,743.4819,4.0,0.4539904997395466,-0.891006524188368,1,D1,1.0,1.0,1.0,0.0,0.0,102.0,grass,9301.0,346.0,303.0,0.0,2270.0,124.0,0.0
fire_01615,Bell Fire,2022-07-17,2022,7,39.90557,-123.598273,43.0,3.784189633918261,C,Small,81.28142857142858,55.38714285714305,1.2428571428571429,5.6,36.871428571428574,4.9,42.142857142857146,43.0,12.628571428571428,14.65,1052.5167,10.0,0.2756373558169994,-0.9612616959383188,2,D2,2.0,1.0,1.0,1.0,0.0,145.0,shrub,7105.0,242.0,215.0,0.0,2105.0,114.0,0.0
fire_01616,Agua Fire,2022-07-18,2022,7,37.481701,-120.02107,421.0,6.045005314036012,E,Medium,98.84428571428575,67.44714285714302,3.3057142857142856,1.4857142857142858,13.657142857142857,0.0,79.85714285714286,49.142857142857146,6.257142857142857,8.020000000000001,623.2199,1.0,0.6156614753256585,-0.7880107536067218,4,D4,4.0,1.0,1.0,1.0,1.0,122.0,grass_shrub,7105.0,230.0,219.0,15.0,2114.0,102.0,1.0
fire_01617,Winding Fire,2022-07-18,2022,7,39.314076,-121.27693,82.0,4.418840607796598,C,Small,97.48142857142868,66.1357142857144,3.0785714285714287,2.9285714285714284,17.571428571428573,0.0,78.57142857142857,59.71428571428572,6.314285714285715,8.58,635.8874,5.0,-0.8480480961564261,-0.5299192642332048,2,D2,2.0,1.0,1.0,1.0,0.0,183.0,timber_litter,7029.0,126.0,107.0,35.0,2029.0,104.0,1.0
fire_01618,Meadow Fire ,2022-07-19,2022,7,39.058043,-123.33756,17.0,2.8903717578961645,C,Small,89.51000000000008,55.77285714285714,1.8,7.757142857142857,27.642857142857142,4.0,50.57142857142857,60.71428571428572,10.814285714285717,12.953333333333331,636.4776,6.0,0.8746197071393959,-0.4848096202463369,2,D2,2.0,1.0,1.0,1.0,0.0,165.0,timber_understory,7043.0,161.0,127.0,65.0,2043.0,106.0,1.0
fire_01619,Flynn Fire ,2022-07-19,2022,7,37.719206,-121.656106,121.0,4.804021044733257,D,Medium,90.5642857142857,62.998571428571566,2.2728571428571427,3.857142857142857,21.985714285714288,0.0,66.42857142857143,50.0,8.299999999999999,8.75,318.09683,4.0,0.6819983600624985,0.7313537016191705,2,D2,2.0,1.0,1.0,1.0,0.0,91.0,nonburnable_or_other,7299.0,25.0,25.0,0.0,2905.0,25.0,0.0
fire_01620,Slate Fire ,2022-07-21,2022,7,37.935092,-120.4422218,64.0,4.174387269895637,C,Small,100.90142857142864,69.27285714285713,3.682857142857143,3.671428571428571,10.428571428571429,0.0,84.28571428571429,71.85714285714286,5.314285714285714,7.663333333333333,413.78918,3.0,-0.7660444431189779,0.6427876096865395,4,D4,4.0,1.0,1.0,1.0,1.0,91.0,nonburnable_or_other,7299.0,25.0,25.0,0.0,2905.0,25.0,0.0
fire_01621,Anzar Fire,2022-07-21,2022,7,36.8927679,-121.604728,104.0,4.653960350157523,D,Medium,83.08142857142857,52.86714285714298,1.28,4.171428571428572,28.042857142857144,0.0,47.142857142857146,41.42857142857143,13.171428571428573,11.863333333333337,116.16235,7.0,0.9986295347545738,0.0523359562429438,2,D2,2.0,1.0,1.0,1.0,0.0,122.0,grass_shrub,7092.0,231.0,217.0,0.0,2092.0,113.0,0.0
fire_01622,Oak Fire ,2022-07-22,2022,7,37.5509366,-119.9234728,19244.0,9.865006565717849,G,Extreme,97.01857142857152,71.7928571428572,3.5571428571428574,1.9,10.085714285714284,3.3,90.57142857142856,59.0,4.285714285714287,7.0600000000000005,798.5002,6.0,0.3255681544571563,-0.945518575599317,4,D4,4.0,1.0,1.0,1.0,1.0,145.0,shrub,7105.0,,229.0,0.0,2105.0,115.0,0.0
fire_01623,Cable Fire ,2022-07-26,2022,7,38.75794,-120.63742,20.0,3.044522437723423,C,Small,94.11285714285717,66.70142857142864,3.1685714285714286,2.142857142857143,11.585714285714284,0.0,88.57142857142857,59.85714285714285,4.128571428571428,8.04,1019.269,7.0,0.8746197071393959,-0.4848096202463369,3,D3,3.0,1.0,1.0,1.0,1.0,165.0,timber_understory,7028.0,167.0,134.0,65.0,2028.0,107.0,1.0
fire_01624,Casner Fire,2022-07-27,2022,7,33.0819687,-116.7626279,174.0,5.1647859739235145,D,Medium,87.29857142857146,66.47000000000006,1.922857142857143,2.7142857142857144,28.81428571428572,0.0,72.42857142857143,52.71428571428572,7.685714285714285,8.649999999999999,850.873,4.0,-0.529919264233205,-0.848048096156426,1,D1,1.0,1.0,1.0,0.0,0.0,145.0,shrub,7110.0,233.0,218.0,0.0,2110.0,113.0,0.0
fire_01625,Apple Fire,2022-07-27,2022,7,39.323167,-121.304167,39.0,3.688879454113936,C,Small,98.56142857142862,65.39000000000001,3.3885714285714283,2.742857142857143,12.214285714285712,0.0,88.28571428571429,65.14285714285714,4.385714285714286,7.866666666666666,414.65552,13.0,-0.0871557427476582,-0.9961946980917455,2,D2,2.0,1.0,1.0,1.0,0.0,98.0,nonburnable_or_other,7292.0,11.0,11.0,0.0,11.0,11.0,0.0
fire_01626,McKinney Fire ,2022-07-29,2022,7,41.833813,-122.894782,60138.0,11.004413828535968,G,Extreme,101.18428571428586,62.895714285714384,3.261428571428571,2.671428571428572,16.11428571428571,4.5,73.85714285714286,48.285714285714285,6.042857142857143,9.983333333333333,681.56396,10.0,0.5591929034707468,0.8290375725550417,3,D3,3.0,1.0,1.0,1.0,1.0,181.0,timber_litter,7105.0,223.0,210.0,0.0,2027.0,104.0,0.0
fire_01627,Highway Fire,2022-07-29,2022,7,34.312437,-117.3463886,28.0,3.367295829986474,C,Small,91.31000000000009,65.26142857142862,2.572857142857143,2.7285714285714286,16.828571428571426,0.0,82.42857142857143,60.42857142857143,6.042857142857144,7.6,1003.70605,2.0,-0.6018150231520484,0.7986355100472927,2,D2,2.0,1.0,1.0,1.0,0.0,122.0,grass_shrub,7082.0,228.0,209.0,0.0,2082.0,112.0,0.0
fire_01628,Mesa Fire,2022-07-30,2022,7,35.5745007,-118.4125811,222.0,5.407171771460119,D,Medium,89.56142857142862,68.91285714285726,2.8714285714285714,4.0,11.214285714285714,0.0,95.14285714285714,82.0,4.028571428571429,6.296666666666667,1173.927,13.0,0.766044443118978,0.6427876096865393,4,D4,4.0,1.0,1.0,1.0,1.0,144.0,shrub,7114.0,130.0,114.0,35.0,2114.0,103.0,1.0
fire_01629,Shackleford Fire,2022-07-30,2022,7,41.5734543,-123.0213226,31.0,3.4657359027997265,C,Small,97.32714285714286,68.55285714285728,3.1557142857142857,2.3,18.52857142857143,9.7,76.85714285714286,46.0,5.385714285714286,9.34,1224.7834,14.0,0.8910065241883679,0.4539904997395467,3,D3,3.0,1.0,1.0,1.0,1.0,165.0,timber_understory,7028.0,158.0,125.0,45.0,2028.0,105.0,1.0
fire_01630,Pebble Fire,2022-07-31,2022,7,36.6760553,-119.1902259,55.0,4.02535169073515,C,Small,102.29000000000002,74.08142857142857,3.861428571428572,1.7285714285714284,12.414285714285716,0.0,97.0,60.42857142857143,3.9,5.946666666666666,432.83713,12.0,0.3583679495453004,0.9335804264972016,4,D4,4.0,1.0,1.0,1.0,1.0,102.0,grass,9301.0,357.0,303.0,0.0,2270.0,125.0,0.0
fire_01631,Kelsey Fire,2022-07-30,2022,7,41.6430162,-123.1193265,85.0,4.454347296253507,C,Small,101.82714285714286,66.85571428571426,3.3628571428571425,2.4428571428571426,17.485714285714288,6.5,74.85714285714286,44.71428571428572,5.5857142857142845,9.773333333333335,779.8256,12.0,-0.1908089953765448,0.981627183447664,3,D3,3.0,1.0,1.0,1.0,1.0,165.0,timber_understory,7028.0,173.0,133.0,75.0,2028.0,107.0,1.0
fire_01632,Meamber Fire,2022-07-31,2022,7,41.640867,-122.988315,63.0,4.158883083359672,C,Small,104.34714285714303,70.25,3.71,2.1,16.414285714285715,9.5,75.28571428571429,40.142857142857146,5.4,9.23,828.7184,4.0,-0.9975640502598242,-0.0697564737441252,3,D3,3.0,1.0,1.0,1.0,1.0,145.0,shrub,7105.0,251.0,216.0,0.0,2105.0,115.0,0.0
fire_01633,Marmot Fire,2022-08-02,2022,8,36.378236,-118.853671,127.0,4.852030263919617,D,Medium,92.46714285714287,76.0357142857143,3.018571428571429,2.414285714285714,20.15714285714285,0.0,94.85714285714286,63.85714285714285,4.414285714285714,5.476666666666666,537.39185,3.0,0.7771459614569706,-0.6293203910498378,4,D4,4.0,1.0,1.0,1.0,1.0,165.0,timber_understory,7030.0,142.0,128.0,45.0,2030.0,104.0,1.0
fire_01634,Springs Fire,2022-08-03,2022,8,37.84349,-120.50806,51.0,3.951243718581428,C,Small,94.96142857142863,70.04428571428573,2.648571428571429,3.742857142857143,22.0,0.0,84.14285714285714,69.28571428571429,6.2,7.016666666666667,335.07935,4.0,-0.0348994967025007,-0.9993908270190958,3,D3,3.0,1.0,1.0,1.0,1.0,102.0,grass,9301.0,348.0,303.0,0.0,2270.0,124.0,0.0
fire_01635,Smokey Fire ,2022-08-04,2022,8,41.9708541,-122.7825581,34.0,3.555348061489413,C,Small,92.57000000000016,68.7071428571429,2.435714285714286,2.4714285714285715,27.78571428571428,6.9,62.71428571428572,26.142857142857142,7.200000000000001,10.366666666666667,991.3024,3.0,0.2756373558169994,-0.9612616959383188,3,D3,3.0,1.0,1.0,1.0,1.0,165.0,timber_understory,7027.0,166.0,132.0,65.0,2027.0,106.0,1.0
fire_01636,3-8 Fire ,2022-08-08,2022,8,41.060445,-121.211449,14.0,2.70805020110221,C,Small,85.31857142857152,62.895714285714384,1.7742857142857145,2.7571428571428567,29.31428571428572,0.0,76.85714285714286,54.85714285714285,7.628571428571428,7.676666666666666,1406.9044,4.0,-0.7880107536067219,0.6156614753256584,2,D2,2.0,1.0,1.0,1.0,0.0,189.0,timber_litter,7027.0,139.0,119.0,35.0,2027.0,103.0,1.0
fire_01637,Sam Fire,2022-08-10,2022,8,34.765322,-118.732882,149.0,5.010635294096256,D,Medium,90.51285714285726,68.24428571428574,2.5285714285714285,3.3714285714285714,20.32857142857143,0.0,87.85714285714286,68.42857142857143,6.3,5.36,1048.3951,10.0,0.90630778703665,0.4226182617406994,3,D3,3.0,1.0,1.0,1.0,1.0,98.0,nonburnable_or_other,7292.0,11.0,11.0,0.0,11.0,11.0,0.0
fire_01638,Rail Fire,2022-08-14,2022,8,35.2882644,-118.6292243,250.0,5.525452939131784,D,Medium,91.74714285714282,72.92428571428567,2.7142857142857144,3.085714285714286,20.457142857142856,3.4,82.57142857142857,63.0,7.042857142857143,5.923333333333334,413.65704,1.0,0.9205048534524404,0.3907311284892737,4,D4,4.0,1.0,1.0,1.0,1.0,101.0,grass,9301.0,331.0,304.0,0.0,2270.0,122.0,0.0
fire_01639,Oak Fire,2022-08-15,2022,8,39.04941,-120.9526,19244.0,9.865006565717849,G,Extreme,89.22714285714287,61.55857142857144,2.4714285714285715,2.8428571428571425,17.085714285714285,0.0,83.85714285714286,61.57142857142857,6.385714285714285,6.459999999999999,639.2813,1.0,0.5591929034707468,0.8290375725550417,3,D3,3.0,1.0,1.0,1.0,1.0,91.0,nonburnable_or_other,7299.0,25.0,25.0,0.0,2905.0,25.0,0.0
fire_01640,Wishon Fire,2022-08-15,2022,8,36.17768,-118.71829,325.0,5.786897381366708,E,Medium,86.27000000000007,65.75,2.315714285714286,2.142857142857143,16.97142857142857,5.7,84.57142857142857,56.57142857142857,6.585714285714286,5.406666666666666,1098.4703,24.0,-0.9396926207859084,0.3420201433256689,4,D4,4.0,1.0,1.0,1.0,1.0,144.0,shrub,7105.0,239.0,213.0,0.0,2105.0,115.0,0.0
fire_01641,Eden Fire,2022-08-15,2022,8,37.70049,-121.97822,58.0,4.07753744390572,C,Small,82.13000000000004,55.747142857143025,1.3642857142857143,5.4,31.200000000000006,0.0,51.57142857142857,50.71428571428572,11.971428571428572,11.24666666666667,255.8706,1.0,0.6946583704589973,0.7193398003386512,2,D2,2.0,1.0,1.0,1.0,0.0,91.0,nonburnable_or_other,7299.0,25.0,25.0,0.0,2905.0,25.0,0.0
fire_01642,Quail Fire,2022-08-17,2022,8,34.48202,-118.60811,53.0,3.9889840465642745,C,Small,97.68714285714304,65.95571428571446,2.8285714285714287,2.9428571428571426,17.742857142857144,0.0,74.0,57.142857142857146,7.542857142857144,8.513333333333334,359.48685,4.0,-0.0523359562429443,-0.9986295347545738,3,D3,3.0,1.0,1.0,1.0,1.0,102.0,grass,9301.0,338.0,304.0,0.0,2270.0,123.0,0.0
fire_01643,Pleasant Fire,2022-08-20,2022,8,39.2805,-121.1329,48.0,3.8918202981106265,C,Small,100.43857142857138,66.05857142857144,3.697142857142857,1.8714285714285712,9.657142857142857,0.0,90.0,58.42857142857143,4.728571428571429,6.596666666666667,581.6844,9.0,0.7313537016191707,-0.6819983600624983,2,D2,2.0,1.0,1.0,1.0,0.0,102.0,grass,7098.0,234.0,220.0,45.0,2029.0,103.0,1.0
fire_01644,Point Fire,2022-08-20,2022,8,38.9494,-122.6556,14.0,2.70805020110221,C,Small,101.00428571428583,56.724285714285784,3.2585714285714285,3.185714285714286,11.07142857142857,0.5,67.57142857142857,49.42857142857143,8.057142857142859,9.03,469.0294,6.0,0.7071067811865476,0.7071067811865476,2,D2,2.0,1.0,1.0,1.0,0.0,93.0,nonburnable_or_other,7961.0,61.0,61.0,0.0,2961.0,61.0,0.0
fire_01645,East Fire,2022-08-25,2022,8,34.2338842,-117.8004523,150.0,5.017279836814924,D,Medium,87.4785714285715,67.42142857142849,2.25,2.7142857142857144,22.77142857142857,0.0,83.0,59.285714285714285,6.514285714285714,6.4300000000000015,640.1471,8.0,-0.6819983600624986,-0.7313537016191705,2,D2,2.0,1.0,1.0,1.0,0.0,122.0,grass_shrub,7118.0,151.0,118.0,55.0,2118.0,105.0,1.0
fire_01646,Still Fire,2022-08-27,2022,8,39.0543,-121.1103,44.0,3.80666248977032,C,Small,96.11857142857153,64.10428571428582,3.0157142857142856,2.957142857142857,14.271428571428572,0.0,91.14285714285714,68.14285714285714,5.1571428571428575,5.986666666666666,414.59726,2.0,-0.9945218953682732,0.1045284632676537,3,D3,3.0,1.0,1.0,1.0,1.0,122.0,grass_shrub,7029.0,150.0,121.0,55.0,2029.0,105.0,1.0
fire_01647,McCovey Fire,2022-08-29,2022,8,41.4672,-123.9277,25.0,3.258096538021482,C,Small,79.58428571428587,57.95857142857144,1.2114285714285715,3.142857142857143,37.22857142857144,0.3,51.85714285714285,36.0,10.842857142857142,11.823333333333332,509.82407,27.0,-0.0697564737441255,-0.9975640502598242,1,D1,1.0,1.0,1.0,0.0,0.0,165.0,timber_understory,7043.0,166.0,120.0,65.0,2043.0,106.0,1.0
fire_01648,Ranch Fire,2022-08-29,2022,8,41.4626,-123.9477,26.0,3.295836866004329,C,Small,79.58428571428587,57.95857142857144,1.2114285714285715,3.142857142857143,37.22857142857144,0.3,51.85714285714285,36.0,10.842857142857142,11.823333333333332,190.58932,19.0,0.5299192642332049,0.8480480961564261,1,D1,1.0,1.0,1.0,0.0,0.0,165.0,timber_understory,7043.0,168.0,123.0,65.0,2043.0,106.0,1.0
fire_01649,Gulch Fire,2022-08-29,2022,8,34.2026,-117.8608,113.0,4.736198448394496,D,Medium,86.50142857142875,65.69857142857146,1.8185714285714287,2.9857142857142853,29.41428571428572,0.0,73.42857142857143,55.142857142857146,8.385714285714284,7.533333333333332,493.92032,12.0,-0.4694715627858909,0.8829475928589269,2,D2,2.0,1.0,1.0,1.0,0.0,98.0,nonburnable_or_other,7292.0,11.0,11.0,0.0,11.0,11.0,0.0
fire_01650,Route Fire,2022-08-31,2022,8,34.5255,-118.6479,5208.0,8.558143177745192,G,Extreme,89.33000000000004,62.61285714285716,1.96,3.514285714285714,26.4,0.0,71.0,58.142857142857146,9.142857142857142,7.9333333333333345,520.63727,5.0,-0.484809620246337,0.8746197071393959,3,D3,3.0,1.0,1.0,1.0,1.0,102.0,grass,9301.0,335.0,303.0,0.0,2270.0,123.0,0.0
fire_01651,Border 32,2022-08-31,2022,8,32.612181,-116.707395,4456.0,8.402231172946555,F,Large,86.60428571428582,65.33857142857138,1.4385714285714286,3.357142857142857,39.957142857142856,0.5,56.57142857142857,46.57142857142857,11.857142857142858,9.553333333333336,271.30255,2.0,0.9396926207859084,-0.3420201433256686,1,D1,1.0,1.0,1.0,0.0,0.0,122.0,grass_shrub,7092.0,225.0,214.0,0.0,2092.0,112.0,0.0
fire_01652,Branstetter Fire ,2022-09-01,2022,9,40.5336,-122.3975,34.0,3.555348061489413,C,Small,102.29000000000002,62.89571428571418,3.5500000000000003,3.2142857142857144,11.585714285714284,0.0,86.42857142857143,59.42857142857143,5.614285714285714,6.446666666666669,156.62581,2.0,-0.4694715627858909,0.8829475928589269,3,D3,3.0,1.0,1.0,1.0,1.0,122.0,grass_shrub,9629.0,248.0,210.0,0.0,2152.0,114.0,0.0
fire_01653,Walker Fire,2022-09-01,2022,9,39.3669,-123.3159,124.0,4.8283137373023015,D,Medium,87.91571428571444,55.43857142857138,1.742857142857143,3.314285714285714,25.52857142857143,0.0,53.57142857142857,39.285714285714285,10.971428571428572,11.786666666666664,488.27383,3.0,0.9975640502598242,-0.0697564737441256,2,D2,2.0,1.0,1.0,1.0,0.0,91.0,nonburnable_or_other,7299.0,25.0,25.0,0.0,2905.0,25.0,0.0
fire_01654,Woods Fire,2022-09-01,2022,9,37.968,-120.4013,21.0,3.091042453358316,C,Small,95.68142857142858,64.85,2.9228571428571426,3.128571428571429,13.828571428571433,2.2,87.14285714285714,67.71428571428571,5.985714285714286,6.563333333333332,548.5826,5.0,-0.8987940462991669,-0.4383711467890774,4,D4,4.0,1.0,1.0,1.0,1.0,183.0,timber_litter,7901.0,14.0,14.0,45.0,2914.0,14.0,1.0
fire_01655,Mill Fire,2022-09-02,2022,9,41.4303,-122.3852,3939.0,8.27893600229198,F,Large,93.72714285714287,53.4071428571429,2.432857142857143,2.628571428571429,15.12857142857143,0.7,70.14285714285714,52.57142857142857,8.385714285714286,9.736666666666668,1069.0135,2.0,0.6018150231520479,-0.798635510047293,3,D3,3.0,1.0,1.0,1.0,1.0,91.0,nonburnable_or_other,7297.0,23.0,23.0,0.0,2903.0,23.0,0.0
fire_01656,Tower Fire,2022-09-02,2022,9,38.0182816,-120.7489517,73.0,4.30406509320417,C,Small,94.78142857142868,66.41857142857152,2.81,2.4714285714285715,16.985714285714284,0.7,81.0,57.285714285714285,6.914285714285716,7.256666666666665,332.899,3.0,0.5877852522924731,0.8090169943749475,3,D3,3.0,1.0,1.0,1.0,1.0,102.0,grass,9301.0,344.0,304.0,0.0,2270.0,124.0,0.0
fire_01657,Mountain Fire ,2022-09-02,2022,9,41.459009,-122.627469,13440.0,9.506065016071148,G,Extreme,88.48142857142868,56.95571428571426,2.22,2.3000000000000003,16.785714285714285,0.0,72.57142857142857,44.85714285714285,7.214285714285714,9.07,1159.7903,8.0,0.0174524064372836,0.9998476951563912,3,D3,3.0,1.0,1.0,1.0,1.0,121.0,grass_shrub,7098.0,220.0,202.0,0.0,2098.0,114.0,0.0
fire_01658,Sandia Fire,2022-09-04,2022,9,33.432924,-117.246996,30.0,3.4339872044851463,C,Small,93.31571428571445,69.68428571428576,1.932857142857143,3.3285714285714287,35.58571428571428,0.0,40.285714285714285,34.57142857142857,14.12857142857143,14.046666666666669,191.12744,5.0,-0.981627183447664,0.1908089953765449,2,D2,2.0,1.0,1.0,1.0,0.0,102.0,grass,7980.0,135.0,113.0,35.0,2960.0,103.0,1.0
fire_01659,Caesar Fire,2022-09-05,2022,9,33.064629,-116.811345,50.0,3.9318256327243257,C,Small,95.27000000000017,74.3642857142857,2.584285714285715,2.9285714285714284,28.071428571428573,1.7,62.142857142857146,48.0,10.157142857142857,9.17,623.925,5.0,-0.9993908270190958,0.0348994967025011,1,D1,1.0,1.0,1.0,0.0,0.0,122.0,grass_shrub,7933.0,225.0,210.0,0.0,2912.0,112.0,0.0
fire_01660,Fairview Fire,2022-09-05,2022,9,33.717062,-116.893227,28098.0,10.243489267499989,G,Extreme,103.34428571428563,71.51000000000008,3.427142857142857,2.685714285714286,18.285714285714285,0.0,72.71428571428571,54.142857142857146,8.585714285714287,7.79,589.45996,5.0,0.9993908270190958,0.0348994967025009,2,D2,2.0,1.0,1.0,1.0,0.0,102.0,grass,7980.0,110.0,107.0,15.0,2960.0,101.0,1.0
fire_01661,Hill Fire,2022-09-06,2022,9,39.1252,-120.816083,11.0,2.4849066497880004,C,Small,99.02428571428578,73.61857142857141,3.9471428571428575,2.7857142857142856,8.028571428571428,0.0,98.28571428571428,73.0,3.928571428571429,5.6866666666666665,1113.0308,6.0,-0.0348994967025007,-0.9993908270190958,2,D2,2.0,1.0,1.0,1.0,0.0,165.0,timber_understory,7027.0,168.0,122.0,65.0,2027.0,106.0,1.0
fire_01662,Radford Fire,2022-09-05,2022,9,34.177,-116.882,1079.0,6.984716320118266,F,Large,86.57857142857151,60.63285714285722,1.794285714285714,2.671428571428572,25.61428571428571,14.7,57.0,42.85714285714285,10.242857142857144,11.56,1876.9164,13.0,0.9781476007338056,-0.2079116908177598,2,D2,2.0,1.0,1.0,1.0,0.0,145.0,shrub,7097.0,239.0,208.0,0.0,2097.0,113.0,0.0
fire_01663,Rosa Fire,2022-09-06,2022,9,35.580125,-121.012313,16.0,2.833213344056216,C,Small,86.52714285714286,58.75571428571436,1.9142857142857144,3.528571428571429,22.842857142857145,0.0,54.57142857142857,47.142857142857146,10.77142857142857,11.903333333333334,101.108955,7.0,-0.9396926207859084,-0.3420201433256686,2,D2,2.0,1.0,1.0,1.0,0.0,102.0,grass,9301.0,352.0,304.0,0.0,2270.0,125.0,0.0
fire_01664,Power Fire ,2022-09-06,2022,9,37.080478,-119.485927,130.0,4.875197323201151,D,Medium,101.82714285714296,77.93857142857158,4.244285714285714,3.028571428571429,8.742857142857142,0.0,96.28571428571428,74.14285714285714,4.214285714285714,5.6933333333333325,644.1682,9.0,-0.5000000000000004,-0.8660254037844385,4,D4,4.0,1.0,1.0,1.0,1.0,91.0,nonburnable_or_other,7297.0,23.0,23.0,0.0,2903.0,23.0,0.0
fire_01665,Mosquito Fire,2022-09-06,2022,9,39.00591,-120.7447,76788.0,11.24881667971082,G,Extreme,101.41571428571434,71.84428571428575,4.088571428571428,2.857142857142857,7.8428571428571425,0.0,97.57142857142856,73.28571428571429,4.1000000000000005,5.7,374.30167,6.0,0.7071067811865476,0.7071067811865476,2,D2,2.0,1.0,1.0,1.0,0.0,182.0,timber_litter,7105.0,224.0,213.0,15.0,2030.0,105.0,1.0
fire_01666,Fork Fire ,2022-09-07,2022,9,37.21945,-119.50881,819.0,6.709304340258298,E,Medium,104.68142857142868,73.13000000000004,4.344285714285714,2.2285714285714286,8.314285714285715,0.0,95.0,65.0,4.414285714285714,5.92,870.5247,7.0,-0.1736481776669303,0.984807753012208,4,D4,4.0,1.0,1.0,1.0,1.0,122.0,grass_shrub,7029.0,148.0,125.0,45.0,2029.0,104.0,1.0
fire_01667,Coyote Fire,2022-09-07,2022,9,41.8739166,-121.839853,297.0,5.697093486505405,D,Medium,91.67000000000006,57.05857142857144,2.557142857142857,2.571428571428572,10.971428571428572,1.7,76.14285714285714,56.285714285714285,6.328571428571428,9.766666666666667,1788.3162,8.0,-0.484809620246337,0.8746197071393959,3,D3,3.0,1.0,1.0,1.0,1.0,121.0,grass_shrub,7017.0,133.0,108.0,35.0,2017.0,103.0,1.0
fire_01668,Barnes Fire,2022-09-07,2022,9,41.87117,-120.29122,5843.0,8.67317077287059,G,Extreme,93.2642857142857,54.79571428571438,2.8085714285714283,2.8857142857142857,7.557142857142857,10.2,83.0,64.42857142857143,5.457142857142857,8.776666666666667,1563.5928,8.0,-0.3746065934159123,-0.9271838545667872,2,D2,2.0,1.0,1.0,1.0,0.0,101.0,grass,7967.0,349.0,305.0,0.0,2967.0,124.0,0.0
fire_01669,Forward Fire,2022-09-09,2022,9,40.44109,-121.81822,160.0,5.081404364984463,D,Medium,100.92714285714285,69.6071428571429,3.827142857142857,2.757142857142857,9.1,0.0,94.28571428571428,69.57142857142857,4.314285714285714,6.416666666666667,828.6557,6.0,0.6018150231520479,-0.798635510047293,3,D3,3.0,1.0,1.0,1.0,1.0,102.0,grass,9301.0,366.0,303.0,0.0,2270.0,126.0,0.0
fire_01670,Dutch Fire,2022-09-13,2022,9,39.1902,-120.8266,48.0,3.8918202981106265,C,Small,92.4928571428571,70.71285714285716,3.1614285714285715,2.3714285714285714,14.085714285714284,0.0,96.71428571428572,65.85714285714286,4.185714285714286,5.376666666666665,1056.714,10.0,-0.0871557427476582,-0.9961946980917455,2,D2,2.0,1.0,1.0,1.0,0.0,165.0,timber_understory,7027.0,139.0,118.0,55.0,2027.0,106.0,1.0
fire_01671,Garden Fire,2022-09-17,2022,9,39.9929,-121.2122,29.0,3.4011973816621555,C,Small,74.05571428571426,49.49857142857146,1.3857142857142857,3.9142857142857146,22.914285714285715,0.7,82.28571428571429,60.85714285714285,6.957142857142857,5.7,1492.4758,33.0,0.898794046299167,0.4383711467890774,2,D2,2.0,1.0,1.0,1.0,0.0,142.0,shrub,7098.0,238.0,211.0,25.0,2028.0,104.0,1.0
fire_01672,97 Fire,2022-09-27,2022,9,41.4987,-122.3414,30.0,3.4339872044851463,C,Small,77.39857142857146,44.94714285714282,1.2671428571428571,3.0571428571428574,26.9,14.7,43.71428571428572,29.714285714285715,14.928571428571429,9.6,1027.6888,6.0,0.6427876096865393,-0.7660444431189781,3,D3,3.0,1.0,1.0,1.0,1.0,122.0,grass_shrub,7105.0,240.0,206.0,0.0,2105.0,114.0,0.0
fire_01673,Pleasant Fire ,2022-10-23,2022,10,37.38939,-118.50091,50.0,3.9318256327243257,C,Small,78.91571428571434,49.21571428571434,1.8642857142857143,3.128571428571429,9.900000000000002,0.0,91.85714285714286,70.14285714285714,5.028571428571429,6.379999999999999,1336.999,1.0,0.1564344650402309,0.9876883405951378,2,D2,2.0,1.0,1.0,1.0,0.0,101.0,grass,7082.0,226.0,202.0,0.0,2082.0,112.0,0.0
fire_01674,Summit Fire,2022-08-03,2022,8,36.319167,-118.650278,1400.0,7.244941546337007,F,Large,67.11285714285717,51.19571428571438,1.01,1.6142857142857143,32.8,0.0,78.71428571428571,46.85714285714285,6.942857142857143,7.35,2814.4937,9.0,-0.3583679495453007,-0.9335804264972016,4,D4,4.0,1.0,1.0,1.0,1.0,183.0,timber_litter,9129.0,145.0,115.0,35.0,2152.0,103.0,1.0
fire_01675,66 Fire,2023-05-15,2023,5,33.569342,-116.092746,127.0,4.852030263919617,D,Medium,94.13857142857138,65.03000000000004,2.865714285714286,3.628571428571429,15.957142857142856,0.0,81.42857142857143,67.71428571428571,6.5857142857142845,7.583333333333332,-58.50653,0.0,-0.9455185755993168,0.3255681544571566,0,D0,0.0,1.0,0.0,0.0,0.0,91.0,nonburnable_or_other,7299.0,25.0,25.0,0.0,2905.0,25.0,0.0
fire_01676,Point Fire,2023-05-21,2023,5,40.417676,-122.47542,10.0,2.3978952727983707,C,Small,92.57000000000006,57.08428571428576,1.7671428571428571,2.314285714285714,31.17142857142857,39.3,36.85714285714285,28.285714285714285,12.757142857142856,17.386666666666663,219.70222,1.0,-0.9975640502598242,-0.0697564737441252,-1,,0.0,0.0,0.0,0.0,0.0,91.0,nonburnable_or_other,7299.0,25.0,25.0,0.0,2905.0,25.0,0.0
fire_01677,Ramona Fire,2023-05-22,2023,5,33.823424,-117.033714,338.0,5.82600010738045,E,Medium,89.15,55.85,1.68,2.7571428571428567,26.11428571428572,13.7,41.142857142857146,32.42857142857143,12.77142857142857,15.73,447.65756,1.0,0.6018150231520484,0.7986355100472928,-1,,0.0,0.0,0.0,0.0,0.0,122.0,grass_shrub,7092.0,222.0,210.0,0.0,2092.0,112.0,0.0
fire_01678,Pistol Fire,2023-05-30,2023,5,36.9466,-119.6801,123.0,4.820281565605037,D,Medium,84.11000000000008,55.747142857143025,1.5514285714285716,2.728571428571428,28.442857142857147,4.7,56.71428571428572,42.71428571428572,9.528571428571428,13.236666666666668,137.83138,3.0,-0.6946583704589973,-0.7193398003386512,-1,,0.0,0.0,0.0,0.0,0.0,122.0,grass_shrub,9337.0,220.0,213.0,0.0,2270.0,112.0,0.0
fire_01679,Sicard Fire,2023-05-30,2023,5,39.2349,-121.3475,13.0,2.6390573296152584,C,Small,80.61285714285717,54.61571428571434,1.0442857142857145,2.828571428571429,42.457142857142856,24.8,42.0,32.857142857142854,12.85714285714286,15.503333333333332,116.02254,3.0,-0.1736481776669303,-0.984807753012208,-1,,0.0,0.0,0.0,0.0,0.0,183.0,timber_litter,7901.0,14.0,14.0,45.0,2914.0,14.0,1.0
fire_01680,Orange Fire,2023-06-01,2023,6,36.678,-119.2971,108.0,4.691347882229144,D,Medium,82.54142857142855,56.67285714285714,1.387142857142857,2.171428571428572,32.942857142857136,5.3,54.57142857142857,37.85714285714285,10.0,13.696666666666664,217.28204,12.0,-0.2079116908177598,-0.9781476007338056,-1,,0.0,0.0,0.0,0.0,0.0,183.0,timber_litter,7980.0,125.0,111.0,35.0,2960.0,104.0,1.0
fire_01681,Panoche Fire,2023-06-03,2023,6,36.7536,-120.8991,65.0,4.189654742026425,C,Small,77.39857142857146,48.0071428571429,1.082857142857143,3.985714285714286,31.95714285714285,5.9,43.142857142857146,41.85714285714285,13.4,15.863333333333337,350.6574,8.0,-0.275637355816999,0.9612616959383188,-1,,0.0,0.0,0.0,0.0,0.0,91.0,nonburnable_or_other,7299.0,25.0,25.0,0.0,2905.0,25.0,0.0
fire_01682,Valley Fire,2023-06-03,2023,6,36.0322,-118.8582,135.0,4.912654885736052,D,Medium,78.94142857142856,58.73000000000004,1.3828571428571428,2.7142857142857144,35.142857142857146,4.1,63.57142857142857,46.42857142857143,8.77142857142857,11.136666666666668,275.65585,6.0,0.5446390350150271,0.838670567945424,-1,,0.0,0.0,0.0,0.0,0.0,102.0,grass,9301.0,335.0,304.0,0.0,2270.0,123.0,0.0
fire_01683,Range Fire,2023-06-04,2023,6,36.4647,-121.3319,72.0,4.290459441148391,C,Small,67.1642857142858,48.05857142857144,0.4657142857142857,4.085714285714286,51.72857142857144,0.0,31.571428571428573,31.571428571428573,16.385714285714286,16.826666666666664,97.35907,5.0,-0.4694715627858907,-0.882947592858927,-1,,0.0,0.0,0.0,0.0,0.0,145.0,shrub,7105.0,,218.0,0.0,2105.0,115.0,0.0
fire_01684,Rodeo Fire,2023-06-09,2023,6,36.70984,-119.304258,15.0,2.772588722239781,C,Small,84.11000000000008,60.40142857142864,1.3242857142857145,2.0428571428571427,42.642857142857146,0.0,51.0,35.0,11.8,12.686666666666666,176.89479,5.0,-0.9961946980917455,-0.0871557427476579,-1,,0.0,0.0,0.0,0.0,0.0,102.0,grass,9301.0,360.0,304.0,0.0,2270.0,126.0,0.0
fire_01685,Gulch Fire,2023-06-10,2023,6,37.4404,-120.1499,25.0,3.258096538021482,C,Small,83.13285714285722,61.17285714285714,1.4628571428571429,2.9428571428571426,37.85714285714285,0.0,57.85714285714285,44.142857142857146,9.971428571428572,11.45,438.14398,19.0,-0.0697564737441255,-0.9975640502598242,-1,,0.0,0.0,0.0,0.0,0.0,102.0,grass,9301.0,343.0,304.0,0.0,2270.0,124.0,0.0
fire_01686,Geology Fire,2023-06-10,2023,6,33.896,-116.0533,1088.0,6.9930151229329605,F,Large,81.5642857142858,54.358571428571544,1.9542857142857144,3.7142857142857135,15.27142857142857,4.8,85.85714285714286,71.28571428571429,5.742857142857143,6.703333333333335,1067.5776,5.0,0.90630778703665,0.4226182617406994,0,D0,0.0,1.0,0.0,0.0,0.0,102.0,grass,7082.0,211.0,204.0,0.0,2082.0,111.0,0.0
fire_01687,Henderson Fire,2023-06-14,2023,6,39.023,-122.7145,21.0,3.091042453358316,C,Small,78.17000000000016,52.610000000000085,0.8328571428571429,3.928571428571428,45.6,1.8,40.142857142857146,36.42857142857143,14.1,14.539999999999996,416.68997,10.0,-0.8480480961564261,-0.5299192642332048,-1,,0.0,0.0,0.0,0.0,0.0,165.0,timber_understory,7114.0,142.0,124.0,45.0,2114.0,104.0,1.0
fire_01688,Frank Fire,2023-06-15,2023,6,40.2869,-122.5955,32.0,3.49650756146648,C,Small,87.35000000000011,60.607142857142904,1.5342857142857145,1.8857142857142857,36.31428571428571,10.1,41.85714285714285,22.571428571428573,11.999999999999998,14.800000000000002,246.40208,2.0,0.7771459614569709,0.6293203910498374,-1,,0.0,0.0,0.0,0.0,0.0,144.0,shrub,7114.0,138.0,117.0,35.0,2114.0,103.0,1.0
fire_01689,Scott Fire,2023-06-15,2023,6,39.3256,-121.3686,115.0,4.7535901911063645,D,Medium,81.0500000000001,56.801428571428644,1.0242857142857142,2.685714285714285,44.68571428571429,3.8,39.285714285714285,27.142857142857142,13.55714285714286,14.596666666666666,238.4512,3.0,-0.4383711467890777,-0.8987940462991668,-1,,0.0,0.0,0.0,0.0,0.0,91.0,nonburnable_or_other,7299.0,25.0,25.0,0.0,2905.0,25.0,0.0
fire_01690,Snell Fire,2023-06-16,2023,6,38.6994,-122.4379,103.0,4.6443908991413725,D,Medium,79.94428571428574,53.25285714285728,0.9842857142857142,2.8857142857142857,42.44285714285714,0.0,35.857142857142854,29.142857142857142,14.77142857142857,16.416666666666668,228.23561,3.0,-0.0348994967025009,0.9993908270190958,-1,,0.0,0.0,0.0,0.0,0.0,102.0,grass,7234.0,239.0,219.0,0.0,2270.0,124.0,0.0
fire_01691,Rocky Fire,2023-06-18,2023,6,36.3002,-119.0828,141.0,4.955827057601261,D,Medium,87.63285714285722,63.41000000000008,1.6,2.657142857142857,37.471428571428575,4.800000000000001,49.57142857142857,33.57142857142857,11.414285714285716,12.083333333333332,206.43542,8.0,0.4067366430758002,0.9135454576426008,-1,,0.0,0.0,0.0,0.0,0.0,102.0,grass,7934.0,336.0,303.0,0.0,2911.0,123.0,0.0
fire_01692,Slough Fire,2023-06-18,2023,6,36.5737,-120.188,640.0,6.46302945692067,E,Medium,89.12428571428568,60.55571428571426,1.6985714285714286,3.1000000000000005,31.871428571428574,0.0,48.0,39.0,12.42857142857143,13.036666666666664,52.32704,0.0,0.981627183447664,0.1908089953765448,-1,,0.0,0.0,0.0,0.0,0.0,102.0,grass,7986.0,332.0,303.0,0.0,2966.0,123.0,0.0
fire_01693,Black Wood Fire,2023-06-20,2023,6,32.734788,-116.34461,37.0,3.6375861597263857,C,Small,70.91857142857152,52.147142857143024,0.5442857142857143,4.6571428571428575,52.1,3.2,32.142857142857146,33.57142857142857,17.1,14.250000000000004,1361.0298,3.0,0.8090169943749473,-0.5877852522924734,-1,,0.0,0.0,0.0,0.0,0.0,122.0,grass_shrub,7110.0,226.0,214.0,0.0,2110.0,112.0,0.0
fire_01694,Garbani Fire,2023-06-20,2023,6,33.656034,-117.201092,43.0,3.784189633918261,C,Small,77.65571428571425,56.030000000000044,0.7328571428571429,3.714285714285714,47.97142857142857,2.0,32.0,30.142857142857142,16.714285714285715,15.556666666666672,459.85016,1.0,0.7431448254773942,0.6691306063588582,-1,,0.0,0.0,0.0,0.0,0.0,91.0,nonburnable_or_other,7299.0,25.0,25.0,0.0,2905.0,25.0,0.0
fire_01695,Viper Fire,2023-06-21,2023,6,33.984167,-117.138268,25.0,3.258096538021482,C,Small,76.01000000000008,53.9214285714286,0.6471428571428571,3.6714285714285713,49.057142857142864,4.7,30.571428571428573,28.857142857142858,17.114285714285717,15.446666666666667,555.1903,4.0,0.981627183447664,0.1908089953765448,-1,,0.0,0.0,0.0,0.0,0.0,102.0,grass,9301.0,333.0,302.0,0.0,2967.0,123.0,0.0
fire_01696,Harney Fire,2023-06-21,2023,6,37.8558452,-120.3728742,37.0,3.6375861597263857,C,Small,84.59857142857156,56.21000000000008,1.5342857142857145,3.7571428571428567,30.057142857142857,1.6,53.71428571428572,46.71428571428572,10.728571428571428,12.110000000000005,336.94916,7.0,-0.7547095802227721,-0.656059028990507,-1,,0.0,0.0,0.0,0.0,0.0,102.0,grass,9301.0,361.0,302.0,0.0,2270.0,126.0,0.0
fire_01697,Peoria Fire,2023-06-23,2023,6,39.258,-121.3801,59.0,4.0943445622221,C,Small,85.2928571428572,55.31000000000008,1.6614285714285713,2.742857142857144,28.81428571428572,3.2,50.285714285714285,38.142857142857146,10.285714285714286,13.93,140.4152,3.0,-0.1045284632676533,-0.9945218953682734,-1,,0.0,0.0,0.0,0.0,0.0,102.0,grass,9301.0,374.0,304.0,0.0,2270.0,127.0,0.0
fire_01698,Balfour Fire,2023-06-25,2023,6,37.9143,-121.7676,74.0,4.31748811353631,C,Small,78.29857142857146,52.01857142857152,1.195714285714286,4.428571428571429,32.64285714285714,0.0,46.57142857142857,41.85714285714285,11.571428571428571,14.053333333333336,94.071945,2.0,0.838670567945424,0.5446390350150271,-1,,0.0,0.0,0.0,0.0,0.0,102.0,grass,9301.0,339.0,304.0,0.0,2270.0,123.0,0.0
fire_01699,Crane Fire,2023-06-27,2023,6,36.8675,-119.0137,24.0,3.218875824868201,C,Small,76.37000000000006,51.55571428571426,1.342857142857143,2.2142857142857144,27.0,7.8,62.42857142857143,42.85714285714285,8.042857142857143,10.923333333333334,564.74646,15.0,-0.7431448254773942,-0.6691306063588582,-1,,0.0,0.0,0.0,0.0,0.0,142.0,shrub,7105.0,225.0,213.0,0.0,2097.0,114.0,0.0
fire_01700,Juniper Fire,2023-06-27,2023,6,33.787329,-117.330286,68.0,4.23410650459726,C,Small,76.85857142857144,52.17285714285724,1.0928571428571427,3.071428571428572,31.185714285714287,2.1,39.71428571428572,32.714285714285715,13.271428571428572,15.26,674.2464,2.0,0.8660254037844384,-0.5000000000000004,-1,,0.0,0.0,0.0,0.0,0.0,122.0,grass_shrub,7092.0,230.0,210.0,0.0,2092.0,113.0,0.0
fire_01701,Nice Fire,2023-06-27,2023,6,34.0568,-117.0957,90.0,4.51085950651685,C,Small,76.2928571428572,50.14142857142856,1.2885714285714285,3.142857142857143,23.4,5.3,43.85714285714285,35.57142857142857,11.014285714285714,15.25,759.6832,13.0,0.5299192642332047,-0.8480480961564261,-1,,0.0,0.0,0.0,0.0,0.0,145.0,shrub,7110.0,241.0,213.0,0.0,2110.0,114.0,0.0
fire_01702,Champagne Fire ,2023-06-30,2023,6,34.9516,-118.4252,25.0,3.258096538021482,C,Small,78.42714285714285,55.28428571428576,1.5557142857142858,4.757142857142857,23.08571428571429,1.4,67.85714285714286,64.42857142857143,7.514285714285714,10.116666666666667,1178.9758,7.0,-1.0,1.2246467991473532e-16,-1,,0.0,0.0,0.0,0.0,0.0,122.0,grass_shrub,7082.0,218.0,209.0,0.0,2082.0,111.0,0.0
fire_01703,Gann Fire,2023-07-02,2023,7,38.114444,-120.798285,105.0,4.663439094112067,D,Medium,91.2071428571429,56.51857142857152,1.941428571428572,2.3428571428571425,27.685714285714287,1.4,42.85714285714285,28.285714285714285,12.514285714285714,14.770000000000003,240.6445,3.0,0.8290375725550417,0.5591929034707469,-1,,0.0,0.0,0.0,0.0,0.0,145.0,shrub,7105.0,248.0,225.0,0.0,2105.0,114.0,0.0
fire_01704,Peter Fire,2023-07-03,2023,7,34.516944,-118.193056,14.0,2.70805020110221,C,Small,83.64714285714302,65.77571428571432,2.075714285714286,3.3714285714285714,25.042857142857148,0.5,53.71428571428572,44.0,8.342857142857143,14.576666666666666,1074.6102,7.0,-0.9781476007338056,0.2079116908177593,-1,,0.0,0.0,0.0,0.0,0.0,122.0,grass_shrub,7092.0,222.0,207.0,0.0,2092.0,112.0,0.0
fire_01705,Roundup Fire,2023-07-04,2023,7,34.38695,-117.186767,34.0,3.555348061489413,C,Small,88.84142857142857,60.94142857142856,2.468571428571429,3.2428571428571424,14.928571428571429,0.0,73.0,58.85714285714285,6.2,10.550000000000002,1365.4321,3.0,-0.8571673007021122,0.5150380749100544,0,D0,0.0,1.0,0.0,0.0,0.0,99.0,nonburnable_or_other,9246.0,100.0,100.0,0.0,2002.0,100.0,0.0
fire_01706,Bernasconi Fire,2023-07-04,2023,7,33.838928,-117.153554,18.0,2.9444389791664403,C,Small,92.31285714285715,57.82999999999994,1.9657142857142853,2.9285714285714284,23.75714285714286,4.6000000000000005,43.0,34.57142857142857,12.671428571428567,15.47,503.18716,12.0,-0.9659258262890682,0.258819045102521,-1,,0.0,0.0,0.0,0.0,0.0,122.0,grass_shrub,7092.0,230.0,212.0,0.0,2092.0,113.0,0.0
fire_01707,Lincoln Fire,2023-07-05,2023,7,33.583941,-116.078906,39.0,3.688879454113936,C,Small,108.87285714285714,75.93285714285712,4.819999999999999,3.7285714285714286,8.428571428571427,0.0,96.42857142857144,81.28571428571429,3.8,6.483333333333334,-49.450043,1.0,-0.3420201433256685,-0.9396926207859084,0,D0,0.0,1.0,0.0,0.0,0.0,122.0,grass_shrub,7087.0,224.0,207.0,0.0,2087.0,112.0,0.0
fire_01708,Day Fire,2023-07-05,2023,7,33.837311,-117.278984,56.0,4.04305126783455,C,Small,93.31571428571434,59.34714285714282,2.065714285714286,3.2285714285714286,23.0,2.4,46.42857142857143,38.57142857142857,11.742857142857144,14.983333333333333,520.3131,1.0,-0.7193398003386513,0.6946583704589971,-1,,0.0,0.0,0.0,0.0,0.0,102.0,grass,9301.0,336.0,303.0,0.0,2270.0,123.0,0.0
fire_01709,Frog Fire,2023-07-06,2023,7,33.479,-117.0575,33.0,3.5263605246161616,C,Small,87.63285714285722,55.64428571428574,1.4700000000000002,3.142857142857143,29.38571428571429,9.0,37.285714285714285,31.571428571428573,14.05714285714286,16.720000000000002,408.5335,3.0,0.9781476007338056,-0.2079116908177598,-1,,0.0,0.0,0.0,0.0,0.0,91.0,nonburnable_or_other,7299.0,25.0,25.0,0.0,2905.0,25.0,0.0
fire_01710,District Fire,2023-07-07,2023,7,34.8866,-118.9033,1044.0,6.951772164398911,F,Large,85.37000000000006,61.5071428571429,2.355714285714286,3.071428571428572,13.685714285714283,0.4,75.14285714285714,59.285714285714285,5.871428571428572,10.510000000000002,990.1581,16.0,-0.3255681544571566,-0.9455185755993168,-1,,0.0,0.0,0.0,0.0,0.0,101.0,grass,9301.0,346.0,302.0,0.0,2270.0,123.0,0.0
fire_01711,Park Fire,2023-07-09,2023,7,32.6003,-116.5836,64.0,4.174387269895637,C,Small,86.09000000000002,56.15857142857144,1.9271428571428568,4.2,20.014285714285712,4.0,56.57142857142857,51.57142857142857,7.914285714285714,15.286666666666669,823.4761,4.0,0.0871557427476578,-0.9961946980917455,-1,,0.0,0.0,0.0,0.0,0.0,145.0,shrub,7110.0,240.0,219.0,0.0,2110.0,114.0,0.0
fire_01712,Vineyard Fire,2023-07-09,2023,7,35.8,-120.8169,391.0,5.971261839790462,E,Medium,93.67571428571432,53.89571428571428,2.1957142857142857,3.814285714285714,18.64285714285714,0.0,53.285714285714285,49.142857142857146,11.0,13.593333333333332,258.57254,2.0,0.2419218955996674,-0.9702957262759966,-1,,0.0,0.0,0.0,0.0,0.0,121.0,grass_shrub,9301.0,331.0,304.0,0.0,2270.0,112.0,0.0
fire_01713,Rider Fire,2023-07-11,2023,7,33.8302,-117.2616,12.0,2.5649493574615367,C,Small,89.81857142857152,55.43857142857138,1.9057142857142857,3.114285714285714,21.37142857142857,2.0,51.42857142857143,41.71428571428572,10.542857142857144,14.596666666666668,480.78046,4.0,0.5591929034707468,0.8290375725550417,-1,,0.0,0.0,0.0,0.0,0.0,121.0,grass_shrub,9301.0,329.0,303.0,0.0,2270.0,122.0,0.0
fire_01714,Carbon Fire,2023-07-11,2023,7,38.43948,-120.98731,58.0,4.07753744390572,C,Small,87.01571428571434,54.8214285714286,1.7085714285714286,3.0571428571428574,26.84285714285715,0.0,58.0,45.57142857142857,9.5,12.813333333333333,120.08434,3.0,-0.0871557427476582,-0.9961946980917455,-1,,0.0,0.0,0.0,0.0,0.0,102.0,grass,7129.0,335.0,303.0,0.0,2129.0,123.0,0.0
fire_01715,Snake Fire,2023-07-11,2023,7,33.7505,-117.348,30.0,3.4339872044851463,C,Small,88.32714285714286,56.724285714285784,1.8228571428571427,3.185714285714285,23.1,1.8,53.42857142857143,43.142857142857146,9.614285714285714,14.696666666666664,640.8977,2.0,0.2249510543438649,-0.9743700647852352,-1,,0.0,0.0,0.0,0.0,0.0,122.0,grass_shrub,7092.0,224.0,212.0,0.0,2092.0,112.0,0.0
fire_01716,Spring Fire,2023-07-11,2023,7,33.9364,-117.124,35.0,3.58351893845611,C,Small,86.91285714285716,56.08142857142858,1.8642857142857143,2.8999999999999995,20.357142857142858,3.8,56.285714285714285,43.57142857142857,8.428571428571429,14.833333333333332,552.5241,6.0,-0.838670567945424,-0.5446390350150271,-1,,0.0,0.0,0.0,0.0,0.0,122.0,grass_shrub,7092.0,222.0,222.0,0.0,2092.0,112.0,0.0
fire_01717,Liberty Fire,2023-07-11,2023,7,38.2387,-121.0089,71.0,4.276666119016055,C,Small,87.42714285714285,54.89857142857146,1.7114285714285715,2.585714285714286,25.97142857142857,0.0,52.42857142857143,39.285714285714285,10.842857142857143,13.566666666666668,67.12837,1.0,-0.1045284632676533,-0.9945218953682734,-1,,0.0,0.0,0.0,0.0,0.0,102.0,grass,9301.0,339.0,303.0,0.0,2270.0,123.0,0.0
fire_01718,Avocado Fire,2023-07-12,2023,7,33.505725,-117.300098,10.0,2.3978952727983707,C,Small,80.30428571428583,55.05285714285718,1.1657142857142857,3.242857142857144,33.81428571428572,0.3,39.142857142857146,33.0,13.12857142857143,17.13,617.7354,3.0,-0.9659258262890684,-0.2588190451025208,-1,,0.0,0.0,0.0,0.0,0.0,145.0,shrub,7110.0,241.0,214.0,0.0,2110.0,114.0,0.0
fire_01719,Pulsar Fire,2023-07-13,2023,7,33.821929,-117.068009,12.0,2.5649493574615367,C,Small,90.97571428571432,56.85285714285718,2.042857142857143,2.857142857142857,21.32857142857143,0.0,52.0,40.57142857142857,10.528571428571428,14.606666666666666,726.0229,8.0,0.9612616959383188,-0.2756373558169989,-1,,0.0,0.0,0.0,0.0,0.0,122.0,grass_shrub,9337.0,239.0,211.0,0.0,2270.0,113.0,0.0
fire_01720,Highland Fire,2023-07-14,2023,7,33.907342,-116.946498,105.0,4.663439094112067,D,Medium,90.28142857142868,63.07571428571432,2.3042857142857143,3.3,19.61428571428572,0.0,67.42857142857143,54.285714285714285,6.671428571428571,13.113333333333337,766.4986,2.0,0.9702957262759964,-0.2419218955996678,-1,,0.0,0.0,0.0,0.0,0.0,121.0,grass_shrub,7914.0,17.0,17.0,0.0,2917.0,17.0,0.0
fire_01721,Rabbit Fire,2023-07-14,2023,7,33.889467,-117.070916,8355.0,9.030735122676456,G,Extreme,90.95,60.298571428571464,2.12,2.857142857142857,21.514285714285712,0.0,58.71428571428572,44.85714285714285,8.457142857142857,14.236666666666668,476.68146,4.0,-0.544639035015027,-0.8386705679454242,-1,,0.0,0.0,0.0,0.0,0.0,101.0,grass,9301.0,337.0,302.0,0.0,2270.0,122.0,0.0
fire_01722,Gavilan Fire,2023-07-15,2023,7,33.817004,-117.358124,336.0,5.820082930352362,E,Medium,92.13285714285722,62.38142857142858,2.15,3.157142857142857,23.185714285714287,0.0,53.42857142857143,43.42857142857143,10.014285714285714,14.263333333333332,578.2676,4.0,0.8290375725550417,0.5591929034707469,-1,,0.0,0.0,0.0,0.0,0.0,91.0,nonburnable_or_other,7299.0,25.0,25.0,0.0,2905.0,25.0,0.0
fire_01723,Lodoga Fire,2023-07-16,2023,7,39.2694,-122.466,22.0,3.1354942159291497,C,Small,93.7785714285715,62.20142857142864,2.392857142857143,2.357142857142857,22.77142857142857,0.0,62.57142857142857,40.42857142857143,8.72857142857143,11.41,439.21896,9.0,-1.8369701987210287e-16,-1.0,-1,,0.0,0.0,0.0,0.0,0.0,122.0,grass_shrub,7105.0,355.0,303.0,0.0,2105.0,113.0,0.0
fire_01724,Stony Fire,2023-07-18,2023,7,39.6685,-122.5259,89.0,4.499809670330265,C,Small,99.48714285714304,69.0928571428571,2.9785714285714286,2.0142857142857147,21.5,0.0,67.28571428571429,40.0,7.614285714285714,10.493333333333332,200.56902,2.0,0.6819983600624986,-0.7313537016191703,-1,,0.0,0.0,0.0,0.0,0.0,121.0,grass_shrub,9301.0,326.0,304.0,0.0,2270.0,122.0,0.0
fire_01725,Juniper Fire,2023-07-18,2023,7,36.1132,-120.5689,15.0,2.772588722239781,C,Small,101.28714285714304,64.15571428571425,3.3042857142857143,3.085714285714286,13.685714285714289,0.0,71.71428571428571,56.85714285714285,6.671428571428573,11.403333333333334,513.08563,1.0,-0.9396926207859084,0.3420201433256689,-1,,0.0,0.0,0.0,0.0,0.0,91.0,nonburnable_or_other,7299.0,25.0,25.0,0.0,2905.0,25.0,0.0
fire_01726,Reche Fire,2023-07-14,2023,7,33.9835,-117.2169,436.0,6.07993319509559,E,Medium,89.04714285714303,62.0214285714285,2.0685714285714285,3.071428571428572,22.685714285714287,0.0,60.285714285714285,47.42857142857143,7.914285714285714,14.07,694.8927,7.0,0.8191520442889916,-0.5735764363510465,-1,,0.0,0.0,0.0,0.0,0.0,145.0,shrub,7110.0,235.0,220.0,0.0,2110.0,113.0,0.0
fire_01727,Idria Fire,2023-07-19,2023,7,36.490487,-120.801732,296.0,5.6937321388027,D,Medium,98.87000000000006,61.1214285714287,3.052857142857143,3.242857142857144,14.257142857142858,0.0,71.28571428571429,57.57142857142857,7.114285714285714,10.906666666666666,582.60895,3.0,0.9998476951563912,0.0174524064372835,-1,,0.0,0.0,0.0,0.0,0.0,102.0,grass,9301.0,332.0,303.0,0.0,2270.0,123.0,0.0
fire_01728,Oak Fire,2023-07-19,2023,7,34.0182,-117.4261,137.0,4.927253685157205,D,Medium,98.51000000000008,68.5785714285714,2.462857142857143,3.2,24.428571428571427,0.0,52.57142857142857,42.85714285714285,10.014285714285714,14.506666666666666,291.60724,4.0,-0.9702957262759964,0.2419218955996677,-1,,0.0,0.0,0.0,0.0,0.0,121.0,grass_shrub,7914.0,17.0,17.0,0.0,2917.0,17.0,0.0
fire_01729,Wonder Fire,2023-07-24,2023,7,40.7316228,-122.3232056,162.0,5.093750200806762,D,Medium,102.36714285714298,70.48142857142858,3.4585714285714286,2.671428571428572,19.300000000000004,4.2,77.28571428571429,56.42857142857143,5.971428571428571,9.756666666666666,298.4774,4.0,-0.754709580222772,0.6560590289905073,-1,,0.0,0.0,0.0,0.0,0.0,165.0,timber_understory,7030.0,174.0,130.0,75.0,2030.0,107.0,1.0
fire_01730,Long Fire,2023-07-25,2023,7,36.6932792,-119.1521739,33.0,3.5263605246161616,C,Small,101.95571428571427,78.81285714285715,4.064285714285714,1.7285714285714284,13.114285714285714,0.0,90.14285714285714,56.42857142857143,4.414285714285714,7.73,602.5405,15.0,-0.4383711467890777,-0.8987940462991668,-1,,0.0,0.0,0.0,0.0,0.0,102.0,grass,9301.0,349.0,304.0,0.0,2270.0,124.0,0.0
fire_01731,Victor Fire,2023-07-25,2023,7,34.356691,-118.507954,70.0,4.262679877041316,C,Small,95.14142857142856,65.46714285714287,2.382857142857143,2.757142857142857,22.885714285714283,0.0,60.71428571428572,45.85714285714285,8.257142857142856,13.593333333333332,484.73608,6.0,0.9961946980917455,-0.0871557427476583,-1,,0.0,0.0,0.0,0.0,0.0,101.0,grass,7913.0,16.0,16.0,0.0,2916.0,16.0,0.0
fire_01732,Agua Fire,2023-07-25,2023,7,34.438333,-118.326389,421.0,6.045005314036012,E,Medium,94.37000000000006,70.32714285714296,2.7500000000000004,2.8428571428571425,19.8,0.0,74.57142857142857,56.142857142857146,6.2714285714285705,11.086666666666666,642.5983,7.0,0.9455185755993168,-0.3255681544571567,-1,,0.0,0.0,0.0,0.0,0.0,122.0,grass_shrub,7110.0,221.0,212.0,0.0,2110.0,112.0,0.0
fire_01733,Turkey Fire,2023-07-26,2023,7,39.446994,-121.399989,65.0,4.189654742026425,C,Small,100.07857142857151,67.18999999999991,3.1757142857142857,2.0285714285714285,19.54285714285714,0.0,76.42857142857143,51.0,6.185714285714286,9.883333333333333,415.21545,7.0,-0.9998476951563912,-0.0174524064372836,-1,,0.0,0.0,0.0,0.0,0.0,184.0,timber_litter,7105.0,222.0,209.0,25.0,2030.0,104.0,1.0
fire_01734,Bonny Fire,2023-07-27,2023,7,33.4769,-116.7247,2323.0,7.751045117971802,F,Large,94.4214285714287,70.14714285714302,2.755714285714286,3.157142857142857,19.65714285714285,0.0,75.71428571428571,59.285714285714285,6.414285714285714,10.1,1314.6173,4.0,0.3583679495453004,-0.9335804264972016,-1,,0.0,0.0,0.0,0.0,0.0,122.0,grass_shrub,9337.0,224.0,210.0,0.0,2270.0,112.0,0.0
fire_01735,Sunset Fire,2023-07-27,2023,7,33.9372,-116.9081,103.0,4.6443908991413725,D,Medium,97.99571428571429,71.12428571428568,2.985714285714286,2.985714285714286,18.95714285714286,0.0,75.57142857142857,58.142857142857146,6.6,10.156666666666666,841.81964,7.0,-0.7986355100472928,-0.6018150231520484,-1,,0.0,0.0,0.0,0.0,0.0,145.0,shrub,7110.0,234.0,214.0,0.0,2110.0,113.0,0.0
fire_01736,Scodie Fire,2023-07-28,2023,7,35.6967,-118.2148,20.0,3.044522437723423,C,Small,97.84142857142857,70.32714285714286,3.3385714285714285,3.4857142857142853,12.72857142857143,0.0,90.0,73.14285714285714,5.057142857142858,7.150000000000001,851.08704,1.0,0.882947592858927,-0.4694715627858908,-1,,0.0,0.0,0.0,0.0,0.0,103.0,grass,7105.0,216.0,206.0,0.0,2105.0,111.0,0.0
fire_01737,Flynn Fire,2023-07-29,2023,7,37.7356,-121.6065,80.0,4.394449154672439,C,Small,94.8071428571428,63.204285714285824,2.524285714285714,3.4714285714285715,20.628571428571423,0.0,64.85714285714286,47.57142857142857,7.685714285714285,11.28,151.45761,3.0,0.3746065934159119,0.9271838545667874,-1,,0.0,0.0,0.0,0.0,0.0,101.0,grass,9301.0,335.0,303.0,0.0,2916.0,16.0,0.0
fire_01738,Shell Fire,2023-07-30,2023,7,35.458459,-120.334625,100.0,4.61512051684126,D,Medium,101.05571428571426,54.77000000000006,3.1042857142857136,3.4857142857142853,11.07142857142857,0.0,65.71428571428571,56.85714285714285,8.071428571428571,12.140000000000002,429.96237,2.0,-0.1564344650402308,0.9876883405951378,-1,,0.0,0.0,0.0,0.0,0.0,144.0,shrub,7105.0,229.0,215.0,0.0,2105.0,112.0,0.0
fire_01739,York Fire,2023-08-01,2023,8,35.191889,-115.317389,93078.0,11.44120387391202,G,Extreme,94.4214285714287,75.29000000000002,3.374285714285714,3.5285714285714285,13.414285714285716,0.0,100.71428571428572,80.28571428571429,4.185714285714285,4.06,1567.9359,3.0,-0.9998476951563912,-0.0174524064372836,0,D0,0.0,1.0,0.0,0.0,0.0,102.0,grass,7082.0,223.0,208.0,0.0,2082.0,112.0,0.0
fire_01740,Haberkern Fire,2023-08-01,2023,8,36.7611111,-119.988888,35.0,3.58351893845611,C,Small,100.25857142857144,66.80428571428583,3.4285714285714284,4.271428571428571,12.457142857142856,0.0,82.71428571428571,75.42857142857143,5.6,8.830000000000002,76.27328,0.0,-0.3746065934159123,-0.9271838545667872,-1,,0.0,0.0,0.0,0.0,0.0,93.0,nonburnable_or_other,7981.0,61.0,61.0,0.0,2961.0,61.0,0.0
fire_01741,Beale Fire,2023-08-01,2023,8,35.403564,-120.181725,61.0,4.127134385045092,C,Small,101.33857142857138,57.1357142857143,3.2485714285714287,4.085714285714286,10.328571428571427,0.0,70.0,64.0,6.828571428571428,11.973333333333333,542.3792,3.0,-0.6819983600624986,-0.7313537016191705,-1,,0.0,0.0,0.0,0.0,0.0,102.0,grass,7129.0,332.0,304.0,0.0,2129.0,123.0,0.0
fire_01742,Nuevo Fire,2023-08-01,2023,8,33.7995,-117.11938,20.0,3.044522437723423,C,Small,101.28714285714304,69.6071428571429,2.814285714285714,2.671428571428572,22.87142857142857,0.0,63.142857142857146,47.142857142857146,9.014285714285714,11.796666666666663,557.50586,10.0,0.9945218953682732,-0.1045284632676534,-1,,0.0,0.0,0.0,0.0,0.0,122.0,grass_shrub,7933.0,222.0,208.0,0.0,2912.0,112.0,0.0
fire_01743,RV Fire,2023-08-01,2023,8,36.9648,-120.8839,29.0,3.4011973816621555,C,Small,99.10142857142864,65.4928571428572,3.18,3.542857142857143,13.428571428571429,0.0,77.71428571428571,65.0,6.257142857142857,9.823333333333332,91.13303,3.0,0.2756373558169991,0.9612616959383188,-1,,0.0,0.0,0.0,0.0,0.0,102.0,grass,9301.0,330.0,304.0,0.0,2270.0,123.0,0.0
fire_01744,East Fire ,2023-08-01,2023,8,35.490591,-118.875657,1291.0,7.163946684342547,F,Large,100.07857142857151,80.84428571428585,4.078571428571428,3.971428571428572,12.657142857142858,0.0,95.28571428571428,81.28571428571429,4.142857142857143,6.246666666666666,403.31622,2.0,0.9975640502598242,0.0697564737441253,-1,,0.0,0.0,0.0,0.0,0.0,101.0,grass,9337.0,226.0,226.0,0.0,2270.0,124.0,0.0
fire_01745,Almond Fire,2023-08-02,2023,8,33.91436,-116.76111,95.0,4.564348191467836,C,Small,98.58714285714305,75.54714285714303,3.345714285714286,3.0714285714285707,19.657142857142865,0.0,86.85714285714286,65.85714285714286,5.571428571428571,6.953333333333331,488.08914,3.0,-0.8386705679454239,0.5446390350150273,0,D0,0.0,1.0,0.0,0.0,0.0,122.0,grass_shrub,7092.0,216.0,207.0,0.0,2092.0,111.0,0.0
fire_01746,Stanley Fire,2023-08-02,2023,8,33.602019,-116.84334,16.0,2.833213344056216,C,Small,92.57000000000016,69.81285714285727,2.3814285714285712,2.7,26.3,0.0,74.28571428571429,53.71428571428572,7.114285714285714,9.51,1116.2917,2.0,-0.374606593415912,0.9271838545667874,-1,,0.0,0.0,0.0,0.0,0.0,91.0,nonburnable_or_other,7299.0,25.0,25.0,0.0,2905.0,25.0,0.0
fire_01747,Clayton Fire,2023-08-03,2023,8,37.368648,-121.464716,68.0,4.23410650459726,C,Small,94.5500000000001,59.4500000000001,2.6928571428571426,3.7142857142857135,14.37142857142857,0.0,74.0,54.85714285714285,6.328571428571428,10.32666666666667,708.3703,7.0,-0.0174524064372834,-0.9998476951563912,-1,,0.0,0.0,0.0,0.0,0.0,121.0,grass_shrub,7105.0,222.0,220.0,25.0,2114.0,102.0,1.0
fire_01748,Ridge Fire,2023-08-04,2023,8,40.735974,-122.624538,28.0,3.367295829986474,C,Small,90.15285714285719,56.415714285714344,2.1614285714285715,1.9571428571428573,21.485714285714288,0.0,74.28571428571429,43.142857142857146,7.071428571428571,8.613333333333333,511.43964,5.0,0.3420201433256688,0.9396926207859084,-1,,0.0,0.0,0.0,0.0,0.0,162.0,timber_understory,7105.0,236.0,216.0,45.0,2114.0,104.0,1.0
fire_01749,Boulevard Fire,2023-08-04,2023,8,35.0990626,-118.2951023,88.0,4.48863636973214,C,Small,85.42142857142849,66.05857142857144,2.525714285714286,4.685714285714285,11.142857142857142,0.0,94.14285714285714,87.42857142857143,4.285714285714287,6.550000000000001,1203.9277,5.0,-0.2588190451025206,-0.9659258262890684,-1,,0.0,0.0,0.0,0.0,0.0,122.0,grass_shrub,7082.0,219.0,208.0,0.0,2082.0,111.0,0.0
fire_01750,No Name Fire,2023-08-05,2023,8,35.78611,-117.8875,1120.0,7.02197642307216,F,Large,98.94714285714302,74.21000000000008,4.014285714285714,3.628571428571429,7.985714285714286,0.0,104.71428571428572,86.14285714285714,3.4142857142857146,4.236666666666667,802.9807,6.0,-0.224951054343865,0.9743700647852352,-1,,0.0,0.0,0.0,0.0,0.0,141.0,shrub,7087.0,211.0,206.0,0.0,2087.0,111.0,0.0
fire_01751,Almond Fire,2023-08-06,2023,8,35.614674,-119.835808,5228.0,8.56197533418813,G,Extreme,96.24714285714302,62.33000000000004,2.971428571428571,3.257142857142857,13.557142857142855,0.0,88.14285714285714,69.57142857142857,5.442857142857142,7.133333333333331,177.65688,1.0,0.1736481776669304,0.984807753012208,-1,,0.0,0.0,0.0,0.0,0.0,122.0,grass_shrub,9337.0,214.0,209.0,0.0,2270.0,111.0,0.0
fire_01752,Pass ,2023-08-06,2023,8,32.68535,-116.3017,36.0,3.610917912644224,C,Small,86.88714285714305,66.54714285714303,2.251428571428572,2.042857142857143,23.01428571428572,1.1,76.85714285714286,46.42857142857143,6.957142857142857,7.7266666666666675,1141.8467,4.0,-0.4694715627858909,0.8829475928589269,-1,,0.0,0.0,0.0,0.0,0.0,145.0,shrub,7097.0,239.0,220.0,0.0,2097.0,113.0,0.0
fire_01753,Bunnie Fire,2023-08-09,2023,8,32.994676,-116.855731,184.0,5.220355825078324,D,Medium,89.61285714285717,62.61285714285716,1.792857142857143,3.1,30.428571428571427,0.0,56.285714285714285,45.0,10.914285714285716,11.796666666666669,397.2327,1.0,-0.7547095802227721,-0.656059028990507,-1,,0.0,0.0,0.0,0.0,0.0,145.0,shrub,7110.0,236.0,223.0,0.0,2110.0,113.0,0.0
fire_01754,Rock Fire,2023-08-09,2023,8,33.871189,-117.150639,531.0,6.2766434893416445,E,Medium,94.65285714285719,60.55571428571426,2.378571428571429,2.9285714285714293,19.085714285714285,0.0,62.57142857142857,49.0,9.428571428571429,11.366666666666667,494.52902,3.0,0.6156614753256585,-0.7880107536067218,-1,,0.0,0.0,0.0,0.0,0.0,102.0,grass,9301.0,339.0,303.0,0.0,2270.0,123.0,0.0
fire_01755,Cemetery Fire,2023-08-09,2023,8,39.377918,-121.68793,68.0,4.23410650459726,C,Small,93.67571428571422,62.20142857142864,2.0685714285714285,2.657142857142857,28.014285714285712,0.0,57.57142857142857,42.57142857142857,11.271428571428572,10.733333333333333,28.824886,0.0,0.4226182617406996,-0.9063077870366498,-1,,0.0,0.0,0.0,0.0,0.0,182.0,timber_litter,7910.0,13.0,13.0,35.0,2913.0,13.0,1.0
fire_01756,Dry Creek Complex,2023-08-10,2023,8,36.5323,-119.0113,301.0,5.71042701737487,E,Medium,94.1642857142857,67.9357142857143,2.9200000000000004,3.285714285714285,16.557142857142857,0.4,94.14285714285714,72.71428571428571,5.1000000000000005,5.290000000000002,342.89188,5.0,-0.981627183447664,-0.1908089953765447,-1,,0.0,0.0,0.0,0.0,0.0,144.0,shrub,7114.0,133.0,124.0,35.0,2114.0,103.0,1.0
fire_01757,Hernandez Fire,2023-08-10,2023,8,36.4392121,-120.9783812,75.0,4.330733340286331,C,Small,92.44142857142856,51.838571428571484,1.932857142857143,4.257142857142857,22.557142857142853,0.0,62.142857142857146,57.285714285714285,11.6,9.796666666666663,525.1473,6.0,0.3420201433256688,0.9396926207859084,-1,,0.0,0.0,0.0,0.0,0.0,123.0,grass_shrub,7113.0,142.0,121.0,45.0,2113.0,104.0,1.0
fire_01758,Trotter,2023-08-14,2023,8,35.1387962,-118.6027987,52.0,3.970291913552122,C,Small,78.35000000000011,61.81571428571434,1.5942857142857143,3.5285714285714285,28.27142857142857,2.6,78.71428571428571,55.85714285714285,7.228571428571428,6.179999999999999,1387.0338,7.0,-0.90630778703665,0.4226182617406995,-1,,0.0,0.0,0.0,0.0,0.0,91.0,nonburnable_or_other,7296.0,22.0,22.0,0.0,2902.0,22.0,0.0
fire_01759,Bitter Fire,2023-08-15,2023,8,35.4854,-120.0574,695.0,6.54534966033442,E,Medium,90.79571428571438,66.18714285714304,2.295714285714286,4.257142857142857,24.442857142857147,0.4,80.71428571428571,70.42857142857143,7.514285714285713,6.31,714.57996,2.0,0.4848096202463371,0.8746197071393957,-1,,0.0,0.0,0.0,0.0,0.0,91.0,nonburnable_or_other,7299.0,25.0,25.0,0.0,2905.0,25.0,0.0
fire_01760,SKU August Lightning Complex,2023-08-15,2023,8,41.2477,-121.5041,838.0,6.732210706467206,E,Medium,91.51571428571434,49.83285714285722,2.145714285714285,2.6,18.75714285714286,0.0,64.71428571428571,48.57142857142857,10.471428571428572,8.979999999999999,1129.0892,0.0,-0.992546151641322,0.1218693434051475,-1,,0.0,0.0,0.0,0.0,0.0,183.0,timber_litter,7027.0,133.0,115.0,45.0,2914.0,14.0,1.0
fire_01761,Deep Fire,2023-08-16,2023,8,40.93686,-122.94871,4198.0,8.342601680684194,F,Large,87.81285714285715,57.23857142857148,1.9428571428571428,2.3000000000000003,22.88571428571429,0.4,68.0,40.42857142857143,8.6,8.366666666666667,1368.8031,27.0,0.2923717047227367,-0.9563047559630354,-1,,0.0,0.0,0.0,0.0,0.0,188.0,timber_litter,7028.0,170.0,124.0,45.0,2028.0,104.0,1.0
fire_01762,Slide 1 Fire,2023-08-16,2023,8,40.036944,-122.855,473.0,6.161207321695077,E,Medium,74.39000000000001,56.415714285714344,1.231428571428571,2.4571428571428577,33.58571428571429,0.3,63.0,39.142857142857146,9.2,9.27,2327.9895,7.0,-0.8829475928589269,-0.4694715627858908,-1,,0.0,0.0,0.0,0.0,0.0,161.0,timber_understory,7044.0,130.0,109.0,35.0,2044.0,103.0,1.0
fire_01763,Smith River Complex,2023-08-15,2023,8,41.958269,-123.868447,95107.0,11.462768366972291,G,Extreme,92.21000000000008,61.5071428571429,2.455714285714285,2.128571428571429,21.5,0.4,72.28571428571429,40.42857142857143,7.314285714285715,7.953333333333333,833.3458,19.0,0.7771459614569706,-0.6293203910498378,1,D1,1.0,1.0,1.0,0.0,0.0,161.0,timber_understory,7270.0,245.0,206.0,0.0,2021.0,104.0,0.0
fire_01764,Cochrane Fire,2023-08-16,2023,8,37.18725,-121.67208,72.0,4.290459441148391,C,Small,90.20428571428582,58.31857142857152,1.6428571428571428,3.6142857142857134,28.442857142857147,0.0,48.0,40.85714285714285,13.500000000000002,12.103333333333332,247.05348,13.0,-0.3746065934159123,-0.9271838545667872,-1,,0.0,0.0,0.0,0.0,0.0,103.0,grass,7105.0,222.0,206.0,0.0,2105.0,112.0,0.0
fire_01765,Thirty Five Fire,2023-08-17,2023,8,39.6194,-122.3287,109.0,4.700480365792417,D,Medium,100.02714285714286,68.99000000000002,2.6885714285714286,2.957142857142857,26.4,0.0,57.71428571428572,42.71428571428572,11.1,10.303333333333336,111.64369,1.0,-0.3907311284892738,0.9205048534524404,-1,,0.0,0.0,0.0,0.0,0.0,102.0,grass,9301.0,336.0,304.0,0.0,2270.0,123.0,0.0
fire_01766,Coyote Fire,2023-08-17,2023,8,32.6347,-116.6415,466.0,6.1463292576688975,E,Medium,87.42714285714297,64.74714285714302,1.758571428571429,3.3714285714285714,34.84285714285714,0.0,61.85714285714285,49.85714285714285,10.985714285714286,8.783333333333333,773.50085,5.0,0.3090169943749472,-0.9510565162951536,-1,,0.0,0.0,0.0,0.0,0.0,121.0,grass_shrub,7110.0,236.0,219.0,0.0,2917.0,17.0,0.0
fire_01767,Happy Camp Complex,2023-08-16,2023,8,41.777554,-123.045093,21725.0,9.986264978993695,G,Extreme,98.71571428571434,64.13000000000014,3.134285714285714,2.6,15.2,0.0,79.85714285714286,49.0,6.357142857142857,6.966666666666667,593.97375,13.0,0.7431448254773942,0.6691306063588582,0,D0,0.0,1.0,0.0,0.0,0.0,141.0,shrub,7008.0,122.0,116.0,0.0,2098.0,114.0,0.0
fire_01768,South Fork Complex,2023-08-15,2023,8,40.623606,-123.662677,3929.0,8.276394704863307,F,Large,92.08142857142869,58.21571428571434,2.174285714285714,3.857142857142857,23.12857142857143,0.0,56.57142857142857,44.142857142857146,10.671428571428567,10.553333333333336,1166.0782,16.0,-0.3090169943749475,-0.9510565162951536,-1,,0.0,0.0,0.0,0.0,0.0,165.0,timber_understory,7043.0,163.0,128.0,65.0,2043.0,106.0,1.0
fire_01769,Plant Fire,2023-08-19,2023,8,34.9190169,-119.73328,5464.0,8.60611940061064,G,Extreme,95.86142857142862,63.5642857142858,2.7571428571428567,2.842857142857143,16.95714285714286,3.2,77.28571428571429,58.57142857142857,8.342857142857143,6.58,754.70874,3.0,0.8571673007021123,0.5150380749100542,-1,,0.0,0.0,0.0,0.0,0.0,121.0,grass_shrub,7108.0,235.0,222.0,0.0,2108.0,113.0,0.0
fire_01770,SRF Lightning Complex,2023-08-20,2023,8,41.017222,-123.611167,50198.0,10.823750385162684,G,Extreme,99.35857142857144,66.67571428571432,3.2528571428571427,2.857142857142857,16.75714285714286,0.0,76.0,49.0,6.242857142857143,7.986666666666667,455.604,21.0,-0.9612616959383188,-0.275637355816999,-1,,0.0,0.0,0.0,0.0,0.0,161.0,timber_understory,7043.0,149.0,123.0,0.0,2043.0,107.0,0.0
fire_01771,Creek Fire,2023-09-06,2023,9,38.903333,-122.601667,28.0,3.367295829986474,C,Small,81.46142857142851,55.56714285714298,1.3342857142857143,3.3857142857142857,37.22857142857142,0.0,55.0,42.0,11.5,10.04,441.64044,0.0,-0.754709580222772,0.6560590289905073,-1,,0.0,0.0,0.0,0.0,0.0,102.0,grass,7131.0,340.0,303.0,0.0,2184.0,121.0,0.0
fire_01772,Knoll Fire,2023-09-10,2023,9,38.18291,-120.7942,32.0,3.49650756146648,C,Small,87.04142857142855,55.7214285714286,1.6514285714285717,3.071428571428572,29.542857142857144,8.3,49.71428571428572,37.142857142857146,12.942857142857145,10.723333333333333,232.07187,1.0,-0.2923717047227371,-0.9563047559630352,-1,,0.0,0.0,0.0,0.0,0.0,144.0,shrub,7114.0,138.0,132.0,35.0,2114.0,103.0,1.0
fire_01773,Alta Fire,2023-09-12,2023,9,38.3702,-122.1796,14.0,2.70805020110221,C,Small,88.71285714285716,52.45571428571426,1.8257142857142856,4.242857142857143,21.1,0.0,50.85714285714285,45.71428571428572,12.585714285714287,11.626666666666669,173.55173,3.0,-0.3746065934159123,-0.9271838545667872,-1,,0.0,0.0,0.0,0.0,0.0,93.0,nonburnable_or_other,7961.0,61.0,61.0,0.0,2961.0,61.0,0.0
fire_01774,Caliente Fire,2023-09-16,2023,9,35.2674,-118.616,55.0,4.02535169073515,C,Small,86.50142857142865,57.95857142857144,1.7899999999999998,3.1,23.185714285714283,62.9,65.71428571428571,52.0,9.44285714285714,8.729999999999999,607.84686,13.0,0.984807753012208,0.1736481776669303,-1,,0.0,0.0,0.0,0.0,0.0,102.0,grass,9301.0,339.0,304.0,0.0,2270.0,124.0,0.0
fire_01775,Meadow Fire,2023-09-26,2023,9,33.753608,-117.279764,23.0,3.1780538303479458,C,Small,81.9500000000001,56.15857142857144,1.284285714285714,3.157142857142857,33.81428571428572,2.6,42.85714285714285,35.857142857142854,14.642857142857142,12.913333333333332,488.34525,3.0,-0.1218693434051473,0.992546151641322,-1,,0.0,0.0,0.0,0.0,0.0,91.0,nonburnable_or_other,7299.0,25.0,25.0,0.0,2905.0,25.0,0.0
fire_01776,Green Fire,2023-10-06,2023,10,35.5421,-120.9739,243.0,5.497168225293202,D,Medium,72.66714285714288,50.11571428571434,0.9514285714285714,3.171428571428572,39.457142857142856,1.3,33.142857142857146,26.714285714285715,16.157142857142855,15.259999999999998,171.86806,7.0,-0.5877852522924732,-0.8090169943749473,-1,,0.0,0.0,0.0,0.0,0.0,102.0,grass,9301.0,347.0,304.0,0.0,2270.0,124.0,0.0
fire_01777,Williams Fire,2023-10-06,2023,10,36.0295,-121.07148,44.0,3.80666248977032,C,Small,81.12714285714286,51.32428571428578,1.3957142857142857,3.185714285714286,29.28571428571429,0.0,43.71428571428572,37.85714285714285,14.485714285714286,12.406666666666666,481.15903,5.0,0.9743700647852352,0.224951054343865,-1,,0.0,0.0,0.0,0.0,0.0,145.0,shrub,7105.0,249.0,220.0,0.0,2105.0,114.0,0.0
fire_01778,Wiley Fire,2023-10-07,2023,10,38.265241,-121.981732,36.0,3.610917912644224,C,Small,85.70428571428582,55.69571428571428,1.811428571428572,3.0,22.6,1.1,51.285714285714285,33.0,11.385714285714286,11.316666666666666,14.773995,0.0,0.5150380749100542,-0.8571673007021123,-1,,0.0,0.0,0.0,0.0,0.0,122.0,grass_shrub,9829.0,349.0,304.0,0.0,2280.0,124.0,0.0
fire_01779,Stanley Fire,2023-10-17,2023,10,33.592915,-116.857302,5.0,1.791759469228055,B,Small,75.05857142857144,54.02428571428578,1.4628571428571429,2.1,23.057142857142853,0.0,61.42857142857143,41.71428571428572,9.514285714285714,11.10333333333333,1099.2065,6.0,0.0174524064372831,-0.9998476951563912,-1,,0.0,0.0,0.0,0.0,0.0,145.0,shrub,7110.0,233.0,216.0,0.0,2110.0,113.0,0.0
fire_01780,Border 34 Fire,2023-10-29,2023,10,32.598,-116.9196,24.0,3.218875824868201,C,Small,68.68142857142858,55.64428571428574,0.38,2.571428571428572,60.71428571428572,3.5,27.142857142857142,22.142857142857142,17.65714285714286,17.033333333333335,167.6351,10.0,0.2588190451025203,-0.9659258262890684,-1,,0.0,0.0,0.0,0.0,0.0,122.0,grass_shrub,7092.0,222.0,214.0,0.0,2092.0,112.0,0.0
fire_01781,Highland Fire,2023-10-30,2023,10,33.438207,-116.82307,2487.0,7.81923445385907,F,Large,65.98142857142868,49.2928571428571,0.8785714285714287,3.2142857142857144,33.54285714285714,4.1,57.42857142857143,35.285714285714285,11.114285714285714,9.3,869.13727,8.0,-0.90630778703665,-0.4226182617406993,-1,,0.0,0.0,0.0,0.0,0.0,145.0,shrub,7110.0,235.0,207.0,0.0,2110.0,113.0,0.0
fire_01782,Lizzie Fire,2023-10-30,2023,10,35.2808,-120.644,124.0,4.8283137373023015,D,Medium,70.22428571428568,46.28428571428566,0.8114285714285714,4.128571428571428,37.01428571428572,0.9,37.42857142857143,37.85714285714285,15.785714285714286,15.03,248.30424,15.0,0.5150380749100542,-0.8571673007021123,-1,,0.0,0.0,0.0,0.0,0.0,101.0,grass,7913.0,16.0,16.0,0.0,2916.0,16.0,0.0
fire_01783,Sun Fire,2023-11-09,2023,11,34.55742,-120.32318,211.0,5.356586274672012,D,Medium,76.6785714285715,57.16142857142862,1.4428571428571428,6.542857142857143,25.27142857142857,0.0,56.142857142857146,62.57142857142857,8.385714285714284,14.203333333333337,330.89514,6.0,0.1391731009600654,-0.9902680687415704,-1,,0.0,0.0,0.0,0.0,0.0,101.0,grass,9301.0,355.0,303.0,0.0,2270.0,124.0,0.0
fire_01784,Lamb Fire,2023-11-14,2023,11,33.85008,-116.99867,13.0,2.6390573296152584,C,Small,73.13000000000004,49.52428571428578,1.5757142857142856,2.642857142857143,10.342857142857143,4.1,77.28571428571429,58.142857142857146,6.571428571428571,9.633333333333336,543.50555,12.0,-0.6293203910498378,-0.7771459614569706,-1,,0.0,0.0,0.0,0.0,0.0,122.0,grass_shrub,7092.0,224.0,212.0,0.0,2092.0,112.0,0.0
fire_01785,Manzanita Fire,2023-11-14,2023,11,33.839416,-117.003584,15.0,2.772588722239781,C,Small,73.13000000000004,49.52428571428578,1.5757142857142856,2.642857142857143,10.342857142857143,4.1,77.28571428571429,58.142857142857146,6.571428571428571,9.633333333333336,452.0709,5.0,-0.529919264233205,-0.848048096156426,-1,,0.0,0.0,0.0,0.0,0.0,93.0,nonburnable_or_other,7988.0,68.0,68.0,0.0,2968.0,68.0,0.0
fire_01786,Adams Fire,2023-11-19,2023,11,33.809953,-116.246207,36.0,3.610917912644224,C,Small,76.70428571428582,57.44428571428574,1.5271428571428571,3.028571428571428,25.271428571428576,9.3,76.57142857142857,42.85714285714285,8.1,5.590000000000001,317.80847,9.0,-0.3583679495453007,-0.9335804264972016,-1,,0.0,0.0,0.0,0.0,0.0,141.0,shrub,7087.0,210.0,204.0,0.0,2087.0,111.0,0.0
fire_01787,Sierra Fire,2023-11-20,2023,11,33.8438665,-117.46406,35.0,3.58351893845611,C,Small,71.89571428571428,52.32714285714286,0.91,3.171428571428572,36.371428571428574,14.1,53.0,36.57142857142857,11.814285714285717,11.646666666666665,419.62668,3.0,-0.4226182617406991,-0.9063077870366502,-1,,0.0,0.0,0.0,0.0,0.0,121.0,grass_shrub,9301.0,329.0,303.0,0.0,2270.0,122.0,0.0
fire_01788,Sage Fire,2023-11-23,2023,11,32.723389,-116.891493,39.0,3.688879454113936,C,Small,74.59571428571428,52.378571428571504,1.0857142857142856,3.9571428571428577,31.728571428571428,15.8,41.71428571428572,34.57142857142857,14.657142857142857,13.453333333333337,249.76724,5.0,0.9563047559630352,-0.2923717047227371,-1,,0.0,0.0,0.0,0.0,0.0,122.0,grass_shrub,7092.0,232.0,212.0,0.0,2092.0,113.0,0.0
fire_01789,Border 38 Fire,2023-12-05,2023,12,32.5666,-116.7986,13.0,2.6390573296152584,C,Small,65.05571428571426,47.3642857142857,0.7228571428571428,2.3999999999999995,38.12857142857143,25.5,41.285714285714285,23.857142857142858,14.371428571428572,11.406666666666666,364.2325,20.0,-0.9945218953682732,-0.1045284632676535,-1,,0.0,0.0,0.0,0.0,0.0,122.0,grass_shrub,7092.0,233.0,216.0,0.0,2092.0,113.0,0.0
fire_01790,Elm Fire,2023-12-09,2023,12,33.9007,-116.7635,65.0,4.189654742026425,C,Small,68.96428571428581,47.77571428571432,1.3285714285714287,2.171428571428572,15.385714285714288,27.8,72.85714285714286,50.142857142857146,7.842857142857143,7.933333333333334,482.41312,6.0,0.6018150231520484,0.7986355100472928,-1,,0.0,0.0,0.0,0.0,0.0,121.0,grass_shrub,9301.0,326.0,302.0,0.0,2270.0,122.0,0.0
fire_01791,South Fire,2023-12-09,2023,12,34.327,-118.9938,2715.0,7.906915488678587,F,Large,70.58428571428576,50.91285714285716,1.317142857142857,2.771428571428572,16.585714285714285,15.3,64.57142857142857,49.285714285714285,8.871428571428572,10.09666666666667,419.74405,8.0,-0.6156614753256583,0.788010753606722,-1,,0.0,0.0,0.0,0.0,0.0,122.0,grass_shrub,7092.0,214.0,208.0,0.0,2092.0,111.0,0.0
fire_01792,Pine Fire,2023-12-15,2023,12,35.5593,-118.8696,181.0,5.204006687076795,D,Medium,56.030000000000044,37.49000000000002,0.7085714285714285,1.5857142857142856,24.457142857142856,5.3,58.0,36.85714285714285,10.814285714285717,9.82666666666667,440.51227,7.0,0.7193398003386509,-0.6946583704589976,-1,,0.0,0.0,0.0,0.0,0.0,121.0,grass_shrub,9301.0,328.0,304.0,0.0,2270.0,122.0,0.0
fire_01793,Border 42 Fire,2023-12-21,2023,12,32.6036,-116.7718,50.0,3.9318256327243257,C,Small,73.69571428571439,53.04714285714302,1.3157142857142858,2.6142857142857143,22.67142857142857,13.3,57.71428571428572,36.85714285714285,9.1,11.963333333333331,466.55933,5.0,-1.0,1.2246467991473532e-16,-1,,0.0,0.0,0.0,0.0,0.0,91.0,nonburnable_or_other,7297.0,23.0,23.0,0.0,2903.0,23.0,0.0
fire_01794,3-9 Fire,2023-08-16,2023,8,40.636317,-123.5797,2840.0,7.951911381854188,F,Large,88.86714285714288,60.63285714285712,2.144285714285714,3.3285714285714283,23.285714285714285,0.3,64.71428571428571,44.71428571428572,8.714285714285714,9.2,1662.3599,16.0,-0.1736481776669303,-0.984807753012208,-1,,0.0,0.0,0.0,0.0,0.0,186.0,timber_litter,7098.0,228.0,213.0,0.0,2032.0,104.0,0.0
fire_01795,Quarry Fire,2023-09-09,2023,9,38.06095,-119.991667,9130.0,9.11943049661634,G,Extreme,66.11000000000008,45.204285714285824,0.7800000000000001,3.214285714285715,40.6,36.5,46.285714285714285,29.0,13.12857142857143,9.706666666666669,1776.5304,8.0,-0.0174524064372834,-0.9998476951563912,-1,,0.0,0.0,0.0,0.0,0.0,121.0,grass_shrub,7028.0,138.0,110.0,0.0,2098.0,114.0,0.0
fire_01796,Palmas Fire,2024-02-20,2024,2,33.5103795,-115.82784,239.0,5.480638923341991,D,Medium,74.26142857142862,46.4642857142858,1.14,2.571428571428572,24.442857142857147,28.8,45.85714285714285,34.42857142857143,11.571428571428571,13.520000000000003,-16.108622,4.0,-0.838670567945424,-0.5446390350150271,-1,,0.0,0.0,0.0,0.0,0.0,99.0,nonburnable_or_other,9150.0,100.0,100.0,0.0,2004.0,100.0,0.0
fire_01797, Bryson Fire,2024-02-27,2024,2,35.81148,-121.084104,11.0,2.4849066497880004,C,Small,65.28714285714304,41.27000000000006,0.5757142857142856,2.871428571428571,43.142857142857146,208.6,13.285714285714286,15.714285714285714,18.11428571428572,24.57333333333333,316.6444,4.0,-0.2419218955996677,-0.9702957262759964,-1,,0.0,0.0,0.0,0.0,0.0,145.0,shrub,7105.0,242.0,224.0,0.0,2105.0,114.0,0.0
fire_01798,Cartago Fire,2024-04-03,2024,4,36.316401,-118.026767,104.0,4.653960350157523,D,Medium,61.35285714285718,39.47000000000006,0.7214285714285715,3.4142857142857146,36.885714285714286,21.3,39.85714285714285,16.857142857142858,12.714285714285714,13.506666666666666,1122.7855,5.0,-0.1564344650402308,0.9876883405951378,-1,,0.0,0.0,0.0,0.0,0.0,122.0,grass_shrub,7082.0,219.0,208.0,0.0,2082.0,111.0,0.0
fire_01799,Gardner Fire,2024-04-12,2024,4,35.153062,-119.39529,241.0,5.488937726156687,D,Medium,71.12428571428568,46.51571428571434,1.02,3.0285714285714285,31.65714285714285,31.4,38.42857142857143,26.428571428571427,12.842857142857142,15.226666666666665,291.526,4.0,0.5299192642332049,0.8480480961564261,-1,,0.0,0.0,0.0,0.0,0.0,101.0,grass,9301.0,355.0,303.0,0.0,2270.0,123.0,0.0
fire_01800,Pendola Fire,2024-04-21,2024,4,39.494086,-121.070752,18.0,2.9444389791664403,C,Small,66.41857142857143,43.32714285714286,0.8985714285714286,2.157142857142857,34.371428571428574,157.1,30.142857142857142,20.714285714285715,12.714285714285715,21.203333333333333,934.0964,7.0,-0.9396926207859084,-0.3420201433256686,-1,,0.0,0.0,0.0,0.0,0.0,165.0,timber_understory,7028.0,166.0,134.0,65.0,2028.0,106.0,1.0
fire_01801,York Fire,2024-04-21,2024,4,35.817759,-120.097738,181.4,5.206202077640231,D,Medium,75.65,49.83285714285712,0.9000000000000001,2.042857142857143,40.91428571428571,63.0,22.285714285714285,16.714285714285715,18.17142857142857,18.69333333333333,228.0535,1.0,-0.4383711467890775,0.8987940462991669,-1,,0.0,0.0,0.0,0.0,0.0,122.0,grass_shrub,9337.0,215.0,211.0,0.0,2270.0,111.0,0.0
fire_01802,Refuge Fire,2024-04-26,2024,4,36.730979,-120.360998,483.0,6.182084906716632,E,Medium,81.1785714285714,52.7642857142857,1.2542857142857142,3.9142857142857146,31.385714285714283,46.2,31.142857142857142,29.857142857142858,14.72857142857143,19.00333333333333,49.18068,0.0,-0.1391731009600653,0.9902680687415704,-1,,0.0,0.0,0.0,0.0,0.0,102.0,grass,7980.0,120.0,105.0,25.0,2960.0,102.0,1.0
fire_01803,Billy Fire,2024-04-30,2024,4,37.020145,-120.99063,12.0,2.5649493574615367,C,Small,72.48714285714304,51.684285714285764,0.8728571428571428,4.271428571428571,39.97142857142857,26.1,35.285714285714285,38.0,13.685714285714283,17.846666666666668,171.71844,2.0,0.4848096202463371,0.8746197071393957,-1,,0.0,0.0,0.0,0.0,0.0,102.0,grass,9301.0,332.0,304.0,0.0,2270.0,123.0,0.0
fire_01804,School Fire,2024-05-02,2024,5,35.04847,-119.33179,1479.0,7.299797366758161,F,Large,74.82714285714286,54.53857142857138,1.1542857142857144,4.385714285714285,33.22857142857143,14.8,49.71428571428572,45.85714285714285,10.12857142857143,14.37,223.86147,2.0,0.9659258262890684,0.2588190451025207,-1,,0.0,0.0,0.0,0.0,0.0,99.0,nonburnable_or_other,9062.0,31.0,31.0,0.0,31.0,31.0,0.0
fire_01805,Dawn Fire,2024-05-04,2024,5,34.9117,-118.23,12.8,2.624668592163159,C,Small,77.27000000000007,53.69000000000002,1.56,3.857142857142857,19.428571428571427,5.800000000000001,60.57142857142857,53.0,8.314285714285715,13.233333333333336,801.6038,6.0,-0.9271838545667872,0.3746065934159122,-1,,0.0,0.0,0.0,0.0,0.0,141.0,shrub,7087.0,355.0,303.0,0.0,2087.0,111.0,0.0
fire_01806,Tram Fire,2024-05-04,2024,5,33.858369,-116.55819,13.8,2.694627180770069,C,Small,88.81571428571434,60.94142857142856,2.412857142857143,2.9857142857142853,15.242857142857142,0.0,80.85714285714286,61.71428571428572,6.485714285714287,8.306666666666667,201.09885,4.0,-0.0348994967025009,0.9993908270190958,-1,,0.0,0.0,0.0,0.0,0.0,91.0,nonburnable_or_other,7299.0,25.0,25.0,0.0,2905.0,25.0,0.0
fire_01807,Virginiatown Fire,2024-05-02,2024,5,38.902253,-121.201005,95.0,4.564348191467836,C,Small,72.84714285714303,48.03285714285712,0.8642857142857144,3.3142857142857136,41.65714285714286,35.9,30.714285714285715,21.571428571428573,13.7,19.01,97.55524,1.0,-0.2588190451025206,-0.9659258262890684,-1,,0.0,0.0,0.0,0.0,0.0,188.0,timber_litter,9129.0,151.0,131.0,55.0,2152.0,105.0,1.0
fire_01808,Magnolia Fire,2024-05-07,2024,5,33.9208,-116.807061,36.6,3.6270040503958487,C,Small,70.94428571428574,49.83285714285722,1.0342857142857145,3.742857142857143,33.48571428571428,13.3,50.85714285714285,36.71428571428572,10.4,13.376666666666669,577.05475,3.0,-0.9702957262759964,-0.2419218955996675,-1,,0.0,0.0,0.0,0.0,0.0,91.0,nonburnable_or_other,7299.0,25.0,25.0,0.0,2905.0,25.0,0.0
fire_01809,Almond Fire,2024-05-07,2024,5,33.903392,-116.774124,40.0,3.713572066704308,C,Small,71.97285714285714,50.34714285714303,1.1071428571428572,3.971428571428572,32.042857142857144,9.6,56.42857142857143,49.142857142857146,9.8,12.453333333333337,508.0836,12.0,0.8571673007021123,0.5150380749100542,-1,,0.0,0.0,0.0,0.0,0.0,122.0,grass_shrub,7092.0,216.0,206.0,0.0,2092.0,111.0,0.0
fire_01810,Sherwood Fire,2024-05-10,2024,5,35.7193,-118.9429,353.0,5.869296913133774,E,Medium,73.28428571428576,52.58428571428576,1.095714285714286,3.3,36.22857142857143,22.6,46.0,34.42857142857143,11.371428571428572,14.276666666666666,273.35028,2.0,0.6691306063588582,0.7431448254773942,-1,,0.0,0.0,0.0,0.0,0.0,102.0,grass,9301.0,346.0,304.0,0.0,2270.0,124.0,0.0
fire_01811,Dom Fire,2024-05-11,2024,5,36.362559,-120.340061,23.8,3.210843653170937,C,Small,76.24142857142856,45.92428571428578,1.2614285714285711,2.871428571428571,27.142857142857142,32.7,42.0,29.714285714285715,11.985714285714284,16.473333333333333,167.8788,2.0,0.3420201433256688,0.9396926207859084,-1,,0.0,0.0,0.0,0.0,0.0,122.0,grass_shrub,7933.0,219.0,207.0,0.0,2912.0,111.0,0.0
fire_01812,Jayne Fire,2024-05-11,2024,5,36.137571,-120.192362,40.0,3.713572066704308,C,Small,75.85571428571426,46.438571428571585,1.2,2.6142857142857143,29.5,24.9,40.0,27.571428571428573,12.55714285714286,16.726666666666667,164.01901,2.0,0.1218693434051474,0.992546151641322,-1,,0.0,0.0,0.0,0.0,0.0,102.0,grass,7980.0,122.0,103.0,25.0,2960.0,102.0,1.0
fire_01813,Border 44 Fire,2024-05-11,2024,5,32.571374,-116.711161,15.0,2.772588722239781,C,Small,66.9071428571428,49.49857142857146,0.4814285714285714,3.242857142857143,53.57142857142857,9.5,26.142857142857142,17.428571428571427,16.82857142857143,17.826666666666668,805.781,18.0,-0.0697564737441255,-0.9975640502598242,-1,,0.0,0.0,0.0,0.0,0.0,122.0,grass_shrub,7110.0,229.0,214.0,0.0,2110.0,112.0,0.0
fire_01814,Red Fire,2024-05-11,2024,5,35.388107,-117.601135,148.0,5.003946305945459,D,Medium,72.41000000000008,49.24142857142856,1.241428571428571,4.514285714285714,22.557142857142857,2.8,59.85714285714285,55.285714285714285,9.385714285714284,12.13,1012.70435,5.0,0.7771459614569709,0.6293203910498374,-1,,0.0,0.0,0.0,0.0,0.0,122.0,grass_shrub,9810.0,333.0,302.0,0.0,2275.0,123.0,0.0
fire_01815,National Fire,2024-05-12,2024,5,34.602884,-117.339379,80.0,4.394449154672439,C,Small,75.95857142857145,43.532857142857225,1.51,4.1000000000000005,16.014285714285712,1.7,70.57142857142857,62.71428571428572,7.814285714285715,10.063333333333334,798.734,2.0,-0.0523359562429443,-0.9986295347545738,-1,,0.0,0.0,0.0,0.0,0.0,99.0,nonburnable_or_other,7295.0,32.0,32.0,0.0,32.0,32.0,0.0
fire_01816,Love 2 Fire,2024-05-13,2024,5,32.7754088,-116.8004,18.0,2.9444389791664403,C,Small,72.46142857142863,49.112857142857266,0.6771428571428572,2.642857142857143,43.34285714285715,12.1,28.285714285714285,23.714285714285715,16.842857142857145,18.40666666666667,361.97122,7.0,-0.9135454576426008,-0.4067366430758002,-1,,0.0,0.0,0.0,0.0,0.0,122.0,grass_shrub,7092.0,235.0,215.0,0.0,2092.0,113.0,0.0
fire_01817,Janell Fire,2024-05-14,2024,5,33.471139,-116.8539685,13.6,2.681021528714291,C,Small,76.44714285714282,47.69857142857146,1.1785714285714286,2.4285714285714284,26.72857142857143,5.1,45.42857142857143,33.714285714285715,11.514285714285714,15.32666666666667,727.95746,7.0,-0.8746197071393959,-0.4848096202463369,-1,,0.0,0.0,0.0,0.0,0.0,122.0,grass_shrub,7110.0,226.0,218.0,0.0,2110.0,112.0,0.0
fire_01818,John Fire,2024-05-14,2024,5,37.244144,-120.652034,12.0,2.5649493574615367,C,Small,85.60142857142864,53.61285714285716,1.6485714285714284,3.7571428571428567,24.82857142857143,14.2,39.85714285714285,40.142857142857146,12.614285714285716,18.22,33.13444,0.0,-0.3420201433256685,-0.9396926207859084,-1,,0.0,0.0,0.0,0.0,0.0,93.0,nonburnable_or_other,7984.0,64.0,64.0,0.0,2964.0,64.0,0.0
fire_01819,Cow Fire,2024-05-15,2024,5,35.4759526,-118.7503007,132.0,4.890349128221754,D,Medium,80.97285714285714,59.68142857142858,1.91,2.7571428571428567,18.51428571428572,5.199999999999999,63.57142857142857,48.142857142857146,7.314285714285714,12.666666666666664,560.0291,15.0,-0.984807753012208,0.1736481776669302,-1,,0.0,0.0,0.0,0.0,0.0,102.0,grass,9301.0,330.0,304.0,0.0,2270.0,123.0,0.0
fire_01820,Ranch Fire,2024-05-15,2024,5,39.693268,-121.449913,10.0,2.3978952727983707,C,Small,79.09571428571438,58.575714285714426,1.5114285714285711,4.071428571428571,32.18571428571429,98.1,43.285714285714285,37.71428571428572,9.3,17.396666666666665,689.42566,9.0,-0.9135454576426008,-0.4067366430758002,-1,,0.0,0.0,0.0,0.0,0.0,165.0,timber_understory,7030.0,153.0,125.0,55.0,2030.0,105.0,1.0
fire_01821,Idria Fire,2024-05-15,2024,5,36.490486,-120.801731,29.0,3.4011973816621555,C,Small,80.38142857142869,52.995714285714385,1.6128571428571428,3.3142857142857145,21.142857142857142,5.4,50.71428571428572,44.71428571428572,9.157142857142858,16.763333333333332,582.60895,3.0,0.9998476951563912,0.0174524064372835,-1,,0.0,0.0,0.0,0.0,0.0,102.0,grass,9301.0,332.0,303.0,0.0,2270.0,123.0,0.0
fire_01822,Petrol Fire,2024-05-17,2024,5,36.2748148,-120.33456,186.0,5.231108616854587,D,Medium,87.78714285714304,59.552857142857285,2.127142857142857,2.757142857142857,19.0,4.2,56.285714285714285,42.71428571428572,7.714285714285714,15.48,401.80548,9.0,-0.4383711467890775,0.8987940462991669,-1,,0.0,0.0,0.0,0.0,0.0,121.0,grass_shrub,9301.0,327.0,304.0,0.0,2270.0,122.0,0.0
fire_01823,Mission Fire,2024-05-18,2024,5,33.984278,-116.583317,27.0,3.332204510175204,C,Small,86.39857142857146,63.51285714285716,2.2457142857142856,3.942857142857143,17.957142857142856,0.0,78.14285714285714,67.57142857142857,5.971428571428571,9.193333333333332,487.5632,4.0,-0.7880107536067219,0.6156614753256584,-1,,0.0,0.0,0.0,0.0,0.0,142.0,shrub,7087.0,219.0,208.0,0.0,2087.0,111.0,0.0
fire_01824,Wind Fire,2024-05-20,2024,5,34.96545,-118.99692,121.0,4.804021044733257,D,Medium,83.51857142857152,62.99857142857146,1.967142857142857,4.385714285714286,22.142857142857142,1.8,66.28571428571429,60.85714285714285,6.857142857142856,12.526666666666667,527.486,12.0,0.6691306063588582,0.7431448254773942,-1,,0.0,0.0,0.0,0.0,0.0,99.0,nonburnable_or_other,9062.0,31.0,31.0,0.0,31.0,31.0,0.0
fire_01825,Hall Fire,2024-05-20,2024,5,40.014819,-122.129559,12.0,2.5649493574615367,C,Small,90.41000000000008,58.0357142857143,1.6657142857142857,2.7857142857142856,32.85714285714286,19.1,42.85714285714285,32.285714285714285,11.957142857142856,16.43333333333333,64.459816,0.0,-0.484809620246337,0.8746197071393959,-1,,0.0,0.0,0.0,0.0,0.0,186.0,timber_litter,7980.0,147.0,114.0,45.0,2960.0,104.0,1.0
fire_01826,Elk Fire,2024-05-21,2024,5,39.598771,-122.476758,19.0,2.995732273553991,C,Small,85.19000000000003,57.93285714285722,1.3814285714285717,3.228571428571428,35.871428571428574,11.3,44.285714285714285,36.142857142857146,11.728571428571428,16.006666666666668,244.96922,3.0,-0.4383711467890775,0.8987940462991669,-1,,0.0,0.0,0.0,0.0,0.0,102.0,grass,9301.0,340.0,303.0,0.0,2270.0,124.0,0.0
fire_01827,Valley Fire,2024-05-21,2024,5,41.2449,-120.31,536.0,6.285998094508865,E,Medium,70.86714285714288,37.7214285714287,1.0728571428571427,3.942857142857143,22.000000000000004,40.1,42.42857142857143,38.0,9.971428571428572,18.28666666666667,1555.8933,2.0,-1.8369701987210287e-16,-1.0,-1,,0.0,0.0,0.0,0.0,0.0,102.0,grass,7967.0,366.0,304.0,0.0,2967.0,126.0,0.0
fire_01828,Knolls Fire,2024-05-22,2024,5,33.02113,-117.170895,17.0,2.8903717578961645,C,Small,65.64714285714302,56.39000000000002,0.4371428571428572,2.5,61.74285714285714,3.4000000000000004,29.714285714285715,23.714285714285715,15.599999999999998,17.583333333333332,63.913914,1.0,-0.2923717047227371,-0.9563047559630352,-1,,0.0,0.0,0.0,0.0,0.0,91.0,nonburnable_or_other,7296.0,22.0,22.0,0.0,2902.0,22.0,0.0
fire_01829,Seven Fire,2024-05-23,2024,5,39.539678,-121.908346,11.0,2.4849066497880004,C,Small,85.1642857142858,56.08142857142858,1.3514285714285716,3.571428571428572,34.04285714285714,28.3,41.42857142857143,36.71428571428572,12.985714285714286,15.860000000000005,30.623684,0.0,-0.7193398003386513,0.6946583704589971,-1,,0.0,0.0,0.0,0.0,0.0,93.0,nonburnable_or_other,7984.0,64.0,64.0,0.0,2964.0,64.0,0.0
fire_01830,Panoche Fire,2024-05-25,2024,5,36.5097274,-120.8471351,191.0,5.2574953720277815,D,Medium,77.8357142857144,50.68142857142858,1.4042857142857144,3.8857142857142857,23.385714285714283,4.0,58.57142857142857,51.142857142857146,8.171428571428573,14.576666666666664,571.18604,12.0,0.8910065241883679,0.4539904997395467,-1,,0.0,0.0,0.0,0.0,0.0,102.0,grass,9301.0,343.0,304.0,0.0,2270.0,124.0,0.0
fire_01831,Harford Fire,2024-05-25,2024,5,33.812223,-117.340976,18.0,2.9444389791664403,C,Small,70.97000000000006,49.98714285714304,0.8128571428571428,3.314285714285714,37.62857142857143,2.3,41.142857142857146,34.57142857142857,13.214285714285714,15.323333333333332,626.79865,3.0,0.5877852522924729,-0.8090169943749476,-1,,0.0,0.0,0.0,0.0,0.0,122.0,grass_shrub,7092.0,230.0,216.0,0.0,2092.0,113.0,0.0
fire_01832,Shirleon Fire,2024-05-25,2024,5,33.895775,-116.901498,34.0,3.555348061489413,C,Small,70.48142857142868,49.704285714285824,0.98,4.6000000000000005,32.385714285714286,10.2,52.142857142857146,49.57142857142857,10.514285714285716,13.566666666666666,740.8265,10.0,0.9945218953682732,-0.1045284632676534,-1,,0.0,0.0,0.0,0.0,0.0,102.0,grass,9301.0,336.0,304.0,0.0,2270.0,123.0,0.0
fire_01833,Holiday Fire,2024-05-25,2024,5,34.8492868,-118.2554355,428.0,6.061456918928017,E,Medium,80.2785714285715,57.16142857142862,1.9014285714285712,7.714285714285714,15.828571428571427,0.0,77.71428571428571,96.28571428571428,5.828571428571428,10.29,729.7036,0.0,-0.1736481776669303,0.984807753012208,-1,,0.0,0.0,0.0,0.0,0.0,91.0,nonburnable_or_other,7299.0,25.0,25.0,0.0,2905.0,25.0,0.0
fire_01834,Nees Fire,2024-05-25,2024,5,36.850279,-120.771299,47.0,3.871201010907891,C,Small,84.6500000000001,51.01571428571434,1.662857142857143,4.942857142857143,21.457142857142856,4.7,51.142857142857146,51.71428571428572,10.885714285714286,14.71,121.5291,4.0,0.2588190451025207,0.9659258262890684,-1,,0.0,0.0,0.0,0.0,0.0,91.0,nonburnable_or_other,7299.0,25.0,25.0,0.0,2905.0,25.0,0.0
fire_01835,Central Fire,2024-05-25,2024,5,36.67799,-119.7858,12.6,2.6100697927420065,C,Small,85.21571428571434,58.11285714285716,1.912857142857143,3.257142857142857,21.285714285714285,9.7,62.57142857142857,50.285714285714285,7.728571428571429,13.376666666666663,84.79959,0.0,0.1908089953765451,-0.981627183447664,-1,,0.0,0.0,0.0,0.0,0.0,91.0,nonburnable_or_other,7299.0,25.0,25.0,0.0,2905.0,25.0,0.0
fire_01836,Border 51 Fire,2024-05-26,2024,5,32.57583,-116.76972,12.0,2.5649493574615367,C,Small,68.93857142857158,53.047142857142816,0.5685714285714286,3.5,51.34285714285715,3.3,35.285714285714285,33.0,14.214285714285714,16.82,209.56099,11.0,-0.9781476007338056,-0.2079116908177595,-1,,0.0,0.0,0.0,0.0,0.0,122.0,grass_shrub,7092.0,223.0,225.0,0.0,2092.0,112.0,0.0
fire_01837,Flood Fire,2024-05-26,2024,5,38.017376,-120.944834,57.7,4.072439726834051,C,Small,79.30142857142864,52.30142857142854,1.2714285714285716,3.3857142857142857,31.81428571428572,21.1,45.142857142857146,38.0,11.485714285714286,15.953333333333331,63.13965,1.0,0.1736481776669299,-0.984807753012208,-1,,0.0,0.0,0.0,0.0,0.0,102.0,grass,9301.0,338.0,304.0,0.0,2270.0,123.0,0.0
fire_01838,Millerton Fire,2024-05-26,2024,5,37.01741,-119.689804,47.0,3.871201010907891,C,Small,83.28714285714304,54.07571428571432,1.6528571428571428,3.2142857142857144,25.15714285714285,11.4,61.71428571428572,49.285714285714285,8.157142857142857,12.996666666666666,191.10869,6.0,-1.0,1.2246467991473532e-16,-1,,0.0,0.0,0.0,0.0,0.0,102.0,grass,9301.0,339.0,304.0,0.0,2270.0,123.0,0.0
fire_01839,Vince Fire,2024-05-27,2024,5,34.50941,-118.05215,22.4,3.152736022363656,C,Small,71.38142857142859,51.530000000000044,1.2142857142857142,5.057142857142857,26.72857142857143,0.0,69.71428571428571,67.57142857142857,7.814285714285715,9.976666666666668,1003.2209,6.0,0.7771459614569709,0.6293203910498374,-1,,0.0,0.0,0.0,0.0,0.0,122.0,grass_shrub,7082.0,229.0,209.0,0.0,2082.0,112.0,0.0
fire_01840,Five Fire,2024-05-28,2024,5,36.43706,-120.393699,150.0,5.017279836814924,D,Medium,85.78142857142868,53.35571428571436,1.8428571428571427,3.0,20.371428571428574,4.4,62.71428571428572,49.0,8.4,12.626666666666663,141.75212,1.0,0.2419218955996676,0.9702957262759964,-1,,0.0,0.0,0.0,0.0,0.0,91.0,nonburnable_or_other,7299.0,25.0,25.0,0.0,2905.0,25.0,0.0
fire_01841,Hill Fire,2024-05-28,2024,5,34.8936966,-119.5572279,1383.0,7.232733136177615,F,Large,75.98428571428576,44.12428571428578,1.227142857142857,3.771428571428572,23.228571428571428,0.9,54.85714285714285,47.71428571428572,9.571428571428571,14.250000000000002,765.04565,3.0,0.9702957262759964,0.2419218955996677,-1,,0.0,0.0,0.0,0.0,0.0,102.0,grass,7987.0,329.0,304.0,0.0,2967.0,122.0,0.0
fire_01842,Pepper Fire,2024-05-28,2024,5,36.68768,-119.158199,29.0,3.4011973816621555,C,Small,75.36714285714288,55.82428571428578,1.2328571428571429,1.9285714285714288,33.371428571428574,22.4,57.142857142857146,37.57142857142857,8.714285714285714,13.906666666666666,602.5405,15.0,-0.4383711467890777,-0.8987940462991668,-1,,0.0,0.0,0.0,0.0,0.0,91.0,nonburnable_or_other,7299.0,25.0,25.0,0.0,2905.0,25.0,0.0
fire_01843,Dillon Fire,2024-05-28,2024,5,33.925778,-116.600203,34.0,3.555348061489413,C,Small,82.15571428571425,58.91000000000008,1.9485714285714288,5.714285714285714,19.95714285714286,0.0,80.71428571428571,82.42857142857143,6.6000000000000005,7.643333333333333,334.47116,5.0,-0.6946583704589974,0.7193398003386511,-1,,0.0,0.0,0.0,0.0,0.0,142.0,shrub,7087.0,217.0,207.0,0.0,2087.0,111.0,0.0
fire_01844,Clark Fire,2024-05-28,2024,5,36.501499,-120.389098,35.0,3.58351893845611,C,Small,86.01285714285716,53.33000000000014,1.8657142857142857,3.1142857142857143,20.0,3.9,63.71428571428572,51.0,8.342857142857143,12.246666666666666,125.954765,1.0,0.2249510543438649,0.9743700647852352,-1,,0.0,0.0,0.0,0.0,0.0,186.0,timber_litter,7980.0,140.0,110.0,45.0,2960.0,104.0,1.0
fire_01845,Mocal Fire,2024-05-28,2024,5,35.180776,-119.558308,116.0,4.762173934797756,D,Medium,82.87571428571422,54.35857142857144,1.871428571428572,3.8,18.485714285714288,2.4,73.14285714285714,62.57142857142857,6.485714285714286,10.973333333333333,440.205,5.0,0.6018150231520484,0.7986355100472928,-1,,0.0,0.0,0.0,0.0,0.0,99.0,nonburnable_or_other,7295.0,32.0,32.0,0.0,32.0,32.0,0.0
fire_01846,Shirleon Fire,2024-05-28,2024,5,33.896179,-116.917099,15.0,2.772588722239781,C,Small,71.30428571428583,49.6785714285715,0.92,3.771428571428572,35.3,6.2,47.71428571428572,41.71428571428572,11.685714285714283,14.26,749.4521,5.0,0.5000000000000001,0.8660254037844386,-1,,0.0,0.0,0.0,0.0,0.0,145.0,shrub,7110.0,238.0,213.0,0.0,2110.0,113.0,0.0
fire_01847,Watt Fire,2024-05-28,2024,5,38.728881,-121.392475,19.5,3.0204248861443626,C,Small,84.54714285714303,53.45857142857144,1.6414285714285712,3.071428571428572,27.12857142857143,36.2,55.57142857142857,45.71428571428572,9.400000000000002,13.830000000000004,26.770794,0.0,0.1564344650402306,-0.9876883405951378,-1,,0.0,0.0,0.0,0.0,0.0,188.0,timber_litter,7151.0,151.0,114.0,55.0,2151.0,105.0,1.0
fire_01848,Mateo Fire,2024-05-29,2024,5,36.734329,-120.314598,762.0,6.637258031284457,E,Medium,85.88428571428587,53.7928571428572,1.7185714285714286,4.271428571428571,23.085714285714285,6.0,54.71428571428572,50.85714285714285,9.900000000000002,14.183333333333334,48.166523,0.0,-0.8191520442889918,-0.5735764363510462,-1,,0.0,0.0,0.0,0.0,0.0,91.0,nonburnable_or_other,7299.0,25.0,25.0,0.0,2905.0,25.0,0.0
fire_01849,Zediker Fire,2024-05-28,2024,5,36.617148,-119.520906,35.0,3.58351893845611,C,Small,85.31857142857152,54.92428571428578,1.8371428571428567,2.3857142857142857,21.714285714285715,10.0,63.57142857142857,46.285714285714285,7.842857142857143,13.166666666666666,105.52769,0.0,-0.8829475928589269,-0.4694715627858908,-1,,0.0,0.0,0.0,0.0,0.0,102.0,grass,7980.0,117.0,106.0,15.0,2960.0,101.0,1.0
fire_01850,County Fire,2024-05-29,2024,5,37.828925,-120.634375,13.0,2.6390573296152584,C,Small,81.74428571428574,52.532857142857225,1.3985714285714284,3.5,28.685714285714283,23.4,50.57142857142857,42.42857142857143,10.385714285714286,15.17,138.44115,2.0,-0.3583679495453007,-0.9335804264972016,-1,,0.0,0.0,0.0,0.0,0.0,102.0,grass,9301.0,340.0,304.0,0.0,2270.0,124.0,0.0
fire_01851,Devil Fire,2024-05-29,2024,5,35.85008,-119.915199,188.0,5.241747015059643,D,Medium,86.73285714285723,54.1785714285715,1.9714285714285715,3.7714285714285714,19.085714285714285,3.3,64.42857142857143,55.57142857142857,7.614285714285715,13.213333333333331,109.75527,1.0,-0.8660254037844387,0.4999999999999999,-1,,0.0,0.0,0.0,0.0,0.0,121.0,grass_shrub,9301.0,314.0,303.0,0.0,2270.0,121.0,0.0
fire_01852,Bank Fire,2024-05-30,2024,5,40.089713,-122.398582,12.0,2.5649493574615367,C,Small,82.61857142857153,55.28428571428576,1.592857142857143,3.728571428571428,28.442857142857143,19.3,54.71428571428572,43.0,9.028571428571428,14.126666666666663,148.35829,1.0,0.9135454576426008,0.4067366430758002,-1,,0.0,0.0,0.0,0.0,0.0,103.0,grass,9829.0,356.0,303.0,0.0,2280.0,125.0,0.0
fire_01853,Howard Fire,2024-05-30,2024,5,33.56557,-116.718429,32.0,3.49650756146648,C,Small,72.87285714285714,39.418571428571525,0.8842857142857142,4.385714285714285,30.6,3.2,41.0,40.285714285714285,14.285714285714286,14.546666666666662,1190.5682,5.0,-0.3255681544571566,-0.9455185755993168,-1,,0.0,0.0,0.0,0.0,0.0,142.0,shrub,7110.0,224.0,212.0,0.0,2110.0,113.0,0.0
fire_01854,Great 3 Fire,2024-05-30,2024,5,32.99611,-116.44756,187.0,5.236441962829949,D,Medium,83.67285714285714,49.62714285714286,1.7142857142857142,4.928571428571429,22.1,0.3,66.71428571428571,65.14285714285714,8.799999999999999,10.373333333333337,670.36707,9.0,-0.7071067811865477,-0.7071067811865475,-1,,0.0,0.0,0.0,0.0,0.0,121.0,grass_shrub,9310.0,226.0,210.0,0.0,2275.0,112.0,0.0
fire_01855,Canal Fire,2024-05-30,2024,5,37.081421,-119.962104,827.0,6.71901315438526,E,Medium,84.59857142857146,54.3071428571429,1.5571428571428572,3.6,27.471428571428568,13.0,53.142857142857146,45.42857142857143,10.257142857142856,14.300000000000002,111.369774,1.0,-0.4383711467890777,-0.8987940462991668,-1,,0.0,0.0,0.0,0.0,0.0,102.0,grass,9301.0,346.0,304.0,0.0,2270.0,124.0,0.0
fire_01856,Hawk Fire,2024-05-30,2024,5,36.842961,-119.601701,10.0,2.3978952727983707,C,Small,85.49857142857147,54.74428571428574,1.7400000000000002,3.2857142857142856,24.942857142857143,11.0,60.42857142857143,49.0,8.657142857142857,13.090000000000002,130.02121,0.0,-0.6560590289905073,-0.754709580222772,-1,,0.0,0.0,0.0,0.0,0.0,102.0,grass,7980.0,116.0,107.0,15.0,2960.0,101.0,1.0
fire_01857,Firebaugh Fire,2024-05-30,2024,5,36.87565,-120.25511,1300.0,7.170888478512505,F,Large,84.93285714285722,54.127142857142964,1.5642857142857145,4.8,26.071428571428577,7.2,51.71428571428572,50.85714285714285,10.757142857142856,14.460000000000004,53.23259,0.0,-1.8369701987210287e-16,-1.0,-1,,0.0,0.0,0.0,0.0,0.0,102.0,grass,7980.0,130.0,111.0,35.0,2960.0,103.0,1.0
fire_01858,Valley Center Fire,2024-05-28,2024,5,34.879647,-116.792378,10.0,2.3978952727983707,C,Small,90.9500000000001,60.2214285714286,2.78,2.8714285714285714,9.157142857142857,0.0,93.57142857142856,70.14285714285714,4.428571428571429,6.783333333333332,582.9941,0.0,0.5877852522924731,0.8090169943749475,-1,,0.0,0.0,0.0,0.0,0.0,122.0,grass_shrub,9810.0,357.0,302.0,0.0,2275.0,125.0,0.0
fire_01859,Yer1 Fire,2024-05-28,2024,5,34.88011,-116.815632,10.0,2.3978952727983707,C,Small,90.9500000000001,60.2214285714286,2.78,2.8714285714285714,9.157142857142857,0.0,93.57142857142856,70.14285714285714,4.428571428571429,6.783333333333332,589.08344,0.0,0.7986355100472928,0.6018150231520483,-1,,0.0,0.0,0.0,0.0,0.0,99.0,nonburnable_or_other,9150.0,31.0,31.0,0.0,31.0,31.0,0.0
fire_01860,Nby1 Fire,2024-05-28,2024,5,34.812972,-116.663042,10.0,2.3978952727983707,C,Small,89.6642857142857,57.59857142857146,2.6499999999999995,3.742857142857143,9.114285714285716,0.0,93.0,78.28571428571429,4.514285714285714,6.870000000000001,599.96124,12.0,0.2923717047227367,0.9563047559630354,-1,,0.0,0.0,0.0,0.0,0.0,122.0,grass_shrub,7087.0,220.0,206.0,0.0,2087.0,112.0,0.0
fire_01861,Rosamond Fire,2024-05-30,2024,5,34.72107,-118.25483,124.5,4.832305758571839,D,Medium,81.53857142857137,55.10428571428572,1.8400000000000003,6.285714285714286,18.08571428571429,0.0,77.71428571428571,85.28571428571429,6.5,9.32,723.77356,0.0,-0.6018150231520484,0.7986355100472927,-1,,0.0,0.0,0.0,0.0,0.0,122.0,grass_shrub,9810.0,337.0,303.0,0.0,2275.0,123.0,0.0
fire_01862,Tesoro Fire,2024-05-31,2024,5,37.01047,-119.7939,109.0,4.700480365792417,D,Medium,87.58142857142857,55.36142857142862,1.8528571428571428,3.614285714285714,24.057142857142853,11.6,60.57142857142857,51.285714285714285,9.028571428571428,12.64,142.67311,1.0,-0.7313537016191706,-0.6819983600624984,-1,,0.0,0.0,0.0,0.0,0.0,102.0,grass,7129.0,339.0,304.0,0.0,2129.0,123.0,0.0
fire_01863,Limonite Fire,2024-05-31,2024,5,33.975351,-117.505873,18.0,2.9444389791664403,C,Small,78.27285714285713,54.66714285714288,1.0285714285714285,3.128571428571429,37.17142857142857,0.9,42.57142857142857,34.857142857142854,13.214285714285715,14.803333333333336,201.32028,1.0,-0.8191520442889918,-0.5735764363510462,-1,,0.0,0.0,0.0,0.0,0.0,91.0,nonburnable_or_other,7299.0,25.0,25.0,0.0,2905.0,25.0,0.0
fire_01864,Red Fire,2024-05-31,2024,5,35.601284,-118.4733,98.0,4.59511985013459,C,Small,79.68714285714304,56.75,1.582857142857143,4.885714285714286,23.32857142857143,5.2,70.0,67.0,7.314285714285714,10.93,810.40326,7.0,0.9986295347545738,0.0523359562429438,-1,,0.0,0.0,0.0,0.0,0.0,122.0,grass_shrub,9337.0,218.0,212.0,0.0,2270.0,111.0,0.0
fire_01865,Field Fire,2024-05-31,2024,5,34.9592,-119.698014,201.0,5.308267697401205,D,Medium,83.02999999999994,45.25571428571426,1.57,3.9142857142857146,20.185714285714287,1.4,53.71428571428572,48.42857142857143,10.3,14.18,631.3492,1.0,0.9702957262759964,-0.2419218955996678,-1,,0.0,0.0,0.0,0.0,0.0,121.0,grass_shrub,9301.0,325.0,303.0,0.0,2270.0,122.0,0.0
fire_01866,Fields Fire,2024-05-31,2024,5,37.565014,-120.425878,22.0,3.1354942159291497,C,Small,84.62428571428568,55.56714285714288,1.562857142857143,4.371428571428572,29.04285714285714,24.1,53.42857142857143,50.0,10.37142857142857,13.973333333333334,86.34015,0.0,0.559192903470747,-0.8290375725550416,-1,,0.0,0.0,0.0,0.0,0.0,91.0,nonburnable_or_other,7299.0,25.0,25.0,0.0,2905.0,25.0,0.0
fire_01867,Ranch Fire,2024-05-31,2024,5,35.442336,-118.82214,616.0,6.424869023905388,E,Medium,86.34714285714281,63.4357142857143,2.1700000000000004,3.5285714285714285,19.842857142857145,4.8,78.0,63.85714285714285,6.171428571428572,9.69,241.01859,6.0,-0.992546151641322,-0.1218693434051473,-1,,0.0,0.0,0.0,0.0,0.0,142.0,shrub,9337.0,315.0,308.0,0.0,2270.0,112.0,0.0
fire_01868,Boyd Fire,2024-06-01,2024,6,36.573169,-119.238103,36.0,3.610917912644224,C,Small,87.01571428571434,56.28714285714284,1.85,2.028571428571429,24.8,11.0,59.71428571428572,40.285714285714285,9.171428571428573,13.006666666666666,164.00632,3.0,0.1218693434051476,-0.992546151641322,-1,,0.0,0.0,0.0,0.0,0.0,186.0,timber_litter,7980.0,143.0,106.0,45.0,2960.0,104.0,1.0
fire_01869,Corral Fire,2024-06-01,2024,6,37.633908,-121.50259,14168.0,9.558811758564229,G,Extreme,81.07571428571433,54.5642857142857,1.3871428571428572,3.828571428571429,32.21428571428571,11.3,49.142857142857146,41.0,11.471428571428572,13.976666666666668,189.72499,4.0,-0.9271838545667872,0.3746065934159122,-1,,0.0,0.0,0.0,0.0,0.0,101.0,grass,9301.0,355.0,303.0,0.0,2270.0,125.0,0.0
fire_01870,Border 53 Fire,2024-06-01,2024,6,32.577083,-116.806666,300.0,5.707110264748875,E,Medium,74.46714285714287,51.37571428571422,0.9,3.1428571428571423,39.15714285714286,3.9,39.142857142857146,32.714285714285715,13.92857142857143,15.67666666666667,489.169,17.0,-0.981627183447664,-0.1908089953765447,-1,,0.0,0.0,0.0,0.0,0.0,145.0,shrub,7110.0,236.0,222.0,0.0,2110.0,113.0,0.0
fire_01871,Raymond Fire,2024-06-01,2024,6,36.974519,-120.044449,27.2,3.339321977944068,C,Small,88.40428571428562,55.43857142857148,1.747142857142857,3.757142857142857,25.828571428571426,11.0,51.285714285714285,47.57142857142857,11.271428571428572,14.993333333333336,85.2802,0.0,-0.3907311284892738,-0.9205048534524404,-1,,0.0,0.0,0.0,0.0,0.0,91.0,nonburnable_or_other,7297.0,23.0,23.0,0.0,2903.0,23.0,0.0
fire_01872,Park Fire,2024-06-02,2024,6,33.790804,-116.927045,13.0,2.6390573296152584,C,Small,84.1357142857144,51.298571428571464,1.5642857142857145,2.8714285714285714,22.7,2.4,52.85714285714285,41.71428571428572,10.900000000000002,13.38,492.31244,3.0,-0.1391731009600658,-0.9902680687415704,-1,,0.0,0.0,0.0,0.0,0.0,91.0,nonburnable_or_other,7299.0,25.0,25.0,0.0,2905.0,25.0,0.0
fire_01873,West Fire,2024-05-30,2024,5,34.91,-118.254,1575.0,7.362645270417825,F,Large,81.51285714285716,57.88142857142858,1.9357142857142853,6.942857142857143,16.842857142857145,0.0,80.85714285714286,93.42857142857144,5.914285714285714,9.056666666666668,813.809,5.0,-0.766044443118978,-0.6427876096865393,-1,,0.0,0.0,0.0,0.0,0.0,141.0,shrub,7087.0,219.0,204.0,0.0,2087.0,111.0,0.0
fire_01874,Shadow Fire,2024-06-03,2024,6,35.619008,-118.401334,86.0,4.465908118654584,C,Small,79.71285714285716,57.67571428571432,1.692857142857143,5.028571428571429,21.11428571428572,4.4,73.28571428571429,71.28571428571429,7.071428571428572,10.023333333333335,912.79565,10.0,0.8090169943749473,-0.5877852522924734,-1,,0.0,0.0,0.0,0.0,0.0,91.0,nonburnable_or_other,7296.0,22.0,22.0,0.0,2902.0,22.0,0.0
fire_01875,Patterson Fire,2024-06-03,2024,6,37.714616,-121.568029,95.0,4.564348191467836,C,Small,85.85857142857144,56.67285714285714,1.65,4.042857142857143,28.52857142857143,13.9,52.285714285714285,44.0,10.714285714285712,13.326666666666666,116.30399,1.0,0.3907311284892737,0.9205048534524404,-1,,0.0,0.0,0.0,0.0,0.0,102.0,grass,9301.0,342.0,304.0,0.0,2270.0,124.0,0.0
fire_01876,Sorrel Fire,2024-06-03,2024,6,34.68341,-117.118935,40.0,3.713572066704308,C,Small,87.01571428571434,55.23285714285722,2.23,3.571428571428572,12.214285714285714,0.0,80.85714285714286,67.71428571428571,6.271428571428571,8.766666666666664,1068.8179,8.0,-0.9271838545667874,-0.374606593415912,-1,,0.0,0.0,0.0,0.0,0.0,141.0,shrub,7087.0,210.0,202.0,0.0,2087.0,111.0,0.0
fire_01877,Springs Fire,2024-06-04,2024,6,37.842308,-120.524741,17.0,2.8903717578961645,C,Small,84.98428571428576,56.59571428571428,1.5600000000000005,4.528571428571428,30.11428571428571,0.4,53.42857142857143,51.0,10.385714285714286,13.89,320.18484,1.0,0.90630778703665,-0.4226182617406992,-1,,0.0,0.0,0.0,0.0,0.0,91.0,nonburnable_or_other,7299.0,25.0,25.0,0.0,2905.0,25.0,0.0
fire_01878,Russell Fire,2024-06-04,2024,6,36.916374,-120.657895,25.0,3.258096538021482,C,Small,88.8928571428571,57.16142857142862,1.8742857142857143,5.885714285714286,24.5,0.0,54.0,59.285714285714285,10.428571428571429,13.629999999999995,42.11289,0.0,0.882947592858927,0.4694715627858908,-1,,0.0,0.0,0.0,0.0,0.0,102.0,grass,7129.0,322.0,302.0,0.0,2129.0,122.0,0.0
fire_01879,Road Fire,2024-06-04,2024,6,35.113531,-119.48669,1088.0,6.9930151229329605,F,Large,87.78714285714304,57.59857142857146,2.204285714285714,4.142857142857143,17.642857142857142,0.0,77.0,68.57142857142857,6.457142857142857,9.789999999999996,492.86288,4.0,0.8746197071393957,0.484809620246337,-1,,0.0,0.0,0.0,0.0,0.0,122.0,grass_shrub,9337.0,215.0,207.0,0.0,2270.0,111.0,0.0
fire_01880,Lotus Fire,2024-06-05,2024,6,34.013717,-117.403656,30.0,3.4339872044851463,C,Small,80.45857142857145,56.030000000000044,1.0785714285714287,3.3999999999999995,36.75714285714286,0.0,43.71428571428572,37.285714285714285,12.857142857142856,14.543333333333331,267.0621,7.0,-0.7986355100472929,0.6018150231520482,-1,,0.0,0.0,0.0,0.0,0.0,122.0,grass_shrub,7092.0,234.0,213.0,0.0,2092.0,113.0,0.0
fire_01881,Bitterwater ,2024-06-05,2024,6,35.37367,-120.094361,331.2,5.8057371971791945,E,Medium,84.1357142857144,52.764285714285805,1.53,4.8,25.91428571428571,0.0,49.285714285714285,48.85714285714285,11.1,14.436666666666666,623.2592,1.0,0.1908089953765449,0.981627183447664,-1,,0.0,0.0,0.0,0.0,0.0,102.0,grass,9301.0,335.0,304.0,0.0,2270.0,123.0,0.0
fire_01882,Crystal Fire,2024-06-05,2024,6,38.55954,-122.494472,60.0,4.110873864173311,C,Small,85.85857142857144,57.29000000000002,1.6842857142857142,4.7,29.31428571428572,0.0,45.142857142857146,43.142857142857146,10.8,16.363333333333333,129.64989,7.0,-0.5877852522924732,-0.8090169943749473,-1,,0.0,0.0,0.0,0.0,0.0,93.0,nonburnable_or_other,7961.0,61.0,61.0,0.0,2961.0,61.0,0.0
fire_01883,Little Fire,2024-06-06,2024,6,36.777907,-120.729222,34.0,3.555348061489413,C,Small,90.3071428571429,61.224285714285784,2.147142857142857,5.942857142857142,23.185714285714283,0.0,63.85714285714285,69.14285714285714,8.328571428571427,11.71,155.9999,2.0,0.6427876096865394,0.766044443118978,-1,,0.0,0.0,0.0,0.0,0.0,102.0,grass,7980.0,124.0,107.0,25.0,2960.0,102.0,1.0
fire_01884,Devil Fire,2024-06-06,2024,6,35.85594,-119.94084,210.5,5.354224998486333,D,Medium,92.85285714285729,60.8642857142858,2.2842857142857147,3.6428571428571423,22.61428571428571,0.0,67.14285714285714,56.71428571428572,7.942857142857143,11.673333333333336,138.266,2.0,-0.6427876096865394,0.766044443118978,-1,,0.0,0.0,0.0,0.0,0.0,102.0,grass,7129.0,331.0,304.0,0.0,2129.0,123.0,0.0
fire_01885,Relay Fire,2024-06-06,2024,6,33.910994,-116.980503,47.0,3.871201010907891,C,Small,81.87285714285714,53.6642857142858,1.2871428571428571,2.9857142857142853,30.642857142857142,0.0,46.57142857142857,37.42857142857143,12.3,14.353333333333332,796.4369,2.0,-0.2923717047227371,-0.9563047559630352,-1,,0.0,0.0,0.0,0.0,0.0,122.0,grass_shrub,7933.0,235.0,216.0,0.0,2912.0,113.0,0.0
fire_01886,Gaskell Fire,2024-06-06,2024,6,34.82333,-118.30848,405.0,6.0063531596017325,E,Medium,95.14142857142856,62.15,2.8342857142857136,6.0,13.6,0.0,82.71428571428571,89.0,5.828571428571429,8.6,749.60315,1.0,0.0871557427476581,0.9961946980917455,-1,,0.0,0.0,0.0,0.0,0.0,121.0,grass_shrub,9310.0,220.0,205.0,0.0,2275.0,112.0,0.0
fire_01887,155 Fire,2024-06-06,2024,6,35.692183,-118.46771,55.0,4.02535169073515,C,Small,85.4214285714287,60.19571428571438,1.92,4.914285714285716,23.185714285714287,0.0,70.28571428571429,67.28571428571429,7.6,10.48666666666666,889.2541,14.0,-0.1391731009600653,0.9902680687415704,-1,,0.0,0.0,0.0,0.0,0.0,122.0,grass_shrub,9337.0,226.0,210.0,0.0,2270.0,112.0,0.0
fire_01888,Lost Fire,2024-06-06,2024,6,35.735279,-119.69294,3197.0,8.0702808933939,F,Large,93.3928571428572,60.992857142857204,2.3385714285714285,3.557142857142857,22.1,0.0,66.28571428571429,55.85714285714285,7.871428571428572,12.14,65.87526,0.0,0.8290375725550417,0.5591929034707469,-1,,0.0,0.0,0.0,0.0,0.0,101.0,grass,9829.0,335.0,303.0,0.0,2966.0,122.0,0.0
fire_01889,Pan Fire,2024-06-07,2024,6,36.786999,-120.764998,34.0,3.555348061489413,C,Small,91.43857142857138,61.81571428571434,2.2385714285714284,5.842857142857142,23.328571428571426,0.0,63.57142857142857,67.14285714285714,8.342857142857143,11.69,170.5666,3.0,0.7431448254773942,0.6691306063588582,-1,,0.0,0.0,0.0,0.0,0.0,102.0,grass,9301.0,338.0,303.0,0.0,2270.0,123.0,0.0
fire_01890,Albers Fire,2024-06-07,2024,6,37.904572,-121.765839,22.8,3.169685580677429,C,Small,90.07571428571433,60.915714285714344,1.93,4.742857142857142,29.585714285714285,0.0,53.42857142857143,47.85714285714285,10.014285714285714,13.09333333333333,106.72409,1.0,-0.0697564737441253,0.9975640502598242,-1,,0.0,0.0,0.0,0.0,0.0,102.0,grass,9301.0,338.0,304.0,0.0,2270.0,123.0,0.0
fire_01891,Garlock Fire,2024-06-07,2024,6,36.991558,-119.514348,54.0,4.007333185232471,C,Small,92.57000000000016,60.83857142857158,2.0557142857142856,3.614285714285714,30.071428571428573,0.0,59.142857142857146,49.85714285714285,10.042857142857144,11.716666666666669,325.6052,7.0,-0.156434465040231,-0.9876883405951375,-1,,0.0,0.0,0.0,0.0,0.0,91.0,nonburnable_or_other,7299.0,25.0,25.0,0.0,2905.0,25.0,0.0
fire_01892,Morgan Fire,2024-06-07,2024,6,33.487833,-117.052745,14.4,2.734367509419584,C,Small,77.52714285714286,54.77000000000006,0.8228571428571428,3.4428571428571426,42.58571428571429,0.4,40.285714285714285,35.0,13.914285714285713,15.28,380.4672,3.0,0.9945218953682732,0.1045284632676534,-1,,0.0,0.0,0.0,0.0,0.0,91.0,nonburnable_or_other,7298.0,24.0,24.0,0.0,2904.0,24.0,0.0
fire_01893,Poleline Fire,2024-06-07,2024,6,36.928296,-120.834941,30.0,3.4339872044851463,C,Small,91.87571428571422,62.150000000000105,2.087142857142857,4.9,26.800000000000004,0.0,54.285714285714285,53.71428571428572,10.214285714285714,13.413333333333332,103.04867,9.0,0.4539904997395468,0.8910065241883678,-1,,0.0,0.0,0.0,0.0,0.0,102.0,grass,7980.0,127.0,105.0,25.0,2960.0,102.0,1.0
fire_01894,Koala Fire,2024-06-07,2024,6,34.520882,-117.451094,25.0,3.258096538021482,C,Small,94.44714285714302,60.11857142857152,2.7271428571428573,5.114285714285714,14.042857142857144,0.0,83.28571428571429,82.0,6.171428571428572,7.820000000000001,951.93774,2.0,0.898794046299167,0.4383711467890774,-1,,0.0,0.0,0.0,0.0,0.0,141.0,shrub,7087.0,210.0,204.0,0.0,2087.0,111.0,0.0
fire_01895,Springs Fire,2024-06-07,2024,6,41.474683,-122.520453,11.0,2.4849066497880004,C,Small,80.99857142857147,51.96714285714288,1.39,3.3285714285714287,31.300000000000004,0.0,52.142857142857146,38.285714285714285,9.87142857142857,13.453333333333337,1278.6437,23.0,0.6018150231520484,0.7986355100472928,-1,,0.0,0.0,0.0,0.0,0.0,99.0,nonburnable_or_other,9110.0,100.0,100.0,0.0,2002.0,100.0,0.0
fire_01896,Greenville Fire,2024-06-08,2024,6,37.72154,-121.702293,44.0,3.80666248977032,C,Small,82.82428571428568,57.0071428571429,1.3442857142857143,4.242857142857143,37.68571428571429,0.0,44.85714285714285,39.57142857142857,12.27142857142857,14.320000000000002,199.22374,4.0,-0.2079116908177598,-0.9781476007338056,-1,,0.0,0.0,0.0,0.0,0.0,101.0,grass,7913.0,16.0,16.0,0.0,2916.0,16.0,0.0
fire_01897,Cody Fire,2024-06-08,2024,6,35.64995,-119.031458,1260.0,7.13966033596492,F,Large,92.13285714285732,69.42714285714285,2.454285714285714,4.828571428571428,26.657142857142865,0.0,71.71428571428571,67.85714285714286,7.185714285714285,10.343333333333332,294.64865,2.0,0.3746065934159119,-0.9271838545667874,-1,,0.0,0.0,0.0,0.0,0.0,102.0,grass,7129.0,342.0,304.0,0.0,2129.0,124.0,0.0
fire_01898,Aquaduct 2 Fire,2024-06-08,2024,6,32.84445,-117.08492,110.0,4.709530201312334,D,Medium,71.35571428571426,58.11285714285716,0.4942857142857143,2.771428571428572,58.7,0.3,32.57142857142857,26.714285714285715,15.542857142857144,16.49,154.69913,5.0,0.0523359562429439,-0.9986295347545738,-1,,0.0,0.0,0.0,0.0,0.0,122.0,grass_shrub,7092.0,230.0,210.0,0.0,2092.0,113.0,0.0
fire_01899,Rock Fire,2024-06-08,2024,6,35.774138,-120.772339,50.0,3.9318256327243257,C,Small,89.4071428571428,51.81285714285726,1.5614285714285716,3.828571428571428,29.24285714285714,0.0,43.285714285714285,41.57142857142857,13.6,15.249999999999998,230.0559,1.0,0.3583679495453004,-0.9335804264972016,-1,,0.0,0.0,0.0,0.0,0.0,102.0,grass,9301.0,325.0,304.0,0.0,2270.0,123.0,0.0
fire_01900,Creek Fire,2024-06-09,2024,6,35.346667,-118.386667,50.0,3.9318256327243257,C,Small,84.49571428571429,61.43000000000004,1.6857142857142862,4.857142857142857,27.65714285714285,0.0,66.57142857142857,63.57142857142857,8.714285714285715,10.31,1066.9293,8.0,-0.9135454576426008,0.4067366430758004,-1,,0.0,0.0,0.0,0.0,0.0,144.0,shrub,7105.0,218.0,214.0,0.0,2105.0,111.0,0.0
fire_01901,John Fire,2024-06-09,2024,6,38.00994,-121.91945,55.0,4.02535169073515,C,Small,84.2642857142857,60.992857142857204,1.472857142857143,5.285714285714286,37.08571428571429,0.0,54.57142857142857,52.0,10.228571428571428,12.28,90.93557,6.0,0.766044443118978,0.6427876096865393,-1,,0.0,0.0,0.0,0.0,0.0,91.0,nonburnable_or_other,7299.0,25.0,25.0,0.0,2905.0,25.0,0.0
fire_01902,Forest Fire,2024-06-09,2024,6,34.51346,-117.785551,41.1,3.740047740688336,C,Small,94.70428571428562,65.2357142857143,2.83,4.971428571428571,16.271428571428576,0.0,83.85714285714286,80.85714285714286,5.871428571428572,7.776666666666668,979.0499,4.0,0.9998476951563912,0.0174524064372835,-1,,0.0,0.0,0.0,0.0,0.0,122.0,grass_shrub,7082.0,214.0,205.0,0.0,2082.0,111.0,0.0
fire_01903,Rawson Fire,2024-06-10,2024,6,40.111484,-122.232365,24.9,3.254242968705492,C,Small,94.2928571428571,66.98428571428576,2.301428571428571,3.985714285714286,29.657142857142865,0.0,62.71428571428572,50.142857142857146,8.042857142857143,11.786666666666664,97.48935,0.0,-0.0523359562429438,0.9986295347545738,-1,,0.0,0.0,0.0,0.0,0.0,122.0,grass_shrub,7662.0,331.0,304.0,0.0,2662.0,123.0,0.0
fire_01904,Spenceville Fire,2024-06-10,2024,6,39.133016,-121.309465,23.0,3.1780538303479458,C,Small,92.1071428571429,64.41285714285716,1.9928571428571429,2.757142857142857,32.785714285714285,0.0,57.57142857142857,43.285714285714285,9.542857142857144,12.486666666666666,107.39108,1.0,-0.9998476951563912,0.0174524064372834,-1,,0.0,0.0,0.0,0.0,0.0,122.0,grass_shrub,7662.0,355.0,303.0,0.0,2662.0,125.0,0.0
fire_01905,Acorn Fire,2024-06-10,2024,6,38.1179241,-120.79181,15.0,2.772588722239781,C,Small,91.90142857142874,61.6357142857143,1.921428571428572,2.885714285714286,31.34285714285713,1.6999999999999995,45.71428571428572,32.0,11.228571428571428,15.076666666666664,255.28073,2.0,0.9975640502598242,-0.0697564737441256,-1,,0.0,0.0,0.0,0.0,0.0,98.0,nonburnable_or_other,7292.0,11.0,11.0,0.0,11.0,11.0,0.0
fire_01906,Cod Fire,2024-06-10,2024,6,41.900664,-122.444022,28.0,3.367295829986474,C,Small,86.34714285714303,57.2642857142857,1.65,3.242857142857143,31.02857142857143,1.4,55.0,34.57142857142857,9.142857142857142,12.226666666666665,823.6734,5.0,-0.5000000000000004,-0.8660254037844385,-1,,0.0,0.0,0.0,0.0,0.0,91.0,nonburnable_or_other,7299.0,25.0,25.0,0.0,2905.0,25.0,0.0
fire_01907,Flynn Fire,2024-06-11,2024,6,37.719182,-121.660326,23.0,3.1780538303479458,C,Small,87.78714285714304,59.552857142857285,1.73,3.942857142857143,30.51428571428572,0.0,51.42857142857143,42.142857142857146,11.014285714285716,12.853333333333335,340.839,4.0,0.9986295347545738,0.0523359562429438,-1,,0.0,0.0,0.0,0.0,0.0,91.0,nonburnable_or_other,7299.0,25.0,25.0,0.0,2905.0,25.0,0.0
fire_01908,Jellys Fire,2024-06-11,2024,6,40.354308,-122.172379,17.0,2.8903717578961645,C,Small,97.27571428571432,64.41285714285716,2.5000000000000004,3.2,26.085714285714285,0.0,60.85714285714285,44.285714285714285,8.542857142857143,12.416666666666668,116.954704,3.0,0.8290375725550418,-0.5591929034707466,-1,,0.0,0.0,0.0,0.0,0.0,98.0,nonburnable_or_other,7292.0,11.0,11.0,0.0,11.0,11.0,0.0
fire_01909,Stoddard 3 Fire,2024-06-11,2024,6,34.72209,-117.16739,472.0,6.159095388491933,E,Medium,97.32714285714286,64.25857142857144,3.051428571428571,4.3,13.242857142857144,0.0,85.42857142857143,77.14285714285714,5.914285714285714,7.386666666666666,996.9249,9.0,0.9702957262759964,0.2419218955996677,-1,,0.0,0.0,0.0,0.0,0.0,142.0,shrub,7087.0,217.0,205.0,0.0,2087.0,111.0,0.0
fire_01910,Carmen Fire,2024-06-11,2024,6,33.91768,-116.75466,64.3,4.178992036282385,C,Small,88.73857142857138,60.94142857142866,2.021428571428572,4.785714285714286,23.58571428571429,0.0,68.71428571428571,65.71428571428571,8.700000000000001,9.416666666666666,499.21814,4.0,-0.90630778703665,0.4226182617406995,-1,,0.0,0.0,0.0,0.0,0.0,122.0,grass_shrub,7092.0,220.0,206.0,0.0,2092.0,112.0,0.0
fire_01911,Travel Fire,2024-06-11,2024,6,36.074598,-120.102025,10.0,2.3978952727983707,C,Small,95.63000000000004,66.31571428571445,2.612857142857142,3.242857142857144,22.285714285714285,0.0,70.42857142857143,56.57142857142857,7.685714285714285,10.43,158.63182,3.0,0.5299192642332049,0.8480480961564261,-1,,0.0,0.0,0.0,0.0,0.0,102.0,grass,7986.0,321.0,302.0,0.0,2966.0,122.0,0.0
fire_01912,Lincoln Fire,2024-06-11,2024,6,34.65729,-118.09927,17.0,2.8903717578961645,C,Small,92.90428571428582,62.07285714285714,2.48,5.457142857142857,18.557142857142857,0.0,78.28571428571429,79.71428571428571,6.92857142857143,8.32,755.4105,1.0,0.5591929034707468,0.8290375725550417,-1,,0.0,0.0,0.0,0.0,0.0,122.0,grass_shrub,7082.0,219.0,208.0,0.0,2082.0,111.0,0.0
fire_01913,Hinkley Fire,2024-06-11,2024,6,34.89273,-117.188996,126.0,4.844187086458591,D,Medium,102.54714285714282,67.96142857142863,3.7857142857142856,4.528571428571429,10.171428571428573,0.0,93.28571428571428,85.85714285714286,4.914285714285714,6.153333333333334,691.8074,1.0,0.7986355100472928,0.6018150231520483,-1,,0.0,0.0,0.0,0.0,0.0,141.0,shrub,7087.0,211.0,203.0,0.0,2087.0,111.0,0.0
fire_01914,Oil Fire,2024-06-11,2024,6,35.506667,-119.071667,214.0,5.3706380281276624,D,Medium,95.27000000000017,70.48142857142858,2.734285714285714,4.128571428571428,23.31428571428572,0.0,74.0,65.28571428571429,7.142857142857144,9.699999999999998,220.59663,2.0,-0.156434465040231,-0.9876883405951375,-1,,0.0,0.0,0.0,0.0,0.0,102.0,grass,9301.0,334.0,302.0,0.0,2270.0,123.0,0.0
fire_01915,Bear Fire,2024-06-12,2024,6,35.293114,-119.953932,1404.0,7.247792581767846,F,Large,91.90142857142864,49.78142857142858,1.7728571428571431,4.385714285714285,24.91428571428571,0.0,41.42857142857143,40.71428571428572,13.814285714285717,15.51,590.9743,0.0,-0.898794046299167,0.4383711467890773,-1,,0.0,0.0,0.0,0.0,0.0,102.0,grass,9301.0,330.0,303.0,0.0,2270.0,111.0,0.0
fire_01916,Grant Fire,2024-06-12,2024,6,38.59179,-121.17954,119.0,4.787491742782046,D,Medium,94.73000000000005,60.32428571428568,2.0585714285714287,3.1142857142857143,28.58571428571429,0.0,52.85714285714285,42.71428571428572,11.328571428571427,12.896666666666665,81.55163,1.0,0.2588190451025203,-0.9659258262890684,-1,,0.0,0.0,0.0,0.0,0.0,102.0,grass,9301.0,353.0,303.0,0.0,2270.0,125.0,0.0
fire_01917,Llano Fire,2024-06-12,2024,6,34.498542,-117.686469,30.0,3.4339872044851463,C,Small,94.34428571428575,65.21000000000008,2.897142857142857,4.914285714285714,14.757142857142856,0.0,85.28571428571429,81.71428571428571,5.671428571428572,7.416666666666667,1031.5765,3.0,0.9781476007338056,0.2079116908177593,-1,,0.0,0.0,0.0,0.0,0.0,101.0,grass,7087.0,210.0,204.0,0.0,2087.0,111.0,0.0
fire_01918,Johnson Fire,2024-06-13,2024,6,38.177683,-121.033739,19.5,3.0204248861443626,C,Small,93.08428571428587,59.62999999999994,1.9900000000000004,2.528571428571429,28.04285714285714,0.0,50.0,37.285714285714285,11.657142857142857,13.776666666666666,73.03676,1.0,0.9743700647852352,-0.2249510543438653,-1,,0.0,0.0,0.0,0.0,0.0,91.0,nonburnable_or_other,7296.0,22.0,22.0,0.0,2902.0,22.0,0.0
fire_01919,Peterson Fire,2024-06-13,2024,6,39.879737,-120.028888,21.9,3.131136910560194,C,Small,88.45571428571446,57.418571428571525,2.165714285714286,3.128571428571429,17.914285714285715,3.8,70.28571428571429,55.71428571428572,7.5,10.263333333333332,1391.3585,1.0,-0.7986355100472928,-0.6018150231520484,-1,,0.0,0.0,0.0,0.0,0.0,102.0,grass,9309.0,340.0,302.0,0.0,2274.0,124.0,0.0
fire_01920,5 Fire,2024-06-14,2024,6,35.50256,-119.53449,30.0,3.4339872044851463,C,Small,96.06714285714288,66.47000000000006,2.7342857142857144,3.0142857142857147,20.014285714285712,0.0,72.42857142857143,56.0,7.228571428571429,10.166666666666666,85.119545,1.0,-0.5591929034707466,-0.8290375725550418,-1,,0.0,0.0,0.0,0.0,0.0,102.0,grass,7987.0,320.0,303.0,0.0,2967.0,122.0,0.0
fire_01921,Felipe Fire,2024-06-15,2024,6,37.28197,-121.73844,19.1,3.0007198150650303,C,Small,79.45571428571415,52.19857142857146,1.0914285714285714,4.257142857142857,34.357142857142854,0.0,42.142857142857146,40.57142857142857,13.314285714285711,15.010000000000002,218.13057,8.0,0.2588190451025203,-0.9659258262890684,-1,,0.0,0.0,0.0,0.0,0.0,91.0,nonburnable_or_other,7296.0,22.0,22.0,0.0,2902.0,22.0,0.0
fire_01922,Post Fire,2024-06-15,2024,6,34.79208,-118.8521,15563.1,9.65272225916733,G,Extreme,80.17571428571432,57.21285714285726,1.741428571428571,4.257142857142857,20.61428571428572,0.0,73.28571428571429,65.42857142857143,7.042857142857143,9.673333333333334,1194.8835,8.0,-0.9993908270190958,-0.0348994967025009,-1,,0.0,0.0,0.0,0.0,0.0,91.0,nonburnable_or_other,7299.0,25.0,25.0,0.0,2905.0,25.0,0.0
fire_01923,Junes Fire,2024-06-15,2024,6,39.369439,-121.518592,1056.0,6.963189985870238,F,Large,93.28999999999992,62.48428571428576,1.9428571428571428,2.4,32.44285714285714,0.0,54.71428571428572,38.0,10.642857142857142,12.48,40.24668,1.0,-0.1045284632676533,-0.9945218953682734,-1,,0.0,0.0,0.0,0.0,0.0,122.0,grass_shrub,7662.0,342.0,304.0,0.0,2662.0,124.0,0.0
fire_01924,Hernandez Fire,2024-06-15,2024,6,36.400976,-120.986676,642.0,6.466144724237619,E,Medium,84.16142857142852,48.3928571428572,1.4500000000000004,4.028571428571429,26.52857142857143,0.0,45.85714285714285,44.85714285714285,13.028571428571428,14.403333333333334,528.75934,7.0,-0.5877852522924732,-0.8090169943749473,-1,,0.0,0.0,0.0,0.0,0.0,144.0,shrub,7105.0,231.0,218.0,0.0,2105.0,113.0,0.0
fire_01925,Rocky Fire,2024-06-15,2024,6,39.548761,-121.355159,17.7,2.928523523860541,C,Small,87.01571428571434,62.0214285714286,1.6885714285714286,2.4571428571428577,35.471428571428575,0.0,59.71428571428572,42.57142857142857,8.914285714285715,12.103333333333332,359.3565,10.0,-0.7986355100472928,-0.6018150231520484,-1,,0.0,0.0,0.0,0.0,0.0,182.0,timber_litter,7105.0,231.0,218.0,0.0,2030.0,104.0,0.0
fire_01926,Sioux Fire,2024-06-15,2024,6,37.207647,-119.673538,15.0,2.772588722239781,C,Small,89.12428571428568,67.13857142857138,1.92,2.371428571428571,33.07142857142857,0.0,59.57142857142857,41.85714285714285,8.814285714285715,11.893333333333334,690.346,2.0,0.8090169943749473,-0.5877852522924734,-1,,0.0,0.0,0.0,0.0,0.0,91.0,nonburnable_or_other,7299.0,25.0,25.0,0.0,2905.0,25.0,0.0
fire_01927,West Fire,2024-06-15,2024,6,34.73279,-118.29017,300.0,5.707110264748875,E,Medium,93.36714285714288,64.54142857142855,2.7871428571428574,5.6000000000000005,14.928571428571429,0.0,83.0,85.42857142857143,6.085714285714286,7.879999999999999,740.2188,1.0,0.2419218955996676,0.9702957262759964,-1,,0.0,0.0,0.0,0.0,0.0,122.0,grass_shrub,9810.0,339.0,303.0,0.0,2275.0,123.0,0.0
fire_01928,Hesperia Fire,2024-06-15,2024,6,34.30769,-117.28811,1078.0,6.983789965258135,F,Large,85.73000000000005,53.94714285714282,1.8871428571428568,3.4285714285714293,19.571428571428573,0.0,65.0,53.57142857142857,8.77142857142857,10.843333333333332,995.11835,7.0,0.9781476007338056,-0.2079116908177598,-1,,0.0,0.0,0.0,0.0,0.0,142.0,shrub,9810.0,335.0,303.0,0.0,2275.0,123.0,0.0
fire_01929,Excelsior Fire,2024-06-16,2024,6,38.52658,-121.28408,877.0,6.777646593635117,E,Medium,92.80142857142864,56.67285714285714,2.06,3.5,24.11428571428571,0.0,53.0,45.42857142857143,11.414285714285713,12.660000000000002,36.73847,1.0,0.6427876096865393,-0.7660444431189781,-1,,0.0,0.0,0.0,0.0,0.0,122.0,grass_shrub,9337.0,219.0,211.0,0.0,2270.0,111.0,0.0
fire_01930,Lisa Fire,2024-06-16,2024,6,33.943389,-117.06443,890.0,6.792344427470809,E,Medium,86.08999999999992,55.28428571428576,1.6542857142857144,2.8428571428571425,23.942857142857147,0.0,48.57142857142857,38.285714285714285,12.07142857142857,13.626666666666663,713.5411,1.0,-0.9993908270190958,0.0348994967025011,-1,,0.0,0.0,0.0,0.0,0.0,122.0,grass_shrub,7092.0,227.0,218.0,0.0,2092.0,112.0,0.0
fire_01931,Point Fire,2024-06-16,2024,6,38.705475,-123.012253,1207.0,7.0967213784947605,F,Large,86.14142857142856,50.9642857142858,1.6857142857142855,8.0,25.72857142857143,0.3,50.285714285714285,60.142857142857146,10.94285714285714,14.156666666666666,230.15483,7.0,0.9975640502598242,0.0697564737441253,-1,,0.0,0.0,0.0,0.0,0.0,145.0,shrub,7105.0,,222.0,0.0,2105.0,115.0,0.0
fire_01932,Inkopah 5 Fire,2024-06-16,2024,6,32.655183,-116.099983,30.0,3.4339872044851463,C,Small,91.07857142857151,60.83857142857138,2.5085714285714285,2.9285714285714284,16.857142857142858,0.0,72.57142857142857,56.142857142857146,7.500000000000001,9.6,915.80896,12.0,0.6427876096865394,0.766044443118978,-1,,0.0,0.0,0.0,0.0,0.0,122.0,grass_shrub,7092.0,219.0,208.0,0.0,2092.0,111.0,0.0
fire_01933,Summit Fire,2024-06-16,2024,6,34.369667,-117.335667,12.5,2.602689685444384,C,Small,84.36714285714288,56.15857142857144,1.9242857142857144,3.671428571428572,18.728571428571428,0.0,68.57142857142857,58.57142857142857,8.042857142857143,10.2,1066.4546,3.0,-0.6156614753256583,0.788010753606722,-1,,0.0,0.0,0.0,0.0,0.0,91.0,nonburnable_or_other,7296.0,22.0,22.0,0.0,2902.0,22.0,0.0
fire_01934,Elgin Fire,2024-06-16,2024,6,37.097775,-120.635371,86.0,4.465908118654584,C,Small,92.00428571428583,59.21857142857142,1.967142857142857,3.857142857142857,25.42857142857144,0.0,48.42857142857143,44.142857142857146,12.242857142857144,13.666666666666668,30.867151,0.0,0.913545457642601,-0.4067366430758001,-1,,0.0,0.0,0.0,0.0,0.0,93.0,nonburnable_or_other,7984.0,64.0,64.0,0.0,2964.0,64.0,0.0
fire_01935,Max Fire,2024-06-16,2024,6,34.67529,-118.27108,516.0,6.248042874508429,E,Medium,94.1642857142858,65.51857142857152,2.931428571428572,4.871428571428572,13.2,0.0,84.28571428571429,80.85714285714286,5.842857142857142,7.723333333333333,733.1313,2.0,0.6018150231520484,0.7986355100472928,-1,,0.0,0.0,0.0,0.0,0.0,101.0,grass,7913.0,16.0,16.0,0.0,2916.0,16.0,0.0
fire_01936,Hidden Fire,2024-06-16,2024,6,40.72052,-122.23967,45.0,3.828641396489095,C,Small,92.59571428571438,63.97571428571432,2.45,2.957142857142857,24.928571428571427,0.0,70.14285714285714,53.42857142857143,7.028571428571429,10.806666666666668,325.76913,7.0,-0.9271838545667872,0.3746065934159122,-1,,0.0,0.0,0.0,0.0,0.0,186.0,timber_litter,7264.0,142.0,119.0,45.0,2264.0,104.0,1.0
fire_01937,62 Fire,2024-06-16,2024,6,33.984079,-116.583039,12.8,2.624668592163159,C,Small,94.83285714285712,71.68999999999991,3.3657142857142857,4.285714285714287,10.87142857142857,0.0,89.71428571428571,80.57142857142857,4.985714285714287,6.890000000000001,487.5632,4.0,-0.7880107536067219,0.6156614753256584,-1,,0.0,0.0,0.0,0.0,0.0,142.0,shrub,7087.0,219.0,208.0,0.0,2087.0,111.0,0.0
fire_01938,Tuscany Fire,2024-06-17,2024,6,33.847642,-116.569117,126.0,4.844187086458591,D,Medium,103.96142857142863,73.38714285714305,4.227142857142857,4.314285714285715,9.3,0.0,93.0,84.14285714285714,4.685714285714285,6.106666666666667,346.9878,16.0,0.0523359562429439,0.9986295347545738,-1,,0.0,0.0,0.0,0.0,0.0,142.0,shrub,7087.0,219.0,208.0,0.0,2087.0,111.0,0.0
fire_01939,Slough Fire,2024-06-17,2024,6,36.996139,-120.383187,33.0,3.5263605246161616,C,Small,92.82714285714296,60.17000000000006,2.171428571428572,4.942857142857143,22.31428571428572,0.0,55.57142857142857,58.142857142857146,10.72857142857143,12.45,42.877884,0.0,0.1045284632676529,-0.9945218953682734,-1,,0.0,0.0,0.0,0.0,0.0,91.0,nonburnable_or_other,7299.0,25.0,25.0,0.0,2905.0,25.0,0.0
fire_01940,Railroad Fire,2024-06-17,2024,6,37.010829,-120.056215,13.0,2.6390573296152584,C,Small,94.88428571428577,61.17285714285714,2.337142857142857,4.057142857142857,21.942857142857143,0.0,56.57142857142857,53.85714285714285,10.3,12.84,88.77206,0.0,-0.0174524064372834,-0.9998476951563912,-1,,0.0,0.0,0.0,0.0,0.0,102.0,grass,7986.0,333.0,303.0,0.0,2966.0,123.0,0.0
fire_01941,Sites Fire,2024-06-17,2024,6,39.31646,-122.46934,19195.0,9.862457202978137,G,Extreme,89.71571428571444,66.34142857142857,2.322857142857143,2.742857142857143,23.142857142857142,0.0,67.57142857142857,44.85714285714285,7.271428571428571,10.58,416.14246,1.0,0.4067366430757997,-0.9135454576426012,-1,,0.0,0.0,0.0,0.0,0.0,145.0,shrub,7105.0,254.0,219.0,0.0,2105.0,115.0,0.0
fire_01942,Stage Fire,2024-06-17,2024,6,35.942249,-118.946399,81.2,4.409155302062135,C,Small,92.77571428571432,69.45285714285718,2.7328571428571427,3.514285714285714,20.042857142857144,0.0,77.71428571428571,63.85714285714285,6.285714285714287,8.986666666666668,232.06519,6.0,-0.1391731009600658,-0.9902680687415704,-1,,0.0,0.0,0.0,0.0,0.0,102.0,grass,7980.0,127.0,114.0,25.0,2960.0,102.0,1.0
fire_01943,Coast Fire,2024-06-17,2024,6,36.311477,-121.855352,15.0,2.772588722239781,C,Small,64.92714285714297,52.070000000000064,0.6971428571428572,6.957142857142857,49.67142857142858,0.0,45.85714285714285,53.285714285714285,11.614285714285714,14.303333333333333,215.31175,4.0,0.4848096202463373,-0.8746197071393956,-1,,0.0,0.0,0.0,0.0,0.0,102.0,grass,9301.0,340.0,303.0,0.0,2131.0,124.0,0.0
fire_01944,Douglas Fire,2024-06-17,2024,6,38.54166,-121.24438,400.0,5.993961427306569,E,Medium,93.11000000000008,56.59571428571438,2.148571428571429,3.5714285714285707,22.357142857142858,0.0,54.0,46.71428571428572,11.028571428571428,12.643333333333334,49.482998,0.0,-0.0871557427476582,-0.9961946980917455,-1,,0.0,0.0,0.0,0.0,0.0,101.0,grass,7662.0,355.0,303.0,0.0,2662.0,124.0,0.0
fire_01945,Aero Fire,2024-06-17,2024,6,38.031684,-120.684174,5351.0,8.585225601808064,G,Extreme,88.68714285714304,61.14714285714282,1.9428571428571428,3.099999999999999,25.714285714285715,1.2,58.285714285714285,46.42857142857143,8.957142857142857,12.803333333333336,410.215,8.0,0.0174524064372831,-0.9998476951563912,-1,,0.0,0.0,0.0,0.0,0.0,102.0,grass,9301.0,351.0,303.0,0.0,2270.0,125.0,0.0
fire_01946,Ingomar Fire,2024-06-17,2024,6,37.15858,-120.968478,12.0,2.5649493574615367,C,Small,92.67285714285714,57.624285714285676,2.084285714285714,3.871428571428571,22.84285714285713,0.0,49.0,44.285714285714285,11.885714285714286,13.94,28.471516,0.0,0.6293203910498375,0.7771459614569709,-1,,0.0,0.0,0.0,0.0,0.0,103.0,grass,9829.0,356.0,304.0,0.0,2280.0,125.0,0.0
fire_01947,Spring Fire,2024-06-18,2024,6,37.843349,-120.50804,51.3,3.956996371070877,C,Small,88.71285714285716,60.42714285714286,2.1028571428571428,4.385714285714285,22.228571428571424,0.0,63.71428571428572,59.142857142857146,8.085714285714285,11.823333333333332,335.07935,4.0,-0.0348994967025007,-0.9993908270190958,-1,,0.0,0.0,0.0,0.0,0.0,102.0,grass,9301.0,348.0,303.0,0.0,2270.0,124.0,0.0
fire_01948,Sky Fire,2024-06-19,2024,6,35.32752,-119.462711,528.0,6.270988431858299,E,Medium,90.77000000000017,61.8928571428572,2.5985714285714283,3.971428571428572,14.9,0.0,81.42857142857143,71.0,5.871428571428572,8.506666666666668,162.65839,5.0,0.7880107536067219,0.6156614753256583,-1,,0.0,0.0,0.0,0.0,0.0,122.0,grass_shrub,9337.0,218.0,211.0,0.0,2270.0,111.0,0.0
fire_01949,Scotts Fire,2024-06-19,2024,6,39.118221,-122.984408,38.0,3.6635616461296463,C,Small,79.91857142857152,55.2071428571429,1.6614285714285713,8.17142857142857,23.77142857142857,0.0,65.71428571428571,73.71428571428571,6.957142857142857,11.313333333333333,480.132,12.0,0.2419218955996676,0.9702957262759964,-1,,0.0,0.0,0.0,0.0,0.0,102.0,grass,7029.0,139.0,111.0,45.0,2029.0,104.0,1.0
fire_01950,Daytona Fire,2024-06-19,2024,6,35.382,-118.878444,123.0,4.820281565605037,D,Medium,93.72714285714287,69.96714285714299,3.011428571428571,4.7,15.314285714285717,0.0,84.57142857142857,79.57142857142857,5.414285714285714,7.856666666666666,210.0682,2.0,-0.6293203910498378,-0.7771459614569706,-1,,0.0,0.0,0.0,0.0,0.0,91.0,nonburnable_or_other,7297.0,23.0,23.0,0.0,2903.0,23.0,0.0
fire_01951,Vista Fire,2024-06-19,2024,6,36.960029,-120.653749,25.0,3.258096538021482,C,Small,90.12714285714296,56.85285714285718,2.1942857142857144,5.5857142857142845,17.942857142857143,0.0,60.0,64.57142857142857,8.9,12.423333333333328,34.59837,0.0,0.9271838545667872,-0.3746065934159123,-1,,0.0,0.0,0.0,0.0,0.0,91.0,nonburnable_or_other,7299.0,25.0,25.0,0.0,2905.0,25.0,0.0
fire_01952,Side Fire,2024-06-19,2024,6,36.016118,-118.828001,137.0,4.927253685157205,D,Medium,85.6785714285714,64.92714285714285,2.264285714285714,3.7142857142857135,20.414285714285715,0.0,79.71428571428571,66.42857142857143,5.857142857142857,8.646666666666667,326.11145,9.0,0.9993908270190958,0.0348994967025009,-1,,0.0,0.0,0.0,0.0,0.0,122.0,grass_shrub,9829.0,339.0,303.0,0.0,2280.0,123.0,0.0
fire_01953,Kirk Fire,2024-06-20,2024,6,38.220139,-122.234173,20.0,3.044522437723423,C,Small,75.41857142857143,48.650000000000105,1.0699999999999998,4.928571428571429,34.3,0.0,42.285714285714285,42.71428571428572,12.3,15.843333333333334,48.298637,3.0,-0.2588190451025206,-0.9659258262890684,-1,,0.0,0.0,0.0,0.0,0.0,93.0,nonburnable_or_other,7961.0,61.0,61.0,0.0,2961.0,61.0,0.0
fire_01954,Double Fire,2024-06-20,2024,6,39.458459,-121.303342,12.5,2.602689685444384,C,Small,79.8928571428571,52.070000000000064,1.52,3.114285714285714,26.414285714285715,0.0,63.285714285714285,49.71428571428572,7.871428571428572,12.159999999999997,562.8149,5.0,-0.9743700647852352,-0.2249510543438649,-1,,0.0,0.0,0.0,0.0,0.0,165.0,timber_understory,7030.0,153.0,126.0,55.0,2030.0,105.0,1.0
fire_01955,Pfe Fire,2024-06-20,2024,6,38.728881,-121.392475,15.0,2.772588722239781,C,Small,89.81857142857152,56.00428571428572,2.224285714285714,3.4285714285714293,17.47142857142857,0.0,65.57142857142857,55.0,8.085714285714285,11.226666666666668,26.770794,0.0,0.1564344650402306,-0.9876883405951378,-1,,0.0,0.0,0.0,0.0,0.0,188.0,timber_litter,7151.0,151.0,114.0,55.0,2151.0,105.0,1.0
fire_01956,Basalt Fire,2024-06-21,2024,6,37.060845,-121.057483,58.0,4.07753744390572,C,Small,87.9928571428572,58.6785714285714,2.252857142857143,4.671428571428571,15.585714285714287,0.0,61.85714285714285,56.71428571428572,7.771428571428571,12.313333333333334,86.50806,3.0,0.9743700647852352,0.224951054343865,-1,,0.0,0.0,0.0,0.0,0.0,98.0,nonburnable_or_other,7292.0,11.0,11.0,0.0,11.0,11.0,0.0
fire_01957,Gulch Fire,2024-06-21,2024,6,37.313117,-119.791537,11.0,2.4849066497880004,C,Small,85.96142857142863,59.50142857142864,2.0242857142857145,3.142857142857143,21.085714285714285,0.5,70.71428571428571,55.42857142857143,6.871428571428571,10.473333333333333,629.73584,7.0,-0.7313537016191706,-0.6819983600624984,-1,,0.0,0.0,0.0,0.0,0.0,102.0,grass,9301.0,357.0,303.0,0.0,2270.0,125.0,0.0
fire_01958,Water Fire,2024-06-21,2024,6,35.60366,-119.96709,543.0,6.298949246855942,E,Medium,89.12428571428578,58.26714285714288,2.472857142857143,4.028571428571428,12.371428571428572,0.0,77.42857142857143,68.85714285714286,5.9,9.913333333333334,276.06927,3.0,0.7771459614569709,0.6293203910498374,-1,,0.0,0.0,0.0,0.0,0.0,99.0,nonburnable_or_other,9062.0,31.0,31.0,0.0,31.0,31.0,0.0
fire_01959,Jolon Fire,2024-06-21,2024,6,35.87405,-120.835545,10.2,2.4159137783010487,C,Small,88.12142857142871,47.59571428571438,2.07,4.485714285714286,12.685714285714283,0.0,55.71428571428572,54.142857142857146,8.942857142857143,14.153333333333334,170.77753,3.0,-0.2923717047227366,0.9563047559630355,-1,,0.0,0.0,0.0,0.0,0.0,102.0,grass,9301.0,340.0,304.0,0.0,2270.0,124.0,0.0
fire_01960,Willow Fire,2024-06-22,2024,6,37.154953,-119.91267,213.0,5.365976015021851,D,Medium,90.20428571428562,57.3928571428572,2.357142857142857,4.485714285714285,16.314285714285717,0.7,71.42857142857143,66.42857142857143,6.657142857142858,10.676666666666666,225.7921,1.0,-0.90630778703665,-0.4226182617406993,-1,,0.0,0.0,0.0,0.0,0.0,102.0,grass,9301.0,349.0,304.0,0.0,2270.0,124.0,0.0
fire_01961,Border 58 Fire,2024-06-22,2024,6,32.58748,-116.894511,137.0,4.927253685157205,D,Medium,75.7785714285714,62.35571428571426,0.8771428571428571,3.157142857142857,49.72857142857142,0.0,42.42857142857143,36.285714285714285,12.214285714285714,15.923333333333334,311.3535,9.0,-0.3255681544571566,-0.9455185755993168,-1,,0.0,0.0,0.0,0.0,0.0,122.0,grass_shrub,7092.0,227.0,221.0,0.0,2092.0,112.0,0.0
fire_01962,Watts Fire,2024-06-22,2024,6,36.91237,-119.419517,90.0,4.51085950651685,C,Small,86.03857142857137,64.23285714285723,2.26,4.142857142857142,21.142857142857142,0.0,75.42857142857143,66.14285714285714,6.057142857142857,9.843333333333334,535.503,7.0,-0.3746065934159123,-0.9271838545667872,-1,,0.0,0.0,0.0,0.0,0.0,102.0,grass,9301.0,335.0,304.0,0.0,2270.0,123.0,0.0
fire_01963,Needles Fire,2024-06-22,2024,6,34.85092,-114.61131,70.0,4.262679877041316,C,Small,106.71285714285716,66.11000000000008,4.381428571428571,4.242857142857142,8.428571428571429,0.0,102.85714285714286,91.71428571428572,3.714285714285715,4.476666666666666,144.83524,1.0,0.6018150231520484,0.7986355100472928,-1,,0.0,0.0,0.0,0.0,0.0,122.0,grass_shrub,7933.0,223.0,205.0,0.0,2912.0,112.0,0.0
fire_01964,Valley Fire,2024-06-22,2024,6,36.274399,-119.090599,2.0,1.0986122886681098,B,Small,90.1785714285715,59.5785714285715,2.501428571428572,3.9142857142857146,15.4,0.0,78.71428571428571,68.14285714285714,5.785714285714285,9.546666666666669,148.14296,9.0,-0.6819983600624986,-0.7313537016191705,-1,,0.0,0.0,0.0,0.0,0.0,102.0,grass,9301.0,339.0,304.0,0.0,2270.0,123.0,0.0
fire_01965,Oak Fire,2024-06-23,2024,6,33.653953,-116.927015,13.3,2.660259537265861,C,Small,85.44714285714302,57.187142857143044,1.6771428571428568,3.2,26.90000000000001,0.0,53.71428571428572,43.85714285714285,10.8,12.546666666666663,660.798,10.0,0.913545457642601,-0.4067366430758001,-1,,0.0,0.0,0.0,0.0,0.0,122.0,grass_shrub,9337.0,235.0,215.0,0.0,2270.0,113.0,0.0
fire_01966,10th Fire,2024-06-24,2024,6,34.974609,-118.137537,133.0,4.897839799950911,D,Medium,94.13857142857138,64.2071428571428,3.117142857142857,4.914285714285716,9.542857142857144,0.0,94.71428571428572,90.57142857142856,4.314285714285715,6.296666666666667,781.61127,1.0,-0.8571673007021122,0.5150380749100544,-1,,0.0,0.0,0.0,0.0,0.0,91.0,nonburnable_or_other,7299.0,25.0,25.0,0.0,2905.0,25.0,0.0
fire_01967,Serrano Fire,2024-06-24,2024,6,33.89433,-117.55522,11.5,2.525728644308256,C,Small,86.37285714285714,60.58142857142858,1.4457142857142855,2.957142857142857,34.642857142857146,0.0,41.142857142857146,33.57142857142857,13.514285714285714,14.940000000000005,199.3351,3.0,0.1908089953765451,-0.981627183447664,-1,,0.0,0.0,0.0,0.0,0.0,91.0,nonburnable_or_other,7299.0,25.0,25.0,0.0,2905.0,25.0,0.0
fire_01968,Muscat Fire,2024-06-24,2024,6,36.68179,-119.35579,142.0,4.962844630259907,D,Medium,94.52428571428568,62.87000000000006,3.011428571428571,2.342857142857143,13.028571428571428,0.0,78.14285714285714,55.285714285714285,5.528571428571428,9.986666666666666,152.44624,2.0,-0.984807753012208,-0.1736481776669304,-1,,0.0,0.0,0.0,0.0,0.0,101.0,grass,9301.0,355.0,303.0,0.0,2270.0,124.0,0.0
fire_01969,White Fire,2024-06-24,2024,6,37.42087,-120.00789,52.0,3.970291913552122,C,Small,88.61000000000008,57.98428571428576,2.207142857142857,2.242857142857143,19.82857142857143,0.0,66.14285714285714,45.71428571428572,7.114285714285714,12.07,560.10675,11.0,-0.3907311284892738,0.9205048534524404,-1,,0.0,0.0,0.0,0.0,0.0,145.0,shrub,7105.0,226.0,215.0,0.0,2105.0,114.0,0.0
fire_01970,Willms Fire,2024-06-24,2024,6,37.814796,-120.656478,12.0,2.5649493574615367,C,Small,91.02714285714286,61.19857142857146,2.487142857142857,4.114285714285715,17.157142857142855,0.0,67.71428571428571,60.42857142857143,6.914285714285714,11.730000000000002,97.9953,3.0,0.4539904997395466,-0.891006524188368,-1,,0.0,0.0,0.0,0.0,0.0,102.0,grass,9301.0,340.0,304.0,0.0,2270.0,124.0,0.0
fire_01971,Amoruso Fire,2024-06-24,2024,6,38.82437,-121.3909,502.0,6.220590170099739,E,Medium,93.16142857142862,59.3214285714286,2.5471428571428567,2.771428571428572,16.885714285714286,0.0,68.42857142857143,51.71428571428572,7.028571428571429,11.273333333333335,26.97532,0.0,0.0871557427476578,-0.9961946980917455,-1,,0.0,0.0,0.0,0.0,0.0,122.0,grass_shrub,9829.0,334.0,304.0,0.0,2280.0,123.0,0.0
fire_01972,1-2 Fire,2024-06-24,2024,6,38.029246,-120.956888,215.0,5.375278407684165,D,Medium,90.97571428571432,57.98428571428576,2.4,3.857142857142857,16.62857142857143,0.0,65.28571428571429,56.71428571428572,7.1,12.556666666666665,80.227974,1.0,-0.838670567945424,-0.5446390350150271,-1,,0.0,0.0,0.0,0.0,0.0,102.0,grass,9301.0,336.0,304.0,0.0,2270.0,123.0,0.0
fire_01973,Apache Fire,2024-06-24,2024,6,39.418598,-121.482631,691.0,6.539585955617669,E,Medium,92.67285714285714,62.17571428571432,2.4642857142857144,2.171428571428572,21.97142857142857,0.0,68.42857142857143,47.0,6.928571428571429,11.306666666666668,146.76398,2.0,-0.3420201433256685,-0.9396926207859084,-1,,0.0,0.0,0.0,0.0,0.0,101.0,grass,9301.0,355.0,303.0,0.0,2270.0,124.0,0.0
fire_01974,Bear Fire,2024-06-24,2024,6,37.557104,-120.171776,19.0,2.995732273553991,C,Small,89.04714285714303,66.0071428571429,2.481428571428572,3.814285714285714,19.4,0.0,74.14285714285714,62.85714285714285,6.171428571428572,10.433333333333334,543.4699,15.0,-0.1218693434051471,-0.992546151641322,-1,,0.0,0.0,0.0,0.0,0.0,145.0,shrub,9301.0,340.0,303.0,0.0,2105.0,114.0,0.0
fire_01975,Lavender Fire,2024-06-25,2024,6,35.61181,-119.956633,110.0,4.709530201312334,D,Medium,95.81000000000009,63.87285714285714,3.117142857142857,3.5,11.371428571428572,0.0,81.57142857142857,68.0,5.3,9.419999999999998,269.66333,1.0,0.981627183447664,0.1908089953765448,-1,,0.0,0.0,0.0,0.0,0.0,122.0,grass_shrub,9337.0,215.0,211.0,0.0,2270.0,111.0,0.0
fire_01976,Preston Fire,2024-06-25,2024,6,38.845861,-123.019703,11.0,2.4849066497880004,C,Small,85.57571428571433,64.61857142857153,2.124285714285714,6.957142857142856,22.057142857142853,0.0,71.28571428571429,83.14285714285714,6.257142857142857,11.616666666666664,208.30617,14.0,-0.2419218955996677,-0.9702957262759964,-1,,0.0,0.0,0.0,0.0,0.0,165.0,timber_understory,7043.0,154.0,122.0,55.0,2043.0,105.0,1.0
fire_01977,Fresno June Lightning Complex,2024-06-24,2024,6,36.78113,-119.345863,10616.0,9.270211769013573,G,Extreme,93.2642857142857,64.46428571428581,2.9114285714285715,2.371428571428571,15.514285714285716,0.0,78.57142857142857,55.142857142857146,5.5857142857142845,9.63,295.9708,9.0,-0.8829475928589269,-0.4694715627858908,-1,,0.0,0.0,0.0,0.0,0.0,144.0,shrub,7114.0,130.0,105.0,35.0,2114.0,103.0,1.0
fire_01978,Anchor Fire,2024-06-25,2024,6,36.631882,-119.3226,12.0,2.5649493574615367,C,Small,96.53000000000004,63.590000000000124,3.185714285714285,2.171428571428572,12.042857142857144,0.3,78.57142857142857,54.42857142857143,5.414285714285714,10.016666666666667,128.36023,0.0,-0.2588190451025206,-0.9659258262890684,-1,,0.0,0.0,0.0,0.0,0.0,102.0,grass,7980.0,114.0,107.0,15.0,2960.0,101.0,1.0
fire_01979,Round Fire,2024-06-25,2024,6,35.48989,-118.93111,93.0,4.543294782270004,C,Small,97.48142857142868,76.44714285714282,3.7942857142857145,3.485714285714286,11.94285714285714,0.0,89.85714285714286,73.0,4.471428571428571,7.423333333333333,311.6013,5.0,-0.9335804264972016,-0.3583679495453004,-1,,0.0,0.0,0.0,0.0,0.0,102.0,grass,9301.0,330.0,302.0,0.0,2270.0,123.0,0.0
fire_01980,Crabtree Fire,2024-06-25,2024,6,37.732422,-120.596351,53.9,4.005513348515485,C,Small,93.49571428571439,60.8642857142858,2.611428571428572,3.914285714285714,16.628571428571426,0.0,65.28571428571429,57.57142857142857,7.1428571428571415,12.526666666666667,69.39768,0.0,-0.9396926207859084,-0.3420201433256686,-1,,0.0,0.0,0.0,0.0,0.0,102.0,grass,7129.0,343.0,304.0,0.0,2129.0,124.0,0.0
fire_01981,Pass Fire,2024-06-26,2024,6,37.744764,-121.596245,20.0,3.044522437723423,C,Small,92.15857142857143,60.76142857142852,2.45,3.6000000000000005,18.47142857142857,0.0,66.71428571428571,49.42857142857143,7.185714285714285,11.056666666666668,105.720695,2.0,0.2079116908177594,0.9781476007338056,-1,,0.0,0.0,0.0,0.0,0.0,102.0,grass,9301.0,330.0,304.0,0.0,2270.0,123.0,0.0
fire_01982,Basin Fire,2024-06-26,2024,6,36.868064,-119.110336,14023.0,9.54852542660107,G,Extreme,92.00428571428583,71.97285714285714,2.835714285714286,2.257142857142857,20.942857142857143,0.7,76.0,46.71428571428572,5.571428571428572,9.206666666666669,603.3877,13.0,-0.981627183447664,-0.1908089953765447,-1,,0.0,0.0,0.0,0.0,0.0,99.0,nonburnable_or_other,9213.0,100.0,100.0,0.0,2002.0,100.0,0.0
fire_01983,Columbia Fire,2024-06-26,2024,6,34.72313,-118.325308,388.0,5.963579343618446,E,Medium,97.32714285714286,69.76142857142862,3.2985714285714285,4.742857142857142,12.94285714285714,0.0,90.0,84.42857142857143,4.8,6.986666666666666,764.46405,1.0,-0.2079116908177593,0.9781476007338056,-1,,0.0,0.0,0.0,0.0,0.0,122.0,grass_shrub,9810.0,336.0,303.0,0.0,2275.0,123.0,0.0
fire_01984,Clear Fire,2024-06-26,2024,6,41.884414,-121.239191,890.0,6.792344427470809,E,Medium,85.47285714285714,49.75571428571426,1.8071428571428567,2.6,18.17142857142857,2.4,63.0,46.42857142857143,8.014285714285714,12.506666666666666,1387.1327,2.0,-0.4539904997395467,0.8910065241883679,-1,,0.0,0.0,0.0,0.0,0.0,101.0,grass,7126.0,218.0,204.0,0.0,2126.0,111.0,0.0
fire_01985,Empire,2024-06-26,2024,6,37.933129,-121.777999,250.0,5.525452939131784,D,Medium,94.0357142857144,57.88142857142858,2.4514285714285715,4.328571428571428,18.38571428571429,0.0,66.85714285714286,56.71428571428572,7.6,10.97,83.07651,2.0,-0.0348994967025009,0.9993908270190958,-1,,0.0,0.0,0.0,0.0,0.0,91.0,nonburnable_or_other,7299.0,25.0,25.0,0.0,2905.0,25.0,0.0
fire_01986,Hollow Fire,2024-06-27,2024,6,37.672148,-121.457333,210.0,5.351858133476067,D,Medium,94.11285714285717,61.17285714285714,2.605714285714285,3.7714285714285714,17.02857142857143,0.0,67.14285714285714,51.57142857142857,6.985714285714286,11.286666666666669,81.3553,3.0,0.5299192642332049,0.8480480961564261,-1,,0.0,0.0,0.0,0.0,0.0,91.0,nonburnable_or_other,7299.0,25.0,25.0,0.0,2905.0,25.0,0.0
fire_01987,Veterans Fire,2024-06-27,2024,6,40.477613,-122.544406,85.0,4.454347296253507,C,Small,96.35000000000011,65.28714285714284,2.842857142857143,2.1,19.257142857142856,0.0,76.0,45.57142857142857,5.957142857142856,9.33666666666667,316.79602,3.0,-0.3746065934159123,-0.9271838545667872,-1,,0.0,0.0,0.0,0.0,0.0,102.0,grass,9301.0,334.0,303.0,0.0,2270.0,123.0,0.0
fire_01988,Bar Fire ,2024-06-27,2024,6,39.5281902,-121.533535,36.0,3.610917912644224,C,Small,95.86142857142862,67.47285714285714,2.718571428571429,2.128571428571429,24.2,0.0,72.71428571428571,48.57142857142857,6.442857142857142,10.32,106.651665,3.0,0.4383711467890774,-0.898794046299167,-1,,0.0,0.0,0.0,0.0,0.0,102.0,grass,9301.0,364.0,303.0,0.0,2270.0,126.0,0.0
fire_01989,Pizona Fire,2024-06-26,2024,6,38.000167,-118.49,2160.0,7.678326356506885,F,Large,78.11857142857153,54.46142857142852,1.768571428571429,2.671428571428572,16.485714285714284,2.9000000000000004,76.14285714285714,43.42857142857143,5.785714285714286,8.336666666666668,2376.4905,8.0,0.9993908270190958,-0.0348994967025008,-1,,0.0,0.0,0.0,0.0,0.0,122.0,grass_shrub,7080.0,229.0,211.0,0.0,2080.0,112.0,0.0
fire_01990,Spring Fire,2024-06-28,2024,6,40.402809,-121.994709,99.5,4.61015772749913,C,Small,96.2214285714285,64.61857142857153,2.795714285714286,3.2,19.585714285714285,0.0,77.14285714285714,60.71428571428572,6.1000000000000005,9.643333333333334,334.7818,2.0,0.7660444431189778,-0.6427876096865396,-1,,0.0,0.0,0.0,0.0,0.0,122.0,grass_shrub,7662.0,357.0,303.0,0.0,2662.0,125.0,0.0
fire_01991,Lime Fire,2024-06-28,2024,6,38.197384,-120.80076,27.0,3.332204510175204,C,Small,95.42428571428567,62.09857142857146,2.737142857142857,2.4714285714285715,17.742857142857144,1.2000000000000002,68.85714285714286,49.57142857142857,6.671428571428572,12.083333333333332,235.23387,2.0,-0.544639035015027,-0.8386705679454242,-1,,0.0,0.0,0.0,0.0,0.0,102.0,grass,9301.0,349.0,303.0,0.0,2270.0,124.0,0.0
fire_01992,Sheering Fire,2024-06-24,2024,6,38.163167,-119.985167,528.0,6.270988431858299,E,Medium,73.3357142857143,46.92714285714286,1.4057142857142857,3.0,20.2,0.8,74.57142857142857,56.85714285714285,6.685714285714286,9.566666666666665,2050.8792,4.0,-0.2079116908177598,-0.9781476007338056,-1,,0.0,0.0,0.0,0.0,0.0,165.0,timber_understory,7028.0,158.0,122.0,55.0,2028.0,105.0,1.0
fire_01993,Adobe Fire,2024-06-28,2024,6,37.422757,-121.36663,41.0,3.737669618283368,C,Small,94.91000000000008,64.92714285714285,2.914285714285714,4.0,14.285714285714286,0.0,77.0,67.85714285714286,5.6000000000000005,10.726666666666668,380.12717,2.0,0.573576436351046,0.8191520442889918,-1,,0.0,0.0,0.0,0.0,0.0,121.0,grass_shrub,7105.0,222.0,214.0,15.0,2114.0,103.0,1.0
fire_01994,Cotton Fire,2024-06-28,2024,6,35.782724,-120.202099,202.0,5.313205979041787,D,Medium,95.37285714285714,69.42714285714285,3.107142857142857,3.2142857142857144,14.085714285714284,0.0,82.57142857142857,65.57142857142857,5.1571428571428575,9.216666666666669,639.43274,2.0,0.034899496702501,0.9993908270190958,-1,,0.0,0.0,0.0,0.0,0.0,121.0,grass_shrub,9301.0,327.0,304.0,0.0,2270.0,122.0,0.0
fire_01995,Frazier Fire,2024-06-28,2024,6,37.06783,-119.50857,10.8,2.468099531471619,C,Small,95.5785714285714,71.63857142857138,3.041428571428572,3.0142857142857147,20.5,0.0,79.14285714285714,60.285714285714285,5.557142857142857,9.346666666666668,616.01117,4.0,-0.9396926207859084,-0.3420201433256686,-1,,0.0,0.0,0.0,0.0,0.0,102.0,grass,9301.0,355.0,303.0,0.0,2270.0,125.0,0.0
fire_01996,Lonoak Fire,2024-06-28,2024,6,36.21923,-121.08223,255.0,5.545177444479562,D,Medium,88.97000000000017,52.55857142857144,1.8885714285714283,3.742857142857143,19.542857142857144,0.0,55.285714285714285,49.42857142857143,9.55714285714286,14.306666666666665,157.1927,3.0,-0.2419218955996677,-0.9702957262759964,-1,,0.0,0.0,0.0,0.0,0.0,93.0,nonburnable_or_other,7984.0,64.0,64.0,0.0,2964.0,64.0,0.0
fire_01997,Round Fire,2024-06-29,2024,6,33.94343,-117.061943,344.0,5.84354441703136,E,Medium,93.2642857142858,63.61571428571434,2.004285714285714,3.071428571428572,26.528571428571432,0.0,55.0,44.142857142857146,10.457142857142856,12.766666666666667,713.5411,1.0,-0.9993908270190958,0.0348994967025011,-1,,0.0,0.0,0.0,0.0,0.0,102.0,grass,7129.0,340.0,302.0,0.0,2129.0,124.0,0.0
fire_01998,Mines Fire,2024-06-29,2024,6,37.520283,-121.5458,5.0,1.791759469228055,B,Small,88.84142857142857,62.7928571428572,2.4,3.6000000000000005,17.38571428571429,0.0,71.71428571428571,59.85714285714285,6.314285714285714,11.28,762.61224,9.0,0.1391731009600654,0.9902680687415704,-1,,0.0,0.0,0.0,0.0,0.0,144.0,shrub,7105.0,231.0,217.0,0.0,2105.0,113.0,0.0
fire_01999,Creek Fire,2024-06-29,2024,6,38.895723,-120.930485,16.0,2.833213344056216,C,Small,92.54428571428573,65.1071428571429,2.692857142857143,2.314285714285714,18.785714285714285,0.0,77.14285714285714,53.42857142857143,5.6571428571428575,10.12,504.54593,2.0,-0.3255681544571566,-0.9455185755993168,-1,,0.0,0.0,0.0,0.0,0.0,165.0,timber_understory,7030.0,144.0,127.0,45.0,2030.0,104.0,1.0
fire_02000,El Paso Fire,2024-06-29,2024,6,35.486517,-117.74823,471.0,6.156978985585555,E,Medium,100.25857142857144,77.65571428571425,3.424285714285714,4.385714285714285,17.942857142857143,0.0,89.14285714285714,79.42857142857143,5.571428571428571,6.293333333333333,946.8233,5.0,0.2249510543438649,0.9743700647852352,-1,,0.0,0.0,0.0,0.0,0.0,102.0,grass,7082.0,222.0,204.0,0.0,2082.0,112.0,0.0
fire_02001,Indigo Fire,2024-06-30,2024,6,34.45733,-118.64093,21.6,3.1179499062782403,C,Small,91.36142857142852,62.07285714285714,1.827142857142857,3.314285714285714,28.285714285714285,0.0,50.71428571428572,42.0,11.042857142857144,14.239999999999998,372.10193,3.0,-0.9876883405951375,0.1564344650402309,-1,,0.0,0.0,0.0,0.0,0.0,122.0,grass_shrub,7092.0,223.0,212.0,0.0,2092.0,112.0,0.0
fire_02002,Sierra Fire ,2024-06-30,2024,6,34.04119,-117.43441,400.0,5.993961427306569,E,Medium,93.29000000000002,65.1071428571429,1.911428571428572,3.371428571428571,28.214285714285715,0.0,48.85714285714285,40.85714285714285,11.285714285714286,14.23333333333333,372.91592,8.0,0.9659258262890684,0.2588190451025207,-1,,0.0,0.0,0.0,0.0,0.0,91.0,nonburnable_or_other,7296.0,22.0,22.0,0.0,2902.0,22.0,0.0
fire_02003,Brentwood Fire,2024-06-30,2024,6,35.279739,-119.95363,29.8,3.427514689979529,C,Small,95.96428571428581,57.21285714285716,2.6699999999999995,4.442857142857144,14.642857142857142,0.0,63.85714285714285,60.42857142857143,7.371428571428571,13.413333333333332,589.1619,1.0,0.4694715627858908,0.8829475928589269,-1,,0.0,0.0,0.0,0.0,0.0,102.0,grass,9301.0,339.0,304.0,0.0,2270.0,123.0,0.0
fire_02004,Canyon Fire,2024-06-30,2024,6,37.438803,-121.335653,80.0,4.394449154672439,C,Small,94.85857142857154,64.90142857142864,2.941428571428571,3.771428571428572,13.500000000000002,0.0,79.0,67.71428571428571,5.414285714285714,10.383333333333333,369.4201,4.0,-0.0348994967025009,0.9993908270190958,-1,,0.0,0.0,0.0,0.0,0.0,144.0,shrub,7105.0,226.0,216.0,0.0,2105.0,114.0,0.0
fire_02005,Kitchen Fire,2024-07-01,2024,7,32.717444,-116.47191,43.1,3.7864597824528,C,Small,90.1785714285715,56.90428571428582,1.6671428571428577,4.885714285714285,28.285714285714285,0.0,48.0,48.142857142857146,12.571428571428571,13.873333333333337,983.78253,2.0,-0.6156614753256583,0.788010753606722,-1,,0.0,0.0,0.0,0.0,0.0,145.0,shrub,7097.0,239.0,225.0,0.0,2097.0,113.0,0.0
fire_02006,Kern Fire,2024-07-01,2024,7,35.434012,-117.977028,15.0,2.772588722239781,C,Small,97.81571428571434,74.54428571428573,3.365714285714286,4.571428571428571,14.771428571428572,0.0,91.0,83.42857142857143,5.214285714285715,6.183333333333333,1000.3182,1.0,-0.984807753012208,0.1736481776669302,-1,,0.0,0.0,0.0,0.0,0.0,102.0,grass,7082.0,214.0,204.0,0.0,2082.0,111.0,0.0
fire_02007,Mccain Fire,2024-07-01,2024,7,32.660837,-116.231794,1595.0,7.375255778009754,F,Large,91.02714285714286,62.047142857142816,1.9614285714285715,2.9,26.91428571428571,0.0,61.42857142857143,48.0,10.785714285714286,10.383333333333336,1004.33234,2.0,0.9271838545667874,0.374606593415912,-1,,0.0,0.0,0.0,0.0,0.0,122.0,grass_shrub,7092.0,220.0,208.0,0.0,2092.0,112.0,0.0
fire_02008,Sunrise Fire,2024-07-01,2024,7,34.432003,-117.834801,35.3,3.591817741270805,C,Small,93.9071428571428,64.18142857142858,2.841428571428572,4.828571428571429,14.542857142857144,0.0,88.71428571428571,84.28571428571429,5.414285714285716,6.6,1242.2792,10.0,0.8191520442889918,0.573576436351046,-1,,0.0,0.0,0.0,0.0,0.0,121.0,grass_shrub,7082.0,222.0,215.0,25.0,2019.0,102.0,1.0
fire_02009,High Desert Fire,2024-07-01,2024,7,40.408993,-120.52602,10.0,2.3978952727983707,C,Small,87.91571428571434,53.4071428571429,2.191428571428572,3.8571428571428568,15.257142857142858,0.0,84.71428571428571,71.85714285714286,5.528571428571428,7.9766666666666675,1283.0583,5.0,-0.8910065241883679,-0.4539904997395466,-1,,0.0,0.0,0.0,0.0,0.0,144.0,shrub,7080.0,232.0,209.0,0.0,2080.0,113.0,0.0
fire_02010,Toll Fire,2024-07-02,2024,7,38.63744,-122.585297,41.0,3.737669618283368,C,Small,84.93285714285722,62.4071428571429,1.9514285714285715,4.028571428571429,24.15714285714285,0.0,72.57142857142857,62.71428571428572,6.428571428571429,11.12,510.9385,22.0,-0.6819983600624986,-0.7313537016191705,-1,,0.0,0.0,0.0,0.0,0.0,188.0,timber_litter,7043.0,137.0,111.0,55.0,2043.0,105.0,1.0
fire_02011,Thompson Fire,2024-07-02,2024,7,39.53793,-121.5467,3789.0,8.240121298076472,F,Large,96.50428571428583,66.31571428571434,2.761428571428571,2.3285714285714287,22.385714285714283,0.0,75.14285714285714,52.142857142857146,6.414285714285714,9.793333333333331,93.55882,4.0,-0.992546151641322,0.1218693434051475,-1,,0.0,0.0,0.0,0.0,0.0,144.0,shrub,7114.0,132.0,116.0,35.0,2114.0,103.0,1.0
fire_02012,Yolla Fire,2024-07-02,2024,7,40.386141,-122.760479,19.3,3.0106208860477417,C,Small,94.65285714285729,59.39857142857146,2.4842857142857144,2.942857142857143,20.61428571428572,0.0,70.71428571428571,47.0,6.9,10.146666666666668,398.89902,3.0,0.1736481776669304,0.984807753012208,-1,,0.0,0.0,0.0,0.0,0.0,162.0,timber_understory,7265.0,143.0,128.0,45.0,2265.0,104.0,1.0
fire_02013,Denverton Fire,2024-07-02,2024,7,38.242509,-121.91466,25.0,3.258096538021482,C,Small,91.51571428571434,60.19571428571428,2.3285714285714287,5.228571428571429,19.1,0.0,68.14285714285714,61.85714285714285,6.928571428571429,11.070000000000002,11.197976,1.0,-0.5000000000000004,-0.8660254037844385,-1,,0.0,0.0,0.0,0.0,0.0,98.0,nonburnable_or_other,7668.0,355.0,303.0,0.0,2668.0,125.0,0.0
fire_02014,Border 60 Fire,2024-07-02,2024,7,32.582559,-116.616755,22.5,3.157000421150113,C,Small,89.09857142857146,59.11571428571434,1.752857142857143,3.628571428571429,28.47142857142857,0.0,48.57142857142857,42.285714285714285,11.642857142857144,14.5,562.7637,4.0,-0.7193398003386511,-0.6946583704589973,-9,,,,,,,122.0,grass_shrub,7092.0,224.0,206.0,0.0,2092.0,112.0,0.0
fire_02015,Airline Fire,2024-07-02,2024,7,36.65921,-121.22114,1295.0,7.16703787691222,F,Large,92.15857142857143,53.124285714285676,2.171428571428572,3.785714285714286,17.642857142857142,0.0,63.57142857142857,51.142857142857146,7.9,12.63,444.37885,11.0,-0.1218693434051471,-0.992546151641322,-1,,0.0,0.0,0.0,0.0,0.0,144.0,shrub,7105.0,227.0,217.0,0.0,2105.0,112.0,0.0
fire_02016,Moccasin Fire,2024-07-02,2024,7,38.63826,-120.774929,51.0,3.951243718581428,C,Small,89.6642857142858,63.97571428571432,2.342857142857143,2.5142857142857147,21.728571428571428,0.0,76.57142857142857,54.142857142857146,5.828571428571428,10.113333333333337,586.12134,11.0,-0.898794046299167,0.4383711467890773,-1,,0.0,0.0,0.0,0.0,0.0,122.0,grass_shrub,7029.0,141.0,123.0,45.0,2029.0,104.0,1.0
fire_02017,Bowman Fire,2024-07-02,2024,7,35.608374,-117.899544,13.0,2.6390573296152584,C,Small,99.61571428571435,74.46714285714299,3.755714285714286,4.142857142857143,11.8,0.0,96.71428571428572,84.28571428571429,4.585714285714286,5.203333333333334,945.76044,5.0,-0.2079116908177593,0.9781476007338056,-1,,0.0,0.0,0.0,0.0,0.0,142.0,shrub,7087.0,216.0,205.0,0.0,2087.0,111.0,0.0
fire_02018,Luken Fire,2024-07-02,2024,7,33.79682,-117.264072,18.0,2.9444389791664403,C,Small,95.11571428571445,61.94428571428574,2.287142857142857,3.128571428571429,21.071428571428573,0.0,55.71428571428572,45.0,10.099999999999998,12.993333333333334,524.3314,3.0,-0.9271838545667874,-0.374606593415912,-1,,0.0,0.0,0.0,0.0,0.0,91.0,nonburnable_or_other,7299.0,25.0,25.0,0.0,2905.0,25.0,0.0
fire_02019,Power Fire,2024-07-02,2024,7,35.470889,-118.750959,200.0,5.303304908059076,D,Medium,94.24142857142856,69.58142857142857,3.097142857142857,3.5857142857142854,13.3,0.0,91.71428571428572,75.0,4.585714285714286,6.786666666666667,497.12036,14.0,0.6819983600624986,-0.7313537016191703,-1,,0.0,0.0,0.0,0.0,0.0,121.0,grass_shrub,9301.0,327.0,303.0,0.0,2270.0,122.0,0.0
fire_02020,Sharp Fire,2024-07-03,2024,7,34.294625,-118.742209,133.0,4.897839799950911,D,Medium,86.75857142857144,59.14142857142866,1.37,3.357142857142857,33.84285714285714,0.0,42.0,35.857142857142854,13.157142857142857,15.536666666666669,371.103,6.0,-0.9702957262759964,-0.2419218955996675,-1,,0.0,0.0,0.0,0.0,0.0,122.0,grass_shrub,7092.0,231.0,213.0,0.0,2092.0,113.0,0.0
fire_02021,Olive Fire,2024-07-03,2024,7,35.612809,-119.9569496,1310.0,7.1785454837637,F,Large,96.81285714285727,66.2642857142857,3.0585714285714287,3.8285714285714287,14.414285714285716,0.0,84.85714285714286,72.28571428571429,5.371428571428572,8.436666666666666,259.34622,1.0,0.9945218953682732,0.1045284632676534,-1,,0.0,0.0,0.0,0.0,0.0,102.0,grass,7980.0,136.0,107.0,35.0,2960.0,103.0,1.0
fire_02022,Berry Fire,2024-07-03,2024,7,35.633333,-118.816667,59.8,4.107589788972121,C,Small,92.28714285714304,68.78428571428576,2.98,3.585714285714286,13.5,0.0,91.0,74.57142857142857,4.485714285714286,7.126666666666666,753.3179,7.0,0.2079116908177594,-0.9781476007338056,-1,,0.0,0.0,0.0,0.0,0.0,102.0,grass,9301.0,347.0,304.0,0.0,2270.0,124.0,0.0
fire_02023,Shelly Fire,2024-07-03,2024,7,41.465297,-123.057551,15520.0,9.649949224651184,G,Extreme,72.89857142857156,48.72714285714286,1.1300000000000003,3.271428571428572,32.55714285714285,2.0,65.71428571428571,43.71428571428572,7.885714285714285,10.006666666666666,1793.4319,24.0,-0.5150380749100544,-0.8571673007021121,-1,,0.0,0.0,0.0,0.0,0.0,183.0,timber_litter,7098.0,226.0,216.0,0.0,2032.0,107.0,0.0
fire_02024,Orchard Fire,2024-07-03,2024,7,35.10995,-118.3970832,831.0,6.723832440821209,E,Medium,85.52428571428578,58.421428571428706,2.137142857142857,5.114285714285714,14.999999999999998,0.0,80.57142857142857,79.57142857142857,6.0,8.843333333333334,1241.813,3.0,0.6293203910498375,0.7771459614569709,-1,,0.0,0.0,0.0,0.0,0.0,121.0,grass_shrub,9301.0,322.0,304.0,0.0,2270.0,122.0,0.0
fire_02025,Adams Fire,2024-07-03,2024,7,38.91033,-122.607362,16.0,2.833213344056216,C,Small,91.51571428571444,58.6785714285715,2.2785714285714285,4.071428571428571,20.82857142857143,0.0,70.0,54.142857142857146,6.957142857142857,10.616666666666667,432.44818,2.0,0.898794046299167,0.4383711467890774,-1,,0.0,0.0,0.0,0.0,0.0,91.0,nonburnable_or_other,7298.0,24.0,24.0,0.0,2904.0,24.0,0.0
fire_02026,Watt Fire,2024-07-03,2024,7,38.736113,-121.392532,22.9,3.173878458937465,C,Small,99.3071428571429,64.15571428571425,3.1957142857142853,3.171428571428572,13.842857142857143,0.0,78.85714285714286,61.85714285714285,5.628571428571428,9.816666666666666,30.074871,0.0,-0.788010753606722,-0.6156614753256582,-1,,0.0,0.0,0.0,0.0,0.0,101.0,grass,9301.0,355.0,303.0,0.0,2270.0,124.0,0.0
fire_02027,Olinda Fire,2024-07-03,2024,7,40.439362,-122.415486,98.0,4.59511985013459,C,Small,96.91571428571434,69.65857142857143,3.0614285714285714,3.414285714285714,19.014285714285712,0.0,78.85714285714286,57.57142857142857,5.914285714285714,8.53,234.32726,1.0,-0.6691306063588582,0.7431448254773942,-1,,0.0,0.0,0.0,0.0,0.0,91.0,nonburnable_or_other,7299.0,25.0,25.0,0.0,2905.0,25.0,0.0
fire_02028,Little Fire,2024-07-03,2024,7,36.786172,-120.757128,11.0,2.4849066497880004,C,Small,96.76142857142862,63.77000000000006,3.0157142857142856,5.285714285714286,13.514285714285714,0.0,82.57142857142857,79.71428571428571,5.414285714285716,8.686666666666667,158.56061,3.0,0.848048096156426,0.5299192642332049,-1,,0.0,0.0,0.0,0.0,0.0,102.0,grass,7980.0,130.0,110.0,35.0,2960.0,103.0,1.0
fire_02029,Grubbs Fire,2024-07-03,2024,7,39.43511,-121.507399,10.0,2.3978952727983707,C,Small,97.94428571428574,66.57285714285715,2.9057142857142857,2.657142857142857,21.085714285714285,0.0,75.14285714285714,55.42857142857143,6.385714285714286,10.063333333333334,93.79601,2.0,-0.2923717047227371,-0.9563047559630352,-1,,0.0,0.0,0.0,0.0,0.0,144.0,shrub,7114.0,135.0,130.0,35.0,2114.0,103.0,1.0
fire_02030,Slough Fire,2024-07-03,2024,7,38.493205,-121.161253,11.0,2.4849066497880004,C,Small,98.33000000000004,61.86714285714288,3.012857142857143,3.514285714285715,14.657142857142857,0.0,75.57142857142857,62.85714285714285,6.014285714285714,10.74,37.5154,0.0,0.3090169943749472,-0.9510565162951536,-1,,0.0,0.0,0.0,0.0,0.0,93.0,nonburnable_or_other,7984.0,64.0,64.0,0.0,2964.0,64.0,0.0
fire_02031,Adrian Fire,2024-07-03,2024,7,34.573279,-118.1935,80.0,4.394449154672439,C,Small,91.41285714285716,68.14142857142856,2.742857142857143,4.628571428571428,15.728571428571426,0.0,84.85714285714286,78.57142857142857,5.785714285714286,7.4766666666666675,914.74896,4.0,0.6560590289905073,0.754709580222772,-1,,0.0,0.0,0.0,0.0,0.0,122.0,grass_shrub,7082.0,219.0,209.0,0.0,2082.0,111.0,0.0
fire_02032,Grande Fire,2024-07-04,2024,7,37.46973,-121.23728,323.0,5.780743515792329,E,Medium,98.89571428571438,66.7785714285715,3.197142857142857,4.414285714285716,15.2,0.0,74.71428571428571,60.42857142857143,6.085714285714286,10.146666666666668,159.75386,5.0,0.766044443118978,0.6427876096865393,-1,,0.0,0.0,0.0,0.0,0.0,91.0,nonburnable_or_other,7299.0,25.0,25.0,0.0,2905.0,25.0,0.0
fire_02033,Sotelo Fire,2024-07-04,2024,7,33.72325,-117.23049,17.0,2.8903717578961645,C,Small,97.45571428571446,60.65857142857154,2.54,3.142857142857143,18.54285714285714,0.0,56.285714285714285,46.0,9.885714285714286,13.06,536.396,5.0,0.8090169943749475,0.5877852522924731,-1,,0.0,0.0,0.0,0.0,0.0,122.0,grass_shrub,9337.0,235.0,213.0,0.0,2270.0,113.0,0.0
fire_02034,Deer Fire,2024-07-04,2024,7,40.2003,-122.30328,31.9,3.493472657771326,C,Small,99.66714285714288,69.24714285714302,3.322857142857143,4.942857142857142,17.057142857142857,0.0,79.14285714285714,68.57142857142857,5.928571428571429,8.443333333333333,150.06932,0.0,-0.882947592858927,0.4694715627858907,-1,,0.0,0.0,0.0,0.0,0.0,102.0,grass,9301.0,348.0,303.0,0.0,2270.0,124.0,0.0
fire_02035,Highway Fire ,2024-07-04,2024,7,35.25322,-119.2071,75.0,4.330733340286331,C,Small,100.54142857142855,70.55857142857144,3.65,3.514285714285714,11.942857142857145,0.0,90.71428571428572,74.0,4.785714285714286,7.173333333333333,95.23605,0.0,-0.5150380749100544,-0.8571673007021121,-1,,0.0,0.0,0.0,0.0,0.0,93.0,nonburnable_or_other,7988.0,68.0,68.0,0.0,2968.0,68.0,0.0
fire_02036,Meiss Fire,2024-07-04,2024,7,38.483838,-121.074404,17.8,2.933856869835904,C,Small,98.56142857142862,63.53857142857138,3.06,3.2857142857142856,15.94285714285714,0.0,75.14285714285714,60.71428571428572,6.114285714285715,10.8,57.4265,2.0,0.7313537016191707,-0.6819983600624983,-1,,0.0,0.0,0.0,0.0,0.0,101.0,grass,7913.0,16.0,16.0,0.0,2916.0,16.0,0.0
fire_02037,French Fire,2024-07-04,2024,7,37.50959,-119.9771,908.0,6.812345094177479,E,Medium,91.77285714285713,68.0642857142858,2.6814285714285715,2.071428571428572,18.928571428571427,0.0,80.57142857142857,53.285714285714285,5.7,9.143333333333334,742.5991,11.0,-0.8480480961564261,-0.5299192642332048,-1,,0.0,0.0,0.0,0.0,0.0,144.0,shrub,7114.0,133.0,131.0,35.0,2114.0,103.0,1.0
fire_02038,Nason Fire,2024-07-04,2024,7,33.928252,-117.191529,65.0,4.189654742026425,C,Small,93.88142857142859,63.66714285714288,2.462857142857143,2.757142857142857,18.414285714285715,0.0,61.0,46.71428571428572,8.914285714285715,12.319999999999997,511.31067,3.0,-0.7431448254773942,-0.6691306063588582,-1,,0.0,0.0,0.0,0.0,0.0,91.0,nonburnable_or_other,7298.0,24.0,24.0,0.0,2904.0,24.0,0.0
fire_02039,Sonora Fire ,2024-07-04,2024,7,34.50711,-117.5124,5.0,1.791759469228055,B,Small,97.01857142857152,64.7214285714287,3.355714285714286,4.985714285714286,8.857142857142858,0.0,93.28571428571428,90.28571428571428,4.742857142857142,6.1400000000000015,1000.8151,2.0,0.8660254037844387,0.4999999999999999,-1,,0.0,0.0,0.0,0.0,0.0,121.0,grass_shrub,9310.0,216.0,204.0,0.0,2275.0,111.0,0.0
fire_02040,Lumpkin Fire,2024-07-04,2024,7,39.54992,-121.35037,7.5,2.1400661634962708,B,Small,93.1357142857143,67.06142857142852,2.72,3.185714285714286,21.728571428571428,0.0,77.57142857142857,60.57142857142857,5.985714285714287,9.523333333333332,402.40372,11.0,-0.7313537016191706,-0.6819983600624984,-1,,0.0,0.0,0.0,0.0,0.0,91.0,nonburnable_or_other,7299.0,25.0,25.0,0.0,2905.0,25.0,0.0
fire_02041,Rd 18.75 / Ave 24 Fire,2024-07-04,2024,7,37.09824,-120.206748,10.0,2.3978952727983707,C,Small,97.6357142857144,65.05571428571426,2.8628571428571425,4.071428571428571,17.400000000000002,0.0,72.57142857142857,64.57142857142857,6.714285714285715,11.199999999999998,78.40154,0.0,-0.4067366430758001,-0.913545457642601,-1,,0.0,0.0,0.0,0.0,0.0,121.0,grass_shrub,9301.0,326.0,302.0,0.0,2270.0,122.0,0.0
fire_02042,Storey Fire,2024-07-04,2024,7,36.974414,-120.032252,10.0,2.3978952727983707,C,Small,99.74428571428574,66.23857142857159,3.1557142857142857,4.071428571428571,15.828571428571427,0.0,76.28571428571429,67.42857142857143,6.1571428571428575,10.523333333333332,86.40089,0.0,-0.5591929034707466,-0.8290375725550418,-1,,0.0,0.0,0.0,0.0,0.0,122.0,grass_shrub,9337.0,220.0,218.0,0.0,2270.0,112.0,0.0
fire_02043,Paloma Fire,2024-07-05,2024,7,37.396908,-120.460411,14.4,2.734367509419584,C,Small,99.84714285714303,67.37000000000006,3.171428571428572,5.3,16.314285714285713,0.0,76.0,77.14285714285714,6.328571428571429,10.37,68.548294,1.0,-0.5150380749100544,-0.8571673007021121,-1,,0.0,0.0,0.0,0.0,0.0,102.0,grass,7129.0,338.0,304.0,0.0,2129.0,123.0,0.0
fire_02044,Dersch Fire,2024-07-05,2024,7,40.494374,-122.04948,57.0,4.060443010546419,C,Small,97.2500000000001,67.70428571428562,2.971428571428571,5.685714285714285,20.057142857142857,0.0,78.28571428571429,81.42857142857143,6.3,9.18,355.22455,5.0,-1.8369701987210287e-16,-1.0,-1,,0.0,0.0,0.0,0.0,0.0,144.0,shrub,7114.0,129.0,116.0,25.0,2114.0,102.0,1.0
fire_02045,Hills Fire,2024-07-05,2024,7,33.757944,-117.113903,71.0,4.276666119016055,C,Small,94.85857142857144,66.0071428571429,2.6442857142857146,2.9857142857142853,17.8,0.0,61.71428571428572,48.42857142857143,8.485714285714286,12.606666666666662,586.1906,9.0,-0.9335804264972016,-0.3583679495453004,-1,,0.0,0.0,0.0,0.0,0.0,122.0,grass_shrub,9337.0,228.0,209.0,0.0,2270.0,112.0,0.0
fire_02046,York Fire,2024-07-05,2024,7,35.82553,-120.05765,60.0,4.110873864173311,C,Small,103.0357142857144,68.91285714285716,3.74,3.142857142857143,12.757142857142858,0.0,84.0,66.57142857142857,5.500000000000001,8.72,210.28888,1.0,-0.9876883405951375,0.1564344650402309,-1,,0.0,0.0,0.0,0.0,0.0,99.0,nonburnable_or_other,9062.0,100.0,100.0,0.0,2002.0,100.0,0.0
fire_02047,Lake Fire,2024-07-05,2024,7,34.785,-120.044833,38664.0,10.562690077043136,G,Extreme,90.12714285714286,68.50142857142865,2.6314285714285712,3.214285714285714,18.37142857142857,0.0,76.14285714285714,60.285714285714285,6.200000000000001,9.786666666666664,849.4464,12.0,-0.5877852522924732,-0.8090169943749473,-1,,0.0,0.0,0.0,0.0,0.0,121.0,grass_shrub,7097.0,355.0,303.0,0.0,2097.0,113.0,0.0
fire_02048,Plenty Fire,2024-07-05,2024,7,34.4792756,-118.506107,77.0,4.356708826689592,C,Small,92.8785714285715,60.4785714285715,2.3457142857142856,3.2,18.47142857142857,0.0,59.0,48.0,9.157142857142857,13.013333333333335,486.8556,2.0,-0.3907311284892738,-0.9205048534524404,-1,,0.0,0.0,0.0,0.0,0.0,122.0,grass_shrub,7092.0,215.0,209.0,0.0,2092.0,111.0,0.0
fire_02049,Rancho Fire,2024-07-05,2024,7,34.173631,-118.853661,13.6,2.681021528714291,C,Small,85.52428571428578,59.5785714285715,1.2157142857142855,3.0142857142857147,36.557142857142864,0.0,39.0,31.857142857142858,13.971428571428572,16.163333333333334,300.4926,5.0,0.9743700647852352,0.224951054343865,-1,,0.0,0.0,0.0,0.0,0.0,91.0,nonburnable_or_other,7298.0,24.0,24.0,0.0,2904.0,24.0,0.0
fire_02050,Vestal Fire,2024-07-05,2024,7,40.200879,-122.539089,19.1,3.0007198150650303,C,Small,100.41285714285716,72.12714285714296,3.455714285714286,3.928571428571429,17.61428571428571,0.0,79.42857142857143,63.0,5.842857142857143,8.653333333333334,236.90762,1.0,0.9961946980917455,-0.0871557427476583,-1,,0.0,0.0,0.0,0.0,0.0,122.0,grass_shrub,7265.0,134.0,124.0,35.0,2265.0,103.0,1.0
fire_02051,Pocket Fire,2024-07-06,2024,7,38.742834,-122.907373,11.0,2.4849066497880004,C,Small,96.06714285714288,69.40142857142864,3.011428571428572,5.071428571428571,17.014285714285712,0.0,75.0,73.14285714285714,6.142857142857143,10.636666666666663,141.93396,6.0,-0.4383711467890777,-0.8987940462991668,-1,,0.0,0.0,0.0,0.0,0.0,186.0,timber_litter,7113.0,156.0,124.0,55.0,2113.0,105.0,1.0
fire_02052,Pay Fire,2024-07-06,2024,7,38.7231,-120.7549,77.0,4.356708826689592,C,Small,96.96714285714287,73.79857142857146,3.3542857142857145,3.214285714285714,17.728571428571428,0.0,83.14285714285714,65.28571428571429,5.214285714285714,8.893333333333334,745.59766,4.0,-0.9205048534524404,-0.3907311284892735,-1,,0.0,0.0,0.0,0.0,0.0,181.0,timber_litter,7030.0,,203.0,0.0,2030.0,105.0,0.0
fire_02053,Cahuilla Fire,2024-07-06,2024,7,34.5444065,-117.131163,75.0,4.330733340286331,C,Small,98.69000000000003,68.39857142857146,3.715714285714285,3.514285714285714,7.314285714285714,0.0,92.57142857142856,76.85714285714286,4.4,6.590000000000001,925.07965,3.0,-0.7547095802227721,-0.656059028990507,-1,,0.0,0.0,0.0,0.0,0.0,91.0,nonburnable_or_other,7299.0,25.0,25.0,0.0,2905.0,25.0,0.0
fire_02054,Lucern Fire,2024-07-06,2024,7,34.45196,-117.03341,419.0,6.040254711277414,E,Medium,101.1071428571429,73.49000000000002,4.172857142857143,3.185714285714285,6.828571428571429,0.0,97.28571428571428,76.71428571428571,3.9,5.713333333333333,903.09686,1.0,0.3090169943749474,0.9510565162951536,-1,,0.0,0.0,0.0,0.0,0.0,121.0,grass_shrub,9310.0,214.0,204.0,0.0,2275.0,111.0,0.0
fire_02055,Top Fire,2024-07-06,2024,7,33.964275,-117.3048,48.5,3.901972669574645,C,Small,96.65857142857143,64.90142857142864,2.648571428571429,2.557142857142857,17.571428571428573,0.0,59.85714285714285,44.285714285714285,8.6,12.96,499.16177,18.0,-0.0174524064372834,-0.9998476951563912,-1,,0.0,0.0,0.0,0.0,0.0,91.0,nonburnable_or_other,7296.0,22.0,22.0,0.0,2902.0,22.0,0.0
fire_02056,Granite Fire,2024-07-06,2024,7,37.7133123,-120.325444,55.0,4.02535169073515,C,Small,97.12142857142871,72.64142857142856,3.174285714285714,5.557142857142857,17.685714285714287,0.0,80.71428571428571,83.28571428571429,5.957142857142857,9.083333333333332,394.04373,5.0,-0.4226182617406991,-0.9063077870366502,-1,,0.0,0.0,0.0,0.0,0.0,91.0,nonburnable_or_other,7299.0,25.0,25.0,0.0,2905.0,25.0,0.0
fire_02057,View Fire,2024-07-06,2024,7,34.19518,-118.90918,14.2,2.7212954278522306,C,Small,86.34714285714303,57.392857142857096,1.2814285714285716,2.571428571428572,33.971428571428575,0.0,37.85714285714285,29.142857142857142,14.5,16.29,189.03172,1.0,0.5150380749100542,-0.8571673007021123,-1,,0.0,0.0,0.0,0.0,0.0,122.0,grass_shrub,7092.0,241.0,216.0,0.0,2092.0,114.0,0.0
fire_02058,Blue Water Fire,2024-07-06,2024,7,34.169517,-114.276308,150.0,5.017279836814924,D,Medium,114.91571428571434,80.12428571428568,5.792857142857144,3.542857142857143,8.185714285714285,0.0,100.0,82.0,4.214285714285714,4.33,123.0032,1.0,0.992546151641322,-0.1218693434051472,0,D0,0.0,1.0,0.0,0.0,0.0,141.0,shrub,7087.0,212.0,203.0,0.0,2087.0,111.0,0.0
fire_02059,Vista Fire,2024-07-07,2024,7,34.292101,-117.606101,2936.0,7.98514393119862,F,Large,83.4928571428571,64.07857142857151,2.4314285714285715,3.128571428571429,12.571428571428571,0.0,92.42857142857144,70.85714285714286,4.557142857142856,6.336666666666667,2132.2856,25.0,0.6156614753256583,0.788010753606722,-1,,0.0,0.0,0.0,0.0,0.0,122.0,grass_shrub,7014.0,130.0,110.0,35.0,2014.0,103.0,1.0
fire_02060,Post Fire,2024-07-07,2024,7,33.788907,-117.293584,11.0,2.4849066497880004,C,Small,97.6357142857144,67.06142857142862,2.801428571428571,3.042857142857143,18.185714285714287,0.0,64.14285714285714,50.57142857142857,7.8428571428571425,12.263333333333334,562.10803,5.0,-0.90630778703665,0.4226182617406995,-1,,0.0,0.0,0.0,0.0,0.0,122.0,grass_shrub,7092.0,214.0,210.0,0.0,2092.0,111.0,0.0
fire_02061,North Fire,2024-07-07,2024,7,41.256864,-120.503588,4685.0,8.452334619067742,F,Large,90.3071428571429,51.27285714285714,2.427142857142857,3.285714285714285,12.428571428571429,0.0,76.0,62.0,6.628571428571428,9.943333333333332,1378.575,3.0,0.0871557427476578,-0.9961946980917455,-1,,0.0,0.0,0.0,0.0,0.0,142.0,shrub,7080.0,222.0,214.0,0.0,2080.0,112.0,0.0
fire_02062,Royal Fire,2024-07-07,2024,7,39.2393,-120.4168,215.0,5.375278407684165,D,Medium,85.5500000000001,54.3071428571429,2.152857142857143,3.171428571428572,17.22857142857143,0.0,78.71428571428571,62.0,6.071428571428571,9.193333333333332,1772.7078,29.0,0.90630778703665,-0.4226182617406992,0,D0,0.0,1.0,0.0,0.0,0.0,165.0,timber_understory,7028.0,132.0,118.0,35.0,2028.0,103.0,1.0
fire_02063,Hilldale Fire,2024-07-07,2024,7,37.081199,-120.998125,10.4,2.4336133554004498,C,Small,102.3928571428572,71.51000000000008,3.532857142857143,3.785714285714285,15.3,0.0,76.85714285714286,64.14285714285714,6.142857142857143,10.13,57.272755,1.0,0.8290375725550417,0.5591929034707469,-1,,0.0,0.0,0.0,0.0,0.0,121.0,grass_shrub,9301.0,322.0,305.0,0.0,2270.0,122.0,0.0
fire_02064,Tesla Fire,2024-07-08,2024,7,37.66504,-121.696665,27.0,3.332204510175204,C,Small,101.62142857142871,66.65,3.3442857142857148,3.5,14.457142857142856,0.0,68.28571428571429,50.142857142857146,6.814285714285715,11.81,219.47055,1.0,-0.1218693434051471,-0.992546151641322,-1,,0.0,0.0,0.0,0.0,0.0,102.0,grass,9301.0,333.0,303.0,0.0,2967.0,123.0,0.0
fire_02065,Sand Fire,2024-07-08,2024,7,36.640352,-119.242623,31.0,3.4657359027997265,C,Small,102.9071428571429,78.91571428571434,4.042857142857143,2.571428571428572,15.814285714285717,0.5,87.28571428571429,62.57142857142857,5.085714285714286,7.806666666666667,173.97649,1.0,-0.9961946980917455,-0.0871557427476579,-1,,0.0,0.0,0.0,0.0,0.0,102.0,grass,9301.0,346.0,304.0,0.0,2270.0,124.0,0.0
fire_02066,Mina Fire,2024-07-08,2024,7,39.970543,-123.38746,98.0,4.59511985013459,C,Small,97.07000000000006,74.4928571428572,3.5142857142857147,5.299999999999999,18.057142857142857,0.0,74.85714285714286,63.285714285714285,5.842857142857143,9.74,646.51294,7.0,-0.9510565162951536,-0.3090169943749473,-1,,0.0,0.0,0.0,0.0,0.0,165.0,timber_understory,7030.0,167.0,124.0,65.0,2030.0,106.0,1.0
fire_02067,Bogus Fire,2024-07-08,2024,7,41.884429,-122.392257,411.0,6.021023349349527,E,Medium,96.58142857142869,60.915714285714344,2.932857142857143,2.8571428571428577,16.8,0.4,75.28571428571429,57.285714285714285,6.757142857142857,9.413333333333334,824.055,5.0,0.9781476007338056,-0.2079116908177598,0,D0,0.0,1.0,0.0,0.0,0.0,91.0,nonburnable_or_other,7296.0,22.0,22.0,0.0,2902.0,22.0,0.0
fire_02068,Franklin Fire,2024-07-08,2024,7,35.591462,-120.645939,53.0,3.9889840465642745,C,Small,102.85571428571447,58.96142857142862,3.2214285714285715,3.428571428571428,13.3,0.0,65.14285714285714,56.142857142857146,8.657142857142857,12.336666666666666,264.4691,1.0,0.9563047559630354,0.2923717047227367,-1,,0.0,0.0,0.0,0.0,0.0,102.0,grass,9301.0,346.0,304.0,0.0,2270.0,124.0,0.0
fire_02069,Caliente Fire,2024-07-08,2024,7,35.273067,-118.651434,60.0,4.110873864173311,C,Small,102.7785714285715,79.5071428571428,4.317142857142857,3.085714285714286,11.042857142857144,0.0,90.85714285714286,70.42857142857143,4.485714285714286,7.296666666666668,525.7172,5.0,0.9945218953682732,0.1045284632676534,-1,,0.0,0.0,0.0,0.0,0.0,102.0,grass,9301.0,339.0,304.0,0.0,2270.0,123.0,0.0
fire_02070,Cow 2 Fire,2024-07-09,2024,7,36.026333,-118.801528,509.0,6.234410725718371,E,Medium,102.16142857142862,81.15285714285719,4.367142857142857,3.0428571428571423,11.542857142857144,0.0,94.0,71.57142857142857,4.1571428571428575,6.666666666666668,355.29224,6.0,-0.9993908270190958,0.0348994967025011,-1,,0.0,0.0,0.0,0.0,0.0,101.0,grass,9301.0,355.0,303.0,0.0,2270.0,123.0,0.0
fire_02071,Teresa Fire,2024-07-09,2024,7,37.201128,-121.736403,20.0,3.044522437723423,C,Small,100.4642857142857,59.91285714285706,2.8428571428571425,3.842857142857144,14.742857142857144,0.0,59.71428571428572,46.71428571428572,8.985714285714284,12.773333333333332,79.966286,1.0,-0.0871557427476582,0.9961946980917455,-1,,0.0,0.0,0.0,0.0,0.0,102.0,grass,9301.0,338.0,304.0,0.0,2270.0,123.0,0.0
fire_02072,Todd Fire,2024-07-09,2024,7,34.7192091,-118.023431,35.0,3.58351893845611,C,Small,108.41000000000008,72.53857142857159,4.955714285714286,3.385714285714285,5.471428571428572,0.0,96.71428571428572,79.28571428571429,3.6,6.593333333333333,724.8864,0.0,0.9975640502598242,0.0697564737441253,-1,,0.0,0.0,0.0,0.0,0.0,91.0,nonburnable_or_other,7299.0,25.0,25.0,0.0,2905.0,25.0,0.0
fire_02073,Panoche Fire,2024-07-09,2024,7,36.6067,-120.8765,93.0,4.543294782270004,C,Small,107.76714285714289,67.06142857142852,4.251428571428571,3.5142857142857147,9.428571428571429,0.0,84.85714285714286,67.42857142857143,5.485714285714286,7.916666666666667,433.7365,4.0,0.7986355100472928,0.6018150231520483,-1,,0.0,0.0,0.0,0.0,0.0,122.0,grass_shrub,7662.0,336.0,304.0,0.0,2662.0,123.0,0.0
fire_02074,Woodland Fire,2024-07-10,2024,7,34.60698,-118.3211,20.3,3.05870707271538,C,Small,100.10428571428582,76.0357142857144,3.961428571428571,3.3999999999999995,9.342857142857143,0.0,87.14285714285714,71.57142857142857,4.385714285714285,8.576666666666666,1158.2156,12.0,0.9945218953682732,0.1045284632676534,-1,,0.0,0.0,0.0,0.0,0.0,145.0,shrub,7110.0,232.0,212.0,0.0,2110.0,113.0,0.0
fire_02075,Poppy Fire,2024-07-10,2024,7,34.43725,-118.3404,87.0,4.477336814478207,C,Small,100.61857142857153,68.86142857142852,3.431428571428572,2.7142857142857144,13.557142857142855,0.0,74.71428571428571,56.42857142857143,5.971428571428571,10.946666666666664,640.92413,2.0,-0.1218693434051471,-0.992546151641322,-1,,0.0,0.0,0.0,0.0,0.0,141.0,shrub,7110.0,234.0,219.0,0.0,2110.0,113.0,0.0
fire_02076,Point Fire,2024-07-10,2024,7,40.11416,-123.7729,85.0,4.454347296253507,C,Small,99.28142857142868,63.25571428571436,2.921428571428572,3.142857142857143,19.642857142857142,0.0,55.57142857142857,39.285714285714285,8.314285714285715,14.260000000000002,423.57956,20.0,-0.2923717047227371,-0.9563047559630352,-1,,0.0,0.0,0.0,0.0,0.0,165.0,timber_understory,7043.0,165.0,120.0,65.0,2043.0,106.0,1.0
fire_02077,Breckenridge Fire,2024-07-09,2024,7,34.400099,-118.783698,277.0,5.627621113690637,D,Medium,90.3071428571429,60.530000000000044,1.8085714285714285,3.0142857142857147,27.7,0.0,49.71428571428572,39.85714285714285,11.028571428571428,14.393333333333333,197.01843,1.0,-0.0697564737441255,-0.9975640502598242,-1,,0.0,0.0,0.0,0.0,0.0,121.0,grass_shrub,9301.0,323.0,303.0,0.0,2270.0,122.0,0.0
fire_02078,Ranch Fire,2024-07-10,2024,7,39.803617,-120.03505,20.8,3.0819099697950434,C,Small,95.81000000000009,64.02714285714296,3.29,3.114285714285714,7.785714285714286,0.0,91.28571428571428,71.85714285714286,4.385714285714285,7.253333333333333,1545.4395,4.0,0.7193398003386509,-0.6946583704589976,-1,,0.0,0.0,0.0,0.0,0.0,122.0,grass_shrub,7126.0,230.0,202.0,0.0,2126.0,113.0,0.0
fire_02079,Railbridge Fire,2024-07-11,2024,7,39.40436,-121.49395,130.0,4.875197323201151,D,Medium,106.55857142857144,72.66714285714288,3.751428571428572,2.171428571428572,20.085714285714285,0.0,80.42857142857143,54.285714285714285,5.885714285714286,9.1,103.60286,3.0,0.0871557427476578,-0.9961946980917455,-1,,0.0,0.0,0.0,0.0,0.0,122.0,grass_shrub,7264.0,135.0,122.0,35.0,2264.0,103.0,1.0
fire_02080,Carrizo 5 Fire,2024-07-11,2024,7,32.636552,-116.165773,10.0,2.3978952727983707,C,Small,102.93285714285712,78.45285714285728,4.277142857142858,2.271428571428572,10.328571428571427,0.0,84.0,59.142857142857146,4.214285714285714,9.45,952.5413,11.0,-0.7771459614569708,-0.6293203910498376,-1,,0.0,0.0,0.0,0.0,0.0,121.0,grass_shrub,9310.0,219.0,207.0,0.0,2275.0,111.0,0.0
fire_02081,Bluff Fire,2024-07-12,2024,7,33.95319,-116.87638,50.0,3.9318256327243257,C,Small,100.64428571428574,72.41000000000008,3.565714285714286,2.4857142857142853,13.271428571428572,0.0,79.57142857142857,57.285714285714285,5.4,9.676666666666666,888.3447,6.0,-0.9986295347545738,-0.0523359562429435,-1,,0.0,0.0,0.0,0.0,0.0,122.0,grass_shrub,7118.0,128.0,115.0,25.0,2118.0,102.0,1.0
fire_02082,Ranch Fire,2024-07-12,2024,7,35.9001968,-120.433304,29.2,3.407841924380824,C,Small,105.94142857142856,65.82714285714286,3.875714285714285,2.6,10.528571428571428,0.0,73.85714285714286,55.142857142857146,5.985714285714287,11.766666666666664,477.2881,3.0,-0.2419218955996677,-0.9702957262759964,-1,,0.0,0.0,0.0,0.0,0.0,102.0,grass,9301.0,356.0,304.0,0.0,2270.0,125.0,0.0
fire_02083,Athens Fire,2024-07-12,2024,7,38.8364594,-121.332377,260.3,5.565669172526567,D,Medium,106.94428571428574,68.65571428571447,3.832857142857143,2.171428571428572,14.857142857142858,0.0,81.0,55.285714285714285,6.071428571428571,9.116666666666667,37.135178,0.0,0.8910065241883679,0.4539904997395467,-1,,0.0,0.0,0.0,0.0,0.0,102.0,grass,9301.0,334.0,304.0,0.0,2270.0,123.0,0.0
fire_02084,Pauba Fire,2024-07-12,2024,7,33.485557,-117.02173,101.0,4.624972813284271,D,Medium,94.9357142857143,65.6214285714286,2.2442857142857138,2.857142857142857,26.028571428571432,0.0,58.42857142857143,44.85714285714285,9.37142857142857,12.69333333333333,418.14383,7.0,0.559192903470747,-0.8290375725550416,-1,,0.0,0.0,0.0,0.0,0.0,93.0,nonburnable_or_other,7981.0,61.0,61.0,0.0,2961.0,61.0,0.0
fire_02085,Indiana Fire,2024-07-12,2024,7,37.112938,-120.595644,20.0,3.044522437723423,C,Small,105.35000000000011,68.52714285714286,3.597142857142857,4.114285714285715,15.085714285714287,0.0,76.14285714285714,68.71428571428571,6.671428571428571,10.143333333333334,30.164146,0.0,0.9945218953682732,-0.1045284632676534,-1,,0.0,0.0,0.0,0.0,0.0,122.0,grass_shrub,9829.0,349.0,302.0,0.0,2280.0,124.0,0.0
fire_02086,Pilot Fire,2024-07-12,2024,7,35.2928626,-119.242617,50.0,3.9318256327243257,C,Small,109.38714285714305,74.33857142857158,4.842857142857143,3.3285714285714287,8.1,0.0,95.71428571428572,76.57142857142857,4.042857142857143,6.486666666666666,96.65891,0.0,-0.838670567945424,-0.5446390350150271,-1,,0.0,0.0,0.0,0.0,0.0,102.0,grass,7129.0,327.0,303.0,0.0,2129.0,122.0,0.0
fire_02087,Hurricane Fire,2024-07-13,2024,7,35.199333,-119.695667,12703.0,9.449672183486918,G,Extreme,100.67000000000006,77.55285714285728,4.284285714285715,3.4,7.914285714285714,0.0,99.14285714285714,79.85714285714286,3.314285714285714,6.300000000000001,853.00964,8.0,-0.4539904997395469,-0.8910065241883678,-1,,0.0,0.0,0.0,0.0,0.0,99.0,nonburnable_or_other,9062.0,31.0,31.0,0.0,31.0,31.0,0.0
fire_02088,Soda Fire,2024-07-13,2024,7,35.009077,-119.531779,161.0,5.087596335232384,D,Medium,101.93000000000004,74.7500000000001,4.311428571428571,3.171428571428572,6.8571428571428585,0.0,99.85714285714286,78.42857142857143,3.2857142857142856,6.116666666666666,883.6495,6.0,0.8746197071393957,0.484809620246337,-1,,0.0,0.0,0.0,0.0,0.0,102.0,grass,9301.0,340.0,304.0,0.0,2270.0,124.0,0.0
fire_02089,White Fire,2024-07-13,2024,7,34.963024,-118.533425,5563.0,8.624072553043334,G,Extreme,93.7785714285715,76.21571428571434,3.637142857142857,3.557142857142857,7.385714285714284,0.0,98.42857142857144,81.0,3.2285714285714286,6.386666666666667,1485.852,20.0,-0.7771459614569709,0.6293203910498374,-1,,0.0,0.0,0.0,0.0,0.0,101.0,grass,7029.0,335.0,303.0,0.0,2029.0,103.0,0.0
fire_02090,2024 SQF Lightning Complex,2024-07-13,2024,7,35.986772,-118.311422,33026.0,10.405080687738511,G,Extreme,83.77571428571432,43.73857142857148,2.1128571428571425,2.771428571428572,5.685714285714285,0.0,84.14285714285714,64.42857142857143,4.371428571428572,9.613333333333332,2355.0798,9.0,-0.8290375725550416,0.5591929034707469,-1,,0.0,0.0,0.0,0.0,0.0,99.0,nonburnable_or_other,9213.0,100.0,100.0,0.0,2002.0,100.0,0.0
fire_02091,Minor Fire,2024-07-13,2024,7,34.67478,-118.253976,50.0,3.9318256327243257,C,Small,109.79857142857146,76.21571428571434,5.220000000000001,3.8,5.242857142857143,0.0,101.42857142857144,86.85714285714286,3.128571428571429,5.783333333333333,729.14703,1.0,0.848048096156426,0.5299192642332049,-1,,0.0,0.0,0.0,0.0,0.0,101.0,grass,9810.0,335.0,303.0,0.0,2967.0,123.0,0.0
fire_02092,Rancho Fire,2024-07-13,2024,7,35.10343,-118.746636,9950.0,9.205428327615165,G,Extreme,103.37000000000006,82.3357142857143,4.682857142857143,3.242857142857143,7.271428571428572,0.0,97.57142857142856,77.57142857142857,3.3000000000000003,6.72,551.5334,17.0,-0.6819983600624986,-0.7313537016191705,-1,,0.0,0.0,0.0,0.0,0.0,101.0,grass,9301.0,355.0,303.0,0.0,2270.0,123.0,0.0
fire_02093,Packsaddle Fire,2024-07-13,2024,7,35.9273945,-118.429923,47.0,3.871201010907891,C,Small,89.9214285714287,67.47285714285714,3.0942857142857143,2.971428571428571,5.7,0.0,95.0,73.71428571428571,3.157142857142857,7.593333333333334,2338.3264,19.0,0.7431448254773942,-0.6691306063588581,-1,,0.0,0.0,0.0,0.0,0.0,165.0,timber_understory,7028.0,137.0,117.0,35.0,2028.0,103.0,1.0
fire_02094,Horse Fire (Previously 3-7),2024-07-13,2024,7,40.9067636,-121.179979,42.0,3.7612001156935615,C,Small,95.50142857142865,64.25857142857144,3.0028571428571427,2.814285714285714,13.614285714285714,0.0,85.85714285714286,64.14285714285714,4.785714285714286,8.386666666666667,1295.3943,3.0,-0.3907311284892738,-0.9205048534524404,0,D0,0.0,1.0,0.0,0.0,0.0,165.0,timber_understory,7027.0,135.0,117.0,35.0,2027.0,103.0,1.0
fire_02095,Rim Fire,2024-07-13,2024,7,40.90368,-121.160755,1262.0,7.141245122350491,F,Large,94.5500000000001,66.62428571428568,3.032857142857143,2.900000000000001,13.157142857142858,0.0,87.85714285714286,66.0,4.442857142857143,8.123333333333333,1360.1497,6.0,0.3746065934159119,-0.9271838545667874,0,D0,0.0,1.0,0.0,0.0,0.0,122.0,grass_shrub,9011.0,332.0,304.0,0.0,2225.0,123.0,0.0
fire_02096,Quality Fire,2024-07-13,2024,7,36.576457,-118.057587,51.0,3.951243718581428,C,Small,104.99000000000002,75.05857142857144,4.842857142857143,2.7,3.571428571428572,0.4,109.14285714285714,80.57142857142857,2.3428571428571425,4.453333333333333,1122.5552,2.0,-0.1908089953765448,0.981627183447664,-1,,0.0,0.0,0.0,0.0,0.0,102.0,grass,7987.0,359.0,301.0,0.0,2967.0,125.0,0.0
fire_02097,Mcnab Fire,2024-07-14,2024,7,39.041985,-123.15297,10.0,2.3978952727983707,C,Small,102.0071428571429,60.4785714285715,3.1642857142857146,7.614285714285714,15.628571428571428,0.0,76.0,89.71428571428571,6.557142857142857,9.283333333333331,200.6693,9.0,0.754709580222772,0.6560590289905073,-1,,0.0,0.0,0.0,0.0,0.0,122.0,grass_shrub,9829.0,339.0,303.0,0.0,2280.0,123.0,0.0
fire_02098,Solar Fire,2024-07-14,2024,7,35.856649,-120.278024,11.0,2.4849066497880004,C,Small,102.75285714285718,71.22714285714287,3.855714285714285,2.571428571428572,11.171428571428567,0.0,86.85714285714286,63.0,4.6571428571428575,8.776666666666666,537.4767,5.0,0.573576436351046,-0.8191520442889918,-1,,0.0,0.0,0.0,0.0,0.0,102.0,grass,9301.0,331.0,303.0,0.0,2270.0,123.0,0.0
fire_02099,Laura Fire,2024-07-14,2024,7,35.56702,-118.40739,77.3,4.360547602996758,C,Small,97.48142857142858,74.44142857142856,3.804285714285714,3.628571428571429,6.771428571428572,1.4,95.28571428571428,71.71428571428571,3.3,6.409999999999999,1186.8757,6.0,0.7986355100472928,0.6018150231520483,-1,,0.0,0.0,0.0,0.0,0.0,144.0,shrub,7105.0,242.0,206.0,0.0,2105.0,114.0,0.0
fire_02100,Dewey Fire,2024-07-14,2024,7,41.765149,-122.353169,109.0,4.700480365792417,D,Medium,98.4071428571429,67.24142857142856,3.1099999999999994,2.314285714285714,16.9,0.0,79.14285714285714,55.285714285714285,5.357142857142857,9.78,1013.9726,5.0,-0.8987940462991669,-0.4383711467890774,1,D1,1.0,1.0,1.0,0.0,0.0,102.0,grass,9828.0,373.0,304.0,0.0,2279.0,127.0,0.0
fire_02101,Pickett Fire,2024-07-14,2024,7,40.3464,-123.362,22.0,3.1354942159291497,C,Small,93.5214285714287,65.72428571428578,2.602857142857143,2.185714285714286,23.47142857142857,0.0,72.28571428571429,43.42857142857143,6.285714285714286,9.833333333333334,1706.3766,7.0,-0.3255681544571566,-0.9455185755993168,-1,,0.0,0.0,0.0,0.0,0.0,188.0,timber_litter,7028.0,141.0,119.0,45.0,2028.0,104.0,1.0
fire_02102,Lost Hills Fire,2024-07-14,2024,7,35.636093,-119.669093,4032.0,8.302265794873367,F,Large,110.82714285714286,75.80428571428583,5.018571428571428,3.0857142857142854,8.871428571428572,0.0,94.71428571428572,73.42857142857143,4.1571428571428575,6.593333333333333,73.18059,0.0,0.2249510543438649,0.9743700647852352,-1,,0.0,0.0,0.0,0.0,0.0,182.0,timber_litter,9829.0,335.0,303.0,0.0,2280.0,122.0,0.0
fire_02103,Holloway Fire,2024-07-14,2024,7,35.6453,-119.76107,10.0,2.3978952727983707,C,Small,109.79857142857156,75.75285714285718,4.905714285714287,3.257142857142857,9.014285714285714,0.0,95.14285714285714,75.14285714285714,4.142857142857143,6.493333333333334,124.833275,0.0,-0.5591929034707466,-0.8290375725550418,-1,,0.0,0.0,0.0,0.0,0.0,91.0,nonburnable_or_other,7297.0,23.0,23.0,0.0,2903.0,23.0,0.0
fire_02104,Paradise Fire,2024-07-15,2024,7,41.787938,-122.516407,101.0,4.624972813284271,D,Medium,100.69571428571427,66.57285714285715,3.172857142857143,2.2857142857142856,18.2,0.0,78.0,48.285714285714285,5.771428571428571,8.66,907.88184,10.0,-0.7660444431189779,0.6427876096865395,1,D1,1.0,1.0,1.0,0.0,0.0,102.0,grass,7105.0,219.0,218.0,0.0,2105.0,111.0,0.0
fire_02105,5 Fire,2024-07-15,2024,7,35.784624,-119.779871,348.0,5.855071922202427,E,Medium,109.15571428571425,74.51857142857152,4.684285714285714,3.5,10.257142857142858,0.0,93.42857142857144,76.42857142857143,4.4,6.700000000000001,70.17769,0.0,0.3090169943749474,0.9510565162951536,-1,,0.0,0.0,0.0,0.0,0.0,102.0,grass,7129.0,331.0,303.0,0.0,2129.0,123.0,0.0
fire_02106,Point Fire,2024-07-15,2024,7,41.7975,-121.369,298.0,5.700443573390687,D,Medium,95.24428571428574,54.71857142857142,2.4828571428571427,2.642857142857143,16.500000000000004,0.0,68.0,50.57142857142857,7.299999999999999,11.523333333333335,1259.1605,2.0,0.9993908270190958,-0.0348994967025008,0,D0,0.0,1.0,0.0,0.0,0.0,102.0,grass,7123.0,345.0,303.0,0.0,2123.0,124.0,0.0
fire_02107,San Joaquin Fire,2024-07-15,2024,7,38.979194,-122.684661,8.43,2.2438960966453663,B,Small,101.90428571428562,67.8071428571428,3.367142857142857,3.242857142857144,15.814285714285711,0.0,80.28571428571429,56.142857142857146,5.657142857142857,8.286666666666667,421.7097,4.0,-0.7771459614569708,-0.6293203910498376,-1,,0.0,0.0,0.0,0.0,0.0,91.0,nonburnable_or_other,7299.0,25.0,25.0,0.0,2905.0,25.0,0.0
fire_02108,Hill Fire,2024-07-15,2024,7,40.7721611,-123.63975,7224.0,8.885302512980633,G,Extreme,93.98428571428576,71.5357142857143,2.9257142857142857,4.1000000000000005,22.67142857142857,0.0,75.14285714285714,54.285714285714285,5.342857142857143,9.82,1181.9216,20.0,-0.0348994967025009,0.9993908270190958,-1,,0.0,0.0,0.0,0.0,0.0,142.0,shrub,7043.0,155.0,118.0,35.0,2043.0,106.0,1.0
fire_02109,Willow Fire,2024-07-16,2024,7,34.92221,-118.257558,174.6,5.168208681201016,D,Medium,105.68428571428586,77.3214285714287,4.715714285714285,4.3,7.671428571428572,0.0,105.57142857142856,94.71428571428572,2.8428571428571425,4.856666666666667,862.47754,5.0,-0.3420201433256685,-0.9396926207859084,-1,,0.0,0.0,0.0,0.0,0.0,102.0,grass,7082.0,220.0,204.0,0.0,2082.0,112.0,0.0
fire_02110,Sentinel Fire,2024-07-14,2024,7,36.759833,-118.663333,258.0,5.556828061699537,D,Medium,88.8928571428571,65.72428571428568,2.7857142857142856,2.0571428571428574,12.742857142857144,0.6,88.28571428571429,58.42857142857143,4.214285714285714,8.016666666666667,2385.2683,33.0,0.9975640502598242,-0.0697564737441256,-1,,0.0,0.0,0.0,0.0,0.0,165.0,timber_understory,7028.0,138.0,113.0,35.0,2028.0,103.0,1.0
fire_02111,Sloane Fire,2024-07-17,2024,7,32.773489,-116.803223,14.0,2.70805020110221,C,Small,89.84428571428575,63.5642857142858,1.6757142857142855,2.6000000000000005,33.47142857142857,0.0,52.42857142857143,38.85714285714285,10.642857142857142,13.363333333333332,336.34857,9.0,0.9945218953682732,0.1045284632676534,-1,,0.0,0.0,0.0,0.0,0.0,122.0,grass_shrub,7092.0,235.0,215.0,0.0,2092.0,113.0,0.0
fire_02112,Ducor 2 Fire,2024-07-18,2024,7,35.96289,-119.0507,142.0,4.962844630259907,D,Medium,103.19000000000003,72.5642857142858,3.915714285714286,3.128571428571429,12.971428571428572,0.0,92.57142857142856,71.14285714285714,4.642857142857143,6.569999999999998,144.6352,1.0,0.882947592858927,-0.4694715627858908,-1,,0.0,0.0,0.0,0.0,0.0,101.0,grass,7913.0,16.0,16.0,0.0,2916.0,16.0,0.0
fire_02113,Tire Fire,2024-07-18,2024,7,36.29538,-120.267799,16.0,2.833213344056216,C,Small,104.68142857142858,71.09857142857156,4.021428571428571,2.771428571428572,11.971428571428572,0.0,90.57142857142856,66.71428571428571,5.014285714285713,6.746666666666668,164.08305,3.0,0.2419218955996676,0.9702957262759964,-1,,0.0,0.0,0.0,0.0,0.0,102.0,grass,9301.0,352.0,304.0,0.0,2270.0,125.0,0.0
fire_02114,Dorado Fire,2024-07-18,2024,7,36.29802,-120.211458,43.0,3.784189633918261,C,Small,105.76142857142852,70.71285714285716,4.088571428571429,2.7857142857142856,11.8,0.0,90.57142857142856,66.85714285714286,5.114285714285715,6.676666666666668,106.20454,0.0,0.848048096156426,0.5299192642332049,-1,,0.0,0.0,0.0,0.0,0.0,102.0,grass,7980.0,130.0,111.0,35.0,2960.0,103.0,1.0
fire_02115,Panoche Fire,2024-07-19,2024,7,36.606754,-120.876583,37.0,3.6375861597263857,C,Small,102.08428571428576,59.81000000000008,3.4042857142857144,3.3999999999999995,11.442857142857145,0.0,85.57142857142857,66.14285714285714,5.957142857142857,6.890000000000001,433.7365,4.0,0.7986355100472928,0.6018150231520483,-1,,0.0,0.0,0.0,0.0,0.0,122.0,grass_shrub,7662.0,336.0,304.0,0.0,2662.0,123.0,0.0
fire_02116,Liberty Fire,2024-07-19,2024,7,38.2391935,-121.0869519,104.1,4.6549122778829055,D,Medium,95.91285714285716,62.63857142857148,2.68,2.8,18.514285714285712,0.0,76.28571428571429,57.142857142857146,7.385714285714286,8.866666666666667,63.14285,1.0,-0.90630778703665,-0.4226182617406993,-1,,0.0,0.0,0.0,0.0,0.0,102.0,grass,7934.0,339.0,303.0,0.0,2911.0,123.0,0.0
fire_02117,Deer Fire,2024-07-19,2024,7,34.5938959,-118.063529,272.0,5.60947179518496,D,Medium,100.2071428571429,74.21000000000008,3.822857142857143,3.8,11.585714285714284,0.0,98.57142857142856,82.14285714285714,3.857142857142857,5.643333333333331,785.73083,1.0,0.9986295347545738,0.0523359562429438,-1,,0.0,0.0,0.0,0.0,0.0,161.0,timber_understory,9534.0,221.0,210.0,0.0,2155.0,112.0,0.0
fire_02118,Abbey Fire,2024-07-19,2024,7,34.083439,-117.139626,10.0,2.3978952727983707,C,Small,94.1642857142857,67.47285714285714,2.317142857142857,2.8857142857142857,24.65714285714285,0.0,72.71428571428571,54.57142857142857,7.457142857142856,9.79,480.82617,3.0,0.5150380749100542,-0.8571673007021123,-1,,0.0,0.0,0.0,0.0,0.0,91.0,nonburnable_or_other,7297.0,23.0,23.0,0.0,2903.0,23.0,0.0
fire_02119,Fork Fire,2024-07-19,2024,7,34.239686,-117.76113,301.0,5.71042701737487,E,Medium,86.24428571428574,67.2928571428572,2.1185714285714288,2.814285714285714,23.37142857142857,0.0,82.0,59.285714285714285,6.171428571428571,7.826666666666669,839.1252,12.0,-0.2923717047227371,-0.9563047559630352,-1,,0.0,0.0,0.0,0.0,0.0,121.0,grass_shrub,7110.0,355.0,303.0,0.0,2110.0,113.0,0.0
fire_02120,La Tuna Fire,2024-07-19,2024,7,34.23514,-118.30239,43.0,3.784189633918261,C,Small,90.10142857142864,63.9500000000001,1.912857142857143,2.6142857142857143,27.67142857142857,0.3,65.28571428571429,47.57142857142857,8.628571428571428,10.94666666666667,499.09915,9.0,0.838670567945424,-0.544639035015027,-1,,0.0,0.0,0.0,0.0,0.0,142.0,shrub,7110.0,234.0,215.0,0.0,2110.0,113.0,0.0
fire_02121,Lehi Fire,2024-07-19,2024,7,38.8807773,-121.156605,9.0,2.302585092994046,B,Small,98.0214285714287,66.1357142857144,3.1185714285714283,2.157142857142857,16.4,0.0,84.42857142857143,56.71428571428572,5.714285714285714,7.953333333333332,249.9335,3.0,0.2419218955996674,-0.9702957262759966,-1,,0.0,0.0,0.0,0.0,0.0,163.0,timber_understory,9302.0,149.0,137.0,45.0,2271.0,104.0,1.0
fire_02122,Lookout Fire,2024-07-19,2024,7,37.3137,-119.6859,11.0,2.4849066497880004,C,Small,93.98428571428576,71.92142857142849,2.8842857142857143,1.328571428571429,20.84285714285713,0.7,77.14285714285714,39.85714285714285,5.9,9.02,1227.6766,13.0,0.9961946980917455,-0.0871557427476583,-1,,0.0,0.0,0.0,0.0,0.0,122.0,grass_shrub,7029.0,143.0,125.0,45.0,2029.0,104.0,1.0
fire_02123,Ridge Fire,2024-07-20,2024,7,39.0329124,-122.457217,2756.0,7.921898411023797,F,Large,97.94428571428574,69.06714285714298,3.301428571428571,2.7142857142857144,15.342857142857143,0.0,87.71428571428571,53.85714285714285,5.042857142857144,6.373333333333332,686.21625,7.0,-0.4226182617406993,0.90630778703665,-1,,0.0,0.0,0.0,0.0,0.0,121.0,grass_shrub,7105.0,355.0,303.0,0.0,2105.0,113.0,0.0
fire_02124,Tin Fire,2024-07-20,2024,7,33.847742,-117.461546,125.0,4.836281906951478,D,Medium,92.18428571428576,64.38714285714305,1.8785714285714288,2.900000000000001,29.5,0.0,52.85714285714285,41.285714285714285,11.271428571428572,12.89,438.45367,2.0,-0.6946583704589974,0.7193398003386511,-1,,0.0,0.0,0.0,0.0,0.0,121.0,grass_shrub,9301.0,323.0,303.0,0.0,2270.0,122.0,0.0
fire_02125,Rios Fire,2024-07-20,2024,7,39.635533,-123.344954,6.4,2.0014800002101243,B,Small,95.47571428571432,56.389999999999915,2.467142857142857,4.171428571428572,20.857142857142858,0.0,72.28571428571429,54.85714285714285,7.399999999999999,9.003333333333334,401.833,8.0,-0.754709580222772,0.6560590289905073,-1,,0.0,0.0,0.0,0.0,0.0,122.0,grass_shrub,7261.0,158.0,126.0,55.0,2261.0,105.0,1.0
fire_02126,Coyote Fire,2024-07-20,2024,7,38.031044,-120.852597,203.0,5.318119993844216,D,Medium,95.29571428571428,64.51571428571424,2.698571428571429,2.771428571428572,18.62857142857143,0.0,80.42857142857143,59.142857142857146,6.785714285714287,8.146666666666667,113.816536,1.0,-0.1908089953765446,-0.981627183447664,-1,,0.0,0.0,0.0,0.0,0.0,102.0,grass,9301.0,331.0,305.0,0.0,2270.0,123.0,0.0
fire_02127,Peach Fire,2024-07-20,2024,7,36.1933173,-120.777302,80.0,4.394449154672439,C,Small,92.38999999999992,64.67000000000006,2.6671428571428573,3.2285714285714286,15.414285714285716,0.0,81.85714285714286,60.285714285714285,5.671428571428571,8.46,776.01514,8.0,-0.5591929034707466,-0.8290375725550418,-1,,0.0,0.0,0.0,0.0,0.0,102.0,grass,9301.0,339.0,303.0,0.0,2270.0,123.0,0.0
fire_02128,Eagle Fire,2024-07-21,2024,7,33.824352,-117.502905,1609.0,7.383989457978509,F,Large,92.54428571428585,65.03000000000004,2.045714285714286,3.042857142857143,27.828571428571426,0.0,56.57142857142857,45.142857142857146,10.37142857142857,12.08,278.36493,4.0,-0.2588190451025206,-0.9659258262890684,-1,,0.0,0.0,0.0,0.0,0.0,122.0,grass_shrub,7092.0,230.0,208.0,0.0,2092.0,113.0,0.0
fire_02129,Hawarden Fire,2024-07-21,2024,7,33.9278521,-117.3727011,588.0,6.3784261836515865,E,Medium,95.91285714285726,65.8785714285715,2.25,2.8000000000000003,25.15714285714285,0.0,55.42857142857143,42.85714285714285,10.742857142857142,12.38,315.103,4.0,0.656059028990507,-0.7547095802227722,-1,,0.0,0.0,0.0,0.0,0.0,122.0,grass_shrub,7092.0,223.0,216.0,0.0,2092.0,112.0,0.0
fire_02130,Canyon Fire,2024-07-21,2024,7,37.47012,-121.24303,15.0,2.772588722239781,C,Small,97.3785714285714,62.84428571428574,2.9171428571428573,4.142857142857143,15.6,0.0,77.42857142857143,60.142857142857146,6.885714285714286,7.96,190.8002,2.0,-0.224951054343865,0.9743700647852352,-1,,0.0,0.0,0.0,0.0,0.0,144.0,shrub,9301.0,336.0,302.0,0.0,2105.0,112.0,0.0
fire_02131,Wasioja Fire,2024-07-21,2024,7,34.9842984,-119.782853,70.0,4.262679877041316,C,Small,99.02428571428578,64.77285714285725,3.3114285714285714,3.285714285714286,11.385714285714286,0.0,92.42857142857144,73.14285714285714,4.742857142857143,6.829999999999998,590.9795,3.0,0.9335804264972016,0.3583679495453002,-1,,0.0,0.0,0.0,0.0,0.0,91.0,nonburnable_or_other,7299.0,25.0,25.0,0.0,2905.0,25.0,0.0
fire_02132,Columbia Fire,2024-07-22,2024,7,33.999524,-117.32122,57.7,4.072439726834051,C,Small,95.75857142857144,67.65285714285729,2.467142857142857,2.9857142857142853,22.82857142857143,0.0,64.57142857142857,50.42857142857143,8.914285714285715,11.15,329.24805,9.0,0.8480480961564258,-0.529919264233205,-1,,0.0,0.0,0.0,0.0,0.0,91.0,nonburnable_or_other,7297.0,23.0,23.0,0.0,2903.0,23.0,0.0
fire_02133,Tar Fire,2024-07-22,2024,7,35.960403,-120.154889,32.0,3.49650756146648,C,Small,100.56714285714288,69.14428571428574,3.631428571428572,2.7142857142857144,11.671428571428567,0.0,92.85714285714286,67.57142857142857,4.828571428571429,6.359999999999999,361.23578,2.0,0.984807753012208,0.1736481776669303,-1,,0.0,0.0,0.0,0.0,0.0,121.0,grass_shrub,9301.0,327.0,303.0,0.0,2270.0,122.0,0.0
fire_02134,Gold Complex,2024-07-22,2024,7,39.726014,-120.535158,3007.0,8.00903068506973,F,Large,88.84142857142857,52.301428571428644,2.217142857142857,2.9857142857142853,15.55714285714286,3.6,77.28571428571429,46.71428571428572,6.314285714285714,7.746666666666668,1446.5756,12.0,-0.0871557427476582,-0.9961946980917455,0,D0,0.0,1.0,0.0,0.0,0.0,165.0,timber_understory,7027.0,146.0,123.0,45.0,2027.0,104.0,1.0
fire_02135,Pencil Fire,2024-07-22,2024,7,41.80078,-120.519727,396.0,5.983936280687191,E,Medium,91.23285714285723,55.875714285714324,2.31,2.3000000000000003,15.8,1.5,75.0,47.42857142857143,6.857142857142857,9.026666666666667,1518.492,6.0,-0.1736481776669303,0.984807753012208,0,D0,0.0,1.0,0.0,0.0,0.0,122.0,grass_shrub,7017.0,133.0,116.0,35.0,2017.0,103.0,1.0
fire_02136,Juniper Fire,2024-07-22,2024,7,33.757839,-117.112942,15.0,2.772588722239781,C,Small,95.47571428571432,70.14714285714302,2.707142857142857,3.157142857142857,20.914285714285715,0.0,70.85714285714286,56.0,7.685714285714285,10.346666666666666,586.1906,9.0,-0.9335804264972016,-0.3583679495453004,-1,,0.0,0.0,0.0,0.0,0.0,122.0,grass_shrub,9337.0,228.0,209.0,0.0,2270.0,112.0,0.0
fire_02137,Maria Fire,2024-07-23,2024,7,38.2856696,-120.656662,71.0,4.276666119016055,C,Small,95.57857142857151,68.73285714285723,2.878571428571429,2.3285714285714287,19.571428571428573,0.0,83.28571428571429,56.85714285714285,6.071428571428571,7.796666666666666,381.91385,5.0,0.9702957262759964,0.2419218955996677,-1,,0.0,0.0,0.0,0.0,0.0,101.0,grass,7030.0,136.0,109.0,0.0,2114.0,106.0,0.0
fire_02138,Border 63 Fire,2024-07-23,2024,7,32.59738,-116.568589,12.0,2.5649493574615367,C,Small,92.03000000000004,69.4785714285714,2.4257142857142857,3.8,23.514285714285712,0.0,73.71428571428571,62.42857142857143,7.185714285714286,9.863333333333337,741.3653,10.0,-0.9455185755993168,0.3255681544571566,-1,,0.0,0.0,0.0,0.0,0.0,145.0,shrub,7097.0,240.0,220.0,0.0,2097.0,114.0,0.0
fire_02139,Circle Fire,2024-07-23,2024,7,37.152487,-119.65963,49.0,3.912023005428146,C,Small,99.1785714285715,70.3785714285715,3.312857142857143,2.2,16.400000000000002,0.0,86.28571428571429,57.85714285714285,5.585714285714286,7.333333333333333,452.7319,2.0,-0.6293203910498373,0.777145961456971,-1,,0.0,0.0,0.0,0.0,0.0,144.0,shrub,7114.0,136.0,126.0,35.0,2114.0,103.0,1.0
fire_02140,Metz Fire,2024-07-23,2024,7,36.3404047,-121.199629,1100.0,7.00397413672268,F,Large,85.55,52.91857142857142,1.6700000000000002,3.414285714285714,21.41428571428572,0.0,59.0,47.42857142857143,10.44285714285714,10.98333333333333,91.32391,5.0,-0.3090169943749475,-0.9510565162951536,-1,,0.0,0.0,0.0,0.0,0.0,91.0,nonburnable_or_other,7296.0,22.0,22.0,0.0,2902.0,22.0,0.0
fire_02141,Oakdale Fire,2024-07-23,2024,7,37.430142,-120.541611,96.0,4.574710978503383,C,Small,97.3785714285715,64.85000000000011,2.9385714285714286,5.614285714285714,15.928571428571429,0.0,80.28571428571429,83.57142857142857,6.585714285714286,8.326666666666666,67.09928,0.0,0.0174524064372836,0.9998476951563912,-1,,0.0,0.0,0.0,0.0,0.0,102.0,grass,7987.0,360.0,304.0,0.0,2967.0,126.0,0.0
fire_02142,Cow Camp Fire,2024-07-23,2024,7,38.300167,-119.074167,292.0,5.680172609017068,D,Medium,80.38142857142859,53.48428571428576,1.6700000000000002,2.3285714285714283,20.87142857142857,19.200000000000003,68.57142857142857,30.428571428571427,7.971428571428571,7.470000000000001,2420.036,6.0,0.9998476951563912,0.0174524064372835,0,D0,0.0,1.0,0.0,0.0,0.0,122.0,grass_shrub,7126.0,221.0,204.0,0.0,2126.0,112.0,0.0
fire_02143,Harry Fire,2024-07-23,2024,7,41.673939,-122.369802,10.0,2.3978952727983707,C,Small,95.52714285714286,64.12999999999994,2.597142857142857,2.171428571428572,21.1,0.0,81.71428571428571,54.71428571428572,6.257142857142858,7.870000000000001,840.9509,3.0,-0.0174524064372834,0.9998476951563912,0,D0,0.0,1.0,0.0,0.0,0.0,102.0,grass,7105.0,225.0,210.0,0.0,2105.0,112.0,0.0
fire_02144,Beaver Fire,2024-07-23,2024,7,36.362544,-120.802733,19.0,2.995732273553991,C,Small,93.62428571428568,64.31000000000009,2.904285714285714,3.1142857142857143,12.585714285714287,0.0,88.85714285714286,68.85714285714286,5.228571428571429,7.319999999999999,792.957,13.0,0.838670567945424,0.5446390350150271,-1,,0.0,0.0,0.0,0.0,0.0,145.0,shrub,7105.0,245.0,222.0,0.0,2105.0,114.0,0.0
fire_02145,Acres Fire,2024-07-23,2024,7,37.081853,-120.074549,10.0,2.3978952727983707,C,Small,100.56714285714298,67.75571428571426,3.325714285714286,3.7857142857142856,14.685714285714289,0.0,83.14285714285714,71.14285714285714,6.128571428571428,7.936666666666666,93.15581,0.0,0.1045284632676529,-0.9945218953682734,-1,,0.0,0.0,0.0,0.0,0.0,102.0,grass,7980.0,119.0,111.0,15.0,2960.0,101.0,1.0
fire_02146,Grove 2 Fire,2024-07-24,2024,7,33.409448,-116.741601,863.0,6.761572768804055,E,Medium,94.8071428571429,70.43000000000004,2.814285714285714,3.457142857142857,18.8,3.7,79.0,64.14285714285714,6.471428571428571,8.446666666666667,988.3374,6.0,-0.1045284632676533,-0.9945218953682734,-1,,0.0,0.0,0.0,0.0,0.0,122.0,grass_shrub,7110.0,229.0,207.0,0.0,2110.0,112.0,0.0
fire_02147,Bullion Fire,2024-07-24,2024,7,37.51019,-120.046081,50.0,3.9318256327243257,C,Small,93.70142857142864,78.6071428571429,3.3328571428571427,1.6428571428571428,16.82857142857143,0.0,91.14285714285714,55.285714285714285,4.814285714285715,6.463333333333332,670.7414,4.0,-0.7071067811865477,-0.7071067811865475,-1,,0.0,0.0,0.0,0.0,0.0,183.0,timber_litter,7114.0,135.0,109.0,45.0,2915.0,15.0,1.0
fire_02148,Scales Fire,2024-07-24,2024,7,40.356228,-122.283667,59.0,4.0943445622221,C,Small,103.78142857142868,64.5928571428572,3.452857142857144,2.3285714285714287,16.47142857142857,0.0,77.14285714285714,47.142857142857146,6.971428571428571,7.499999999999999,142.25389,1.0,0.9781476007338056,0.2079116908177593,-1,,0.0,0.0,0.0,0.0,0.0,102.0,grass,9301.0,339.0,303.0,0.0,2270.0,123.0,0.0
fire_02149,Park Fire,2024-07-24,2024,7,39.7789,-121.76168,429603.0,12.97061913312041,G,Extreme,100.77285714285713,73.7214285714287,3.3442857142857143,1.9714285714285715,21.257142857142856,0.0,81.42857142857143,52.85714285714285,6.414285714285714,7.66,236.55528,6.0,-0.7547095802227721,-0.656059028990507,-1,,0.0,0.0,0.0,0.0,0.0,122.0,grass_shrub,7114.0,125.0,108.0,35.0,2114.0,103.0,1.0
fire_02150,Horse Fire,2024-07-24,2024,7,41.742143,-121.304529,13.0,2.6390573296152584,C,Small,94.5500000000001,52.8928571428572,2.3242857142857143,2.3714285714285714,17.37142857142857,0.0,72.28571428571429,51.42857142857143,7.985714285714287,9.913333333333334,1269.013,4.0,-0.0174524064372834,-0.9998476951563912,0,D0,0.0,1.0,0.0,0.0,0.0,93.0,nonburnable_or_other,7965.0,65.0,65.0,0.0,2965.0,65.0,0.0
fire_02151,R-6 Fire,2024-07-23,2024,7,40.914833,-120.0485,26.4,3.310543013394025,C,Small,86.37285714285714,59.24428571428574,2.327142857142857,2.9285714285714284,13.214285714285714,4.5,87.0,65.57142857142857,5.614285714285715,6.916666666666668,1994.599,8.0,-0.848048096156426,0.5299192642332049,0,D0,0.0,1.0,0.0,0.0,0.0,122.0,grass_shrub,7126.0,229.0,206.0,25.0,2019.0,102.0,1.0
fire_02152,Flora Fire,2024-07-24,2024,7,38.590922,-122.768983,36.0,3.610917912644224,C,Small,94.13857142857138,55.54142857142856,2.2271428571428573,5.071428571428571,20.528571428571432,0.0,57.142857142857146,50.42857142857143,10.885714285714284,10.626666666666669,85.09919,2.0,0.6560590289905073,0.754709580222772,-1,,0.0,0.0,0.0,0.0,0.0,163.0,timber_understory,9302.0,138.0,113.0,35.0,2271.0,104.0,1.0
fire_02153,Pentz Fire,2024-07-24,2024,7,39.638817,-121.680996,40.0,3.713572066704308,C,Small,102.59857142857146,71.71571428571434,3.3942857142857146,1.5285714285714285,20.785714285714285,0.0,77.71428571428571,44.57142857142857,6.8,7.736666666666666,74.21156,1.0,-0.4383711467890777,-0.8987940462991668,-1,,0.0,0.0,0.0,0.0,0.0,121.0,grass_shrub,9301.0,325.0,304.0,0.0,2270.0,122.0,0.0
fire_02154,Hatchett Fire,2024-07-25,2024,7,35.99271,-118.934596,18.5,2.970414465569701,C,Small,101.28714285714304,76.19000000000003,3.852857142857143,2.742857142857143,14.142857142857142,0.0,93.85714285714286,68.0,4.685714285714285,5.92,204.56859,5.0,0.2419218955996676,0.9702957262759964,-1,,0.0,0.0,0.0,0.0,0.0,102.0,grass,9301.0,331.0,304.0,0.0,2270.0,123.0,0.0
fire_02155,Acorn Fire,2024-07-25,2024,7,39.140133,-122.87667,151.0,5.0238805208462765,D,Medium,97.30142857142864,60.530000000000044,2.7157142857142853,5.628571428571427,17.67142857142857,0.0,74.85714285714286,66.14285714285714,7.399999999999999,7.893333333333333,412.3764,5.0,-0.3255681544571566,-0.9455185755993168,-1,,0.0,0.0,0.0,0.0,0.0,91.0,nonburnable_or_other,7299.0,25.0,25.0,0.0,2905.0,25.0,0.0
fire_02156,Lawton Fire,2024-07-25,2024,7,34.042687,-117.26745,17.0,2.8903717578961645,C,Small,99.87285714285714,68.88714285714305,2.801428571428571,2.842857142857143,20.985714285714288,0.0,66.71428571428571,51.142857142857146,8.457142857142857,10.77,407.38855,6.0,0.9945218953682732,-0.1045284632676534,-1,,0.0,0.0,0.0,0.0,0.0,102.0,grass,9301.0,340.0,302.0,0.0,2270.0,124.0,0.0
fire_02157,Macy Fire,2024-07-25,2024,7,33.656742,-117.383235,145.0,4.983606621708336,D,Medium,100.54142857142855,72.23000000000005,3.261428571428571,3.228571428571428,18.585714285714285,0.0,76.57142857142857,61.285714285714285,6.757142857142858,8.996666666666666,428.81342,15.0,0.5877852522924731,0.8090169943749475,-1,,0.0,0.0,0.0,0.0,0.0,142.0,shrub,7110.0,227.0,215.0,0.0,2110.0,113.0,0.0
fire_02158,Flynn Fire,2024-07-25,2024,7,37.724532,-121.69605,429.0,6.063785208687608,E,Medium,96.01571428571434,67.18999999999991,2.81,4.171428571428571,19.442857142857143,0.0,70.85714285714286,54.71428571428572,7.728571428571429,8.896666666666668,218.63417,7.0,-0.3907311284892738,-0.9205048534524404,-1,,0.0,0.0,0.0,0.0,0.0,122.0,grass_shrub,7662.0,343.0,305.0,0.0,2662.0,124.0,0.0
fire_02159,Victoria Fire,2024-07-26,2024,7,34.50523,-118.245656,10.0,2.3978952727983707,C,Small,91.10428571428582,75.7785714285715,2.765714285714286,3.885714285714286,20.471428571428568,0.0,86.42857142857143,72.28571428571429,5.414285714285714,7.406666666666665,1016.41516,2.0,0.7771459614569709,0.6293203910498374,-1,,0.0,0.0,0.0,0.0,0.0,122.0,grass_shrub,7110.0,229.0,206.0,0.0,2110.0,112.0,0.0
fire_02160,Lammers Fire,2024-07-26,2024,7,37.7146,-121.4764,20.0,3.044522437723423,C,Small,102.62428571428578,69.37571428571432,3.484285714285714,4.114285714285715,15.357142857142858,0.0,80.14285714285714,70.42857142857143,6.6,7.796666666666667,40.115047,1.0,0.6560590289905073,0.754709580222772,-1,,0.0,0.0,0.0,0.0,0.0,102.0,grass,7987.0,329.0,304.0,0.0,2967.0,122.0,0.0
fire_02161,Point Fire,2024-07-26,2024,7,38.02175,-121.99056,471.0,6.156978985585555,E,Medium,93.29000000000002,64.95285714285718,2.4328571428571424,5.6571428571428575,22.785714285714285,0.0,69.14285714285714,65.0,7.985714285714286,8.833333333333332,136.0518,3.0,0.9781476007338056,0.2079116908177593,-1,,0.0,0.0,0.0,0.0,0.0,101.0,grass,9301.0,355.0,303.0,0.0,2270.0,124.0,0.0
fire_02162,Creek Fire,2024-07-26,2024,7,37.515462,-121.830534,744.0,6.61338421837956,E,Medium,90.92428571428567,63.05,2.3485714285714288,4.342857142857143,20.25714285714286,0.0,71.85714285714286,59.285714285714285,7.514285714285713,8.943333333333333,172.96207,3.0,-0.9975640502598242,0.0697564737441255,-1,,0.0,0.0,0.0,0.0,0.0,91.0,nonburnable_or_other,7299.0,25.0,25.0,0.0,2905.0,25.0,0.0
fire_02163,Dockery Fire,2024-07-26,2024,7,36.573716,-119.601794,20.0,3.044522437723423,C,Small,104.52714285714286,73.51571428571434,4.04,2.3857142857142857,13.157142857142857,0.0,92.71428571428572,64.14285714285714,4.857142857142857,6.016666666666667,95.09173,0.0,-0.7193398003386511,-0.6946583704589973,-1,,0.0,0.0,0.0,0.0,0.0,91.0,nonburnable_or_other,7297.0,23.0,23.0,0.0,2903.0,23.0,0.0
fire_02164,Cosgrove Fire,2024-07-27,2024,7,38.222987,-120.802822,12.0,2.5649493574615367,C,Small,100.02714285714276,70.2500000000001,3.291428571428572,2.014285714285714,17.414285714285715,0.0,83.14285714285714,54.85714285714285,6.142857142857143,7.496666666666669,296.38504,2.0,-0.5735764363510464,-0.8191520442889916,-1,,0.0,0.0,0.0,0.0,0.0,102.0,grass,9301.0,342.0,303.0,0.0,2270.0,124.0,0.0
fire_02165,Riley Fire,2024-07-27,2024,7,39.418982,-123.590238,12.2,2.580216829592325,C,Small,83.72428571428578,51.3500000000001,1.4242857142857144,5.328571428571429,33.82857142857143,0.0,46.285714285714285,46.285714285714285,12.385714285714284,13.656666666666666,311.23734,8.0,0.6946583704589973,0.7193398003386512,-1,,0.0,0.0,0.0,0.0,0.0,122.0,grass_shrub,7029.0,147.0,126.0,45.0,2029.0,104.0,1.0
fire_02166,Museum Fire,2024-07-27,2024,7,33.856642,-117.204108,21.0,3.091042453358316,C,Small,100.92714285714285,70.79000000000002,2.9328571428571424,2.9571428571428577,20.685714285714283,0.0,69.71428571428571,53.85714285714285,7.857142857142857,10.343333333333334,452.66547,3.0,-0.4694715627858907,-0.882947592858927,-1,,0.0,0.0,0.0,0.0,0.0,91.0,nonburnable_or_other,7297.0,23.0,23.0,0.0,2903.0,23.0,0.0
fire_02167,Walnut Fire,2024-07-27,2024,7,33.826534,-117.257982,68.0,4.23410650459726,C,Small,101.21000000000008,70.71285714285716,2.988571428571429,3.1142857142857143,20.1,0.0,69.14285714285714,54.85714285714285,7.885714285714285,10.4,480.78046,4.0,0.5591929034707468,0.8290375725550417,-1,,0.0,0.0,0.0,0.0,0.0,102.0,grass,9301.0,332.0,303.0,0.0,2270.0,123.0,0.0
fire_02168,Walker Fire,2024-07-28,2024,7,33.731572,-117.393766,65.0,4.189654742026425,C,Small,100.13000000000004,70.19857142857146,2.887142857142857,3.242857142857143,21.285714285714285,0.0,72.0,57.71428571428572,7.428571428571429,9.9,393.70654,6.0,-0.6691306063588581,-0.7431448254773944,-1,,0.0,0.0,0.0,0.0,0.0,122.0,grass_shrub,7092.0,224.0,217.0,0.0,2092.0,112.0,0.0
fire_02169,Border 65 Fire,2024-07-28,2024,7,32.576716,-116.699961,61.0,4.127134385045092,C,Small,93.0071428571429,67.1642857142858,2.1142857142857143,3.0571428571428574,28.971428571428568,0.0,64.14285714285714,50.142857142857146,8.857142857142858,10.713333333333336,841.055,18.0,0.573576436351046,-0.8191520442889918,-1,,0.0,0.0,0.0,0.0,0.0,121.0,grass_shrub,7092.0,220.0,206.0,0.0,2092.0,112.0,0.0
fire_02170,Simpson Fire,2024-07-25,2024,7,36.98268,-118.61484,47.0,3.871201010907891,C,Small,78.11857142857153,64.41285714285716,1.5071428571428571,2.028571428571428,33.51428571428572,0.0,77.57142857142857,49.0,7.3,7.089999999999999,2127.4683,32.0,0.9781476007338056,-0.2079116908177598,-1,,0.0,0.0,0.0,0.0,0.0,165.0,timber_understory,7030.0,146.0,129.0,45.0,2030.0,104.0,1.0
fire_02171,Sunset Fire,2024-07-28,2024,7,40.368506,-124.362017,13.0,2.6390573296152584,C,Small,65.75,50.50142857142864,0.3785714285714285,6.9,61.01428571428571,0.3,31.142857142857142,36.57142857142857,17.17142857142857,14.853333333333332,6.745153,6.0,0.0174524064372831,-0.9998476951563912,-1,,0.0,0.0,0.0,0.0,0.0,98.0,nonburnable_or_other,7292.0,11.0,11.0,0.0,11.0,11.0,0.0
fire_02172,Nixon Fire,2024-07-29,2024,7,33.4773,-116.7805,5192.0,8.555066843844319,G,Extreme,93.5214285714287,66.11000000000008,2.452857142857144,3.4857142857142853,21.5,5.699999999999999,74.42857142857143,53.71428571428572,7.014285714285714,8.403333333333332,1154.2875,3.0,-0.4848096202463368,-0.8746197071393959,-1,,0.0,0.0,0.0,0.0,0.0,91.0,nonburnable_or_other,7299.0,25.0,25.0,0.0,2905.0,25.0,0.0
fire_02173,Cougar Fire,2024-07-29,2024,7,40.002008,-122.404759,9.1,2.312535423847214,B,Small,96.7357142857143,66.7785714285715,2.867142857142857,2.928571428571428,21.057142857142857,0.0,78.57142857142857,50.0,6.6571428571428575,6.913333333333332,195.36996,2.0,0.2419218955996676,0.9702957262759964,-1,,0.0,0.0,0.0,0.0,0.0,144.0,shrub,7114.0,130.0,105.0,35.0,2114.0,103.0,1.0
fire_02174,Carmen Fire,2024-07-29,2024,7,33.910649,-116.782856,11.0,2.4849066497880004,C,Small,99.20428571428582,75.5214285714287,3.4142857142857146,4.257142857142857,17.62857142857143,0.0,89.0,78.14285714285714,5.642857142857144,6.126666666666666,514.1328,2.0,-0.848048096156426,0.5299192642332049,-1,,0.0,0.0,0.0,0.0,0.0,91.0,nonburnable_or_other,7296.0,22.0,22.0,0.0,2902.0,22.0,0.0
fire_02175,Border 66 Fire,2024-07-30,2024,7,32.5736,-116.6961,300.0,5.707110264748875,E,Medium,92.54428571428573,65.31285714285715,2.1228571428571428,2.985714285714286,27.042857142857144,0.0,64.71428571428571,50.142857142857146,8.985714285714286,10.506666666666668,975.3675,14.0,-0.156434465040231,-0.9876883405951375,-1,,0.0,0.0,0.0,0.0,0.0,142.0,shrub,7110.0,227.0,214.0,0.0,2110.0,113.0,0.0
fire_02176,Italian Fire,2024-07-29,2024,7,37.1336,-119.394,46.4,3.858622228701031,C,Small,96.53000000000004,73.02714285714286,3.482857142857143,2.071428571428572,14.842857142857143,0.0,96.85714285714286,62.71428571428572,4.214285714285714,5.480000000000002,840.0411,21.0,0.9612616959383188,0.2756373558169991,-1,,0.0,0.0,0.0,0.0,0.0,102.0,grass,7105.0,228.0,216.0,0.0,2270.0,125.0,0.0
fire_02177,Pedro Fire,2024-07-30,2024,7,37.689773,-120.31848,3815.0,8.246958032568177,F,Large,96.45285714285728,70.5071428571428,3.141428571428572,5.114285714285714,17.485714285714288,0.0,87.57142857142857,84.85714285714286,5.714285714285714,6.556666666666667,327.8905,3.0,-0.0348994967025007,-0.9993908270190958,-1,,0.0,0.0,0.0,0.0,0.0,122.0,grass_shrub,7264.0,137.0,130.0,35.0,2264.0,103.0,1.0
fire_02178,Plantation Fire,2024-07-17,2024,7,41.842269,-120.341894,31.2,3.471966452550362,C,Small,92.13285714285722,59.24428571428574,2.51,2.642857142857143,15.242857142857142,1.2,79.28571428571429,53.0,5.585714285714286,8.946666666666665,1644.7345,5.0,0.9743700647852352,-0.2249510543438653,0,D0,0.0,1.0,0.0,0.0,0.0,102.0,grass,7123.0,344.0,303.0,0.0,2123.0,124.0,0.0
fire_02179,Eagle Fire,2024-07-30,2024,7,35.7205881,-120.561774,11.0,2.4849066497880004,C,Small,93.21285714285716,57.31571428571434,2.387142857142857,3.5285714285714285,18.0,0.0,72.57142857142857,60.42857142857143,8.342857142857143,8.859999999999998,316.5232,2.0,-0.0174524064372834,-0.9998476951563912,-1,,0.0,0.0,0.0,0.0,0.0,93.0,nonburnable_or_other,7981.0,61.0,61.0,0.0,2961.0,61.0,0.0
fire_02180,Borel Fire,2024-07-24,2024,7,35.515,-118.6836,59288.0,10.990179070308544,G,Extreme,98.7928571428572,73.54142857142855,3.8114285714285714,2.542857142857143,9.771428571428572,0.0,99.14285714285714,70.42857142857143,3.928571428571429,5.396666666666666,777.18286,16.0,0.7660444431189778,-0.6427876096865396,-1,,0.0,0.0,0.0,0.0,0.0,102.0,grass,9301.0,355.0,303.0,0.0,2270.0,125.0,0.0
fire_02181,Pole Fire,2024-07-30,2024,7,34.413261,-117.172494,300.0,5.707110264748875,E,Medium,90.77000000000007,70.5071428571429,2.6928571428571426,4.242857142857143,18.014285714285716,0.0,89.28571428571429,78.42857142857143,5.857142857142857,5.703333333333333,1257.1975,21.0,0.9986295347545738,0.0523359562429438,-1,,0.0,0.0,0.0,0.0,0.0,91.0,nonburnable_or_other,7299.0,25.0,25.0,0.0,2905.0,25.0,0.0
fire_02182,Happy Fire,2024-07-16,2024,7,36.850037,-118.738174,12543.0,9.436997742590188,G,Extreme,72.9500000000001,51.684285714285764,1.3685714285714283,1.8000000000000005,21.657142857142865,0.6,80.14285714285714,50.285714285714285,5.542857142857143,8.916666666666666,2411.3875,27.0,-0.9135454576426008,0.4067366430758004,-1,,0.0,0.0,0.0,0.0,0.0,161.0,timber_understory,7044.0,135.0,118.0,35.0,2044.0,104.0,1.0
fire_02183,Dino Fire,2024-07-31,2024,7,37.068124,-121.213195,15.0,2.772588722239781,C,Small,86.9642857142857,57.23857142857148,1.8928571428571423,4.285714285714286,24.15714285714285,0.0,67.57142857142857,55.42857142857143,8.77142857142857,8.766666666666667,407.02136,6.0,0.1908089953765449,0.981627183447664,-1,,0.0,0.0,0.0,0.0,0.0,102.0,grass,9301.0,346.0,304.0,0.0,2270.0,124.0,0.0
fire_02184,Alamos Fire,2024-08-02,2024,8,33.582198,-117.166941,72.0,4.290459441148391,C,Small,94.1642857142858,61.19857142857146,2.1042857142857145,3.128571428571429,23.528571428571432,0.0,56.57142857142857,45.85714285714285,10.7,11.966666666666669,425.42178,3.0,-0.7771459614569708,-0.6293203910498376,-1,,0.0,0.0,0.0,0.0,0.0,91.0,nonburnable_or_other,7296.0,22.0,22.0,0.0,2902.0,22.0,0.0
fire_02185,Tahoe Fire,2024-08-03,2024,8,37.353634,-120.507495,22.0,3.1354942159291497,C,Small,93.36714285714288,62.43285714285722,2.412857142857143,5.057142857142857,20.27142857142857,0.0,79.42857142857143,77.28571428571429,7.399999999999999,7.34,53.026154,0.0,-0.7071067811865477,-0.7071067811865475,-1,,0.0,0.0,0.0,0.0,0.0,91.0,nonburnable_or_other,7299.0,25.0,25.0,0.0,2905.0,25.0,0.0
fire_02186,Burbank Fire ,2024-08-03,2024,8,34.172602,-118.475521,75.0,4.330733340286331,C,Small,91.95285714285728,62.4071428571429,1.9085714285714288,2.7857142857142856,27.485714285714288,0.0,55.71428571428572,43.0,11.085714285714284,11.71,210.5832,0.0,-0.9135454576426008,0.4067366430758004,-1,,0.0,0.0,0.0,0.0,0.0,101.0,grass,9301.0,355.0,303.0,0.0,2270.0,123.0,0.0
fire_02187,Franklin Fire,2024-08-04,2024,8,33.671261,-117.318087,11.5,2.525728644308256,C,Small,97.7642857142858,65.26142857142862,2.801428571428571,2.942857142857143,17.285714285714285,0.0,71.57142857142857,55.42857142857143,8.0,9.523333333333335,424.63864,3.0,-0.6560590289905073,-0.754709580222772,-1,,0.0,0.0,0.0,0.0,0.0,122.0,grass_shrub,7092.0,226.0,209.0,0.0,2092.0,112.0,0.0
fire_02188,Bella Fire,2024-08-04,2024,8,35.633966,-117.970987,500.0,6.2166061010848646,E,Medium,89.1500000000001,69.27285714285713,2.847142857142857,3.0571428571428574,11.585714285714284,8.2,95.71428571428572,73.0,4.314285714285715,5.026666666666666,1308.5364,4.0,-0.2923717047227366,0.9563047559630355,-1,,0.0,0.0,0.0,0.0,0.0,101.0,grass,7082.0,355.0,303.0,0.0,2082.0,111.0,0.0
fire_02189,Gover Fire,2024-08-05,2024,8,40.393586,-122.176593,11.7,2.5416019934645457,C,Small,95.42428571428579,64.31000000000009,2.3942857142857146,3.1,25.500000000000004,0.0,73.14285714285714,50.285714285714285,8.242857142857144,7.113333333333333,119.31049,2.0,-0.0697564737441255,-0.9975640502598242,-1,,0.0,0.0,0.0,0.0,0.0,188.0,timber_litter,9129.0,131.0,113.0,35.0,2152.0,103.0,1.0
fire_02190,Kimtu Fire,2024-08-05,2024,8,40.08453,-123.807764,14.2,2.7212954278522306,C,Small,88.79000000000002,56.107142857142904,1.6242857142857143,3.9,30.728571428571428,0.0,45.57142857142857,38.71428571428572,12.928571428571429,12.95,139.06175,9.0,0.9659258262890684,0.2588190451025207,-1,,0.0,0.0,0.0,0.0,0.0,122.0,grass_shrub,7662.0,318.0,304.0,0.0,2662.0,121.0,0.0
fire_02191,Middle Fire,2024-08-04,2024,8,37.862367,-119.704567,310.0,5.739792912179234,E,Medium,74.15857142857143,55.51571428571434,1.5285714285714287,2.242857142857143,21.5,12.2,80.28571428571429,47.42857142857143,6.114285714285715,6.47,2120.638,5.0,0.5299192642332047,-0.8480480961564261,-1,,0.0,0.0,0.0,0.0,0.0,144.0,shrub,7098.0,231.0,211.0,0.0,2098.0,113.0,0.0
fire_02192,Edgehill Fire,2024-08-05,2024,8,34.1516679,-117.3043742,54.0,4.007333185232471,C,Small,99.07571428571433,68.34714285714303,3.1157142857142857,2.8,15.62857142857143,0.0,78.28571428571429,58.71428571428572,6.757142857142858,8.413333333333334,438.10767,6.0,-0.9510565162951536,0.3090169943749475,-1,,0.0,0.0,0.0,0.0,0.0,122.0,grass_shrub,7092.0,244.0,213.0,0.0,2092.0,114.0,0.0
fire_02193,Town Fire,2024-08-07,2024,8,38.217239,-120.833961,10.0,2.3978952727983707,C,Small,97.7642857142858,68.0642857142858,2.832857142857143,2.2142857142857144,20.47142857142857,0.0,76.28571428571429,52.142857142857146,7.971428571428571,7.293333333333334,233.43863,3.0,0.1045284632676534,0.9945218953682732,-1,,0.0,0.0,0.0,0.0,0.0,145.0,shrub,7105.0,251.0,224.0,0.0,2105.0,115.0,0.0
fire_02194,Silver Fire,2024-08-07,2024,8,38.7027118,-121.020844,41.3,3.744787086052232,C,Small,95.86142857142862,69.83857142857138,2.915714285714286,2.457142857142857,19.21428571428572,0.0,83.71428571428571,58.142857142857146,6.614285714285714,6.333333333333335,357.28952,5.0,0.3255681544571563,-0.945518575599317,-1,,0.0,0.0,0.0,0.0,0.0,101.0,grass,9301.0,355.0,303.0,0.0,2270.0,124.0,0.0
fire_02195,Purple Fire,2024-08-07,2024,8,39.46018,-121.35725,10.0,2.3978952727983707,C,Small,93.6500000000001,66.93285714285712,2.5142857142857147,2.242857142857143,23.557142857142857,0.3,79.0,53.0,7.3,6.893333333333334,546.75995,6.0,-0.8191520442889918,-0.5735764363510462,-1,,0.0,0.0,0.0,0.0,0.0,91.0,nonburnable_or_other,7299.0,25.0,25.0,0.0,2905.0,25.0,0.0
fire_02196,Morrison Fire,2024-08-04,2024,8,37.9043,-119.615283,30.0,3.4339872044851463,C,Small,72.6928571428571,47.3642857142858,1.3585714285714283,2.271428571428572,20.514285714285712,8.8,77.85714285714286,46.42857142857143,6.385714285714285,7.073333333333333,2198.2366,45.0,0.9702957262759964,-0.2419218955996678,-1,,0.0,0.0,0.0,0.0,0.0,161.0,timber_understory,7033.0,121.0,109.0,25.0,2033.0,102.0,1.0
fire_02197,Valley Fire,2024-08-08,2024,8,36.954837,-120.291882,55.0,4.02535169073515,C,Small,101.15857142857155,69.19571428571427,3.3071428571428574,4.585714285714286,16.357142857142858,0.0,79.57142857142857,74.14285714285714,7.228571428571429,7.143333333333333,50.587563,0.0,0.1045284632676529,-0.9945218953682734,-1,,0.0,0.0,0.0,0.0,0.0,93.0,nonburnable_or_other,7984.0,64.0,64.0,0.0,2964.0,64.0,0.0
fire_02198,Canyon Fire,2024-08-08,2024,8,37.978113,-120.21464,80.0,4.394449154672439,C,Small,94.26714285714289,69.91571428571434,2.9871428571428567,2.942857142857143,15.499999999999998,0.5,88.42857142857143,66.0,5.828571428571429,5.8,753.36584,3.0,0.0348994967025012,-0.9993908270190958,-1,,0.0,0.0,0.0,0.0,0.0,122.0,grass_shrub,7029.0,125.0,118.0,35.0,2029.0,103.0,1.0
fire_02199,Boise Fire,2024-08-09,2024,8,41.2522,-123.5113,12929.0,9.467305471765902,G,Extreme,92.00428571428583,62.7928571428572,2.407142857142857,2.071428571428572,21.74285714285714,1.0,74.0,39.57142857142857,7.485714285714287,7.1433333333333335,543.7544,19.0,0.9975640502598242,-0.0697564737441256,0,D0,0.0,1.0,0.0,0.0,0.0,188.0,timber_litter,7043.0,165.0,118.0,75.0,2043.0,107.0,1.0
fire_02200,Blue Fire,2024-08-09,2024,8,38.3073,-122.0501,60.0,4.110873864173311,C,Small,96.06714285714288,59.88714285714305,2.5585714285714287,5.228571428571429,18.24285714285714,0.0,65.28571428571429,61.285714285714285,9.928571428571429,8.35,215.16212,8.0,-0.5735764363510462,0.8191520442889917,-1,,0.0,0.0,0.0,0.0,0.0,102.0,grass,9301.0,329.0,303.0,0.0,2270.0,124.0,0.0
fire_02201,Cal Fire,2024-08-09,2024,8,35.0307313,-118.364146,59.8,4.107589788972121,C,Small,92.67285714285714,75.31571428571434,3.271428571428572,4.342857142857143,13.05714285714286,0.4,95.85714285714286,85.14285714285714,4.585714285714286,4.903333333333334,1318.4794,9.0,-0.3255681544571566,0.9455185755993168,-1,,0.0,0.0,0.0,0.0,0.0,103.0,grass,7105.0,216.0,208.0,0.0,2105.0,111.0,0.0
fire_02202,Mack Fire,2024-08-10,2024,8,33.822694,-117.282555,63.0,4.158883083359672,C,Small,100.13000000000004,69.73571428571441,3.042857142857143,3.1142857142857143,18.4,0.0,73.42857142857143,57.71428571428572,7.5,9.3,519.1424,2.0,0.9455185755993168,0.3255681544571567,-1,,0.0,0.0,0.0,0.0,0.0,121.0,grass_shrub,7914.0,17.0,17.0,0.0,2917.0,17.0,0.0
fire_02203,Summit Fire,2024-08-10,2024,8,38.324942,-120.427903,20.9,3.086486636822455,C,Small,92.77571428571422,69.9928571428572,2.6228571428571428,3.3285714285714287,22.0,1.3,81.14285714285714,63.57142857142857,6.742857142857142,6.679999999999999,997.3423,11.0,0.838670567945424,0.5446390350150271,-1,,0.0,0.0,0.0,0.0,0.0,187.0,timber_litter,7098.0,227.0,213.0,45.0,2030.0,104.0,1.0
fire_02204,Lower Fire,2024-08-10,2024,8,40.581893,-122.449341,110.0,4.709530201312334,D,Medium,99.89857142857146,68.73285714285723,3.11,2.685714285714286,19.985714285714288,0.0,78.57142857142857,50.0,7.171428571428571,6.186666666666666,222.06277,3.0,0.882947592858927,0.4694715627858908,-1,,0.0,0.0,0.0,0.0,0.0,186.0,timber_litter,7105.0,235.0,219.0,45.0,2265.0,104.0,1.0
fire_02205,Blue Fire,2024-08-10,2024,8,35.33324,-118.419612,427.0,6.059123195581797,E,Medium,95.57857142857151,68.11571428571435,3.1157142857142857,3.8142857142857145,12.085714285714284,0.4,91.71428571428572,77.71428571428571,5.3,5.583333333333334,947.89984,5.0,-0.6560590289905073,-0.754709580222772,-1,,0.0,0.0,0.0,0.0,0.0,144.0,shrub,7105.0,239.0,218.0,0.0,2105.0,113.0,0.0
fire_02206,Mission Fire,2024-08-10,2024,8,33.640118,-117.292525,11.0,2.4849066497880004,C,Small,100.9785714285715,70.32714285714286,3.051428571428571,3.142857142857143,20.37142857142857,0.0,72.85714285714286,57.57142857142857,7.714285714285714,9.133333333333333,383.87027,2.0,-0.2756373558169989,-0.961261695938319,-1,,0.0,0.0,0.0,0.0,0.0,122.0,grass_shrub,7092.0,219.0,206.0,0.0,2092.0,111.0,0.0
fire_02207,Meiss Fire,2024-08-11,2024,8,38.427179,-121.054386,108.0,4.691347882229144,D,Medium,98.68999999999991,62.921428571428706,2.927142857142857,3.3000000000000003,16.142857142857142,0.0,77.42857142857143,62.42857142857143,7.542857142857144,7.493333333333333,59.378597,0.0,-0.9510565162951536,-0.3090169943749473,-1,,0.0,0.0,0.0,0.0,0.0,122.0,grass_shrub,7662.0,340.0,303.0,0.0,2662.0,124.0,0.0
fire_02208,Turbine Fire,2024-08-12,2024,8,35.0200352,-118.3419912,329.0,5.799092654460526,E,Medium,92.4928571428572,77.14142857142856,3.367142857142857,4.957142857142856,12.628571428571428,0.4,96.85714285714286,91.85714285714286,4.414285714285714,4.859999999999999,1223.9241,8.0,-0.754709580222772,0.6560590289905073,-1,,0.0,0.0,0.0,0.0,0.0,101.0,grass,7082.0,355.0,303.0,0.0,2082.0,111.0,0.0
fire_02209,Oso Fire,2024-08-12,2024,8,37.471329,-121.23737,10.7,2.4595888418037104,C,Small,99.07571428571433,63.66714285714288,3.141428571428572,4.5857142857142845,13.014285714285714,0.0,77.14285714285714,63.57142857142857,6.957142857142858,7.1866666666666665,159.75386,5.0,0.766044443118978,0.6427876096865393,-1,,0.0,0.0,0.0,0.0,0.0,91.0,nonburnable_or_other,7299.0,25.0,25.0,0.0,2905.0,25.0,0.0
fire_02210,Reservoir Fire,2024-08-12,2024,8,39.07015,-122.509941,68.0,4.23410650459726,C,Small,93.83000000000004,67.5500000000001,2.932857142857143,2.942857142857143,14.228571428571428,0.0,83.28571428571429,53.42857142857143,5.6571428571428575,6.169999999999999,600.9867,12.0,0.5150380749100542,-0.8571673007021123,-1,,0.0,0.0,0.0,0.0,0.0,122.0,grass_shrub,7105.0,355.0,303.0,0.0,2105.0,112.0,0.0
fire_02211,Anita Fire,2024-08-12,2024,8,32.717599,-116.927749,20.0,3.044522437723423,C,Small,89.84428571428575,64.02714285714296,1.41,3.071428571428572,39.0,0.3,40.285714285714285,33.42857142857143,14.285714285714286,14.53,288.3214,13.0,1.0,0.0,-1,,0.0,0.0,0.0,0.0,0.0,122.0,grass_shrub,7092.0,232.0,218.0,0.0,2092.0,113.0,0.0
fire_02212,Queenstone Fire,2024-08-13,2024,8,38.043415,-122.562044,18.0,2.9444389791664403,C,Small,83.39000000000001,52.687142857143044,1.3385714285714287,4.057142857142857,33.8,0.0,49.285714285714285,40.42857142857143,12.585714285714284,11.223333333333333,224.00499,10.0,-0.224951054343865,0.9743700647852352,-1,,0.0,0.0,0.0,0.0,0.0,165.0,timber_understory,7043.0,153.0,118.0,55.0,2043.0,105.0,1.0
fire_02213,Papa Fire,2024-08-13,2024,8,33.3073021,-117.368598,60.0,4.110873864173311,C,Small,84.49571428571429,63.41000000000008,1.06,3.3,46.385714285714286,0.0,35.857142857142854,31.0,15.285714285714286,15.07333333333333,35.710533,3.0,-0.9455185755993168,0.3255681544571566,-1,,0.0,0.0,0.0,0.0,0.0,121.0,grass_shrub,9337.0,230.0,216.0,0.0,2270.0,113.0,0.0
fire_02214,Moon Fire,2024-08-13,2024,8,34.284624,-117.8406047,15.0,2.772588722239781,C,Small,88.35285714285729,70.2500000000001,2.4057142857142857,3.2,22.47142857142857,0.0,88.71428571428571,67.14285714285714,5.700000000000001,5.683333333333333,989.1692,13.0,-0.3090169943749475,-0.9510565162951536,-1,,0.0,0.0,0.0,0.0,0.0,145.0,shrub,7110.0,236.0,207.0,0.0,2110.0,113.0,0.0
fire_02215,Coffee Pot Fire,2024-08-03,2024,8,36.38857,-118.768,14104.0,9.554284623436097,G,Extreme,82.46428571428581,58.98714285714304,2.06,2.2857142857142856,17.114285714285714,1.2,85.71428571428571,52.285714285714285,5.542857142857144,6.186666666666667,1820.4846,16.0,0.3583679495453004,-0.9335804264972016,-1,,0.0,0.0,0.0,0.0,0.0,161.0,timber_understory,7028.0,145.0,138.0,25.0,2028.0,105.0,1.0
fire_02216,Kahlon Fire,2024-08-13,2024,8,37.181034,-120.32559,17.1,2.89591193827178,C,Small,99.74428571428574,65.28714285714304,3.2542857142857144,4.7,13.014285714285716,0.0,82.0,78.28571428571429,6.542857142857144,7.323333333333332,65.83752,0.0,-0.0174524064372834,-0.9998476951563912,-1,,0.0,0.0,0.0,0.0,0.0,91.0,nonburnable_or_other,7297.0,23.0,23.0,0.0,2903.0,23.0,0.0
fire_02217,Bruns Fire,2024-08-14,2024,8,37.809344,-121.604861,25.0,3.258096538021482,C,Small,98.97285714285714,62.84428571428574,2.934285714285714,3.842857142857144,16.34285714285714,0.0,73.28571428571429,55.57142857142857,7.700000000000001,7.533333333333332,20.290054,1.0,0.6018150231520484,0.7986355100472928,-1,,0.0,0.0,0.0,0.0,0.0,102.0,grass,9301.0,330.0,304.0,0.0,2270.0,123.0,0.0
fire_02218,White Fire,2024-08-14,2024,8,33.922735,-116.650391,12.5,2.602689685444384,C,Small,97.07000000000016,78.01571428571434,3.177142857142857,4.7,21.842857142857145,0.0,91.28571428571428,81.85714285714286,5.714285714285714,4.79,393.37833,10.0,-0.8987940462991669,-0.4383711467890774,-1,,0.0,0.0,0.0,0.0,0.0,122.0,grass_shrub,9810.0,366.0,304.0,0.0,2275.0,126.0,0.0
fire_02219,Zarzo Fire,2024-08-15,2024,8,37.630738,-120.313718,103.0,4.6443908991413725,D,Medium,97.55857142857144,70.6357142857143,3.231428571428571,5.5,15.342857142857143,0.0,88.85714285714286,89.57142857142857,5.485714285714287,5.973333333333335,394.27704,4.0,0.9975640502598242,0.0697564737441253,-1,,0.0,0.0,0.0,0.0,0.0,144.0,shrub,7114.0,132.0,134.0,35.0,2114.0,103.0,1.0
fire_02220,Waltz Fire,2024-08-15,2024,8,37.349442,-120.238125,85.0,4.454347296253507,C,Small,95.42428571428567,67.13857142857138,2.795714285714286,4.542857142857143,17.74285714285714,1.2,79.71428571428571,63.71428571428572,6.485714285714286,6.726666666666668,102.59865,2.0,-0.2249510543438652,-0.9743700647852352,-1,,0.0,0.0,0.0,0.0,0.0,102.0,grass,9301.0,338.0,304.0,0.0,2270.0,123.0,0.0
fire_02221,Marco Fire,2024-08-16,2024,8,34.475777,-117.463332,65.1,4.191168746857641,C,Small,92.67285714285714,67.57571428571421,2.838571428571428,4.2142857142857135,15.4,0.0,94.0,81.42857142857143,5.285714285714286,4.8133333333333335,1045.9911,2.0,0.7431448254773942,0.6691306063588582,-1,,0.0,0.0,0.0,0.0,0.0,102.0,grass,7082.0,216.0,204.0,0.0,2082.0,111.0,0.0
fire_02222,Pendulum Fire,2024-08-16,2024,8,35.4189737,-118.8709169,269.0,5.598421958998375,D,Medium,100.43857142857138,75.75285714285718,3.81,4.542857142857143,13.085714285714284,0.0,98.57142857142856,89.14285714285714,4.485714285714286,4.35,251.72147,3.0,0.9961946980917455,-0.0871557427476583,-1,,0.0,0.0,0.0,0.0,0.0,122.0,grass_shrub,9337.0,221.0,209.0,0.0,2270.0,112.0,0.0
fire_02223,Cypress Fire,2024-08-17,2024,8,35.578845,-120.901571,88.0,4.48863636973214,C,Small,87.35000000000011,60.40142857142864,2.282857142857143,4.785714285714286,16.471428571428568,0.0,79.14285714285714,72.28571428571429,6.428571428571429,7.64,666.9815,4.0,-0.0348994967025009,0.9993908270190958,-1,,0.0,0.0,0.0,0.0,0.0,123.0,grass_shrub,7113.0,148.0,130.0,45.0,2113.0,104.0,1.0
fire_02224,Marysville Fire,2024-08-17,2024,8,39.468991,-121.561366,23.3,3.190476350346503,C,Small,94.26714285714299,62.04714285714302,2.492857142857143,2.4571428571428577,20.457142857142856,0.0,79.42857142857143,55.71428571428572,7.128571428571429,7.119999999999998,55.05747,2.0,0.559192903470747,-0.8290375725550416,-1,,0.0,0.0,0.0,0.0,0.0,122.0,grass_shrub,9337.0,236.0,212.0,0.0,2270.0,113.0,0.0
fire_02225,Hills Fire,2024-08-18,2024,8,36.909429,-119.792619,172.0,5.153291594497779,D,Medium,96.55571428571426,65.33857142857158,2.8542857142857136,4.5285714285714285,17.88571428571429,0.0,87.0,79.14285714285714,6.214285714285714,5.9300000000000015,114.99583,0.0,-0.9993908270190958,-0.0348994967025009,-1,,0.0,0.0,0.0,0.0,0.0,91.0,nonburnable_or_other,7299.0,25.0,25.0,0.0,2905.0,25.0,0.0
fire_02226,Grant Fire,2024-08-19,2024,8,37.740555,-121.585729,16.0,2.833213344056216,C,Small,87.73571428571441,62.58714285714304,1.85,4.185714285714286,27.67142857142857,0.0,68.71428571428571,53.0,8.728571428571428,7.750000000000001,106.472404,1.0,0.4226182617406994,0.90630778703665,-1,,0.0,0.0,0.0,0.0,0.0,122.0,grass_shrub,9829.0,348.0,303.0,0.0,2280.0,124.0,0.0
fire_02227,Interlake Fire,2024-08-19,2024,8,35.8378,-121.038125,22.0,3.1354942159291497,C,Small,90.64142857142856,50.91285714285716,2.145714285714286,3.5571428571428565,16.657142857142855,0.0,72.85714285714286,54.285714285714285,8.071428571428571,7.96,309.84625,2.0,0.2756373558169991,0.9612616959383188,-1,,0.0,0.0,0.0,0.0,0.0,144.0,shrub,7105.0,234.0,221.0,0.0,2105.0,113.0,0.0
fire_02228,Livermore Fire,2024-08-19,2024,8,37.665174,-121.740217,16.0,2.833213344056216,C,Small,83.72428571428568,55.15571428571426,1.3771428571428572,4.271428571428571,30.85714285714286,0.0,56.285714285714285,48.71428571428572,11.757142857142856,9.63,181.68726,2.0,0.9945218953682732,-0.1045284632676534,-1,,0.0,0.0,0.0,0.0,0.0,91.0,nonburnable_or_other,7299.0,25.0,25.0,0.0,2905.0,25.0,0.0
fire_02229,Green Fire,2024-08-19,2024,8,37.7055278,-121.6971111,6.0,1.9459101490553128,B,Small,82.87571428571432,56.21000000000008,1.3057142857142858,4.142857142857143,32.67142857142857,0.0,57.0,47.85714285714285,11.528571428571428,9.37,181.49767,2.0,0.2588190451025203,-0.9659258262890684,-1,,0.0,0.0,0.0,0.0,0.0,91.0,nonburnable_or_other,7298.0,24.0,24.0,0.0,2904.0,24.0,0.0
fire_02230,Railroad Fire,2024-08-19,2024,8,38.193824,-121.8572856,60.0,4.110873864173311,C,Small,86.01285714285716,60.35,1.6671428571428568,6.214285714285715,29.157142857142865,0.0,62.71428571428572,63.85714285714285,10.071428571428571,8.66,43.49998,1.0,0.6691306063588578,-0.7431448254773946,-1,,0.0,0.0,0.0,0.0,0.0,102.0,grass,9301.0,351.0,304.0,0.0,2270.0,125.0,0.0
fire_02231,Quimby Fire,2024-08-19,2024,8,37.333444,-121.7338333,33.0,3.5263605246161616,C,Small,78.73571428571441,57.110000000000085,1.2542857142857142,5.114285714285715,31.77142857142857,0.0,67.57142857142857,60.57142857142857,9.142857142857142,8.146666666666667,658.7584,2.0,-0.9612616959383188,0.2756373558169992,-1,,0.0,0.0,0.0,0.0,0.0,102.0,grass,9301.0,339.0,304.0,0.0,2270.0,123.0,0.0
fire_02232,Bishop Fire,2024-08-20,2024,8,35.275553,-120.644048,15.0,2.772588722239781,C,Small,80.5357142857144,56.31285714285716,1.25,4.0,33.74285714285715,0.0,55.142857142857146,48.142857142857146,11.142857142857142,10.98,124.79689,10.0,-0.1391731009600658,-0.9902680687415704,-1,,0.0,0.0,0.0,0.0,0.0,91.0,nonburnable_or_other,7299.0,25.0,25.0,0.0,2905.0,25.0,0.0
fire_02233,Rancho Fire,2024-08-20,2024,8,35.704967,-120.582252,9.0,2.302585092994046,B,Small,91.0785714285714,53.51000000000008,2.077142857142857,3.6000000000000005,18.071428571428573,0.0,67.42857142857143,57.285714285714285,9.585714285714287,9.213333333333336,269.30362,3.0,-0.7313537016191706,-0.6819983600624984,-1,,0.0,0.0,0.0,0.0,0.0,102.0,grass,9301.0,330.0,304.0,0.0,2270.0,123.0,0.0
fire_02234,Grade Fire,2024-08-20,2024,8,34.5337178,-120.195855,25.0,3.258096538021482,C,Small,84.95857142857145,55.64428571428574,1.582857142857143,5.2,26.9,0.0,56.57142857142857,58.142857142857146,10.842857142857143,11.513333333333334,255.64172,5.0,0.3907311284892737,0.9205048534524404,-1,,0.0,0.0,0.0,0.0,0.0,102.0,grass,9301.0,349.0,304.0,0.0,2270.0,124.0,0.0
fire_02235,Winchester Fire,2024-08-20,2024,8,33.71271,-117.08414,10.4,2.4336133554004498,C,Small,94.2928571428571,65.39000000000001,2.361428571428572,2.9,22.31428571428572,0.0,70.85714285714286,54.0,9.014285714285714,8.403333333333334,452.86884,4.0,-0.9993908270190958,-0.0348994967025009,-1,,0.0,0.0,0.0,0.0,0.0,91.0,nonburnable_or_other,7296.0,22.0,22.0,0.0,2902.0,22.0,0.0
fire_02236,Amaral Fire,2024-08-21,2024,8,38.252807,-122.171501,11.0,2.4849066497880004,C,Small,80.61285714285727,57.88142857142858,1.3157142857142858,4.957142857142857,34.91428571428572,0.0,52.142857142857146,48.71428571428572,11.985714285714286,10.566666666666665,36.834545,7.0,-0.6293203910498373,0.777145961456971,-1,,0.0,0.0,0.0,0.0,0.0,145.0,shrub,7105.0,241.0,214.0,0.0,2105.0,114.0,0.0
fire_02237,Turner Fire,2024-08-21,2024,8,37.372385,-120.959582,15.0,2.772588722239781,C,Small,91.51571428571434,59.27000000000006,2.0628571428571427,4.128571428571429,23.67142857142857,0.0,70.57142857142857,61.285714285714285,9.528571428571428,7.5,20.607485,0.0,0.6156614753256585,-0.7880107536067218,-1,,0.0,0.0,0.0,0.0,0.0,93.0,nonburnable_or_other,7984.0,64.0,64.0,0.0,2964.0,64.0,0.0
fire_02238,Canyon Fire,2024-08-21,2024,8,34.29046,-118.288398,25.0,3.258096538021482,C,Small,89.92142857142849,64.56714285714288,2.2028571428571424,2.957142857142857,22.87142857142857,0.0,74.0,56.42857142857143,8.2,7.880000000000001,557.5542,6.0,-0.6560590289905073,-0.754709580222772,-1,,0.0,0.0,0.0,0.0,0.0,121.0,grass_shrub,7108.0,234.0,216.0,0.0,2108.0,113.0,0.0
fire_02239,Ace Fire,2024-08-21,2024,8,38.190649,-120.828003,16.3,2.8507065015037334,C,Small,87.2214285714287,56.98142857142868,1.7300000000000002,2.6428571428571432,26.9,0.0,67.85714285714286,49.85714285714285,10.271428571428572,7.836666666666665,202.39081,2.0,-0.8290375725550416,0.5591929034707469,-1,,0.0,0.0,0.0,0.0,0.0,101.0,grass,7903.0,16.0,16.0,0.0,2916.0,16.0,0.0
fire_02240,Beach Fire,2024-08-22,2024,8,33.9689911,-117.49379,34.0,3.555348061489413,C,Small,96.29857142857146,64.5928571428572,2.412857142857143,2.957142857142857,21.728571428571428,0.0,59.71428571428572,47.142857142857146,10.628571428571428,10.556666666666668,199.25049,1.0,0.6946583704589973,-0.7193398003386511,-1,,0.0,0.0,0.0,0.0,0.0,122.0,grass_shrub,7092.0,221.0,207.0,0.0,2092.0,112.0,0.0
fire_02241,Edna Fire,2024-08-22,2024,8,33.9009,-116.869456,33.0,3.5263605246161616,C,Small,94.60142857142864,68.3214285714287,3.1000000000000005,3.414285714285714,13.242857142857144,0.0,87.42857142857143,70.28571428571429,5.814285714285715,6.226666666666665,920.67114,20.0,0.9975640502598242,0.0697564737441253,-1,,0.0,0.0,0.0,0.0,0.0,122.0,grass_shrub,7092.0,225.0,216.0,0.0,2092.0,112.0,0.0
fire_02242,Walmort Fire,2024-08-22,2024,8,38.3809,-121.251908,45.0,3.828641396489095,C,Small,90.15285714285729,58.730000000000146,1.9628571428571424,3.657142857142857,24.17142857142857,0.0,66.71428571428571,56.71428571428572,10.271428571428572,8.010000000000002,23.873571,0.0,0.1736481776669299,-0.984807753012208,-1,,0.0,0.0,0.0,0.0,0.0,102.0,grass,7987.0,342.0,304.0,0.0,2967.0,124.0,0.0
fire_02243,Far Fire,2024-08-23,2024,8,39.037213,-121.312694,12.0,2.5649493574615367,C,Small,87.83857142857138,59.86142857142862,1.9385714285714288,2.8714285714285714,24.67142857142857,0.0,74.42857142857143,54.85714285714285,8.671428571428573,6.8933333333333335,117.33466,3.0,0.6427876096865393,-0.7660444431189781,-1,,0.0,0.0,0.0,0.0,0.0,102.0,grass,9301.0,357.0,304.0,0.0,2270.0,125.0,0.0
fire_02244,Chevelle Fire,2024-08-23,2024,8,35.805079,-119.053499,26.5,3.3141860046725258,C,Small,91.38714285714305,64.46428571428581,2.414285714285714,3.528571428571429,20.928571428571427,0.0,86.0,68.71428571428571,6.928571428571429,5.156666666666666,174.70334,1.0,0.559192903470747,-0.8290375725550416,-1,,0.0,0.0,0.0,0.0,0.0,102.0,grass,9301.0,330.0,302.0,0.0,2270.0,123.0,0.0
fire_02245,Refugio Fire,2024-08-23,2024,8,34.506,-120.064,86.0,4.465908118654584,C,Small,81.74428571428574,58.1642857142857,1.5271428571428574,3.528571428571429,28.77142857142857,0.0,68.14285714285714,56.142857142857146,9.314285714285717,8.669999999999998,197.01933,11.0,-0.9271838545667874,-0.374606593415912,-1,,0.0,0.0,0.0,0.0,0.0,141.0,shrub,7110.0,239.0,221.0,0.0,2110.0,115.0,0.0
fire_02246,Motor Fire,2024-08-23,2024,8,34.6592518,-118.7548048,11.0,2.4849066497880004,C,Small,87.68428571428586,59.52714285714286,2.314285714285714,3.857142857142857,15.600000000000003,0.0,89.85714285714286,75.28571428571429,5.885714285714285,5.3966666666666665,812.2391,6.0,0.2756373558169994,-0.9612616959383188,-1,,0.0,0.0,0.0,0.0,0.0,101.0,grass,9301.0,335.0,302.0,0.0,2110.0,111.0,0.0
fire_02247,Banning Fire,2024-08-23,2024,8,33.928939,-116.846198,86.0,4.465908118654584,C,Small,94.52428571428578,67.96142857142863,3.03,3.885714285714285,13.571428571428571,0.0,87.57142857142857,74.71428571428571,5.685714285714286,6.35,655.7202,4.0,-0.7771459614569709,0.6293203910498374,-1,,0.0,0.0,0.0,0.0,0.0,102.0,grass,9301.0,339.0,304.0,0.0,2270.0,123.0,0.0
fire_02248,Proctor 8 Fire,2024-08-23,2024,8,32.675679,-116.92502,27.0,3.332204510175204,C,Small,84.3928571428571,60.65857142857144,1.0442857142857145,3.2142857142857144,45.34285714285714,1.9,35.42857142857143,30.714285714285715,15.814285714285717,15.07333333333333,235.21936,9.0,-0.9702957262759964,0.2419218955996677,-1,,0.0,0.0,0.0,0.0,0.0,122.0,grass_shrub,7092.0,222.0,217.0,0.0,2092.0,112.0,0.0
fire_02249,Benito Fire,2024-08-24,2024,8,36.730979,-120.360998,17.0,2.8903717578961645,C,Small,89.5357142857143,61.687142857143044,2.084285714285714,4.799999999999999,24.542857142857144,0.0,79.0,73.85714285714286,8.185714285714287,6.079999999999999,49.18068,0.0,-0.1391731009600653,0.9902680687415704,-1,,0.0,0.0,0.0,0.0,0.0,102.0,grass,7980.0,120.0,105.0,25.0,2960.0,102.0,1.0
fire_02250,Summit Fire ,2024-08-24,2024,8,34.318425,-117.340037,76.0,4.343805421853684,C,Small,84.03285714285722,58.57571428571432,2.132857142857143,3.8,15.228571428571428,0.0,84.85714285714286,71.57142857142857,6.1000000000000005,6.613333333333333,1002.06415,2.0,-0.8090169943749473,0.5877852522924732,-1,,0.0,0.0,0.0,0.0,0.0,142.0,shrub,7019.0,123.0,105.0,25.0,2019.0,102.0,1.0
fire_02251,Wild Wash Fire,2024-08-24,2024,8,34.701134,-117.204094,23.1,3.1822118404966093,C,Small,92.72428571428568,68.63000000000004,3.242857142857143,4.2,8.128571428571428,0.0,101.28571428571428,89.57142857142857,3.900000000000001,4.356666666666667,910.7318,4.0,0.5000000000000001,-0.8660254037844386,-1,,0.0,0.0,0.0,0.0,0.0,141.0,shrub,7087.0,216.0,204.0,0.0,2087.0,111.0,0.0
fire_02252,Tenaja Fire,2024-08-25,2024,8,33.583553,-117.403313,130.0,4.875197323201151,D,Medium,81.71857142857152,58.88428571428576,1.2057142857142855,3.400000000000001,39.31428571428571,0.0,54.0,45.285714285714285,12.671428571428573,9.703333333333331,708.5647,3.0,-0.6427876096865394,0.766044443118978,-1,,0.0,0.0,0.0,0.0,0.0,145.0,shrub,7110.0,244.0,222.0,0.0,2110.0,114.0,0.0
fire_02253,Echo Fire,2024-08-03,2024,8,37.756167,-119.416517,11.5,2.525728644308256,C,Small,66.93285714285712,46.41285714285716,1.2085714285714284,2.5,19.857142857142858,17.3,73.71428571428571,45.71428571428572,6.5857142857142845,7.746666666666667,2634.4343,21.0,0.4067366430757997,-0.9135454576426012,-1,,0.0,0.0,0.0,0.0,0.0,161.0,timber_understory,7044.0,143.0,116.0,45.0,2044.0,104.0,1.0
fire_02254,Solar Fire,2024-08-25,2024,8,37.115241,-121.033398,22.0,3.1354942159291497,C,Small,86.34714285714303,60.684285714285764,1.7100000000000002,4.057142857142856,29.82857142857143,0.0,66.57142857142857,54.142857142857146,10.157142857142858,7.383333333333335,55.545567,1.0,-0.2419218955996677,0.9702957262759964,-1,,0.0,0.0,0.0,0.0,0.0,91.0,nonburnable_or_other,7299.0,25.0,25.0,0.0,2905.0,25.0,0.0
fire_02255,Park Fire ,2024-08-25,2024,8,33.7580149,-116.9496357,15.5,2.803360380906535,C,Small,93.80428571428583,59.68142857142858,2.5057142857142862,3.3285714285714287,18.15714285714286,0.0,75.0,60.85714285714285,8.499999999999998,7.496666666666666,496.08435,2.0,0.573576436351046,-0.8191520442889918,-1,,0.0,0.0,0.0,0.0,0.0,121.0,grass_shrub,7914.0,17.0,17.0,0.0,2917.0,17.0,0.0
fire_02256,Florin Fire,2024-08-26,2024,8,38.496413,-121.297565,42.0,3.7612001156935615,C,Small,84.5214285714285,57.47000000000006,1.647142857142857,3.3000000000000003,28.6,1.7,62.57142857142857,47.142857142857146,10.585714285714287,8.036666666666667,32.378258,0.0,-0.0348994967025007,-0.9993908270190958,-1,,0.0,0.0,0.0,0.0,0.0,93.0,nonburnable_or_other,7985.0,65.0,65.0,0.0,2965.0,65.0,0.0
fire_02257,Excelsior Fire,2024-08-26,2024,8,38.524067,-121.279094,38.0,3.6635616461296463,C,Small,84.28999999999992,57.18714285714284,1.6385714285714286,3.228571428571428,28.74285714285714,1.9,61.42857142857143,40.285714285714285,10.557142857142855,7.83,38.81616,0.0,0.4694715627858904,-0.8829475928589271,-1,,0.0,0.0,0.0,0.0,0.0,102.0,grass,9301.0,347.0,304.0,0.0,2270.0,124.0,0.0
fire_02258,Pioneer Fire,2024-08-27,2024,8,34.452109,-117.077204,22.1,3.139832617527748,C,Small,89.61285714285717,62.99857142857146,2.8742857142857146,3.5142857142857133,8.8,0.0,100.57142857142856,82.0,3.842857142857143,4.610000000000001,933.15625,1.0,0.3907311284892737,0.9205048534524404,-1,,0.0,0.0,0.0,0.0,0.0,91.0,nonburnable_or_other,7299.0,25.0,25.0,0.0,2905.0,25.0,0.0
fire_02259,Weller Fire,2024-08-27,2024,8,35.5497,-118.958785,78.0,4.3694478524670215,C,Small,85.78142857142858,67.78142857142858,2.23,3.9571428571428577,24.81428571428572,0.0,87.57142857142857,73.0,6.557142857142857,4.633333333333335,290.69946,2.0,-0.9135454576426008,0.4067366430758004,-1,,0.0,0.0,0.0,0.0,0.0,122.0,grass_shrub,9337.0,214.0,208.0,0.0,2270.0,111.0,0.0
fire_02260,Johnson Fire,2024-08-27,2024,8,34.4045559,-117.559695,15.0,2.772588722239781,C,Small,79.94428571428574,57.88142857142858,1.9485714285714284,4.428571428571428,16.67142857142857,0.0,89.42857142857143,79.85714285714286,5.585714285714286,5.586666666666665,1315.0609,5.0,0.7313537016191705,0.6819983600624985,-1,,0.0,0.0,0.0,0.0,0.0,122.0,grass_shrub,7933.0,225.0,209.0,0.0,2912.0,112.0,0.0
fire_02261,Keys Fire,2024-08-28,2024,8,33.2902,-117.0764,18.0,2.9444389791664403,C,Small,87.71000000000008,58.65285714285718,1.4114285714285713,3.442857142857142,34.57142857142857,0.0,46.142857142857146,39.71428571428572,13.771428571428572,12.423333333333334,262.7914,5.0,0.7547095802227719,-0.6560590289905074,-1,,0.0,0.0,0.0,0.0,0.0,123.0,grass_shrub,7113.0,147.0,131.0,45.0,2113.0,104.0,1.0
fire_02262,Gulch Fire,2024-08-28,2024,8,38.233952,-122.520366,19.0,2.995732273553991,C,Small,81.51285714285716,53.87000000000006,1.3057142857142858,3.985714285714285,36.22857142857143,0.6,43.57142857142857,32.57142857142857,12.9,12.610000000000005,91.98423,3.0,0.3255681544571563,-0.945518575599317,-1,,0.0,0.0,0.0,0.0,0.0,102.0,grass,7960.0,128.0,119.0,25.0,2960.0,102.0,1.0
fire_02263,Silver Fire,2024-08-28,2024,8,38.361834,-120.499717,12.2,2.580216829592325,C,Small,78.17000000000006,54.53857142857138,1.422857142857143,2.9714285714285715,32.17142857142857,0.0,67.71428571428571,51.57142857142857,10.1,7.176666666666667,716.42737,5.0,0.7660444431189778,-0.6427876096865396,-1,,0.0,0.0,0.0,0.0,0.0,122.0,grass_shrub,7261.0,150.0,123.0,55.0,2261.0,105.0,1.0
fire_02264,Way Fire,2024-08-29,2024,8,35.694044,-118.426716,88.2,4.490881039585964,C,Small,87.81285714285715,59.09000000000002,2.412857142857143,4.0,14.94285714285714,0.5,89.85714285714286,76.57142857142857,5.942857142857143,5.306666666666667,846.69824,9.0,0.8480480961564258,-0.529919264233205,-1,,0.0,0.0,0.0,0.0,0.0,122.0,grass_shrub,9301.0,351.0,305.0,0.0,2270.0,111.0,0.0
fire_02265,Two Fire,2024-08-29,2024,8,38.264246,-122.743925,33.0,3.5263605246161616,C,Small,82.43857142857158,51.35,1.284285714285714,4.157142857142857,35.385714285714286,0.6,36.142857142857146,29.571428571428573,15.114285714285714,14.58,63.9013,2.0,0.0871557427476578,-0.9961946980917455,-1,,0.0,0.0,0.0,0.0,0.0,102.0,grass,9301.0,353.0,304.0,0.0,2270.0,125.0,0.0
fire_02266,Vasco Fire,2024-08-29,2024,8,37.777334,-121.71679,16.1,2.8390784635086144,C,Small,81.53857142857159,59.5785714285715,1.6785714285714286,3.285714285714286,30.471428571428568,0.0,60.285714285714285,44.71428571428572,10.314285714285717,8.953333333333335,316.80728,4.0,0.4694715627858904,-0.8829475928589271,-1,,0.0,0.0,0.0,0.0,0.0,102.0,grass,9301.0,343.0,305.0,0.0,2270.0,124.0,0.0
fire_02267,High Fire,2024-08-31,2024,8,39.993914,-122.560451,45.0,3.828641396489095,C,Small,90.64142857142866,57.93285714285722,2.167142857142857,2.171428571428572,25.5,4.0,53.42857142857143,32.714285714285715,11.985714285714286,9.44,304.59476,3.0,0.7193398003386512,0.6946583704589973,0,D0,0.0,1.0,0.0,0.0,0.0,144.0,shrub,7114.0,136.0,116.0,35.0,2114.0,103.0,1.0
fire_02268,Minton Fire,2024-08-31,2024,8,33.758036,-117.112489,22.0,3.1354942159291497,C,Small,88.30142857142864,61.378571428571504,2.1085714285714285,2.5,20.31428571428572,0.0,69.71428571428571,50.57142857142857,9.271428571428572,8.046666666666665,586.1906,9.0,-0.9335804264972016,-0.3583679495453004,-1,,0.0,0.0,0.0,0.0,0.0,122.0,grass_shrub,9337.0,228.0,209.0,0.0,2270.0,112.0,0.0
fire_02269,Bichota Fire,2024-08-31,2024,8,34.25914,-117.856102,3.2,1.4350845252893227,B,Small,82.46428571428581,63.41000000000008,2.2385714285714284,3.214285714285715,15.614285714285714,0.0,88.14285714285714,68.28571428571429,5.842857142857143,5.680000000000001,660.2944,13.0,-0.984807753012208,-0.1736481776669304,-1,,0.0,0.0,0.0,0.0,0.0,102.0,grass,7110.0,239.0,215.0,0.0,2129.0,125.0,0.0
fire_02270,Union Fire,2024-08-31,2024,8,35.655361,-120.533933,11.0,2.4849066497880004,C,Small,88.19857142857146,52.79000000000002,1.8871428571428568,2.785714285714286,20.6,0.0,62.285714285714285,48.57142857142857,11.114285714285714,9.326666666666666,320.649,2.0,0.9335804264972016,-0.3583679495453007,-1,,0.0,0.0,0.0,0.0,0.0,102.0,grass,9301.0,337.0,303.0,0.0,2270.0,123.0,0.0
fire_02271,Armstrong Fire,2024-08-31,2024,8,37.838349,-121.632921,19.9,3.039749158970765,C,Small,93.72714285714287,60.992857142857204,2.5142857142857147,3.171428571428572,18.585714285714285,0.0,68.42857142857143,47.0,8.571428571428571,8.176666666666668,19.415415,1.0,0.0174524064372836,0.9998476951563912,-1,,0.0,0.0,0.0,0.0,0.0,102.0,grass,9301.0,336.0,304.0,0.0,2270.0,123.0,0.0
fire_02272,Robert Fire,2024-09-01,2024,9,38.207676,-122.156703,48.0,3.8918202981106265,C,Small,87.11857142857153,57.85571428571426,1.9042857142857144,3.6000000000000005,23.17142857142857,0.0,58.71428571428572,46.142857142857146,9.842857142857143,10.546666666666669,32.069126,4.0,-0.2079116908177593,0.9781476007338056,-1,,0.0,0.0,0.0,0.0,0.0,102.0,grass,9301.0,355.0,304.0,0.0,2270.0,125.0,0.0
fire_02273,Record Fire,2024-09-01,2024,9,33.8126,-116.9476,517.0,6.249975242259483,E,Medium,90.15285714285719,67.44714285714282,2.621428571428571,2.0285714285714285,15.771428571428572,0.0,82.57142857142857,54.57142857142857,6.671428571428571,6.626666666666667,542.93494,25.0,-0.6560590289905073,-0.754709580222772,-1,,0.0,0.0,0.0,0.0,0.0,122.0,grass_shrub,7092.0,223.0,211.0,0.0,2092.0,112.0,0.0
fire_02274,Argyle Fire,2024-09-01,2024,9,36.015369,-121.129602,91.0,4.5217885770490405,C,Small,90.92428571428567,57.05857142857144,2.3300000000000005,2.557142857142857,15.814285714285711,0.0,66.85714285714286,47.57142857142857,9.671428571428567,8.22,458.88333,6.0,-0.2419218955996677,-0.9702957262759964,-1,,0.0,0.0,0.0,0.0,0.0,102.0,grass,9301.0,340.0,304.0,0.0,2270.0,124.0,0.0
fire_02275,Bear Fire,2024-09-02,2024,9,39.596704,-120.21859,3323.0,8.10892415597534,F,Large,81.3071428571429,47.570000000000064,1.8457142857142856,2.9,13.4,12.5,73.28571428571429,56.57142857142857,8.314285714285715,7.646666666666666,1923.5057,13.0,0.6691306063588578,-0.7431448254773946,0,D0,0.0,1.0,0.0,0.0,0.0,144.0,shrub,7098.0,249.0,213.0,0.0,2098.0,114.0,0.0
fire_02276,Centerville Fire,2024-09-02,2024,9,39.73984,-121.69988,59.0,4.0943445622221,C,Small,96.14428571428574,67.83285714285722,3.0885714285714285,2.2285714285714286,15.099999999999998,9.6,73.14285714285714,43.0,7.1571428571428575,7.2266666666666675,188.82318,11.0,-0.8090169943749473,0.5877852522924732,0,D0,0.0,1.0,0.0,0.0,0.0,102.0,grass,9301.0,336.0,303.0,0.0,2270.0,114.0,0.0
fire_02277,Gabriel Fire,2024-09-02,2024,9,34.122607,-117.953154,40.0,3.713572066704308,C,Small,89.0214285714287,60.40142857142864,1.8985714285714284,2.171428571428572,23.985714285714284,0.0,63.0,43.57142857142857,9.742857142857144,9.886666666666663,147.1732,1.0,-0.5877852522924732,-0.8090169943749473,-1,,0.0,0.0,0.0,0.0,0.0,122.0,grass_shrub,7092.0,220.0,207.0,0.0,2092.0,112.0,0.0
fire_02278,Hwy 152 E/ Rd 13 Fire,2024-09-02,2024,9,37.083449,-120.310758,40.0,3.713572066704308,C,Small,95.47571428571432,61.91857142857142,2.6757142857142853,3.6000000000000005,16.142857142857142,0.0,72.0,61.285714285714285,8.528571428571428,7.836666666666668,61.58963,0.0,-0.2756373558169989,-0.961261695938319,-1,,0.0,0.0,0.0,0.0,0.0,102.0,grass,7980.0,110.0,104.0,15.0,2960.0,101.0,1.0
fire_02279,Hawk Fire,2024-09-03,2024,9,35.313339,-120.623763,13.7,2.6878474937846906,C,Small,82.25857142857144,54.58999999999992,1.375714285714286,3.285714285714285,29.88571428571429,0.0,53.42857142857143,43.85714285714285,12.185714285714283,10.083333333333334,210.41867,6.0,-0.9396926207859084,-0.3420201433256686,-1,,0.0,0.0,0.0,0.0,0.0,102.0,grass,9301.0,347.0,304.0,0.0,2270.0,124.0,0.0
fire_02280,Boone Fire,2024-09-03,2024,9,36.12175,-120.58848,17600.0,9.77571099759397,G,Extreme,93.72714285714287,59.1928571428572,2.72,2.457142857142857,12.414285714285716,0.0,77.0,52.0,7.357142857142856,7.026666666666666,538.712,2.0,-0.8571673007021122,0.5150380749100544,-1,,0.0,0.0,0.0,0.0,0.0,101.0,grass,9301.0,355.0,303.0,0.0,2270.0,126.0,0.0
fire_02281,Backus Fire,2024-09-03,2024,9,34.876586,-118.248827,41.0,3.737669618283368,C,Small,101.31285714285715,63.9500000000001,3.752857142857143,3.242857142857144,6.757142857142857,0.0,100.28571428571428,79.42857142857143,4.414285714285714,4.24,743.1058,2.0,-0.9945218953682732,-0.1045284632676535,-1,,0.0,0.0,0.0,0.0,0.0,99.0,nonburnable_or_other,9151.0,31.0,31.0,0.0,31.0,31.0,0.0
fire_02282,Chapman Fire,2024-09-04,2024,9,33.472372,-116.651385,18.0,2.9444389791664403,C,Small,91.38714285714305,61.55857142857144,2.6,2.4,13.528571428571428,1.9,85.85714285714286,60.0,5.785714285714286,6.97,1244.7318,6.0,0.4383711467890774,0.898794046299167,-1,,0.0,0.0,0.0,0.0,0.0,122.0,grass_shrub,7092.0,229.0,208.0,0.0,2092.0,112.0,0.0
fire_02283,Post Fire,2024-09-04,2024,9,33.773143,-117.297767,264.0,5.579729825986222,D,Medium,93.05857142857144,64.82428571428578,2.3842857142857143,2.7857142857142856,20.15714285714285,0.0,70.0,52.71428571428572,8.471428571428572,8.596666666666668,576.49316,7.0,0.3090169943749474,0.9510565162951536,-1,,0.0,0.0,0.0,0.0,0.0,122.0,grass_shrub,7092.0,222.0,211.0,0.0,2092.0,112.0,0.0
fire_02284,Midway Rd Fire,2024-09-05,2024,9,37.055082,-120.750881,10.0,2.3978952727983707,C,Small,97.53285714285713,60.684285714285764,2.8428571428571425,3.2857142857142856,14.94285714285714,0.0,75.14285714285714,60.85714285714285,7.557142857142857,7.823333333333333,29.59775,0.0,0.9396926207859084,0.3420201433256687,-1,,0.0,0.0,0.0,0.0,0.0,122.0,grass_shrub,9337.0,232.0,215.0,0.0,2270.0,113.0,0.0
fire_02285,Dorado Fire,2024-09-05,2024,9,36.13751,-120.24039,502.0,6.220590170099739,E,Medium,98.33000000000004,65.39000000000001,3.2471428571428573,2.4285714285714284,12.157142857142857,0.0,84.57142857142857,60.142857142857146,6.271428571428571,6.31,177.22801,1.0,-0.6018150231520483,-0.7986355100472928,-1,,0.0,0.0,0.0,0.0,0.0,102.0,grass,9301.0,334.0,303.0,0.0,2270.0,123.0,0.0
fire_02286,Line Fire,2024-09-05,2024,9,34.121119,-117.154705,43978.0,10.691467526242246,G,Extreme,94.47285714285714,69.8642857142857,2.762857142857143,2.257142857142857,17.95714285714286,0.0,83.28571428571429,56.85714285714285,6.271428571428572,7.053333333333332,523.14856,11.0,-0.8480480961564261,-0.5299192642332048,-1,,0.0,0.0,0.0,0.0,0.0,121.0,grass_shrub,7914.0,17.0,17.0,0.0,2917.0,17.0,0.0
fire_02287,Pine Fire,2024-09-06,2024,9,39.351831,-123.186117,18.0,2.9444389791664403,C,Small,90.1785714285715,52.3785714285714,2.2157142857142857,3.0142857142857147,16.371428571428574,12.4,58.71428571428572,42.42857142857143,9.071428571428571,10.776666666666667,607.2984,1.0,-0.8910065241883679,-0.4539904997395466,0,D0,0.0,1.0,0.0,0.0,0.0,121.0,grass_shrub,7098.0,241.0,219.0,15.0,2261.0,106.0,1.0
fire_02288,Cove Fire,2024-09-06,2024,9,33.758174,-116.738699,15.0,2.772588722239781,C,Small,81.71857142857152,63.358571428571544,2.0785714285714287,2.242857142857143,16.114285714285714,1.1,87.42857142857143,51.71428571428572,5.371428571428572,5.679999999999999,1874.1018,6.0,0.1564344650402306,-0.9876883405951378,0,D0,0.0,1.0,0.0,0.0,0.0,165.0,timber_understory,7014.0,147.0,122.0,45.0,2014.0,104.0,1.0
fire_02289,Canary Fire,2024-09-06,2024,9,33.44756,-117.40342,25.0,3.258096538021482,C,Small,88.53285714285722,76.2928571428571,2.312857142857143,2.814285714285714,31.685714285714283,0.0,64.71428571428571,48.71428571428572,8.7,9.199999999999998,755.683,8.0,-0.0697564737441255,-0.9975640502598242,-1,,0.0,0.0,0.0,0.0,0.0,102.0,grass,9301.0,334.0,304.0,0.0,2270.0,123.0,0.0
fire_02290,Church 2 Fire,2024-09-07,2024,9,32.700797,-116.357286,39.6,3.703768066607687,C,Small,91.13000000000004,77.7071428571429,2.907142857142857,1.614285714285714,20.414285714285715,15.6,82.85714285714286,50.42857142857143,5.771428571428571,7.980000000000001,1264.9492,4.0,-0.9335804264972016,-0.3583679495453004,0,D0,0.0,1.0,0.0,0.0,0.0,91.0,nonburnable_or_other,7299.0,25.0,25.0,0.0,2905.0,25.0,0.0
fire_02291,Roblar Fire ,2024-09-07,2024,9,33.4088,-117.3623,950.0,6.85751406254539,E,Medium,94.88428571428577,63.41000000000008,2.107142857142857,2.9857142857142853,29.37142857142857,0.0,38.71428571428572,32.0,14.77142857142857,14.883333333333333,363.44775,16.0,-0.5299192642332048,0.8480480961564261,-1,,0.0,0.0,0.0,0.0,0.0,122.0,grass_shrub,7118.0,142.0,124.0,45.0,2118.0,104.0,1.0
fire_02292,Mill Creek 4 Fire,2024-09-07,2024,9,41.1088,-123.6761,25.0,3.258096538021482,C,Small,88.58428571428576,56.59571428571438,2.12,2.6000000000000005,18.385714285714283,45.8,58.142857142857146,39.42857142857143,8.914285714285715,11.1,456.87387,21.0,-0.4226182617406991,-0.9063077870366502,0,D0,0.0,1.0,0.0,0.0,0.0,122.0,grass_shrub,7261.0,158.0,115.0,55.0,2261.0,105.0,1.0
fire_02293,Cotton Fire,2024-09-07,2024,9,36.639321,-120.30277,314.0,5.752572638825633,E,Medium,100.36142857142862,65.51857142857142,3.4771428571428573,3.5571428571428574,11.05714285714286,0.0,86.71428571428571,72.0,5.871428571428572,6.243333333333334,47.887886,0.0,0.766044443118978,0.6427876096865393,-1,,0.0,0.0,0.0,0.0,0.0,102.0,grass,9301.0,334.0,303.0,0.0,2270.0,123.0,0.0
fire_02294,Boyles Fire,2024-09-08,2024,9,38.92934,-122.61065,81.2,4.409155302062135,C,Small,91.69571428571439,56.90428571428582,2.4657142857142853,2.914285714285714,13.8,2.3,70.57142857142857,49.42857142857143,7.485714285714286,8.526666666666666,437.15482,4.0,-0.5735764363510464,-0.8191520442889916,-1,,0.0,0.0,0.0,0.0,0.0,91.0,nonburnable_or_other,7299.0,25.0,25.0,0.0,2905.0,25.0,0.0
fire_02295,Bridge Fire,2024-09-08,2024,9,34.2396,-117.7625,56030.0,10.933660387981718,G,Extreme,96.14428571428574,75.70142857142864,3.5028571428571427,2.585714285714286,12.77142857142857,0.0,91.0,65.0,4.971428571428571,6.040000000000001,839.1252,12.0,-0.2923717047227371,-0.9563047559630352,-1,,0.0,0.0,0.0,0.0,0.0,121.0,grass_shrub,7110.0,355.0,303.0,0.0,2110.0,113.0,0.0
fire_02296,Crozier Fire,2024-08-06,2024,8,38.82889,-120.6975,1938.0,7.569927655242652,F,Large,90.53857142857159,67.44714285714302,2.417142857142857,2.128571428571429,22.77142857142857,0.0,84.85714285714286,55.42857142857143,6.528571428571429,5.996666666666667,1049.1648,5.0,0.6156614753256585,-0.7880107536067218,0,D0,0.0,1.0,0.0,0.0,0.0,181.0,timber_litter,7030.0,155.0,118.0,35.0,2030.0,106.0,1.0
fire_02297,Rice 2 Fire,2024-09-08,2024,9,33.353446,-117.135771,20.0,3.044522437723423,C,Small,96.81285714285715,68.65571428571425,2.417142857142857,3.128571428571429,26.8,0.0,46.285714285714285,38.0,12.14285714285714,13.726666666666668,126.656944,3.0,-0.9743700647852352,-0.2249510543438649,-1,,0.0,0.0,0.0,0.0,0.0,186.0,timber_litter,7980.0,150.0,114.0,55.0,2960.0,105.0,1.0
fire_02298,Wicklow Fire,2024-09-09,2024,9,38.361232,-120.814317,63.0,4.158883083359672,C,Small,94.85857142857144,71.30428571428561,3.2771428571428567,2.4714285714285715,12.100000000000003,0.0,86.71428571428571,61.57142857142857,5.242857142857143,6.816666666666667,411.54355,4.0,-0.3255681544571566,-0.9455185755993168,-1,,0.0,0.0,0.0,0.0,0.0,91.0,nonburnable_or_other,7299.0,25.0,25.0,0.0,2905.0,25.0,0.0
fire_02299,Airport Fire,2024-09-09,2024,9,33.6676762,-117.566221,23526.0,10.06590397678042,G,Extreme,97.86714285714298,75.9071428571428,2.962857142857143,3.0857142857142854,23.300000000000004,0.0,59.0,46.85714285714285,9.0,11.386666666666663,393.06213,8.0,-0.6018150231520483,-0.7986355100472928,-1,,0.0,0.0,0.0,0.0,0.0,145.0,shrub,7110.0,244.0,215.0,0.0,2110.0,114.0,0.0
fire_02300,Sunset Fire,2024-09-09,2024,9,33.917991,-116.91162,54.0,4.007333185232471,C,Small,99.07571428571433,76.70428571428582,3.537142857142857,1.7714285714285711,16.0,0.6,83.57142857142857,46.85714285714285,5.942857142857143,6.4366666666666665,739.4772,2.0,-0.8191520442889919,0.5735764363510459,-1,,0.0,0.0,0.0,0.0,0.0,91.0,nonburnable_or_other,7299.0,25.0,25.0,0.0,2905.0,25.0,0.0
fire_02301,Train Fire,2024-09-09,2024,9,35.2659,-118.62193,48.0,3.8918202981106265,C,Small,95.55285714285718,75.5214285714285,3.4957142857142856,2.342857142857143,10.985714285714284,0.0,94.28571428571428,65.0,4.728571428571429,5.253333333333333,586.6951,13.0,0.9659258262890684,0.2588190451025207,-1,,0.0,0.0,0.0,0.0,0.0,102.0,grass,9301.0,351.0,304.0,0.0,2270.0,125.0,0.0
fire_02302,Apollo Fire,2024-09-10,2024,9,34.77011,-118.53335,800.0,6.68586094706836,E,Medium,99.97571428571432,71.30428571428561,3.828571428571428,2.8285714285714283,8.257142857142856,0.0,97.28571428571428,72.57142857142857,4.357142857142857,5.0200000000000005,869.63226,2.0,0.6427876096865394,0.766044443118978,-1,,0.0,0.0,0.0,0.0,0.0,122.0,grass_shrub,9810.0,339.0,303.0,0.0,2275.0,123.0,0.0
fire_02303,Coyote Fire,2024-09-10,2024,9,33.803944,-116.30113,20.0,3.044522437723423,C,Small,111.44428571428564,87.40142857142864,5.45,1.8857142857142857,12.157142857142857,0.0,99.28571428571428,63.142857142857146,4.457142857142857,4.506666666666667,54.054924,1.0,-0.9702957262759964,0.2419218955996677,0,D0,0.0,1.0,0.0,0.0,0.0,99.0,nonburnable_or_other,9150.0,100.0,100.0,0.0,2004.0,100.0,0.0
fire_02304,Kelso Fire,2024-09-10,2024,9,37.7952949,-121.6060708,22.0,3.1354942159291497,C,Small,101.8785714285715,63.1785714285715,3.402857142857143,3.171428571428572,10.771428571428572,0.0,73.0,50.71428571428572,7.228571428571429,8.493333333333332,32.98374,2.0,0.6427876096865394,0.766044443118978,-1,,0.0,0.0,0.0,0.0,0.0,102.0,grass,9301.0,347.0,304.0,0.0,2270.0,124.0,0.0
fire_02305,Willow Fire,2024-09-11,2024,9,38.0115396,-121.997014,62.0,4.143134726391533,C,Small,88.6357142857143,58.627142857142964,2.0171428571428573,3.8285714285714287,22.228571428571428,0.0,63.57142857142857,49.85714285714285,8.985714285714286,9.843333333333334,98.52343,7.0,-0.3583679495453007,-0.9335804264972016,-1,,0.0,0.0,0.0,0.0,0.0,91.0,nonburnable_or_other,7299.0,25.0,25.0,0.0,2905.0,25.0,0.0
fire_02306,Joshua Fire,2024-09-11,2024,9,34.50295,-118.045033,30.0,3.4339872044851463,C,Small,93.5214285714287,77.37285714285714,3.581428571428572,2.571428571428572,10.171428571428567,0.0,98.85714285714286,70.28571428571429,3.985714285714285,4.863333333333333,1003.0634,8.0,0.6293203910498375,0.7771459614569709,-1,,0.0,0.0,0.0,0.0,0.0,122.0,grass_shrub,9810.0,331.0,302.0,0.0,2275.0,123.0,0.0
fire_02307,Alpaugh Fire,2024-09-11,2024,9,35.863675,-119.536893,17.5,2.917770732084279,C,Small,103.13857142857158,65.95571428571427,3.7885714285714287,2.7857142857142856,9.8,0.0,89.42857142857143,67.0,5.271428571428571,6.179999999999999,60.205425,0.0,0.9135454576426008,0.4067366430758002,-1,,0.0,0.0,0.0,0.0,0.0,102.0,grass,7129.0,327.0,303.0,0.0,2129.0,122.0,0.0
fire_02308,Quincy Fire,2024-09-12,2024,9,39.48058,-121.42105,85.0,4.454347296253507,C,Small,91.15571428571425,64.00142857142865,2.6528571428571435,2.5857142857142854,16.071428571428573,10.9,81.57142857142857,58.85714285714285,5.814285714285715,7.803333333333334,471.69437,15.0,0.2588190451025203,-0.9659258262890684,0,D0,0.0,1.0,0.0,0.0,0.0,183.0,timber_litter,7105.0,230.0,215.0,15.0,2030.0,105.0,1.0
fire_02309,Bell Fire,2024-09-14,2024,9,38.545436,-120.840433,12.0,2.5649493574615367,C,Small,88.86714285714288,57.44428571428574,2.281428571428571,2.657142857142857,16.9,0.0,83.57142857142857,60.57142857142857,6.542857142857144,6.933333333333335,317.74924,6.0,0.342020143325669,-0.9396926207859084,0,D0,0.0,1.0,0.0,0.0,0.0,165.0,timber_understory,7030.0,146.0,129.0,45.0,2030.0,104.0,1.0
fire_02310,Cougar Fire,2024-09-15,2024,9,38.145843,-122.485218,53.0,3.9889840465642745,C,Small,82.3357142857144,51.83857142857138,1.227142857142857,4.428571428571429,32.871428571428574,0.5,42.0,37.71428571428572,14.757142857142858,13.296666666666663,6.4834514,2.0,-0.8090169943749475,-0.587785252292473,0,D0,0.0,1.0,0.0,0.0,0.0,98.0,nonburnable_or_other,7668.0,355.0,304.0,0.0,2668.0,125.0,0.0
fire_02311,Ripple Fire,2024-09-15,2024,9,36.682583,-119.189459,15.0,2.772588722239781,C,Small,87.32428571428578,67.2928571428572,2.442857142857143,2.0285714285714285,19.65714285714285,0.0,88.28571428571429,56.71428571428572,5.614285714285714,6.056666666666668,348.1611,1.0,-0.4694715627858909,0.8829475928589269,0,D0,0.0,1.0,0.0,0.0,0.0,102.0,grass,9301.0,357.0,303.0,0.0,2270.0,125.0,0.0
fire_02312,Rosa Fire,2024-09-16,2024,9,34.59556,-120.35679,20.0,3.044522437723423,C,Small,68.8357142857144,51.889999999999915,0.5,6.199999999999998,54.34285714285715,0.0,33.0,39.71428571428572,15.971428571428572,16.233333333333334,229.45895,11.0,0.9510565162951536,0.3090169943749474,-1,,0.0,0.0,0.0,0.0,0.0,186.0,timber_litter,7113.0,152.0,141.0,55.0,2113.0,105.0,1.0
fire_02313,Executive Fire,2024-09-17,2024,9,39.93192,-122.307297,58.4,4.084294226368599,C,Small,83.95571428571427,57.47000000000016,1.7900000000000005,4.4,26.542857142857144,8.799999999999999,65.85714285714286,46.285714285714285,8.657142857142857,8.586666666666668,127.87458,1.0,-0.9271838545667872,0.3746065934159122,0,D0,0.0,1.0,0.0,0.0,0.0,102.0,grass,7129.0,344.0,303.0,0.0,2129.0,124.0,0.0
fire_02314,Phelps Fire,2024-09-19,2024,9,36.15407,-120.259824,35.0,3.58351893845611,C,Small,83.46714285714287,56.878571428571504,1.6314285714285717,2.742857142857143,28.442857142857143,0.0,74.57142857142857,54.142857142857146,9.185714285714283,6.6933333333333325,173.3376,1.0,-0.587785252292473,0.8090169943749475,0,D0,0.0,1.0,0.0,0.0,0.0,122.0,grass_shrub,9829.0,340.0,304.0,0.0,2280.0,124.0,0.0
fire_02315,Antonio Fire,2024-09-23,2024,9,38.187148,-122.656105,11.0,2.4849066497880004,C,Small,74.85285714285718,52.58428571428576,0.9228571428571428,3.628571428571429,40.82857142857143,0.0,40.0,33.142857142857146,14.128571428571428,13.716666666666669,39.73319,2.0,0.7547095802227719,-0.6560590289905074,0,D0,0.0,1.0,0.0,0.0,0.0,122.0,grass_shrub,7662.0,347.0,304.0,0.0,2662.0,124.0,0.0
fire_02316,Plymire Fire,2024-09-26,2024,9,40.201159,-122.284309,13.5,2.6741486494265287,C,Small,93.31571428571434,59.16714285714288,2.551428571428571,3.957142857142857,16.914285714285715,9.0,63.285714285714285,48.57142857142857,9.8,8.293333333333333,131.71512,1.0,0.3420201433256688,0.9396926207859084,0,D0,0.0,1.0,0.0,0.0,0.0,102.0,grass,9301.0,344.0,304.0,0.0,2270.0,124.0,0.0
fire_02317,Meiss Fire,2024-09-27,2024,9,38.427179,-121.054386,42.0,3.7612001156935615,C,Small,88.97000000000017,57.110000000000085,1.977142857142857,2.3999999999999995,22.34285714285713,0.0,59.142857142857146,43.285714285714285,11.814285714285717,9.093333333333334,59.378597,0.0,-0.9510565162951536,-0.3090169943749473,0,D0,0.0,1.0,0.0,0.0,0.0,122.0,grass_shrub,7662.0,340.0,303.0,0.0,2662.0,124.0,0.0
fire_02318,Pinnacles Fire,2024-09-27,2024,9,36.493781,-121.147092,16.8,2.87919845729804,C,Small,88.7642857142858,46.7214285714287,1.8771428571428568,3.385714285714285,19.585714285714285,2.4,49.142857142857146,42.285714285714285,14.44285714285714,10.646666666666668,355.60876,5.0,0.838670567945424,-0.544639035015027,0,D0,0.0,1.0,0.0,0.0,0.0,145.0,shrub,7105.0,245.0,222.0,0.0,2105.0,114.0,0.0
fire_02319,86 Fire,2024-09-27,2024,9,33.540008,-116.099893,38.0,3.6635616461296463,C,Small,101.98142857142858,69.8642857142858,3.684285714285714,2.414285714285714,14.071428571428571,0.0,86.28571428571429,60.285714285714285,6.614285714285714,5.659999999999999,-62.598946,0.0,-0.898794046299167,0.4383711467890773,0,D0,0.0,1.0,0.0,0.0,0.0,141.0,shrub,7087.0,210.0,204.0,0.0,2087.0,111.0,0.0
fire_02320,Chase Fire ,2024-09-27,2024,9,35.374332,-118.84398,35.0,3.58351893845611,C,Small,95.11571428571435,72.97571428571422,2.99,2.7857142857142856,19.014285714285712,0.9,81.71428571428571,59.85714285714285,7.7142857142857135,5.343333333333335,257.87305,4.0,-0.5591929034707466,-0.8290375725550418,-1,,0.0,0.0,0.0,0.0,0.0,122.0,grass_shrub,9337.0,219.0,209.0,0.0,2270.0,111.0,0.0
fire_02321,Cindy Fire ,2024-09-28,2024,9,34.5352699,-118.1176558,13.2,2.653241964607215,C,Small,90.20428571428582,65.8785714285715,2.795714285714286,2.3000000000000003,11.814285714285717,0.0,87.0,60.285714285714285,6.485714285714286,5.31,949.4288,10.0,0.5877852522924731,0.8090169943749475,-1,,0.0,0.0,0.0,0.0,0.0,122.0,grass_shrub,7933.0,220.0,209.0,0.0,2912.0,112.0,0.0
fire_02322,Ridge Fire,2024-09-29,2024,9,34.50334,-120.274,16.9,2.884800712846709,C,Small,69.24714285714302,51.01571428571434,0.41,2.5142857142857147,55.11428571428571,0.0,28.714285714285715,23.428571428571427,18.385714285714283,15.473333333333333,249.77184,12.0,-0.9993908270190958,0.0348994967025011,-1,,0.0,0.0,0.0,0.0,0.0,145.0,shrub,7097.0,258.0,224.0,0.0,2097.0,115.0,0.0
fire_02323,Soda Fire,2024-09-30,2024,9,35.351479,-120.005229,633.4,6.452679670320638,E,Medium,89.07285714285715,53.69000000000002,2.164285714285714,2.914285714285714,14.985714285714284,2.9,69.71428571428571,54.42857142857143,8.857142857142858,7.786666666666667,609.5446,1.0,-0.8290375725550417,-0.5591929034707467,-1,,0.0,0.0,0.0,0.0,0.0,102.0,grass,9301.0,338.0,303.0,0.0,2270.0,123.0,0.0
fire_02324,Tiger Fire,2024-09-30,2024,9,38.4546979,-120.49265,4.0,1.6094379124341005,B,Small,87.42714285714297,59.50142857142864,2.481428571428572,2.4714285714285715,10.357142857142858,0.9,80.0,58.0,6.4,7.26,935.7837,15.0,-0.9396926207859084,-0.3420201433256686,0,D0,0.0,1.0,0.0,0.0,0.0,165.0,timber_understory,7028.0,172.0,129.0,75.0,2028.0,107.0,1.0
fire_02325,Lago Fire,2024-10-02,2024,10,34.497433,-118.616267,25.0,3.258096538021482,C,Small,92.80142857142864,57.70142857142864,2.758571428571429,2.185714285714286,9.2,0.0,71.14285714285714,50.71428571428572,7.628571428571428,8.783333333333333,364.0245,3.0,-0.6427876096865394,0.766044443118978,-1,,0.0,0.0,0.0,0.0,0.0,91.0,nonburnable_or_other,7296.0,22.0,22.0,0.0,2902.0,22.0,0.0
fire_02326,Peak Fire,2024-10-02,2024,10,38.250731,-119.939391,316.0,5.75890177387728,E,Medium,75.11000000000008,51.607142857142904,1.8728571428571428,2.857142857142857,4.942857142857142,13.4,84.28571428571429,65.57142857142857,4.799999999999999,7.370000000000001,2256.3052,5.0,-0.4067366430758001,-0.913545457642601,0,D0,0.0,1.0,0.0,0.0,0.0,122.0,grass_shrub,7032.0,121.0,106.0,25.0,2032.0,102.0,1.0
fire_02327,Bear Fire,2024-10-02,2024,10,40.471128,-123.654313,22.5,3.157000421150113,C,Small,82.92714285714297,51.81285714285726,1.832857142857143,4.285714285714286,17.3,6.5,57.142857142857146,50.285714285714285,9.12857142857143,12.613333333333332,889.0361,21.0,0.4694715627858904,-0.8829475928589271,0,D0,0.0,1.0,0.0,0.0,0.0,102.0,grass,9301.0,355.0,302.0,0.0,2270.0,125.0,0.0
fire_02328,Felicia Fire,2024-10-03,2024,10,34.46437,-118.7641,367.0,5.908082938168931,E,Medium,92.77571428571422,61.55857142857144,3.02,1.9285714285714288,7.2857142857142865,0.0,79.28571428571429,53.71428571428572,6.157142857142857,7.903333333333332,450.85898,12.0,-0.4999999999999998,0.8660254037844387,-1,,0.0,0.0,0.0,0.0,0.0,165.0,timber_understory,7014.0,145.0,113.0,45.0,2014.0,104.0,1.0
fire_02329,Ranch Fire,2024-10-03,2024,10,35.854009,-120.08283,9.5,2.3513752571634776,B,Small,94.91000000000008,58.91000000000008,2.962857142857143,2.142857142857143,9.471428571428572,0.0,82.42857142857143,57.142857142857146,6.414285714285714,6.766666666666668,265.75388,2.0,-0.5877852522924732,-0.8090169943749473,-1,,0.0,0.0,0.0,0.0,0.0,102.0,grass,9301.0,332.0,304.0,0.0,2270.0,123.0,0.0
fire_02330,Glenhaven Fire,2024-10-04,2024,10,39.026764,-122.718183,417.0,6.035481432524756,E,Medium,92.1071428571429,63.744285714285844,2.974285714285714,3.042857142857143,6.485714285714286,0.0,76.0,53.85714285714285,5.871428571428571,8.836666666666668,456.65137,14.0,-0.8571673007021123,-0.5150380749100542,0,D0,0.0,1.0,0.0,0.0,0.0,145.0,shrub,7105.0,248.0,217.0,0.0,2105.0,114.0,0.0
fire_02331,Ruby Fire,2024-10-04,2024,10,34.957874,-118.190532,50.0,3.9318256327243257,C,Small,98.5357142857144,64.18142857142858,3.782857142857143,2.7,2.3428571428571425,0.9,100.0,75.42857142857143,3.642857142857143,4.886666666666667,836.757,4.0,-0.8290375725550416,0.5591929034707469,-1,,0.0,0.0,0.0,0.0,0.0,141.0,shrub,7087.0,217.0,203.0,0.0,2087.0,111.0,0.0
fire_02332,Central 2 Fire,2024-10-04,2024,10,36.69212,-119.5922,15.0,2.772588722239781,C,Small,95.73285714285723,63.46142857142862,3.091428571428572,2.8714285714285714,10.542857142857144,0.5,81.85714285714286,62.85714285714285,6.285714285714286,6.983333333333333,106.75705,0.0,-0.5735764363510464,-0.8191520442889916,0,D0,0.0,1.0,0.0,0.0,0.0,102.0,grass,7980.0,126.0,105.0,25.0,2960.0,102.0,1.0
fire_02333,Wolf Fire,2024-10-04,2024,10,36.692574,-119.645931,22.0,3.1354942159291497,C,Small,95.78428571428586,63.25571428571436,3.0857142857142854,3.171428571428572,10.542857142857144,0.5,81.0,65.28571428571429,6.328571428571429,7.076666666666666,101.10558,0.0,0.2756373558169994,-0.9612616959383188,0,D0,0.0,1.0,0.0,0.0,0.0,102.0,grass,7980.0,112.0,104.0,15.0,2960.0,101.0,1.0
fire_02334,Dutch Fire,2024-10-05,2024,10,39.227018,-120.834831,28.0,3.367295829986474,C,Small,89.94714285714282,64.61857142857153,2.9714285714285715,2.2857142857142856,5.799999999999999,2.7,91.14285714285714,64.42857142857143,3.985714285714285,7.153333333333333,995.829,7.0,-0.9876883405951375,0.1564344650402309,0,D0,0.0,1.0,0.0,0.0,0.0,165.0,timber_understory,7027.0,171.0,118.0,75.0,2027.0,107.0,1.0
fire_02335,Two Mile Fire,2024-10-03,2024,10,39.218344,-122.153187,10.0,2.3978952727983707,C,Small,94.06142857142862,56.90428571428582,2.687142857142857,3.085714285714286,11.72857142857143,0.0,65.57142857142857,54.0,8.928571428571429,9.92333333333333,19.840897,0.0,0.1218693434051474,0.992546151641322,0,D0,0.0,1.0,0.0,0.0,0.0,93.0,nonburnable_or_other,7984.0,64.0,64.0,0.0,2964.0,64.0,0.0
fire_02336,Tuledad Fire,2024-10-06,2024,10,40.887485,-120.144717,564.0,6.336825731146441,E,Medium,79.27571428571432,44.7928571428572,1.84,3.957142857142856,7.214285714285714,7.6,83.57142857142857,74.14285714285714,5.528571428571428,7.716666666666667,1640.3024,1.0,-0.2249510543438652,-0.9743700647852352,1,D1,1.0,1.0,1.0,0.0,0.0,122.0,grass_shrub,7080.0,228.0,211.0,0.0,2080.0,112.0,0.0
fire_02337,Hambone Fire,2024-10-06,2024,10,41.281183,-121.652642,14.9,2.766319109226186,C,Small,82.67000000000006,42.2214285714287,1.884285714285714,3.5,8.200000000000001,12.9,67.0,57.285714285714285,7.057142857142857,11.286666666666664,1268.4686,2.0,-0.5735764363510462,0.8191520442889917,0,D0,0.0,1.0,0.0,0.0,0.0,189.0,timber_litter,7027.0,143.0,128.0,45.0,2027.0,104.0,1.0
fire_02338,Verjeles Fire,2024-10-06,2024,10,39.3574,-121.3681,12.0,2.5649493574615367,C,Small,93.70142857142864,66.6500000000001,3.2471428571428573,2.2142857142857144,6.042857142857144,0.0,86.85714285714286,61.142857142857146,4.728571428571429,7.6099999999999985,228.19012,8.0,0.4383711467890774,-0.898794046299167,0,D0,0.0,1.0,0.0,0.0,0.0,102.0,grass,9301.0,348.0,303.0,0.0,2270.0,124.0,0.0
fire_02339,Wood Fire,2024-10-06,2024,10,40.176118,-123.820482,26.4,3.310543013394025,C,Small,86.34714285714303,51.40142857142864,1.931428571428572,3.542857142857143,17.8,0.7,52.57142857142857,40.42857142857143,10.114285714285716,13.523333333333332,515.085,9.0,-0.9335804264972016,-0.3583679495453004,-1,,0.0,0.0,0.0,0.0,0.0,183.0,timber_litter,7901.0,14.0,14.0,45.0,2914.0,14.0,1.0
fire_02340,Posta 3 Fire,2024-10-07,2024,10,32.723782,-116.424495,413.0,6.025865973825314,E,Medium,94.42142857142849,65.33857142857148,3.041428571428572,1.7999999999999996,8.414285714285715,0.6,80.57142857142857,53.142857142857146,5.342857142857143,8.753333333333332,1047.6587,3.0,0.7986355100472928,-0.6018150231520483,0,D0,0.0,1.0,0.0,0.0,0.0,145.0,shrub,7097.0,234.0,218.0,0.0,2097.0,113.0,0.0
fire_02341,Cemetery Fire,2024-10-08,2024,10,41.19492,-120.94668,56.4,4.050044303325521,C,Small,83.64714285714302,40.4214285714285,1.8942857142857144,3.2,8.471428571428572,6.8,67.85714285714286,49.142857142857146,7.185714285714284,10.27,1281.5634,2.0,-0.2419218955996677,-0.9702957262759964,1,D1,1.0,1.0,1.0,0.0,0.0,122.0,grass_shrub,9011.0,351.0,303.0,0.0,2225.0,125.0,0.0
fire_02342,Piney Fire ,2024-10-08,2024,10,36.378918,-121.563092,225.0,5.420534999272286,D,Medium,97.14714285714282,75.93285714285722,3.7771428571428567,1.8,9.228571428571428,1.9,78.57142857142857,44.85714285714285,4.828571428571428,8.876666666666667,533.8107,5.0,0.9902680687415704,-0.1391731009600658,0,D0,0.0,1.0,0.0,0.0,0.0,145.0,shrub,7105.0,248.0,222.0,0.0,2105.0,114.0,0.0
fire_02343,Bahrman Fire,2024-10-09,2024,10,33.555137,-116.683446,110.0,4.709530201312334,D,Medium,92.57000000000016,55.51571428571434,2.7842857142857147,2.242857142857143,5.6000000000000005,0.9,82.57142857142857,58.85714285714285,5.0,8.923333333333336,1196.7478,3.0,-0.9993908270190958,-0.0348994967025009,0,D0,0.0,1.0,0.0,0.0,0.0,122.0,grass_shrub,7092.0,221.0,215.0,0.0,2092.0,112.0,0.0
fire_02344,Shoe Fire,2024-10-09,2024,10,40.923444,-122.10167,5124.0,8.54188580400661,G,Extreme,90.23000000000005,52.7642857142857,2.4957142857142856,3.5571428571428574,8.014285714285714,11.4,79.0,67.14285714285714,5.614285714285715,9.523333333333332,530.57007,9.0,-0.984807753012208,0.1736481776669302,0,D0,0.0,1.0,0.0,0.0,0.0,147.0,shrub,7043.0,147.0,129.0,45.0,2043.0,104.0,1.0
fire_02345,Miles Fire,2024-10-11,2024,10,33.733233,-117.441832,23.0,3.1780538303479458,C,Small,96.19571428571427,64.05285714285718,2.7985714285714285,2.728571428571428,13.857142857142858,0.0,70.0,53.142857142857146,7.042857142857143,10.746666666666668,459.0166,7.0,0.7771459614569709,0.6293203910498374,-1,,0.0,0.0,0.0,0.0,0.0,91.0,nonburnable_or_other,7299.0,25.0,25.0,0.0,2905.0,25.0,0.0
fire_02346,Marvin Fire,2024-10-13,2024,10,33.8185182621934,-117.076404666916,11.6,2.533696813957432,C,Small,94.98714285714304,58.4214285714286,2.77,2.485714285714286,9.942857142857145,8.6,73.14285714285714,53.85714285714285,6.885714285714286,10.45333333333333,660.072,6.0,0.1218693434051476,-0.992546151641322,-1,,0.0,0.0,0.0,0.0,0.0,122.0,grass_shrub,7092.0,231.0,211.0,0.0,2092.0,113.0,0.0
fire_02347,Jack Fire,2024-10-13,2024,10,33.9239548,-117.0375417,260.0,5.564520407322694,D,Medium,91.2071428571428,63.05,2.735714285714286,2.414285714285714,9.257142857142856,9.3,82.42857142857143,59.285714285714285,5.4,8.9,708.27545,6.0,-0.0697564737441255,-0.9975640502598242,-1,,0.0,0.0,0.0,0.0,0.0,122.0,grass_shrub,7092.0,215.0,211.0,0.0,2092.0,111.0,0.0
fire_02348,Canyon Fire,2024-10-15,2024,10,35.318949,-120.133664,16.2,2.844909383819408,C,Small,85.52428571428568,46.85,1.6228571428571428,3.2142857142857144,19.62857142857143,3.5,63.71428571428572,52.142857142857146,10.642857142857142,10.216666666666663,492.76398,2.0,0.0174524064372831,-0.9998476951563912,-1,,0.0,0.0,0.0,0.0,0.0,144.0,shrub,7114.0,125.0,122.0,25.0,2114.0,102.0,1.0
fire_02349,Snake Fire,2024-10-17,2024,10,35.375211,-120.435273,8.0,2.19722457733622,B,Small,80.51000000000008,51.11857142857152,1.274285714285714,3.4,26.942857142857147,3.7,63.71428571428572,52.71428571428572,10.7,10.073333333333334,620.5736,2.0,-0.8829475928589269,-0.4694715627858908,-1,,0.0,0.0,0.0,0.0,0.0,121.0,grass_shrub,7114.0,135.0,109.0,35.0,2114.0,103.0,1.0
fire_02350,Maria Fire,2024-10-17,2024,10,34.98749,-120.430379,80.0,4.394449154672439,C,Small,71.09857142857146,51.8642857142857,0.5528571428571428,4.0285714285714285,48.51428571428571,2.1,30.0,29.857142857142858,17.785714285714285,16.41,77.586266,2.0,-0.3583679495453007,-0.9335804264972016,-1,,0.0,0.0,0.0,0.0,0.0,91.0,nonburnable_or_other,7299.0,25.0,25.0,0.0,2905.0,25.0,0.0
fire_02351,Hay Fire,2024-10-18,2024,10,38.3151744,-121.8584227,869.0,6.76849321164863,E,Medium,79.25,56.570000000000064,1.2128571428571426,5.114285714285714,32.92857142857142,0.0,62.142857142857146,61.85714285714285,11.157142857142857,9.47,12.51595,0.0,-0.5735764363510462,0.8191520442889917,0,D0,0.0,1.0,0.0,0.0,0.0,91.0,nonburnable_or_other,7299.0,25.0,25.0,0.0,2905.0,25.0,0.0
fire_02352,Keller Fire,2024-10-18,2024,10,37.7741494,-122.1569455,15.0,2.772588722239781,C,Small,71.51000000000008,55.82428571428568,0.7742857142857142,4.885714285714286,43.8,0.3,49.142857142857146,43.85714285714285,12.971428571428572,12.11,205.46042,10.0,-0.8571673007021123,-0.5150380749100542,0,D0,0.0,1.0,0.0,0.0,0.0,91.0,nonburnable_or_other,7299.0,25.0,25.0,0.0,2905.0,25.0,0.0
fire_02353,Mission Fire,2024-10-18,2024,10,33.979878,-117.401904,17.0,2.8903717578961645,C,Small,80.33000000000004,57.341428571428665,1.36,2.8857142857142857,33.51428571428571,2.0,60.285714285714285,46.285714285714285,10.285714285714286,11.046666666666663,241.52678,2.0,0.1218693434051476,-0.992546151641322,-1,,0.0,0.0,0.0,0.0,0.0,91.0,nonburnable_or_other,7296.0,22.0,22.0,0.0,2902.0,22.0,0.0
fire_02354,Lost Fire,2024-10-19,2024,10,36.03643,-120.182476,13.0,2.6390573296152584,C,Small,80.76714285714289,54.821428571428704,1.4285714285714286,2.814285714285714,26.7,0.4,74.14285714285714,54.57142857142857,9.785714285714286,6.793333333333334,233.43698,1.0,-1.8369701987210287e-16,-1.0,0,D0,0.0,1.0,0.0,0.0,0.0,102.0,grass,7987.0,324.0,304.0,0.0,2967.0,122.0,0.0
fire_02355,Gilardi Fire,2024-10-19,2024,10,35.342748,-120.758104,50.0,3.9318256327243257,C,Small,68.60428571428562,53.07285714285714,0.7371428571428572,3.9,45.52857142857143,1.6,44.285714285714285,41.57142857142857,13.671428571428567,13.736666666666668,56.615158,3.0,-0.4694715627858907,-0.882947592858927,-1,,0.0,0.0,0.0,0.0,0.0,102.0,grass,9301.0,349.0,303.0,0.0,2270.0,124.0,0.0
fire_02356,162 Fire,2024-10-19,2024,10,39.4643049,-121.965973,60.0,4.110873864173311,C,Small,76.78142857142858,51.81285714285726,1.0642857142857145,3.3285714285714283,33.01428571428571,1.5,49.285714285714285,29.571428571428573,13.500000000000002,10.136666666666668,25.098036,0.0,-0.9659258262890682,0.258819045102521,0,D0,0.0,1.0,0.0,0.0,0.0,186.0,timber_litter,7980.0,146.0,114.0,45.0,2960.0,104.0,1.0
fire_02357,Dove Fire,2024-10-19,2024,10,35.45554,-118.1033,954.0,6.86171134048073,E,Medium,72.35857142857144,63.3071428571428,1.7571428571428571,4.228571428571429,19.542857142857144,0.8,95.71428571428572,81.28571428571429,4.842857142857143,5.1000000000000005,1320.954,4.0,-0.2079116908177593,0.9781476007338056,-1,,0.0,0.0,0.0,0.0,0.0,122.0,grass_shrub,7082.0,216.0,207.0,0.0,2082.0,111.0,0.0
fire_02358,Pedley Fire,2024-10-19,2024,10,34.017513,-117.479583,15.0,2.772588722239781,C,Small,76.2928571428572,57.62428571428578,1.085714285714286,3.1142857142857143,38.52857142857143,0.5,58.285714285714285,46.0,11.14285714285714,10.856666666666666,250.54239,8.0,-0.7547095802227721,-0.656059028990507,-1,,0.0,0.0,0.0,0.0,0.0,122.0,grass_shrub,7092.0,224.0,213.0,0.0,2092.0,112.0,0.0
fire_02359,Iowa Fire,2024-10-21,2024,10,39.293028,-121.48061,38.0,3.6635616461296463,C,Small,77.37285714285714,53.87000000000006,1.4042857142857144,3.285714285714286,23.771428571428576,2.0,64.28571428571429,48.71428571428572,10.914285714285716,8.06,50.17311,1.0,0.3090169943749472,-0.9510565162951536,0,D0,0.0,1.0,0.0,0.0,0.0,93.0,nonburnable_or_other,7984.0,64.0,64.0,0.0,2964.0,64.0,0.0
fire_02360,Coalinga Fire,2024-10-24,2024,10,36.281579,-120.300799,5.3,1.840549633397487,B,Small,78.01571428571434,50.34714285714303,1.7557142857142856,2.242857142857143,11.1,0.0,78.28571428571429,54.42857142857143,7.857142857142857,7.233333333333334,244.17262,3.0,-0.1564344650402308,0.9876883405951378,0,D0,0.0,1.0,0.0,0.0,0.0,102.0,grass,9301.0,336.0,304.0,0.0,2270.0,123.0,0.0
fire_02361,Golden Fire,2024-10-24,2024,10,33.443458,-116.87992,40.0,3.713572066704308,C,Small,79.3785714285715,53.767142857142986,1.8285714285714287,2.257142857142857,17.285714285714285,0.0,73.71428571428571,51.285714285714285,8.614285714285714,8.18,582.5726,2.0,-0.5877852522924732,-0.8090169943749473,-1,,0.0,0.0,0.0,0.0,0.0,122.0,grass_shrub,7092.0,221.0,219.0,0.0,2092.0,112.0,0.0
fire_02362,Riverview Fire,2024-10-24,2024,10,34.62078,-120.259123,64.1,4.175924549214524,C,Small,79.79000000000002,41.88714285714305,1.4385714285714286,4.842857142857143,17.32857142857143,0.0,41.142857142857146,41.142857142857146,12.971428571428572,16.1,134.78879,5.0,-0.5591929034707467,0.8290375725550417,-1,,0.0,0.0,0.0,0.0,0.0,102.0,grass,9301.0,346.0,303.0,0.0,2270.0,124.0,0.0
fire_02363,Lost Fire,2024-10-26,2024,10,36.048799,-120.164271,15.0,2.772588722239781,C,Small,80.99857142857157,53.0214285714286,2.017142857142857,1.4285714285714284,8.671428571428573,0.0,83.0,50.85714285714285,6.5,6.92,275.42874,4.0,-0.2249510543438652,-0.9743700647852352,0,D0,0.0,1.0,0.0,0.0,0.0,121.0,grass_shrub,9301.0,322.0,303.0,0.0,2270.0,122.0,0.0
fire_02364,Alray Fire,2024-10-26,2024,10,34.35491,-117.467864,15.6,2.8094026953624978,C,Small,72.79571428571428,59.11571428571434,1.8457142857142856,2.3714285714285714,10.471428571428572,0.0,89.71428571428571,62.71428571428572,5.928571428571429,5.640000000000001,1287.4059,9.0,-0.8480480961564261,-0.5299192642332048,-1,,0.0,0.0,0.0,0.0,0.0,144.0,shrub,7082.0,227.0,214.0,0.0,2105.0,118.0,0.0
fire_02365,Campbell Fire,2024-10-28,2024,10,36.229517,-118.858046,524.0,6.263398262591624,E,Medium,76.01000000000008,54.1785714285715,1.8428571428571432,2.0571428571428574,7.8428571428571425,0.0,92.85714285714286,62.0,5.200000000000001,5.113333333333334,799.8582,3.0,-0.8910065241883679,-0.4539904997395466,0,D0,0.0,1.0,0.0,0.0,0.0,144.0,shrub,7114.0,132.0,114.0,35.0,2114.0,103.0,1.0
fire_02366,Hog Fire,2024-10-30,2024,10,40.24402,-121.972909,40.0,3.713572066704308,C,Small,69.29857142857146,44.767142857142986,1.0057142857142856,5.1000000000000005,27.642857142857142,7.1,61.71428571428572,52.71428571428572,10.385714285714286,8.416666666666666,412.3624,11.0,-0.9945218953682732,0.1045284632676537,0,D0,0.0,1.0,0.0,0.0,0.0,162.0,timber_understory,9302.0,125.0,118.0,35.0,2271.0,103.0,1.0
fire_02367,Quarry Fire,2024-10-31,2024,10,32.69011,-117.01352,10.0,2.3978952727983707,C,Small,75.08428571428576,52.6357142857144,0.7699999999999999,2.7285714285714286,42.35714285714285,0.0,33.0,26.714285714285715,16.442857142857143,16.17,84.00902,3.0,-0.9455185755993168,0.3255681544571566,-1,,0.0,0.0,0.0,0.0,0.0,91.0,nonburnable_or_other,7297.0,23.0,23.0,0.0,2903.0,23.0,0.0
fire_02368,Montezuma Fire,2024-10-31,2024,10,32.77126,-117.09495,37.0,3.6375861597263857,C,Small,73.38714285714305,52.91857142857142,0.6842857142857143,2.6142857142857148,44.385714285714286,0.3,32.42857142857143,27.571428571428573,17.014285714285716,15.876666666666663,85.14149,2.0,0.9945218953682732,0.1045284632676534,-1,,0.0,0.0,0.0,0.0,0.0,121.0,grass_shrub,7914.0,17.0,17.0,0.0,2917.0,17.0,0.0
fire_02369,Gaylord Fire,2024-11-03,2024,11,39.925884,-122.132235,47.0,3.871201010907891,C,Small,65.08142857142857,44.0214285714287,0.4814285714285715,5.1571428571428575,48.0,19.9,45.285714285714285,40.0,15.54285714285714,8.953333333333331,71.92716,1.0,-0.6427876096865394,0.766044443118978,0,D0,0.0,1.0,0.0,0.0,0.0,122.0,grass_shrub,7662.0,356.0,304.0,0.0,2662.0,125.0,0.0
fire_02370,Wolf Fire,2024-11-04,2024,11,33.886528,-116.90239,25.0,3.258096538021482,C,Small,65.1071428571429,46.00142857142864,0.9157142857142856,3.385714285714286,28.27142857142857,6.4,69.42857142857143,45.42857142857143,9.242857142857144,6.743333333333334,816.608,11.0,0.8660254037844384,-0.5000000000000004,-1,,0.0,0.0,0.0,0.0,0.0,122.0,grass_shrub,9337.0,238.0,210.0,0.0,2270.0,113.0,0.0
fire_02371,Mountain Fire,2024-11-06,2024,11,34.3189,-118.9689,19904.0,9.898726235434417,G,Extreme,68.91285714285726,48.16142857142862,1.0814285714285714,2.7571428571428567,22.85714285714286,0.0,56.142857142857146,42.85714285714285,10.542857142857144,12.603333333333332,294.44626,2.0,-0.4067366430758001,-0.913545457642601,-1,,0.0,0.0,0.0,0.0,0.0,122.0,grass_shrub,7092.0,233.0,223.0,0.0,2092.0,113.0,0.0
fire_02372,Broad Fire,2024-11-06,2024,11,34.033917,-118.704833,50.0,3.9318256327243257,C,Small,66.47000000000006,49.13857142857138,0.7614285714285715,2.4285714285714284,38.885714285714286,0.0,40.85714285714285,30.571428571428573,13.499999999999998,15.273333333333332,88.035385,12.0,-1.0,1.2246467991473532e-16,-9,,,,,,,101.0,grass,7913.0,16.0,16.0,0.0,2916.0,16.0,0.0
fire_02373,Lake Fire,2024-11-05,2024,11,40.342148,-123.420067,44.0,3.80666248977032,C,Small,51.8642857142857,34.71285714285716,0.25,3.785714285714286,53.21428571428572,80.69999999999999,18.857142857142858,12.571428571428571,21.942857142857143,12.573333333333332,861.11414,5.0,0.2419218955996676,0.9702957262759964,0,D0,0.0,1.0,0.0,0.0,0.0,102.0,grass,9301.0,361.0,303.0,0.0,2270.0,126.0,0.0
fire_02374,Valley Fire,2024-11-06,2024,11,40.432155,-122.426405,10.8,2.468099531471619,C,Small,63.33285714285722,45.05,0.6042857142857143,3.028571428571428,45.17142857142858,29.9,36.142857142857146,19.714285714285715,17.357142857142858,9.033333333333331,235.29306,1.0,-0.9205048534524404,-0.3907311284892735,0,D0,0.0,1.0,0.0,0.0,0.0,102.0,grass,7980.0,126.0,103.0,25.0,2960.0,102.0,1.0
fire_02375,Lemon Fire,2024-11-06,2024,11,36.393723,-119.011663,40.0,3.713572066704308,C,Small,65.3642857142858,46.77285714285714,0.9442857142857142,2.271428571428572,29.542857142857144,0.4,71.57142857142857,48.57142857142857,9.742857142857144,6.186666666666667,214.25734,12.0,0.1564344650402306,-0.9876883405951378,0,D0,0.0,1.0,0.0,0.0,0.0,102.0,grass,7960.0,129.0,117.0,25.0,2960.0,102.0,1.0
fire_02376,Horseshoe Fire,2024-10-30,2024,10,36.496333,-118.139117,4537.0,8.420241665339788,F,Large,51.761428571428624,29.4928571428572,0.7642857142857142,2.371428571428571,15.828571428571433,0.0,83.42857142857143,57.285714285714285,6.771428571428571,6.096666666666667,2775.1687,39.0,0.1736481776669304,0.984807753012208,0,D0,0.0,1.0,0.0,0.0,0.0,122.0,grass_shrub,7098.0,235.0,206.0,0.0,2098.0,113.0,0.0
fire_02377,Frenchman Fire,2024-11-07,2024,11,34.615371,-118.749654,94.0,4.553876891600541,C,Small,62.58714285714304,46.7214285714285,1.0442857142857145,3.942857142857142,19.928571428571427,0.0,80.42857142857143,68.14285714285714,7.6571428571428575,5.976666666666668,733.66907,8.0,-0.3583679495453002,0.9335804264972016,-1,,0.0,0.0,0.0,0.0,0.0,122.0,grass_shrub,7092.0,222.0,206.0,0.0,2092.0,112.0,0.0
fire_02378,Santa Lucia Fire,2024-11-07,2024,11,34.691118,-120.501728,125.0,4.836281906951478,D,Medium,66.88142857142859,44.15,0.7614285714285715,7.32857142857143,32.34285714285714,1.2,33.714285714285715,43.57142857142857,15.585714285714284,16.886666666666667,59.729855,3.0,-0.5591929034707466,-0.8290375725550418,-1,,0.0,0.0,0.0,0.0,0.0,186.0,timber_litter,7113.0,152.0,140.0,55.0,2113.0,105.0,1.0
fire_02379,Garden Fire,2024-11-08,2024,11,33.33393,-117.18097,48.0,3.8918202981106265,C,Small,71.61285714285717,47.13285714285722,0.9442857142857144,3.4,32.3,0.6,36.285714285714285,28.142857142857142,15.2,15.123333333333331,144.16458,6.0,0.1391731009600654,-0.9902680687415704,-1,,0.0,0.0,0.0,0.0,0.0,91.0,nonburnable_or_other,7297.0,23.0,23.0,0.0,2903.0,23.0,0.0
fire_02380,Resort 2 Fire,2024-11-08,2024,11,33.286514,-116.64017,24.9,3.254242968705492,C,Small,62.458571428571545,39.70142857142864,0.9214285714285716,3.828571428571428,20.028571428571432,2.7,66.0,50.57142857142857,10.3,7.536666666666667,941.92926,4.0,-0.0348994967025007,-0.9993908270190958,0,D0,0.0,1.0,0.0,0.0,0.0,122.0,grass_shrub,7110.0,221.0,207.0,0.0,2110.0,112.0,0.0
fire_02381,Waucoba Fire,2024-11-11,2024,11,37.0211,-118.007,8.0,2.19722457733622,B,Small,47.85285714285718,27.950000000000102,0.6742857142857144,2.8285714285714287,12.042857142857144,0.0,85.0,62.85714285714285,6.442857142857143,5.840000000000001,3291.82,10.0,-0.9455185755993168,0.3255681544571566,0,D0,0.0,1.0,0.0,0.0,0.0,185.0,timber_litter,7020.0,138.0,111.0,25.0,2020.0,102.0,1.0
fire_02382,Bull Fire,2024-11-12,2024,11,35.96313,-119.966199,11.0,2.4849066497880004,C,Small,71.48428571428576,41.39857142857146,1.292857142857143,1.6999999999999995,12.871428571428572,3.0,71.85714285714286,40.57142857142857,8.37142857142857,7.303333333333333,160.21835,3.0,-0.0523359562429438,0.9986295347545738,-1,,0.0,0.0,0.0,0.0,0.0,102.0,grass,7129.0,329.0,304.0,0.0,2129.0,122.0,0.0
fire_02383,Eternal Fire,2024-11-13,2024,11,40.361854,-120.446162,20.0,3.044522437723423,C,Small,54.51285714285716,27.8214285714286,0.6671428571428573,4.614285714285715,21.75714285714286,19.9,53.285714285714285,43.0,10.757142857142856,10.296666666666663,1254.7913,3.0,0.6156614753256583,0.788010753606722,0,D0,0.0,1.0,0.0,0.0,0.0,99.0,nonburnable_or_other,7295.0,32.0,32.0,0.0,32.0,32.0,0.0
fire_02384,John Fire,2024-11-14,2024,11,36.862905,-120.781992,12.6,2.6100697927420065,C,Small,68.65571428571425,40.39571428571428,1.0242857142857142,1.9285714285714288,20.24285714285714,6.7,61.285714285714285,36.0,10.271428571428572,9.043333333333331,144.83122,7.0,0.2419218955996676,0.9702957262759964,0,D0,0.0,1.0,0.0,0.0,0.0,91.0,nonburnable_or_other,7299.0,25.0,25.0,0.0,2905.0,25.0,0.0
fire_02385,Kamm Fire,2024-11-16,2024,11,36.531149,-120.485099,10.0,2.3978952727983707,C,Small,65.64714285714302,44.22714285714286,0.9271428571428572,2.0285714285714285,27.457142857142856,5.3,66.57142857142857,39.85714285714285,9.814285714285717,7.34,182.57619,4.0,0.573576436351046,0.8191520442889918,0,D0,0.0,1.0,0.0,0.0,0.0,121.0,grass_shrub,9301.0,327.0,303.0,0.0,2270.0,122.0,0.0
fire_02386,Sandy Fire,2024-11-17,2024,11,35.956529,-120.654725,23.4,3.194583132299156,C,Small,62.04714285714302,32.5785714285714,0.5428571428571429,3.0142857142857147,33.7,4.0,47.85714285714285,34.42857142857143,14.571428571428571,10.11,392.51224,5.0,0.9205048534524404,-0.3907311284892739,-1,,0.0,0.0,0.0,0.0,0.0,144.0,shrub,7105.0,231.0,211.0,0.0,2105.0,113.0,0.0
fire_02387,Brauns Fire,2024-11-20,2024,11,38.205892,-120.730521,50.0,3.9318256327243257,C,Small,54.59000000000002,33.761428571428624,0.3914285714285714,3.4857142857142853,42.92857142857143,15.8,33.57142857142857,20.857142857142858,17.185714285714283,11.323333333333332,295.05048,4.0,-0.9998476951563912,-0.0174524064372836,0,D0,0.0,1.0,0.0,0.0,0.0,102.0,grass,9301.0,347.0,303.0,0.0,2270.0,124.0,0.0
fire_02388,Millar Fire,2024-11-20,2024,11,32.72754,-116.93722,11.0,2.4849066497880004,C,Small,68.8357142857144,42.94142857142856,0.8257142857142856,3.171428571428572,32.15714285714286,5.2,40.85714285714285,29.428571428571427,14.657142857142857,14.446666666666667,142.68637,6.0,0.8987940462991668,-0.4383711467890778,-1,,0.0,0.0,0.0,0.0,0.0,122.0,grass_shrub,7092.0,234.0,213.0,0.0,2092.0,113.0,0.0
fire_02389,Hidden Valley Fire,2024-11-20,2024,11,33.963907,-114.513662,45.5,3.8394523125933104,C,Small,70.79000000000002,41.01285714285716,1.3385714285714287,2.0142857142857142,13.157142857142858,0.0,88.71428571428571,57.71428571428572,6.1000000000000005,5.493333333333331,101.30187,2.0,-0.7071067811865475,0.7071067811865476,3,D3,3.0,1.0,1.0,1.0,1.0,142.0,shrub,7087.0,214.0,207.0,0.0,2087.0,111.0,0.0
fire_02390,Duck Fire,2024-11-21,2024,11,38.00025,-120.944749,73.4,4.309455941839047,C,Small,58.52428571428578,36.77000000000006,0.5057142857142857,3.7428571428571424,39.24285714285715,11.8,36.42857142857143,25.142857142857142,16.45714285714286,11.146666666666668,72.26565,0.0,-0.2756373558169989,-0.961261695938319,0,D0,0.0,1.0,0.0,0.0,0.0,102.0,grass,7987.0,335.0,304.0,0.0,2967.0,123.0,0.0
fire_02391,Michigan Fire,2024-11-21,2024,11,38.379304,-120.986172,24.1,3.2228678461377385,C,Small,55.69571428571438,40.60142857142864,0.4142857142857142,2.685714285714285,48.371428571428574,33.2,30.428571428571427,12.571428571428571,17.042857142857144,11.72,89.32998,1.0,0.1908089953765449,0.981627183447664,0,D0,0.0,1.0,0.0,0.0,0.0,186.0,timber_litter,7264.0,143.0,138.0,45.0,2264.0,104.0,1.0
fire_02392,Broadway Fire,2024-11-21,2024,11,36.203824,-121.141238,57.0,4.060443010546419,C,Small,62.48428571428576,34.455714285714365,0.5885714285714286,3.599999999999999,31.81428571428572,5.0,36.42857142857143,26.571428571428573,17.54285714285714,11.503333333333332,87.63615,1.0,0.8191520442889918,0.573576436351046,-1,,0.0,0.0,0.0,0.0,0.0,91.0,nonburnable_or_other,7297.0,23.0,23.0,0.0,2903.0,23.0,0.0
fire_02393,Canal Fire,2024-11-22,2024,11,37.051003,-119.926528,34.0,3.555348061489413,C,Small,61.8928571428572,40.08714285714304,0.8014285714285715,3.3428571428571425,29.21428571428571,8.1,48.85714285714285,37.142857142857146,13.485714285714286,9.943333333333332,108.440445,0.0,-0.0523359562429443,-0.9986295347545738,0,D0,0.0,1.0,0.0,0.0,0.0,102.0,grass,7980.0,123.0,109.0,25.0,2960.0,102.0,1.0
fire_02394,Border 77 Fire,2024-11-23,2024,11,32.5891998,-116.9079487,98.1,4.596129441335942,C,Small,69.4785714285714,43.841428571428665,0.95,2.685714285714286,26.914285714285715,6.3,47.57142857142857,37.142857142857146,13.857142857142858,12.293333333333331,259.96313,6.0,-0.3583679495453007,-0.9335804264972016,-1,,0.0,0.0,0.0,0.0,0.0,122.0,grass_shrub,7092.0,223.0,216.0,0.0,2092.0,112.0,0.0
fire_02395,Canyon Crest Fire,2024-11-28,2024,11,34.034077,-117.481178,254.0,5.541263545158426,D,Medium,69.40142857142874,48.624285714285676,0.8157142857142857,2.8714285714285714,39.44285714285714,4.1,54.57142857142857,37.0,12.44285714285714,9.38,333.24408,7.0,0.838670567945424,-0.544639035015027,-1,,0.0,0.0,0.0,0.0,0.0,91.0,nonburnable_or_other,7297.0,23.0,23.0,0.0,2903.0,23.0,0.0
fire_02396,Derrick Fire,2024-12-02,2024,12,36.443544,-120.419992,74.0,4.31748811353631,C,Small,57.36714285714288,43.86714285714288,0.4571428571428571,1.9,48.54285714285714,33.8,34.142857142857146,18.0,17.84285714285714,9.71,206.15929,4.0,0.1564344650402309,0.9876883405951378,0,D0,0.0,1.0,0.0,0.0,0.0,99.0,nonburnable_or_other,9062.0,31.0,31.0,0.0,31.0,31.0,0.0
fire_02397,Franklin Fire,2024-12-09,2024,12,34.06343,-118.69642,4086.0,8.315566483564277,F,Large,71.56142857142862,52.532857142857225,1.3014285714285714,1.7285714285714284,21.22857142857143,6.5,62.85714285714285,40.285714285714285,8.257142857142856,10.8,155.79738,9.0,-0.8480480961564261,-0.5299192642332048,-1,,0.0,0.0,0.0,0.0,0.0,122.0,grass_shrub,7092.0,243.0,222.0,0.0,2092.0,114.0,0.0
fire_02398,Rogers Fire ,2024-12-10,2024,12,34.6492,-117.3543,10.0,2.3978952727983707,C,Small,69.32428571428568,41.75857142857144,1.4457142857142855,1.7857142857142858,4.799999999999999,0.0,89.85714285714286,59.142857142857146,4.328571428571428,6.973333333333334,776.5846,3.0,6.123233995736766e-17,1.0,-1,,0.0,0.0,0.0,0.0,0.0,161.0,timber_understory,9534.0,240.0,213.0,0.0,2155.0,114.0,0.0
fire_02399,Addie Fire,2024-12-14,2024,12,35.27248,-119.61551,30.0,3.4339872044851463,C,Small,60.55571428571426,39.650000000000105,0.7014285714285714,2.2142857142857144,30.77142857142857,24.2,50.71428571428572,35.857142857142854,11.742857142857144,10.82333333333333,423.27603,1.0,0.7771459614569706,-0.6293203910498378,-1,,0.0,0.0,0.0,0.0,0.0,121.0,grass_shrub,9301.0,321.0,303.0,0.0,2270.0,122.0,0.0
fire_02400,Soto Fire,2024-12-17,2024,12,34.002023,-117.440844,25.0,3.258096538021482,C,Small,67.47285714285714,44.35571428571426,1.18,3.4142857142857146,15.685714285714289,1.3,74.42857142857143,61.71428571428572,6.957142857142856,9.486666666666668,299.88077,4.0,0.8746197071393957,0.484809620246337,0,D0,0.0,1.0,0.0,0.0,0.0,91.0,nonburnable_or_other,7297.0,23.0,23.0,0.0,2903.0,23.0,0.0
fire_02401,Soda Fire,2024-12-21,2024,12,34.9868,-119.477,419.0,6.040254711277414,E,Medium,61.8928571428572,43.17285714285714,0.9871428571428572,4.1,23.571428571428577,18.6,67.42857142857143,59.0,8.457142857142857,9.756666666666666,827.35724,4.0,0.6819983600624985,0.7313537016191705,-1,,0.0,0.0,0.0,0.0,0.0,102.0,grass,9301.0,334.0,303.0,0.0,2270.0,123.0,0.0
fire_02402,Five Fire,2024-07-14,2024,7,35.3858693,-119.367525,360.0,5.8888779583328805,E,Medium,106.84142857142857,72.79571428571428,4.454285714285715,3.3142857142857145,9.214285714285714,0.0,93.85714285714286,75.0,4.257142857142857,6.790000000000001,88.94954,0.0,0.9975640502598242,-0.0697564737441256,-1,,0.0,0.0,0.0,0.0,0.0,99.0,nonburnable_or_other,9062.0,31.0,31.0,0.0,31.0,31.0,0.0
fire_02403,Five 2 Fire,2024-07-15,2024,7,35.5879546,-119.624655,347.0,5.8522024797744745,E,Medium,108.74428571428574,75.75285714285718,4.725714285714285,3.0285714285714285,9.785714285714286,0.0,94.71428571428572,72.71428571428571,4.1571428571428575,6.493333333333335,72.070854,0.0,0.9455185755993168,0.3255681544571567,-1,,0.0,0.0,0.0,0.0,0.0,122.0,grass_shrub,9829.0,334.0,303.0,0.0,2280.0,123.0,0.0
