gridmet_id,fbfm40_code,evt_code,evc_code,evh_code,canopy_cover,fvt_code,fvc_code,fbfm40_group
fire_00000,183.0,7901.0,14.0,14.0,45.0,2914.0,14.0,timber_litter
fire_00001,93.0,7984.0,64.0,64.0,0.0,2964.0,64.0,nonburnable_or_other
fire_00002,102.0,9301.0,351.0,304.0,0.0,2270.0,125.0,grass
fire_00003,102.0,9301.0,342.0,303.0,0.0,2184.0,123.0,grass
fire_00004,122.0,7092.0,224.0,215.0,0.0,2092.0,112.0,grass_shrub
fire_00005,98.0,7292.0,11.0,11.0,0.0,11.0,11.0,nonburnable_or_other
fire_00006,144.0,7105.0,240.0,221.0,0.0,2105.0,115.0,shrub
fire_00007,103.0,9829.0,356.0,303.0,0.0,2280.0,125.0,grass
fire_00008,102.0,9301.0,348.0,303.0,0.0,2270.0,124.0,grass
fire_00009,102.0,7987.0,331.0,303.0,0.0,2967.0,123.0,grass
fire_00010,144.0,7105.0,234.0,221.0,0.0,2105.0,113.0,shrub
fire_00011,102.0,9301.0,334.0,302.0,0.0,2270.0,123.0,grass
fire_00012,91.0,7298.0,24.0,24.0,0.0,2904.0,24.0,nonburnable_or_other
fire_00013,145.0,7110.0,252.0,230.0,0.0,2110.0,115.0,shrub
fire_00014,186.0,7960.0,143.0,120.0,45.0,2960.0,104.0,timber_litter
fire_00015,102.0,9301.0,348.0,304.0,0.0,2270.0,124.0,grass
fire_00016,91.0,7299.0,25.0,25.0,0.0,2905.0,25.0,nonburnable_or_other
fire_00017,122.0,7151.0,130.0,111.0,35.0,2151.0,103.0,grass_shrub
fire_00018,122.0,7662.0,352.0,303.0,0.0,2662.0,125.0,grass_shrub
fire_00019,91.0,7296.0,22.0,22.0,0.0,2902.0,22.0,nonburnable_or_other
fire_00020,91.0,7299.0,25.0,25.0,0.0,2905.0,25.0,nonburnable_or_other
fire_00021,102.0,7129.0,338.0,304.0,0.0,2129.0,123.0,grass
fire_00022,121.0,7914.0,17.0,17.0,0.0,2917.0,17.0,grass_shrub
fire_00023,102.0,9301.0,338.0,304.0,0.0,2270.0,123.0,grass
fire_00024,103.0,7105.0,235.0,216.0,0.0,2105.0,115.0,grass
fire_00025,102.0,9301.0,356.0,304.0,0.0,2270.0,125.0,grass
fire_00026,145.0,7110.0,230.0,213.0,0.0,2110.0,113.0,shrub
fire_00027,99.0,9062.0,31.0,31.0,0.0,31.0,31.0,nonburnable_or_other
fire_00028,121.0,9301.0,327.0,303.0,0.0,2270.0,122.0,grass_shrub
fire_00029,102.0,9301.0,339.0,304.0,0.0,2270.0,123.0,grass
fire_00030,145.0,7105.0,245.0,220.0,0.0,2105.0,114.0,shrub
fire_00031,165.0,7028.0,142.0,115.0,45.0,2028.0,104.0,timber_understory
fire_00032,122.0,7014.0,138.0,117.0,35.0,2014.0,103.0,grass_shrub
fire_00033,121.0,7114.0,127.0,109.0,35.0,2114.0,103.0,grass_shrub
fire_00034,186.0,7980.0,144.0,112.0,45.0,2960.0,104.0,timber_litter
fire_00035,102.0,7105.0,221.0,213.0,0.0,2097.0,111.0,grass
fire_00036,102.0,9301.0,332.0,304.0,0.0,2270.0,123.0,grass
fire_00037,102.0,9301.0,349.0,303.0,0.0,2270.0,124.0,grass
fire_00038,122.0,7092.0,246.0,225.0,0.0,2092.0,114.0,grass_shrub
fire_00039,122.0,9829.0,348.0,303.0,0.0,2280.0,124.0,grass_shrub
fire_00040,142.0,7062.0,128.0,103.0,0.0,2062.0,102.0,shrub
fire_00041,145.0,7105.0,250.0,220.0,0.0,2105.0,115.0,shrub
fire_00042,145.0,7105.0,252.0,219.0,0.0,2105.0,115.0,shrub
fire_00043,186.0,7129.0,346.0,303.0,45.0,2264.0,104.0,timber_litter
fire_00044,144.0,7114.0,139.0,123.0,35.0,2114.0,103.0,shrub
fire_00045,122.0,7110.0,242.0,220.0,45.0,2118.0,103.0,grass_shrub
fire_00046,102.0,9301.0,335.0,304.0,0.0,2270.0,123.0,grass
fire_00047,144.0,9337.0,221.0,217.0,0.0,2105.0,113.0,shrub
fire_00048,102.0,9301.0,339.0,304.0,0.0,2270.0,123.0,grass
fire_00049,122.0,7110.0,222.0,208.0,0.0,2110.0,112.0,grass_shrub
fire_00050,102.0,7980.0,134.0,109.0,35.0,2960.0,103.0,grass
fire_00051,122.0,7105.0,221.0,220.0,15.0,2114.0,103.0,grass_shrub
fire_00052,102.0,7082.0,218.0,202.0,0.0,2082.0,111.0,grass
fire_00053,102.0,9301.0,346.0,303.0,0.0,2270.0,124.0,grass
fire_00054,102.0,9301.0,344.0,304.0,0.0,2270.0,124.0,grass
fire_00055,144.0,7114.0,138.0,123.0,35.0,2114.0,103.0,shrub
fire_00056,165.0,7114.0,140.0,118.0,45.0,2114.0,104.0,timber_understory
fire_00057,145.0,7110.0,234.0,215.0,0.0,2110.0,113.0,shrub
fire_00058,145.0,7110.0,250.0,220.0,0.0,2110.0,115.0,shrub
fire_00059,122.0,9301.0,339.0,303.0,35.0,2114.0,103.0,grass_shrub
fire_00060,91.0,7299.0,25.0,25.0,0.0,2905.0,25.0,nonburnable_or_other
fire_00061,102.0,7129.0,331.0,304.0,0.0,2129.0,123.0,grass
fire_00062,91.0,7296.0,22.0,22.0,0.0,2902.0,22.0,nonburnable_or_other
fire_00063,144.0,7114.0,139.0,123.0,35.0,2114.0,103.0,shrub
fire_00064,122.0,9337.0,229.0,211.0,0.0,2270.0,112.0,grass_shrub
fire_00065,102.0,9337.0,222.0,216.0,0.0,2114.0,102.0,grass
fire_00066,102.0,7110.0,230.0,219.0,0.0,2129.0,125.0,grass
fire_00067,91.0,7297.0,23.0,23.0,0.0,2903.0,23.0,nonburnable_or_other
fire_00068,91.0,7299.0,25.0,25.0,0.0,2905.0,25.0,nonburnable_or_other
fire_00069,165.0,7114.0,140.0,124.0,45.0,2114.0,104.0,timber_understory
fire_00070,162.0,9302.0,125.0,118.0,35.0,2271.0,103.0,timber_understory
fire_00071,91.0,7299.0,25.0,25.0,0.0,2905.0,25.0,nonburnable_or_other
fire_00072,142.0,7110.0,239.0,226.0,0.0,2110.0,113.0,shrub
fire_00073,102.0,9301.0,340.0,303.0,0.0,2270.0,124.0,grass
fire_00074,122.0,9337.0,249.0,226.0,0.0,2270.0,114.0,grass_shrub
fire_00075,185.0,7105.0,239.0,215.0,55.0,2015.0,105.0,timber_litter
fire_00076,121.0,7110.0,355.0,303.0,0.0,2110.0,115.0,grass_shrub
fire_00077,145.0,7110.0,240.0,213.0,0.0,2110.0,114.0,shrub
fire_00078,102.0,9301.0,339.0,303.0,0.0,2270.0,123.0,grass
fire_00079,183.0,9129.0,136.0,117.0,35.0,2152.0,103.0,timber_litter
fire_00080,122.0,7082.0,226.0,208.0,0.0,2082.0,112.0,grass_shrub
fire_00081,99.0,9213.0,100.0,100.0,0.0,2002.0,100.0,nonburnable_or_other
fire_00082,145.0,7105.0,251.0,218.0,0.0,2105.0,115.0,shrub
fire_00083,144.0,7114.0,131.0,135.0,35.0,2114.0,103.0,shrub
fire_00084,91.0,7296.0,22.0,22.0,0.0,2902.0,22.0,nonburnable_or_other
fire_00085,102.0,9301.0,353.0,304.0,0.0,2270.0,125.0,grass
fire_00086,122.0,7105.0,241.0,221.0,45.0,2030.0,103.0,grass_shrub
fire_00087,102.0,7987.0,353.0,303.0,0.0,2967.0,125.0,grass
fire_00088,102.0,9301.0,344.0,304.0,0.0,2270.0,124.0,grass
fire_00089,91.0,7299.0,25.0,25.0,0.0,2905.0,25.0,nonburnable_or_other
fire_00090,145.0,9301.0,341.0,303.0,0.0,2105.0,114.0,shrub
fire_00091,102.0,9301.0,326.0,304.0,0.0,2270.0,112.0,grass
fire_00092,144.0,9301.0,333.0,303.0,0.0,2105.0,112.0,shrub
fire_00093,163.0,9302.0,139.0,124.0,35.0,2271.0,103.0,timber_understory
fire_00094,102.0,9301.0,347.0,304.0,0.0,2270.0,124.0,grass
fire_00095,102.0,9301.0,348.0,304.0,0.0,2270.0,124.0,grass
fire_00096,186.0,7113.0,153.0,116.0,55.0,2113.0,105.0,timber_litter
fire_00097,122.0,7110.0,231.0,223.0,25.0,2014.0,103.0,grass_shrub
fire_00098,103.0,9301.0,333.0,303.0,0.0,2105.0,112.0,grass
fire_00099,186.0,7131.0,336.0,303.0,45.0,2265.0,104.0,timber_litter
fire_00100,103.0,9301.0,333.0,303.0,0.0,2105.0,112.0,grass
fire_00101,122.0,7110.0,239.0,219.0,25.0,2014.0,103.0,grass_shrub
fire_00102,103.0,7105.0,235.0,216.0,0.0,2105.0,115.0,grass
fire_00103,142.0,7043.0,180.0,128.0,85.0,2043.0,108.0,shrub
fire_00104,102.0,7113.0,130.0,108.0,0.0,2129.0,123.0,grass
fire_00105,102.0,9301.0,339.0,303.0,0.0,2184.0,126.0,grass
fire_00106,122.0,7105.0,238.0,213.0,0.0,2029.0,105.0,grass_shrub
fire_00107,185.0,7015.0,167.0,113.0,65.0,2015.0,106.0,timber_litter
fire_00108,102.0,9301.0,339.0,303.0,0.0,2270.0,124.0,grass
fire_00109,121.0,9301.0,340.0,302.0,0.0,2220.0,114.0,grass_shrub
fire_00110,121.0,7914.0,17.0,17.0,0.0,2917.0,17.0,grass_shrub
fire_00111,122.0,7014.0,132.0,112.0,35.0,2014.0,103.0,grass_shrub
fire_00112,122.0,7029.0,149.0,120.0,45.0,2029.0,104.0,grass_shrub
fire_00113,122.0,7105.0,325.0,308.0,0.0,2105.0,113.0,grass_shrub
fire_00114,165.0,7043.0,172.0,133.0,75.0,2043.0,107.0,timber_understory
fire_00115,122.0,9337.0,215.0,208.0,0.0,2270.0,111.0,grass_shrub
fire_00116,165.0,7043.0,178.0,129.0,75.0,2043.0,107.0,timber_understory
fire_00117,101.0,9336.0,226.0,205.0,0.0,2282.0,114.0,grass
fire_00118,184.0,7030.0,145.0,118.0,45.0,2030.0,104.0,timber_litter
fire_00119,91.0,7299.0,25.0,25.0,0.0,2905.0,25.0,nonburnable_or_other
fire_00120,99.0,9213.0,100.0,100.0,0.0,2002.0,100.0,nonburnable_or_other
fire_00121,188.0,7008.0,130.0,107.0,45.0,2027.0,103.0,timber_litter
fire_00122,101.0,7126.0,218.0,206.0,0.0,2126.0,111.0,grass
fire_00123,121.0,9301.0,326.0,304.0,0.0,2270.0,122.0,grass_shrub
fire_00124,122.0,7662.0,342.0,304.0,0.0,2662.0,124.0,grass_shrub
fire_00125,145.0,7105.0,244.0,219.0,0.0,2105.0,114.0,shrub
fire_00126,101.0,7029.0,145.0,138.0,35.0,2029.0,104.0,grass
fire_00127,145.0,9301.0,337.0,303.0,0.0,2105.0,114.0,shrub
fire_00128,122.0,7029.0,155.0,121.0,55.0,2029.0,105.0,grass_shrub
fire_00129,91.0,7299.0,25.0,25.0,0.0,2905.0,25.0,nonburnable_or_other
fire_00130,165.0,7031.0,141.0,118.0,45.0,2031.0,104.0,timber_understory
fire_00131,189.0,7027.0,142.0,123.0,45.0,2027.0,104.0,timber_litter
fire_00132,123.0,7113.0,148.0,134.0,45.0,2113.0,104.0,grass_shrub
fire_00133,122.0,7110.0,223.0,223.0,0.0,2110.0,112.0,grass_shrub
fire_00134,163.0,9302.0,142.0,124.0,45.0,2271.0,104.0,timber_understory
fire_00135,102.0,9301.0,347.0,303.0,0.0,2270.0,124.0,grass
fire_00136,144.0,7114.0,132.0,111.0,35.0,2114.0,103.0,shrub
fire_00137,165.0,7114.0,140.0,109.0,45.0,2114.0,104.0,timber_understory
fire_00138,93.0,7981.0,61.0,61.0,0.0,2961.0,61.0,nonburnable_or_other
fire_00139,101.0,9301.0,355.0,303.0,0.0,2270.0,123.0,grass
fire_00140,91.0,7299.0,25.0,25.0,0.0,2905.0,25.0,nonburnable_or_other
fire_00141,102.0,7105.0,232.0,208.0,25.0,2029.0,103.0,grass
fire_00142,162.0,7043.0,168.0,135.0,65.0,2043.0,106.0,timber_understory
fire_00143,122.0,9337.0,242.0,229.0,0.0,2270.0,114.0,grass_shrub
fire_00144,122.0,7032.0,137.0,111.0,35.0,2032.0,103.0,grass_shrub
fire_00145,185.0,7980.0,148.0,116.0,45.0,2960.0,104.0,timber_litter
fire_00146,122.0,7110.0,240.0,220.0,55.0,2118.0,105.0,grass_shrub
fire_00147,141.0,7098.0,225.0,204.0,0.0,2098.0,113.0,shrub
fire_00148,183.0,7027.0,134.0,112.0,25.0,2027.0,104.0,timber_litter
fire_00149,165.0,7030.0,150.0,120.0,55.0,2030.0,105.0,timber_understory
fire_00150,165.0,7027.0,152.0,120.0,55.0,2027.0,105.0,timber_understory
fire_00151,122.0,7017.0,134.0,116.0,35.0,2017.0,103.0,grass_shrub
fire_00152,122.0,7087.0,224.0,205.0,0.0,2087.0,112.0,grass_shrub
fire_00153,99.0,9062.0,100.0,100.0,0.0,2002.0,100.0,nonburnable_or_other
fire_00154,93.0,7984.0,64.0,64.0,0.0,2964.0,64.0,nonburnable_or_other
fire_00155,102.0,7980.0,110.0,102.0,15.0,2960.0,101.0,grass
fire_00156,122.0,9337.0,214.0,210.0,0.0,2270.0,111.0,grass_shrub
fire_00157,102.0,7110.0,227.0,218.0,0.0,2129.0,125.0,grass
fire_00158,91.0,7299.0,25.0,25.0,0.0,2905.0,25.0,nonburnable_or_other
fire_00159,122.0,7092.0,228.0,209.0,0.0,2092.0,112.0,grass_shrub
fire_00160,144.0,7105.0,225.0,218.0,0.0,2105.0,112.0,shrub
fire_00161,144.0,7105.0,222.0,211.0,0.0,2105.0,112.0,shrub
fire_00162,99.0,9062.0,31.0,31.0,0.0,31.0,31.0,nonburnable_or_other
fire_00163,93.0,7984.0,64.0,64.0,0.0,2964.0,64.0,nonburnable_or_other
fire_00164,91.0,7297.0,23.0,23.0,0.0,2903.0,23.0,nonburnable_or_other
fire_00165,102.0,9301.0,326.0,304.0,0.0,2270.0,124.0,grass
fire_00166,102.0,9301.0,342.0,303.0,0.0,2270.0,124.0,grass
fire_00167,121.0,9337.0,233.0,209.0,0.0,2270.0,113.0,grass_shrub
fire_00168,93.0,7984.0,64.0,64.0,0.0,2964.0,64.0,nonburnable_or_other
fire_00169,98.0,7292.0,11.0,11.0,0.0,11.0,11.0,nonburnable_or_other
fire_00170,91.0,7299.0,25.0,25.0,0.0,2905.0,25.0,nonburnable_or_other
fire_00171,102.0,9301.0,340.0,303.0,0.0,2270.0,124.0,grass
fire_00172,102.0,9301.0,346.0,304.0,0.0,2270.0,124.0,grass
fire_00173,91.0,7299.0,25.0,25.0,0.0,2905.0,25.0,nonburnable_or_other
fire_00174,102.0,9301.0,340.0,303.0,0.0,2270.0,125.0,grass
fire_00175,122.0,9337.0,220.0,209.0,0.0,2270.0,112.0,grass_shrub
fire_00176,122.0,9337.0,221.0,209.0,0.0,2270.0,112.0,grass_shrub
fire_00177,91.0,7296.0,22.0,22.0,0.0,2902.0,22.0,nonburnable_or_other
fire_00178,122.0,9337.0,216.0,205.0,0.0,2270.0,111.0,grass_shrub
fire_00179,145.0,7110.0,249.0,227.0,0.0,2110.0,114.0,shrub
fire_00180,91.0,7299.0,25.0,25.0,0.0,2905.0,25.0,nonburnable_or_other
fire_00181,121.0,9301.0,325.0,304.0,0.0,2270.0,122.0,grass_shrub
fire_00182,102.0,9301.0,325.0,304.0,0.0,2270.0,123.0,grass
fire_00183,91.0,7299.0,25.0,25.0,0.0,2905.0,25.0,nonburnable_or_other
fire_00184,101.0,9301.0,334.0,303.0,0.0,2270.0,122.0,grass
fire_00185,91.0,7296.0,22.0,22.0,0.0,2902.0,22.0,nonburnable_or_other
fire_00186,102.0,9301.0,347.0,304.0,0.0,2270.0,124.0,grass
fire_00187,121.0,9301.0,341.0,302.0,0.0,2092.0,112.0,grass_shrub
fire_00188,122.0,7092.0,234.0,223.0,0.0,2092.0,113.0,grass_shrub
fire_00189,99.0,9246.0,31.0,31.0,0.0,31.0,31.0,nonburnable_or_other
fire_00190,102.0,7087.0,220.0,205.0,0.0,2087.0,112.0,grass
fire_00191,102.0,7129.0,335.0,304.0,0.0,2129.0,123.0,grass
fire_00192,91.0,7297.0,23.0,23.0,0.0,2903.0,23.0,nonburnable_or_other
fire_00193,163.0,9302.0,139.0,128.0,35.0,2271.0,103.0,timber_understory
fire_00194,122.0,9337.0,218.0,212.0,0.0,2270.0,111.0,grass_shrub
fire_00195,122.0,7087.0,224.0,212.0,0.0,2087.0,112.0,grass_shrub
fire_00196,102.0,7986.0,331.0,304.0,0.0,2966.0,123.0,grass
fire_00197,102.0,7967.0,347.0,304.0,0.0,2967.0,124.0,grass
fire_00198,99.0,9062.0,31.0,31.0,0.0,31.0,31.0,nonburnable_or_other
fire_00199,142.0,7087.0,216.0,205.0,0.0,2087.0,111.0,shrub
fire_00200,93.0,7984.0,64.0,64.0,0.0,2964.0,64.0,nonburnable_or_other
fire_00201,102.0,9336.0,218.0,205.0,0.0,2282.0,111.0,grass
fire_00202,122.0,7092.0,219.0,208.0,0.0,2092.0,111.0,grass_shrub
fire_00203,142.0,7129.0,340.0,302.0,0.0,2110.0,114.0,shrub
fire_00204,91.0,7299.0,25.0,25.0,0.0,2905.0,25.0,nonburnable_or_other
fire_00205,91.0,7299.0,25.0,25.0,0.0,2905.0,25.0,nonburnable_or_other
fire_00206,121.0,7904.0,17.0,17.0,0.0,2917.0,17.0,grass_shrub
fire_00207,145.0,7110.0,237.0,216.0,0.0,2110.0,113.0,shrub
fire_00208,123.0,7113.0,139.0,114.0,35.0,2113.0,103.0,grass_shrub
fire_00209,102.0,9301.0,346.0,304.0,0.0,2270.0,124.0,grass
fire_00210,186.0,7980.0,141.0,110.0,45.0,2960.0,104.0,timber_litter
fire_00211,121.0,9328.0,232.0,207.0,0.0,2279.0,113.0,grass_shrub
fire_00212,144.0,7114.0,135.0,122.0,35.0,2114.0,103.0,shrub
fire_00213,121.0,9301.0,323.0,304.0,0.0,2270.0,122.0,grass_shrub
fire_00214,91.0,7296.0,22.0,22.0,0.0,2902.0,22.0,nonburnable_or_other
fire_00215,122.0,9337.0,218.0,208.0,0.0,2270.0,111.0,grass_shrub
fire_00216,102.0,9301.0,334.0,304.0,0.0,2270.0,123.0,grass
fire_00217,102.0,9301.0,342.0,303.0,0.0,2270.0,123.0,grass
fire_00218,122.0,9337.0,219.0,206.0,0.0,2270.0,111.0,grass_shrub
fire_00219,102.0,9301.0,331.0,303.0,0.0,2270.0,125.0,grass
fire_00220,144.0,7105.0,234.0,212.0,0.0,2105.0,113.0,shrub
fire_00221,101.0,7986.0,312.0,304.0,0.0,2966.0,121.0,grass
fire_00222,102.0,9301.0,342.0,302.0,0.0,2270.0,124.0,grass
fire_00223,144.0,7105.0,231.0,216.0,0.0,2105.0,113.0,shrub
fire_00224,122.0,7110.0,220.0,208.0,0.0,2110.0,112.0,grass_shrub
fire_00225,91.0,7299.0,25.0,25.0,0.0,2905.0,25.0,nonburnable_or_other
fire_00226,163.0,9302.0,131.0,127.0,35.0,2271.0,103.0,timber_understory
fire_00227,122.0,7110.0,224.0,212.0,0.0,2110.0,112.0,grass_shrub
fire_00228,102.0,9301.0,334.0,304.0,0.0,2270.0,123.0,grass
fire_00229,102.0,9301.0,348.0,304.0,0.0,2270.0,124.0,grass
fire_00230,122.0,7092.0,231.0,214.0,0.0,2092.0,113.0,grass_shrub
fire_00231,93.0,7988.0,68.0,68.0,0.0,2968.0,68.0,nonburnable_or_other
fire_00232,102.0,9301.0,332.0,303.0,0.0,2270.0,123.0,grass
fire_00233,102.0,9301.0,340.0,304.0,0.0,2270.0,124.0,grass
fire_00234,122.0,7092.0,222.0,209.0,0.0,2092.0,112.0,grass_shrub
fire_00235,121.0,7105.0,227.0,218.0,35.0,2114.0,103.0,grass_shrub
fire_00236,121.0,9301.0,329.0,304.0,0.0,2270.0,122.0,grass_shrub
fire_00237,122.0,7092.0,236.0,211.0,0.0,2092.0,113.0,grass_shrub
fire_00238,121.0,9301.0,326.0,304.0,0.0,2270.0,122.0,grass_shrub
fire_00239,186.0,7264.0,140.0,133.0,45.0,2264.0,104.0,timber_litter
fire_00240,122.0,7092.0,230.0,218.0,0.0,2092.0,113.0,grass_shrub
fire_00241,102.0,9301.0,362.0,304.0,0.0,2270.0,126.0,grass
fire_00242,91.0,7298.0,24.0,24.0,0.0,2904.0,24.0,nonburnable_or_other
fire_00243,121.0,7098.0,225.0,211.0,0.0,2098.0,113.0,grass_shrub
fire_00244,144.0,7080.0,233.0,207.0,0.0,2080.0,113.0,shrub
fire_00245,102.0,9301.0,340.0,303.0,0.0,2270.0,124.0,grass
fire_00246,102.0,7934.0,333.0,304.0,0.0,2911.0,123.0,grass
fire_00247,102.0,9301.0,349.0,304.0,0.0,2270.0,124.0,grass
fire_00248,102.0,7980.0,118.0,105.0,15.0,2960.0,101.0,grass
fire_00249,145.0,7105.0,244.0,219.0,0.0,2105.0,114.0,shrub
fire_00250,102.0,7129.0,339.0,303.0,0.0,2129.0,123.0,grass
fire_00251,122.0,7110.0,224.0,210.0,0.0,2110.0,112.0,grass_shrub
fire_00252,145.0,7110.0,242.0,222.0,0.0,2110.0,114.0,shrub
fire_00253,145.0,7110.0,241.0,218.0,0.0,2110.0,114.0,shrub
fire_00254,184.0,7105.0,233.0,218.0,45.0,2030.0,104.0,timber_litter
fire_00255,145.0,7105.0,240.0,223.0,0.0,2105.0,115.0,shrub
fire_00256,99.0,9213.0,100.0,100.0,0.0,2002.0,100.0,nonburnable_or_other
fire_00257,102.0,7131.0,373.0,303.0,0.0,2131.0,127.0,grass
fire_00258,122.0,9301.0,348.0,305.0,0.0,2092.0,111.0,grass_shrub
fire_00259,142.0,7118.0,125.0,118.0,25.0,2118.0,103.0,shrub
fire_00261,122.0,7265.0,137.0,136.0,35.0,2265.0,103.0,grass_shrub
fire_00262,91.0,7299.0,25.0,25.0,0.0,2905.0,25.0,nonburnable_or_other
fire_00263,122.0,9011.0,339.0,303.0,0.0,2225.0,123.0,grass_shrub
fire_00264,144.0,7114.0,133.0,132.0,35.0,2114.0,103.0,shrub
fire_00265,102.0,7129.0,335.0,304.0,0.0,2129.0,123.0,grass
fire_00266,102.0,7987.0,338.0,303.0,0.0,2967.0,123.0,grass
fire_00267,122.0,7092.0,231.0,212.0,0.0,2092.0,113.0,grass_shrub
fire_00268,122.0,9301.0,346.0,303.0,0.0,2092.0,114.0,grass_shrub
fire_00269,122.0,7105.0,250.0,214.0,0.0,2105.0,115.0,grass_shrub
fire_00270,165.0,7030.0,145.0,127.0,45.0,2030.0,104.0,timber_understory
fire_00271,122.0,7092.0,216.0,209.0,0.0,2092.0,111.0,grass_shrub
fire_00272,122.0,7029.0,148.0,120.0,45.0,2029.0,104.0,grass_shrub
fire_00273,183.0,7105.0,239.0,218.0,45.0,2915.0,15.0,timber_litter
fire_00274,145.0,7105.0,242.0,217.0,0.0,2105.0,114.0,shrub
fire_00275,91.0,7296.0,22.0,22.0,0.0,2902.0,22.0,nonburnable_or_other
fire_00276,91.0,7297.0,23.0,23.0,0.0,2903.0,23.0,nonburnable_or_other
fire_00277,122.0,7092.0,218.0,210.0,0.0,2092.0,111.0,grass_shrub
fire_00278,102.0,7129.0,338.0,304.0,0.0,2129.0,123.0,grass
fire_00279,91.0,7299.0,25.0,25.0,0.0,2905.0,25.0,nonburnable_or_other
fire_00280,102.0,9301.0,339.0,304.0,0.0,2270.0,123.0,grass
fire_00281,91.0,7298.0,24.0,24.0,0.0,2904.0,24.0,nonburnable_or_other
fire_00282,144.0,7114.0,132.0,116.0,35.0,2114.0,103.0,shrub
fire_00283,91.0,7296.0,22.0,22.0,0.0,2902.0,22.0,nonburnable_or_other
fire_00284,91.0,7299.0,25.0,25.0,0.0,2905.0,25.0,nonburnable_or_other
fire_00285,102.0,7924.0,340.0,303.0,0.0,2911.0,124.0,grass
fire_00286,102.0,7967.0,358.0,302.0,0.0,2967.0,125.0,grass
fire_00287,165.0,7030.0,151.0,136.0,55.0,2030.0,105.0,timber_understory
fire_00288,102.0,9301.0,343.0,304.0,0.0,2270.0,124.0,grass
fire_00289,102.0,7129.0,332.0,304.0,0.0,2129.0,123.0,grass
fire_00290,165.0,7114.0,144.0,115.0,45.0,2114.0,104.0,timber_understory
fire_00291,91.0,7299.0,25.0,25.0,0.0,2905.0,25.0,nonburnable_or_other
fire_00292,122.0,9337.0,221.0,216.0,0.0,2270.0,112.0,grass_shrub
fire_00293,145.0,7110.0,239.0,214.0,0.0,2110.0,113.0,shrub
fire_00294,102.0,9301.0,342.0,304.0,0.0,2270.0,124.0,grass
fire_00295,122.0,7662.0,347.0,304.0,0.0,2662.0,124.0,grass_shrub
fire_00296,102.0,9301.0,335.0,302.0,0.0,2270.0,123.0,grass
fire_00297,102.0,9301.0,343.0,302.0,0.0,2270.0,114.0,grass
fire_00298,145.0,7110.0,233.0,220.0,0.0,2110.0,113.0,shrub
fire_00299,91.0,7299.0,25.0,25.0,0.0,2905.0,25.0,nonburnable_or_other
fire_00300,102.0,9301.0,344.0,304.0,0.0,2270.0,124.0,grass
fire_00301,162.0,7265.0,141.0,136.0,45.0,2265.0,104.0,timber_understory
fire_00302,122.0,7261.0,156.0,126.0,55.0,2261.0,105.0,grass_shrub
fire_00303,165.0,7014.0,137.0,110.0,55.0,2014.0,105.0,timber_understory
fire_00304,122.0,7080.0,231.0,214.0,0.0,2080.0,113.0,grass_shrub
fire_00305,162.0,7043.0,146.0,115.0,35.0,2043.0,104.0,timber_understory
fire_00306,98.0,7292.0,11.0,11.0,0.0,11.0,11.0,nonburnable_or_other
fire_00307,91.0,7297.0,23.0,23.0,0.0,2903.0,23.0,nonburnable_or_other
fire_00308,102.0,7129.0,335.0,304.0,0.0,2129.0,123.0,grass
fire_00309,102.0,9301.0,335.0,303.0,0.0,2270.0,123.0,grass
fire_00310,145.0,7105.0,248.0,216.0,0.0,2105.0,114.0,shrub
fire_00311,122.0,9629.0,252.0,223.0,0.0,2152.0,115.0,grass_shrub
fire_00312,121.0,9301.0,326.0,304.0,0.0,2270.0,122.0,grass_shrub
fire_00313,122.0,7662.0,358.0,304.0,0.0,2662.0,125.0,grass_shrub
fire_00314,122.0,7028.0,129.0,109.0,25.0,2028.0,102.0,grass_shrub
fire_00315,102.0,9301.0,355.0,303.0,0.0,2270.0,125.0,grass
fire_00316,165.0,7030.0,168.0,125.0,65.0,2030.0,106.0,timber_understory
fire_00317,102.0,9301.0,339.0,303.0,0.0,2270.0,123.0,grass
fire_00318,122.0,9337.0,221.0,207.0,0.0,2270.0,112.0,grass_shrub
fire_00319,91.0,7299.0,25.0,25.0,0.0,2905.0,25.0,nonburnable_or_other
fire_00320,102.0,9336.0,224.0,202.0,0.0,2282.0,112.0,grass
fire_00321,102.0,9301.0,343.0,304.0,0.0,2270.0,124.0,grass
fire_00322,91.0,7299.0,25.0,25.0,0.0,2905.0,25.0,nonburnable_or_other
fire_00323,91.0,7296.0,22.0,22.0,0.0,2902.0,22.0,nonburnable_or_other
fire_00324,122.0,7092.0,236.0,210.0,0.0,2092.0,113.0,grass_shrub
fire_00325,91.0,7299.0,25.0,25.0,0.0,2905.0,25.0,nonburnable_or_other
fire_00326,91.0,7299.0,25.0,25.0,0.0,2905.0,25.0,nonburnable_or_other
fire_00327,123.0,7092.0,256.0,220.0,0.0,2092.0,115.0,grass_shrub
fire_00328,102.0,7131.0,343.0,303.0,0.0,2131.0,126.0,grass
fire_00329,122.0,7114.0,132.0,108.0,35.0,2114.0,103.0,grass_shrub
fire_00330,144.0,7105.0,230.0,214.0,0.0,2105.0,113.0,shrub
fire_00331,144.0,7105.0,235.0,213.0,0.0,2105.0,113.0,shrub
fire_00332,145.0,7105.0,249.0,221.0,0.0,2105.0,114.0,shrub
fire_00333,122.0,9301.0,337.0,303.0,25.0,2114.0,102.0,grass_shrub
fire_00334,142.0,7080.0,228.0,214.0,0.0,2080.0,112.0,shrub
fire_00335,93.0,7961.0,61.0,61.0,0.0,2961.0,61.0,nonburnable_or_other
fire_00336,144.0,7114.0,136.0,128.0,35.0,2114.0,103.0,shrub
fire_00337,102.0,7980.0,110.0,104.0,15.0,2960.0,101.0,grass
fire_00338,103.0,7105.0,238.0,205.0,0.0,2105.0,113.0,grass
fire_00339,91.0,7299.0,25.0,25.0,0.0,2905.0,25.0,nonburnable_or_other
fire_00340,122.0,7662.0,326.0,304.0,0.0,2662.0,122.0,grass_shrub
fire_00341,101.0,7913.0,16.0,16.0,0.0,2916.0,16.0,grass
fire_00342,102.0,9301.0,352.0,304.0,0.0,2270.0,125.0,grass
fire_00343,102.0,9301.0,324.0,304.0,0.0,2270.0,123.0,grass
fire_00344,102.0,9301.0,348.0,303.0,0.0,2270.0,124.0,grass
fire_00345,99.0,9246.0,31.0,31.0,0.0,31.0,31.0,nonburnable_or_other
fire_00346,91.0,7297.0,23.0,23.0,0.0,2903.0,23.0,nonburnable_or_other
fire_00347,102.0,9301.0,335.0,304.0,0.0,2270.0,123.0,grass
fire_00348,144.0,7114.0,133.0,125.0,35.0,2114.0,103.0,shrub
fire_00349,165.0,7028.0,164.0,133.0,65.0,2028.0,106.0,timber_understory
fire_00350,165.0,7114.0,141.0,126.0,45.0,2114.0,104.0,timber_understory
fire_00351,91.0,7299.0,25.0,25.0,0.0,2905.0,25.0,nonburnable_or_other
fire_00352,99.0,7295.0,32.0,32.0,0.0,32.0,32.0,nonburnable_or_other
fire_00353,122.0,7030.0,128.0,115.0,25.0,2030.0,102.0,grass_shrub
fire_00354,91.0,7299.0,25.0,25.0,0.0,2905.0,25.0,nonburnable_or_other
fire_00355,102.0,9301.0,344.0,304.0,0.0,2270.0,124.0,grass
fire_00356,91.0,7299.0,25.0,25.0,0.0,2905.0,25.0,nonburnable_or_other
fire_00357,162.0,7043.0,156.0,127.0,65.0,2043.0,107.0,timber_understory
fire_00358,91.0,7299.0,25.0,25.0,0.0,2905.0,25.0,nonburnable_or_other
fire_00359,145.0,7110.0,235.0,215.0,0.0,2110.0,113.0,shrub
fire_00360,91.0,7299.0,25.0,25.0,0.0,2905.0,25.0,nonburnable_or_other
fire_00361,165.0,7030.0,163.0,137.0,65.0,2030.0,106.0,timber_understory
fire_00362,144.0,7105.0,221.0,216.0,0.0,2105.0,114.0,shrub
fire_00363,102.0,9301.0,339.0,304.0,0.0,2270.0,123.0,grass
fire_00364,121.0,9301.0,327.0,303.0,0.0,2270.0,122.0,grass_shrub
fire_00365,102.0,7082.0,219.0,204.0,0.0,2082.0,111.0,grass
fire_00366,102.0,9301.0,346.0,302.0,0.0,2270.0,124.0,grass
fire_00367,184.0,7030.0,133.0,117.0,45.0,2030.0,104.0,timber_litter
fire_00368,91.0,7299.0,25.0,25.0,0.0,2905.0,25.0,nonburnable_or_other
fire_00369,188.0,9129.0,139.0,115.0,35.0,2152.0,103.0,timber_litter
fire_00370,141.0,7124.0,219.0,205.0,0.0,2124.0,113.0,shrub
fire_00371,102.0,9301.0,331.0,304.0,0.0,2270.0,123.0,grass
fire_00372,102.0,9301.0,358.0,304.0,0.0,2270.0,125.0,grass
fire_00373,185.0,7015.0,162.0,129.0,65.0,2015.0,106.0,timber_litter
fire_00374,142.0,7110.0,228.0,215.0,0.0,2110.0,114.0,shrub
fire_00375,121.0,7914.0,17.0,17.0,0.0,2917.0,17.0,grass_shrub
fire_00376,98.0,7292.0,11.0,11.0,0.0,11.0,11.0,nonburnable_or_other
fire_00377,102.0,9301.0,338.0,304.0,0.0,2270.0,123.0,grass
fire_00378,145.0,7105.0,250.0,224.0,0.0,2105.0,115.0,shrub
fire_00379,165.0,7043.0,152.0,131.0,55.0,2043.0,105.0,timber_understory
fire_00380,99.0,9246.0,100.0,100.0,0.0,2002.0,100.0,nonburnable_or_other
fire_00381,122.0,7118.0,131.0,115.0,35.0,2118.0,103.0,grass_shrub
fire_00382,102.0,9301.0,360.0,303.0,0.0,2270.0,126.0,grass
fire_00383,145.0,7105.0,251.0,218.0,0.0,2105.0,115.0,shrub
fire_00384,121.0,9301.0,325.0,303.0,0.0,2270.0,122.0,grass_shrub
fire_00385,122.0,9337.0,224.0,217.0,0.0,2270.0,112.0,grass_shrub
fire_00386,102.0,9336.0,226.0,214.0,0.0,2282.0,112.0,grass
fire_00387,122.0,7126.0,232.0,206.0,0.0,2126.0,113.0,grass_shrub
fire_00388,121.0,9308.0,344.0,302.0,0.0,2282.0,113.0,grass_shrub
fire_00389,145.0,7110.0,246.0,219.0,0.0,2110.0,114.0,shrub
fire_00390,102.0,9301.0,335.0,304.0,0.0,2270.0,123.0,grass
fire_00391,188.0,7043.0,154.0,116.0,65.0,2043.0,105.0,timber_litter
fire_00392,91.0,7299.0,25.0,25.0,0.0,2905.0,25.0,nonburnable_or_other
fire_00393,121.0,7914.0,17.0,17.0,0.0,2917.0,17.0,grass_shrub
fire_00394,144.0,7114.0,135.0,125.0,35.0,2114.0,103.0,shrub
fire_00395,188.0,7105.0,237.0,219.0,55.0,2027.0,105.0,timber_litter
fire_00396,122.0,7092.0,226.0,213.0,0.0,2092.0,112.0,grass_shrub
fire_00397,101.0,7662.0,325.0,304.0,0.0,2916.0,16.0,grass
fire_00398,165.0,7028.0,159.0,124.0,55.0,2028.0,105.0,timber_understory
fire_00399,122.0,7092.0,222.0,211.0,0.0,2092.0,112.0,grass_shrub
fire_00400,144.0,7114.0,138.0,135.0,35.0,2114.0,103.0,shrub
fire_00401,184.0,7098.0,230.0,212.0,25.0,2032.0,104.0,timber_litter
fire_00402,162.0,7105.0,239.0,214.0,25.0,2027.0,104.0,timber_understory
fire_00403,122.0,7110.0,224.0,206.0,0.0,2110.0,112.0,grass_shrub
fire_00404,122.0,7105.0,250.0,212.0,0.0,2105.0,115.0,grass_shrub
fire_00405,121.0,7092.0,228.0,211.0,0.0,2092.0,112.0,grass_shrub
fire_00406,102.0,9301.0,344.0,302.0,0.0,2270.0,124.0,grass
fire_00407,102.0,7027.0,139.0,111.0,0.0,2270.0,123.0,grass
fire_00408,183.0,9129.0,143.0,115.0,45.0,2914.0,14.0,timber_litter
fire_00409,121.0,7098.0,231.0,209.0,0.0,2098.0,113.0,grass_shrub
fire_00410,142.0,7110.0,227.0,208.0,0.0,2110.0,113.0,shrub
fire_00411,162.0,7028.0,151.0,116.0,35.0,2028.0,107.0,timber_understory
fire_00412,99.0,7733.0,100.0,100.0,0.0,2003.0,100.0,nonburnable_or_other
fire_00413,102.0,9301.0,336.0,303.0,0.0,2270.0,123.0,grass
fire_00414,121.0,9301.0,325.0,303.0,0.0,2270.0,122.0,grass_shrub
fire_00415,121.0,9310.0,228.0,212.0,0.0,2275.0,112.0,grass_shrub
fire_00416,122.0,7017.0,116.0,107.0,15.0,2017.0,101.0,grass_shrub
fire_00417,144.0,7105.0,242.0,209.0,0.0,2105.0,114.0,shrub
fire_00418,102.0,9301.0,348.0,304.0,0.0,2270.0,124.0,grass
fire_00419,145.0,7105.0,242.0,221.0,0.0,2105.0,114.0,shrub
fire_00420,102.0,7924.0,340.0,302.0,0.0,2911.0,124.0,grass
fire_00421,121.0,7110.0,355.0,303.0,0.0,2110.0,114.0,grass_shrub
fire_00422,122.0,9337.0,219.0,209.0,0.0,2270.0,111.0,grass_shrub
fire_00423,122.0,7029.0,150.0,121.0,55.0,2029.0,105.0,grass_shrub
fire_00424,144.0,7114.0,135.0,124.0,35.0,2114.0,103.0,shrub
fire_00425,144.0,7105.0,236.0,214.0,0.0,2105.0,113.0,shrub
fire_00426,91.0,7299.0,25.0,25.0,0.0,2905.0,25.0,nonburnable_or_other
fire_00427,183.0,7105.0,231.0,212.0,25.0,2030.0,104.0,timber_litter
fire_00428,165.0,7028.0,154.0,128.0,55.0,2028.0,105.0,timber_understory
fire_00429,122.0,9030.0,225.0,205.0,0.0,2154.0,112.0,grass_shrub
fire_00430,102.0,7967.0,356.0,305.0,0.0,2967.0,125.0,grass
fire_00431,102.0,9308.0,340.0,301.0,0.0,2273.0,124.0,grass
fire_00432,122.0,7017.0,126.0,109.0,25.0,2017.0,102.0,grass_shrub
fire_00433,145.0,7105.0,,221.0,0.0,2105.0,115.0,shrub
fire_00434,189.0,7027.0,136.0,119.0,35.0,2027.0,103.0,timber_litter
fire_00435,102.0,7980.0,125.0,106.0,25.0,2960.0,102.0,grass
fire_00436,165.0,7043.0,179.0,125.0,75.0,2043.0,107.0,timber_understory
fire_00437,187.0,7030.0,151.0,125.0,65.0,2030.0,107.0,timber_litter
fire_00438,121.0,9301.0,335.0,302.0,0.0,2092.0,111.0,grass_shrub
fire_00439,91.0,7297.0,23.0,23.0,0.0,2903.0,23.0,nonburnable_or_other
fire_00440,165.0,7028.0,129.0,112.0,35.0,2028.0,103.0,timber_understory
fire_00441,121.0,9301.0,327.0,302.0,0.0,2270.0,122.0,grass_shrub
fire_00442,121.0,7029.0,135.0,109.0,0.0,2098.0,114.0,grass_shrub
fire_00443,102.0,7924.0,350.0,305.0,0.0,2911.0,125.0,grass
fire_00444,144.0,7114.0,130.0,108.0,35.0,2114.0,103.0,shrub
fire_00445,91.0,7299.0,25.0,25.0,0.0,2905.0,25.0,nonburnable_or_other
fire_00446,162.0,7105.0,237.0,218.0,0.0,2105.0,115.0,timber_understory
fire_00447,122.0,9337.0,230.0,211.0,0.0,2270.0,113.0,grass_shrub
fire_00448,122.0,7092.0,222.0,223.0,0.0,2092.0,113.0,grass_shrub
fire_00449,91.0,7299.0,25.0,25.0,0.0,2905.0,25.0,nonburnable_or_other
fire_00450,91.0,7299.0,25.0,25.0,0.0,2905.0,25.0,nonburnable_or_other
fire_00451,188.0,7027.0,132.0,112.0,55.0,2027.0,106.0,timber_litter
fire_00452,144.0,7105.0,232.0,217.0,0.0,2105.0,115.0,shrub
fire_00453,122.0,7264.0,139.0,124.0,35.0,2264.0,103.0,grass_shrub
fire_00454,102.0,9308.0,344.0,301.0,0.0,2273.0,123.0,grass
fire_00455,122.0,9301.0,343.0,302.0,55.0,2118.0,105.0,grass_shrub
fire_00456,122.0,7261.0,136.0,113.0,35.0,2261.0,103.0,grass_shrub
fire_00457,188.0,7043.0,150.0,121.0,65.0,2043.0,106.0,timber_litter
fire_00458,102.0,9301.0,331.0,304.0,0.0,2270.0,123.0,grass
fire_00459,102.0,7110.0,229.0,214.0,0.0,2129.0,125.0,grass
fire_00460,93.0,7981.0,61.0,61.0,0.0,2961.0,61.0,nonburnable_or_other
fire_00461,99.0,9062.0,31.0,31.0,0.0,31.0,31.0,nonburnable_or_other
fire_00462,184.0,7032.0,156.0,123.0,35.0,2032.0,104.0,timber_litter
fire_00463,161.0,7105.0,247.0,216.0,0.0,2027.0,105.0,timber_understory
fire_00464,144.0,7105.0,240.0,217.0,0.0,2105.0,115.0,shrub
fire_00465,91.0,7299.0,25.0,25.0,0.0,2905.0,25.0,nonburnable_or_other
fire_00466,185.0,7015.0,166.0,123.0,65.0,2015.0,106.0,timber_litter
fire_00467,102.0,7098.0,233.0,210.0,0.0,2270.0,125.0,grass
fire_00468,165.0,7043.0,177.0,126.0,75.0,2043.0,107.0,timber_understory
fire_00469,99.0,9062.0,31.0,31.0,0.0,31.0,31.0,nonburnable_or_other
fire_00470,145.0,7105.0,252.0,213.0,0.0,2105.0,115.0,shrub
fire_00471,165.0,7028.0,150.0,136.0,55.0,2028.0,106.0,timber_understory
fire_00472,145.0,7105.0,251.0,220.0,0.0,2105.0,115.0,shrub
fire_00473,102.0,9301.0,340.0,304.0,0.0,2270.0,124.0,grass
fire_00474,93.0,7961.0,61.0,61.0,0.0,2961.0,61.0,nonburnable_or_other
fire_00475,101.0,9301.0,355.0,303.0,0.0,2270.0,125.0,grass
fire_00476,102.0,9301.0,338.0,303.0,0.0,2270.0,123.0,grass
fire_00477,102.0,9301.0,342.0,304.0,0.0,2270.0,124.0,grass
fire_00478,123.0,7113.0,136.0,131.0,35.0,2113.0,103.0,grass_shrub
fire_00479,165.0,7030.0,157.0,121.0,55.0,2030.0,105.0,timber_understory
fire_00480,121.0,7114.0,115.0,118.0,15.0,2114.0,103.0,grass_shrub
fire_00481,102.0,9301.0,336.0,304.0,0.0,2270.0,124.0,grass
fire_00482,102.0,7986.0,335.0,302.0,0.0,2966.0,123.0,grass
fire_00483,91.0,7296.0,22.0,22.0,0.0,2902.0,22.0,nonburnable_or_other
fire_00484,91.0,7299.0,25.0,25.0,0.0,2905.0,25.0,nonburnable_or_other
fire_00485,122.0,9337.0,240.0,224.0,45.0,2113.0,103.0,grass_shrub
fire_00486,122.0,7098.0,246.0,215.0,25.0,2028.0,102.0,grass_shrub
fire_00487,93.0,7984.0,64.0,64.0,0.0,2964.0,64.0,nonburnable_or_other
fire_00488,121.0,7105.0,325.0,308.0,0.0,2105.0,112.0,grass_shrub
fire_00489,122.0,7092.0,226.0,209.0,0.0,2092.0,112.0,grass_shrub
fire_00490,102.0,9301.0,362.0,304.0,0.0,2270.0,126.0,grass
fire_00491,144.0,7114.0,133.0,119.0,35.0,2114.0,103.0,shrub
fire_00492,102.0,9301.0,347.0,302.0,0.0,2270.0,124.0,grass
fire_00493,162.0,7105.0,234.0,219.0,35.0,2043.0,104.0,timber_understory
fire_00494,122.0,7114.0,135.0,124.0,35.0,2114.0,103.0,grass_shrub
fire_00495,102.0,9301.0,348.0,303.0,0.0,2270.0,124.0,grass
fire_00496,144.0,7114.0,135.0,115.0,35.0,2114.0,103.0,shrub
fire_00497,185.0,7015.0,165.0,112.0,65.0,2015.0,106.0,timber_litter
fire_00498,183.0,9129.0,138.0,119.0,35.0,2152.0,103.0,timber_litter
fire_00499,93.0,7961.0,61.0,61.0,0.0,2961.0,61.0,nonburnable_or_other
fire_00500,102.0,9301.0,331.0,303.0,0.0,2270.0,123.0,grass
fire_00501,93.0,7961.0,61.0,61.0,0.0,2961.0,61.0,nonburnable_or_other
fire_00502,102.0,9301.0,343.0,304.0,0.0,2270.0,125.0,grass
fire_00503,102.0,9301.0,349.0,303.0,0.0,2270.0,124.0,grass
fire_00504,102.0,9301.0,351.0,303.0,0.0,2270.0,124.0,grass
fire_00505,122.0,7260.0,148.0,134.0,45.0,2260.0,104.0,grass_shrub
fire_00506,102.0,9301.0,353.0,303.0,0.0,2270.0,125.0,grass
fire_00507,144.0,7105.0,238.0,220.0,0.0,2105.0,113.0,shrub
fire_00508,98.0,7668.0,358.0,303.0,0.0,2668.0,125.0,nonburnable_or_other
fire_00509,102.0,9301.0,351.0,304.0,0.0,2270.0,125.0,grass
fire_00510,102.0,7029.0,139.0,125.0,35.0,2029.0,103.0,grass
fire_00511,93.0,7961.0,61.0,61.0,0.0,2961.0,61.0,nonburnable_or_other
fire_00512,187.0,7098.0,243.0,221.0,55.0,2030.0,105.0,timber_litter
fire_00513,102.0,7105.0,236.0,220.0,45.0,2029.0,105.0,grass
fire_00514,91.0,7299.0,25.0,25.0,0.0,2905.0,25.0,nonburnable_or_other
fire_00515,122.0,7118.0,143.0,128.0,45.0,2118.0,104.0,grass_shrub
fire_00516,122.0,7105.0,355.0,303.0,0.0,2105.0,112.0,grass_shrub
fire_00517,122.0,9629.0,252.0,224.0,0.0,2152.0,115.0,grass_shrub
fire_00518,184.0,7113.0,135.0,110.0,45.0,2113.0,105.0,timber_litter
fire_00519,185.0,7015.0,161.0,126.0,65.0,2015.0,106.0,timber_litter
fire_00520,188.0,7027.0,145.0,121.0,55.0,2027.0,106.0,timber_litter
fire_00521,102.0,7105.0,234.0,217.0,55.0,2029.0,104.0,grass
fire_00522,91.0,7299.0,25.0,25.0,0.0,2905.0,25.0,nonburnable_or_other
fire_00523,121.0,9310.0,223.0,210.0,0.0,2275.0,112.0,grass_shrub
fire_00524,91.0,7299.0,25.0,25.0,0.0,2905.0,25.0,nonburnable_or_other
fire_00525,165.0,7028.0,161.0,122.0,65.0,2028.0,106.0,timber_understory
fire_00526,93.0,7981.0,61.0,61.0,0.0,2961.0,61.0,nonburnable_or_other
fire_00527,122.0,7092.0,221.0,206.0,0.0,2092.0,112.0,grass_shrub
fire_00528,91.0,7297.0,23.0,23.0,0.0,2903.0,23.0,nonburnable_or_other
fire_00529,121.0,9301.0,351.0,302.0,0.0,2092.0,112.0,grass_shrub
fire_00530,121.0,7914.0,17.0,17.0,0.0,2917.0,17.0,grass_shrub
fire_00531,122.0,7662.0,334.0,304.0,0.0,2662.0,123.0,grass_shrub
fire_00532,145.0,7105.0,244.0,221.0,0.0,2105.0,114.0,shrub
fire_00533,144.0,7098.0,245.0,210.0,0.0,2098.0,114.0,shrub
fire_00534,144.0,7105.0,225.0,225.0,0.0,2105.0,112.0,shrub
fire_00535,188.0,7128.0,239.0,218.0,65.0,2043.0,106.0,timber_litter
fire_00536,123.0,7113.0,136.0,108.0,35.0,2113.0,103.0,grass_shrub
fire_00537,102.0,9301.0,343.0,304.0,0.0,2270.0,124.0,grass
fire_00538,122.0,7092.0,229.0,220.0,0.0,2092.0,112.0,grass_shrub
fire_00539,102.0,7987.0,349.0,303.0,0.0,2967.0,124.0,grass
fire_00540,122.0,7092.0,226.0,221.0,0.0,2092.0,112.0,grass_shrub
fire_00541,142.0,7110.0,235.0,215.0,0.0,2110.0,113.0,shrub
fire_00542,142.0,7110.0,245.0,217.0,0.0,2110.0,114.0,shrub
fire_00543,145.0,7110.0,241.0,220.0,0.0,2110.0,114.0,shrub
fire_00544,163.0,9302.0,139.0,109.0,35.0,2271.0,103.0,timber_understory
fire_00545,122.0,7098.0,229.0,205.0,0.0,2098.0,112.0,grass_shrub
fire_00546,102.0,9301.0,353.0,302.0,0.0,2270.0,123.0,grass
fire_00547,142.0,7087.0,210.0,206.0,0.0,2087.0,111.0,shrub
fire_00548,186.0,7113.0,152.0,113.0,55.0,2113.0,105.0,timber_litter
fire_00549,121.0,9301.0,327.0,304.0,0.0,2270.0,122.0,grass_shrub
fire_00550,99.0,9062.0,31.0,31.0,0.0,31.0,31.0,nonburnable_or_other
fire_00551,145.0,7110.0,232.0,214.0,0.0,2110.0,113.0,shrub
fire_00552,102.0,7129.0,332.0,302.0,0.0,2129.0,123.0,grass
fire_00553,122.0,7092.0,236.0,216.0,0.0,2092.0,113.0,grass_shrub
fire_00554,122.0,7092.0,223.0,208.0,0.0,2092.0,112.0,grass_shrub
fire_00555,102.0,9301.0,332.0,303.0,0.0,2270.0,123.0,grass
fire_00556,145.0,7110.0,252.0,221.0,0.0,2110.0,115.0,shrub
fire_00557,123.0,7113.0,140.0,122.0,45.0,2113.0,104.0,grass_shrub
fire_00558,122.0,7092.0,242.0,216.0,0.0,2092.0,114.0,grass_shrub
fire_00559,122.0,9829.0,332.0,303.0,0.0,2280.0,123.0,grass_shrub
fire_00560,142.0,7126.0,222.0,202.0,0.0,2126.0,112.0,shrub
fire_00561,102.0,9301.0,334.0,304.0,0.0,2270.0,123.0,grass
fire_00562,102.0,9301.0,340.0,302.0,0.0,2270.0,123.0,grass
fire_00563,101.0,7081.0,221.0,202.0,0.0,2081.0,112.0,grass
fire_00564,102.0,9301.0,342.0,304.0,0.0,2270.0,124.0,grass
fire_00565,122.0,7092.0,225.0,216.0,0.0,2092.0,112.0,grass_shrub
fire_00566,93.0,7984.0,64.0,64.0,0.0,2964.0,64.0,nonburnable_or_other
fire_00567,122.0,7110.0,221.0,206.0,0.0,2110.0,112.0,grass_shrub
fire_00568,144.0,7105.0,225.0,211.0,0.0,2105.0,112.0,shrub
fire_00569,122.0,7092.0,215.0,208.0,0.0,2092.0,111.0,grass_shrub
fire_00570,165.0,7027.0,146.0,124.0,45.0,2027.0,104.0,timber_understory
fire_00571,102.0,7967.0,356.0,304.0,0.0,2967.0,125.0,grass
fire_00572,122.0,7092.0,220.0,208.0,0.0,2092.0,112.0,grass_shrub
fire_00573,99.0,9213.0,100.0,100.0,0.0,2002.0,100.0,nonburnable_or_other
fire_00574,122.0,7092.0,241.0,220.0,0.0,2092.0,114.0,grass_shrub
fire_00575,145.0,7110.0,238.0,218.0,0.0,2110.0,113.0,shrub
fire_00576,122.0,7092.0,231.0,212.0,0.0,2092.0,113.0,grass_shrub
fire_00577,121.0,9301.0,322.0,304.0,0.0,2270.0,122.0,grass_shrub
fire_00578,91.0,7296.0,22.0,22.0,0.0,2902.0,22.0,nonburnable_or_other
fire_00579,145.0,7110.0,232.0,215.0,0.0,2110.0,113.0,shrub
fire_00580,102.0,7082.0,219.0,204.0,0.0,2082.0,111.0,grass
fire_00581,91.0,7299.0,25.0,25.0,0.0,2905.0,25.0,nonburnable_or_other
fire_00582,102.0,9301.0,352.0,304.0,0.0,2270.0,125.0,grass
fire_00583,102.0,9301.0,330.0,304.0,0.0,2270.0,123.0,grass
fire_00584,102.0,7105.0,225.0,212.0,0.0,2105.0,112.0,grass
fire_00585,101.0,7913.0,16.0,16.0,0.0,2916.0,16.0,grass
fire_00586,91.0,7296.0,22.0,22.0,0.0,2902.0,22.0,nonburnable_or_other
fire_00587,102.0,7980.0,121.0,107.0,25.0,2960.0,102.0,grass
fire_00588,122.0,9337.0,219.0,212.0,0.0,2270.0,111.0,grass_shrub
fire_00589,121.0,9301.0,329.0,303.0,0.0,2270.0,122.0,grass_shrub
fire_00590,102.0,9301.0,334.0,304.0,0.0,2270.0,123.0,grass
fire_00591,91.0,7297.0,23.0,23.0,0.0,2903.0,23.0,nonburnable_or_other
fire_00592,141.0,7087.0,217.0,204.0,0.0,2087.0,111.0,shrub
fire_00593,103.0,7105.0,221.0,217.0,0.0,2105.0,114.0,grass
fire_00594,102.0,9301.0,333.0,303.0,0.0,2270.0,123.0,grass
fire_00595,93.0,7981.0,61.0,61.0,0.0,2961.0,61.0,nonburnable_or_other
fire_00596,102.0,9301.0,340.0,304.0,0.0,2270.0,124.0,grass
fire_00597,93.0,7984.0,64.0,64.0,0.0,2964.0,64.0,nonburnable_or_other
fire_00598,145.0,7105.0,238.0,218.0,0.0,2105.0,115.0,shrub
fire_00599,91.0,7299.0,25.0,25.0,0.0,2905.0,25.0,nonburnable_or_other
fire_00600,91.0,7297.0,23.0,23.0,0.0,2903.0,23.0,nonburnable_or_other
fire_00601,91.0,7299.0,25.0,25.0,0.0,2905.0,25.0,nonburnable_or_other
fire_00602,93.0,7981.0,61.0,61.0,0.0,2961.0,61.0,nonburnable_or_other
fire_00603,102.0,9301.0,361.0,304.0,0.0,2270.0,126.0,grass
fire_00604,102.0,9301.0,346.0,304.0,0.0,2270.0,124.0,grass
fire_00605,145.0,7110.0,240.0,219.0,0.0,2110.0,114.0,shrub
fire_00606,102.0,9301.0,334.0,302.0,0.0,2270.0,123.0,grass
fire_00607,102.0,9301.0,344.0,304.0,0.0,2270.0,124.0,grass
fire_00608,145.0,7105.0,244.0,220.0,0.0,2105.0,114.0,shrub
fire_00609,102.0,7105.0,238.0,207.0,0.0,2105.0,113.0,grass
fire_00610,183.0,7911.0,14.0,14.0,45.0,2914.0,14.0,timber_litter
fire_00611,91.0,7296.0,22.0,22.0,0.0,2902.0,22.0,nonburnable_or_other
fire_00612,141.0,7110.0,217.0,212.0,0.0,2110.0,113.0,shrub
fire_00613,186.0,7008.0,138.0,112.0,35.0,2008.0,103.0,timber_litter
fire_00614,103.0,9301.0,333.0,303.0,0.0,2105.0,114.0,grass
fire_00615,144.0,7105.0,221.0,210.0,0.0,2105.0,112.0,shrub
fire_00616,144.0,7114.0,135.0,123.0,35.0,2114.0,103.0,shrub
fire_00617,144.0,7105.0,230.0,218.0,0.0,2105.0,113.0,shrub
fire_00618,91.0,7296.0,22.0,22.0,0.0,2902.0,22.0,nonburnable_or_other
fire_00619,142.0,7110.0,224.0,224.0,0.0,2110.0,114.0,shrub
fire_00620,145.0,7110.0,235.0,215.0,0.0,2110.0,113.0,shrub
fire_00621,102.0,7934.0,339.0,303.0,0.0,2911.0,123.0,grass
fire_00622,102.0,9301.0,348.0,304.0,0.0,2270.0,124.0,grass
fire_00623,102.0,7980.0,134.0,105.0,35.0,2960.0,103.0,grass
fire_00624,101.0,9301.0,336.0,303.0,0.0,2270.0,122.0,grass
fire_00625,91.0,7299.0,25.0,25.0,0.0,2905.0,25.0,nonburnable_or_other
fire_00626,91.0,7299.0,25.0,25.0,0.0,2905.0,25.0,nonburnable_or_other
fire_00627,102.0,9301.0,351.0,304.0,0.0,2270.0,125.0,grass
fire_00628,102.0,9301.0,340.0,304.0,0.0,2270.0,124.0,grass
fire_00629,102.0,9301.0,347.0,304.0,0.0,2270.0,124.0,grass
fire_00630,91.0,7299.0,25.0,25.0,0.0,2905.0,25.0,nonburnable_or_other
fire_00631,91.0,7299.0,25.0,25.0,0.0,2905.0,25.0,nonburnable_or_other
fire_00632,91.0,7296.0,22.0,22.0,0.0,2902.0,22.0,nonburnable_or_other
fire_00633,165.0,7114.0,145.0,126.0,45.0,2114.0,104.0,timber_understory
fire_00634,145.0,7110.0,231.0,212.0,0.0,2110.0,113.0,shrub
fire_00635,102.0,9301.0,346.0,304.0,0.0,2270.0,124.0,grass
fire_00636,102.0,7986.0,338.0,304.0,0.0,2966.0,123.0,grass
fire_00637,102.0,9336.0,226.0,203.0,0.0,2282.0,112.0,grass
fire_00638,98.0,7292.0,11.0,11.0,0.0,11.0,11.0,nonburnable_or_other
fire_00639,102.0,9301.0,347.0,304.0,0.0,2270.0,124.0,grass
fire_00640,165.0,7114.0,141.0,122.0,45.0,2114.0,104.0,timber_understory
fire_00641,101.0,9301.0,355.0,303.0,0.0,2270.0,126.0,grass
fire_00642,91.0,7299.0,25.0,25.0,0.0,2905.0,25.0,nonburnable_or_other
fire_00643,91.0,7296.0,22.0,22.0,0.0,2902.0,22.0,nonburnable_or_other
fire_00644,145.0,7105.0,252.0,221.0,0.0,2105.0,115.0,shrub
fire_00645,141.0,7079.0,220.0,203.0,0.0,2079.0,112.0,shrub
fire_00646,144.0,7105.0,236.0,224.0,0.0,2105.0,113.0,shrub
fire_00647,102.0,9301.0,332.0,304.0,0.0,2270.0,124.0,grass
fire_00648,145.0,7105.0,252.0,224.0,0.0,2105.0,115.0,shrub
fire_00649,102.0,9301.0,349.0,304.0,0.0,2270.0,124.0,grass
fire_00650,102.0,9301.0,343.0,304.0,0.0,2270.0,124.0,grass
fire_00651,102.0,9301.0,335.0,304.0,0.0,2270.0,123.0,grass
fire_00652,123.0,7113.0,133.0,109.0,35.0,2113.0,103.0,grass_shrub
fire_00653,122.0,9629.0,216.0,207.0,0.0,2152.0,111.0,grass_shrub
fire_00654,145.0,7105.0,249.0,218.0,0.0,2105.0,114.0,shrub
fire_00655,101.0,7913.0,16.0,16.0,0.0,2916.0,16.0,grass
fire_00656,102.0,9301.0,353.0,303.0,0.0,2270.0,125.0,grass
fire_00657,91.0,7299.0,25.0,25.0,0.0,2905.0,25.0,nonburnable_or_other
fire_00658,122.0,7092.0,222.0,218.0,0.0,2092.0,112.0,grass_shrub
fire_00659,102.0,9301.0,362.0,304.0,0.0,2270.0,126.0,grass
fire_00660,102.0,9301.0,340.0,303.0,0.0,2270.0,124.0,grass
fire_00661,99.0,7295.0,32.0,32.0,0.0,32.0,32.0,nonburnable_or_other
fire_00662,165.0,7030.0,151.0,129.0,55.0,2030.0,105.0,timber_understory
fire_00663,102.0,9301.0,342.0,304.0,0.0,2270.0,124.0,grass
fire_00664,102.0,9301.0,331.0,303.0,0.0,2270.0,123.0,grass
fire_00665,163.0,9302.0,141.0,124.0,45.0,2271.0,104.0,timber_understory
fire_00666,102.0,7980.0,121.0,104.0,25.0,2960.0,102.0,grass
fire_00667,101.0,7987.0,314.0,306.0,0.0,2967.0,121.0,grass
fire_00668,145.0,7105.0,251.0,217.0,0.0,2105.0,115.0,shrub
fire_00669,91.0,7296.0,22.0,22.0,0.0,2902.0,22.0,nonburnable_or_other
fire_00670,161.0,7044.0,140.0,119.0,35.0,2044.0,104.0,timber_understory
fire_00671,101.0,7913.0,16.0,16.0,0.0,2916.0,16.0,grass
fire_00672,102.0,7980.0,139.0,111.0,35.0,2960.0,103.0,grass
fire_00673,102.0,7129.0,338.0,303.0,0.0,2129.0,123.0,grass
fire_00674,102.0,9828.0,341.0,302.0,0.0,2279.0,124.0,grass
fire_00675,121.0,7105.0,231.0,215.0,0.0,2098.0,111.0,grass_shrub
fire_00676,102.0,9301.0,342.0,304.0,0.0,2270.0,125.0,grass
fire_00677,122.0,9337.0,241.0,215.0,0.0,2270.0,114.0,grass_shrub
fire_00678,91.0,7299.0,25.0,25.0,0.0,2905.0,25.0,nonburnable_or_other
fire_00679,122.0,9337.0,230.0,213.0,0.0,2270.0,113.0,grass_shrub
fire_00680,121.0,7110.0,355.0,303.0,0.0,2110.0,115.0,grass_shrub
fire_00681,102.0,7934.0,335.0,303.0,0.0,2911.0,123.0,grass
fire_00682,91.0,7299.0,25.0,25.0,0.0,2905.0,25.0,nonburnable_or_other
fire_00683,91.0,7299.0,25.0,25.0,0.0,2905.0,25.0,nonburnable_or_other
fire_00684,91.0,7296.0,22.0,22.0,0.0,2902.0,22.0,nonburnable_or_other
fire_00685,188.0,7028.0,155.0,127.0,55.0,2028.0,105.0,timber_litter
fire_00686,122.0,7110.0,229.0,217.0,0.0,2110.0,112.0,grass_shrub
fire_00687,91.0,7299.0,25.0,25.0,0.0,2905.0,25.0,nonburnable_or_other
fire_00688,122.0,7092.0,226.0,222.0,0.0,2092.0,112.0,grass_shrub
fire_00689,102.0,9301.0,338.0,302.0,0.0,2270.0,123.0,grass
fire_00690,102.0,7967.0,355.0,303.0,0.0,2967.0,125.0,grass
fire_00691,102.0,9301.0,351.0,303.0,0.0,2270.0,125.0,grass
fire_00692,141.0,7110.0,239.0,212.0,0.0,2110.0,115.0,shrub
fire_00693,102.0,7123.0,350.0,302.0,0.0,2123.0,125.0,grass
fire_00694,145.0,7110.0,241.0,212.0,0.0,2110.0,114.0,shrub
fire_00695,91.0,7299.0,25.0,25.0,0.0,2905.0,25.0,nonburnable_or_other
fire_00696,182.0,7910.0,13.0,13.0,35.0,2913.0,13.0,timber_litter
fire_00697,99.0,9246.0,31.0,31.0,0.0,31.0,31.0,nonburnable_or_other
fire_00698,99.0,9213.0,100.0,100.0,0.0,2002.0,100.0,nonburnable_or_other
fire_00699,91.0,7299.0,25.0,25.0,0.0,2905.0,25.0,nonburnable_or_other
fire_00700,98.0,7292.0,11.0,11.0,0.0,11.0,11.0,nonburnable_or_other
fire_00701,121.0,9301.0,325.0,303.0,0.0,2917.0,17.0,grass_shrub
fire_00702,123.0,7113.0,133.0,111.0,35.0,2113.0,103.0,grass_shrub
fire_00703,142.0,7080.0,227.0,214.0,0.0,2080.0,112.0,shrub
fire_00704,102.0,9301.0,337.0,303.0,0.0,2270.0,123.0,grass
fire_00705,102.0,7082.0,225.0,203.0,0.0,2082.0,112.0,grass
fire_00706,91.0,7299.0,25.0,25.0,0.0,2905.0,25.0,nonburnable_or_other
fire_00707,102.0,7986.0,327.0,304.0,0.0,2966.0,122.0,grass
fire_00708,102.0,9301.0,349.0,303.0,0.0,2270.0,124.0,grass
fire_00709,102.0,7080.0,226.0,201.0,0.0,2080.0,113.0,grass
fire_00710,122.0,7092.0,242.0,217.0,0.0,2092.0,114.0,grass_shrub
fire_00711,102.0,9301.0,335.0,303.0,0.0,2270.0,123.0,grass
fire_00712,91.0,7299.0,25.0,25.0,0.0,2905.0,25.0,nonburnable_or_other
fire_00713,91.0,7299.0,25.0,25.0,0.0,2905.0,25.0,nonburnable_or_other
fire_00714,102.0,9301.0,346.0,303.0,0.0,2270.0,124.0,grass
fire_00715,102.0,9336.0,227.0,203.0,0.0,2282.0,112.0,grass
fire_00716,122.0,9011.0,352.0,304.0,0.0,2225.0,125.0,grass_shrub
fire_00717,102.0,9301.0,331.0,303.0,0.0,2270.0,123.0,grass
fire_00718,165.0,7043.0,170.0,126.0,75.0,2043.0,107.0,timber_understory
fire_00719,122.0,7017.0,128.0,113.0,25.0,2017.0,102.0,grass_shrub
fire_00720,145.0,7105.0,249.0,218.0,0.0,2105.0,114.0,shrub
fire_00721,102.0,9301.0,332.0,304.0,0.0,2270.0,123.0,grass
fire_00722,101.0,7903.0,16.0,16.0,0.0,2916.0,16.0,grass
fire_00723,121.0,7113.0,151.0,115.0,45.0,2113.0,104.0,grass_shrub
fire_00724,122.0,7092.0,234.0,218.0,0.0,2092.0,113.0,grass_shrub
fire_00725,122.0,7105.0,241.0,210.0,0.0,2105.0,114.0,grass_shrub
fire_00726,123.0,7113.0,143.0,120.0,45.0,2113.0,104.0,grass_shrub
fire_00727,91.0,7297.0,23.0,23.0,0.0,2903.0,23.0,nonburnable_or_other
fire_00728,98.0,7292.0,11.0,11.0,0.0,11.0,11.0,nonburnable_or_other
fire_00729,102.0,9301.0,358.0,304.0,0.0,2270.0,125.0,grass
fire_00730,145.0,7110.0,233.0,212.0,0.0,2110.0,113.0,shrub
fire_00731,91.0,7299.0,25.0,25.0,0.0,2905.0,25.0,nonburnable_or_other
fire_00732,184.0,7030.0,154.0,123.0,65.0,2030.0,106.0,timber_litter
fire_00733,102.0,9301.0,334.0,304.0,0.0,2270.0,123.0,grass
fire_00734,145.0,7105.0,240.0,217.0,0.0,2105.0,114.0,shrub
fire_00735,102.0,9301.0,340.0,303.0,0.0,2270.0,125.0,grass
fire_00736,102.0,7980.0,132.0,102.0,35.0,2960.0,103.0,grass
fire_00737,91.0,7299.0,25.0,25.0,0.0,2905.0,25.0,nonburnable_or_other
fire_00738,144.0,7114.0,136.0,127.0,35.0,2114.0,103.0,shrub
fire_00739,165.0,7028.0,157.0,134.0,55.0,2028.0,105.0,timber_understory
fire_00740,183.0,7098.0,241.0,215.0,15.0,2030.0,106.0,timber_litter
fire_00741,121.0,9337.0,234.0,216.0,0.0,2917.0,17.0,grass_shrub
fire_00742,122.0,7087.0,228.0,206.0,0.0,2087.0,112.0,grass_shrub
fire_00743,183.0,9129.0,153.0,114.0,45.0,2152.0,104.0,timber_litter
fire_00744,122.0,7030.0,139.0,120.0,35.0,2030.0,103.0,grass_shrub
fire_00745,188.0,7027.0,141.0,116.0,55.0,2027.0,105.0,timber_litter
fire_00746,102.0,7934.0,335.0,304.0,0.0,2911.0,123.0,grass
fire_00747,162.0,7265.0,144.0,136.0,45.0,2265.0,104.0,timber_understory
fire_00748,102.0,9301.0,335.0,304.0,0.0,2270.0,123.0,grass
fire_00749,102.0,9301.0,342.0,305.0,0.0,2270.0,124.0,grass
fire_00750,91.0,7299.0,25.0,25.0,0.0,2905.0,25.0,nonburnable_or_other
fire_00751,183.0,7110.0,237.0,217.0,45.0,2914.0,14.0,timber_litter
fire_00752,145.0,7110.0,239.0,215.0,0.0,2110.0,113.0,shrub
fire_00753,102.0,7924.0,344.0,304.0,0.0,2911.0,124.0,grass
fire_00754,144.0,7114.0,131.0,116.0,35.0,2114.0,103.0,shrub
fire_00755,102.0,9301.0,335.0,304.0,0.0,2270.0,123.0,grass
fire_00756,102.0,9301.0,338.0,304.0,0.0,2270.0,123.0,grass
fire_00757,121.0,9301.0,338.0,304.0,25.0,2114.0,102.0,grass_shrub
fire_00758,144.0,7114.0,132.0,107.0,35.0,2114.0,103.0,shrub
fire_00759,102.0,9301.0,340.0,303.0,0.0,2270.0,125.0,grass
fire_00760,122.0,9337.0,218.0,207.0,0.0,2270.0,111.0,grass_shrub
fire_00761,186.0,7098.0,245.0,222.0,0.0,2032.0,104.0,timber_litter
fire_00762,144.0,7028.0,134.0,107.0,0.0,2028.0,106.0,shrub
fire_00763,121.0,7027.0,142.0,109.0,0.0,2098.0,114.0,grass_shrub
fire_00764,99.0,9213.0,100.0,100.0,0.0,2002.0,100.0,nonburnable_or_other
fire_00765,122.0,7092.0,217.0,205.0,0.0,2092.0,111.0,grass_shrub
fire_00766,102.0,7980.0,129.0,107.0,0.0,2960.0,103.0,grass
fire_00767,102.0,9301.0,335.0,304.0,0.0,2270.0,123.0,grass
fire_00768,102.0,9301.0,357.0,304.0,0.0,2270.0,125.0,grass
fire_00769,102.0,7131.0,353.0,302.0,0.0,2131.0,125.0,grass
fire_00770,122.0,7105.0,244.0,211.0,0.0,2105.0,114.0,grass_shrub
fire_00771,123.0,7113.0,145.0,126.0,45.0,2113.0,104.0,grass_shrub
fire_00772,145.0,7110.0,234.0,216.0,0.0,2110.0,113.0,shrub
fire_00773,144.0,7114.0,137.0,124.0,35.0,2114.0,103.0,shrub
fire_00774,165.0,7030.0,148.0,131.0,45.0,2030.0,104.0,timber_understory
fire_00775,102.0,7987.0,343.0,304.0,0.0,2967.0,124.0,grass
fire_00776,102.0,9301.0,342.0,304.0,0.0,2270.0,124.0,grass
fire_00777,121.0,7110.0,355.0,303.0,0.0,2110.0,115.0,grass_shrub
fire_00778,91.0,7297.0,23.0,23.0,0.0,2903.0,23.0,nonburnable_or_other
fire_00779,122.0,9337.0,225.0,214.0,0.0,2270.0,112.0,grass_shrub
fire_00780,121.0,9129.0,127.0,112.0,0.0,2236.0,122.0,grass_shrub
fire_00781,101.0,9301.0,328.0,303.0,0.0,2270.0,122.0,grass
fire_00782,102.0,9301.0,348.0,304.0,0.0,2270.0,124.0,grass
fire_00783,165.0,7030.0,165.0,127.0,65.0,2030.0,106.0,timber_understory
fire_00784,122.0,7092.0,227.0,218.0,0.0,2092.0,112.0,grass_shrub
fire_00785,142.0,7110.0,233.0,217.0,0.0,2110.0,113.0,shrub
fire_00786,122.0,7105.0,248.0,213.0,0.0,2105.0,114.0,grass_shrub
fire_00787,91.0,7296.0,22.0,22.0,0.0,2902.0,22.0,nonburnable_or_other
fire_00788,102.0,9301.0,336.0,304.0,0.0,2270.0,123.0,grass
fire_00789,122.0,9337.0,243.0,222.0,25.0,2271.0,102.0,grass_shrub
fire_00790,102.0,9301.0,336.0,305.0,0.0,2270.0,126.0,grass
fire_00791,144.0,7105.0,225.0,213.0,0.0,2105.0,112.0,shrub
fire_00792,183.0,7902.0,15.0,15.0,45.0,2915.0,15.0,timber_litter
fire_00793,91.0,7297.0,23.0,23.0,0.0,2903.0,23.0,nonburnable_or_other
fire_00794,144.0,7114.0,128.0,115.0,25.0,2114.0,102.0,shrub
fire_00795,102.0,9301.0,343.0,304.0,0.0,2270.0,124.0,grass
fire_00796,165.0,7031.0,126.0,108.0,35.0,2031.0,103.0,timber_understory
fire_00797,91.0,7296.0,22.0,22.0,0.0,2902.0,22.0,nonburnable_or_other
fire_00798,122.0,7114.0,125.0,108.0,35.0,2114.0,103.0,grass_shrub
fire_00799,165.0,7030.0,137.0,117.0,35.0,2030.0,103.0,timber_understory
fire_00800,144.0,9301.0,340.0,303.0,0.0,2105.0,113.0,shrub
fire_00801,122.0,7933.0,214.0,207.0,0.0,2912.0,111.0,grass_shrub
fire_00802,102.0,9301.0,340.0,303.0,0.0,2270.0,124.0,grass
fire_00803,122.0,7092.0,238.0,210.0,0.0,2092.0,113.0,grass_shrub
fire_00804,162.0,7114.0,140.0,115.0,45.0,2114.0,104.0,timber_understory
fire_00805,144.0,7105.0,225.0,225.0,0.0,2105.0,112.0,shrub
fire_00806,102.0,7129.0,323.0,304.0,0.0,2129.0,122.0,grass
fire_00807,99.0,9246.0,31.0,31.0,0.0,31.0,31.0,nonburnable_or_other
fire_00808,99.0,7295.0,32.0,32.0,0.0,32.0,32.0,nonburnable_or_other
fire_00809,142.0,7110.0,231.0,219.0,0.0,2110.0,116.0,shrub
fire_00810,141.0,7124.0,228.0,207.0,0.0,2124.0,112.0,shrub
fire_00811,91.0,7296.0,22.0,22.0,0.0,2902.0,22.0,nonburnable_or_other
fire_00812,184.0,7105.0,232.0,208.0,45.0,2030.0,105.0,timber_litter
fire_00813,91.0,7299.0,25.0,25.0,0.0,2905.0,25.0,nonburnable_or_other
fire_00814,183.0,9129.0,157.0,126.0,55.0,2152.0,105.0,timber_litter
fire_00815,144.0,7114.0,131.0,114.0,35.0,2114.0,103.0,shrub
fire_00816,122.0,7029.0,143.0,121.0,45.0,2029.0,104.0,grass_shrub
fire_00817,102.0,9301.0,349.0,304.0,0.0,2270.0,124.0,grass
fire_00818,162.0,7043.0,158.0,130.0,75.0,2043.0,107.0,timber_understory
fire_00819,122.0,7126.0,231.0,207.0,0.0,2126.0,113.0,grass_shrub
fire_00820,102.0,9301.0,339.0,303.0,0.0,2270.0,123.0,grass
fire_00821,165.0,7043.0,169.0,124.0,65.0,2043.0,106.0,timber_understory
fire_00822,101.0,9301.0,334.0,304.0,0.0,2270.0,124.0,grass
fire_00823,122.0,7092.0,224.0,208.0,0.0,2092.0,112.0,grass_shrub
fire_00824,142.0,7962.0,233.0,219.0,0.0,2962.0,113.0,shrub
fire_00825,102.0,9301.0,338.0,304.0,0.0,2270.0,123.0,grass
fire_00826,165.0,7030.0,144.0,127.0,45.0,2030.0,104.0,timber_understory
fire_00827,102.0,7967.0,381.0,303.0,0.0,2967.0,128.0,grass
fire_00828,188.0,7028.0,152.0,127.0,55.0,2028.0,105.0,timber_litter
fire_00829,165.0,7114.0,141.0,118.0,45.0,2114.0,104.0,timber_understory
fire_00830,102.0,7934.0,333.0,304.0,0.0,2911.0,123.0,grass
fire_00831,165.0,7028.0,165.0,128.0,65.0,2028.0,106.0,timber_understory
fire_00832,122.0,7092.0,240.0,212.0,0.0,2092.0,114.0,grass_shrub
fire_00833,102.0,9301.0,337.0,303.0,0.0,2270.0,123.0,grass
fire_00834,144.0,7114.0,139.0,128.0,35.0,2114.0,103.0,shrub
fire_00835,144.0,7114.0,134.0,117.0,35.0,2114.0,103.0,shrub
fire_00836,102.0,7980.0,116.0,106.0,15.0,2960.0,101.0,grass
fire_00837,102.0,9828.0,344.0,304.0,0.0,2279.0,124.0,grass
fire_00838,102.0,9301.0,357.0,304.0,0.0,2270.0,125.0,grass
fire_00839,102.0,9301.0,353.0,304.0,0.0,2270.0,125.0,grass
fire_00840,122.0,7265.0,139.0,122.0,35.0,2265.0,103.0,grass_shrub
fire_00841,102.0,9301.0,347.0,303.0,0.0,2270.0,124.0,grass
fire_00842,122.0,7027.0,148.0,120.0,0.0,2028.0,103.0,grass_shrub
fire_00843,123.0,7092.0,,220.0,0.0,2092.0,115.0,grass_shrub
fire_00844,102.0,7980.0,117.0,106.0,15.0,2960.0,101.0,grass
fire_00845,102.0,9301.0,338.0,303.0,0.0,2270.0,123.0,grass
fire_00846,162.0,7015.0,170.0,135.0,75.0,2015.0,107.0,timber_understory
fire_00847,102.0,7029.0,132.0,121.0,35.0,2029.0,103.0,grass
fire_00848,102.0,9301.0,358.0,302.0,0.0,2270.0,126.0,grass
fire_00849,102.0,7987.0,341.0,303.0,0.0,2967.0,124.0,grass
fire_00850,122.0,7080.0,226.0,208.0,0.0,2080.0,112.0,grass_shrub
fire_00851,102.0,9301.0,353.0,304.0,0.0,2270.0,125.0,grass
fire_00852,102.0,7980.0,110.0,102.0,15.0,2960.0,101.0,grass
fire_00853,145.0,7110.0,236.0,218.0,0.0,2110.0,113.0,shrub
fire_00854,102.0,9301.0,340.0,304.0,0.0,2270.0,124.0,grass
fire_00855,91.0,7299.0,25.0,25.0,0.0,2905.0,25.0,nonburnable_or_other
fire_00856,91.0,7297.0,23.0,23.0,0.0,2903.0,23.0,nonburnable_or_other
fire_00857,145.0,7105.0,241.0,225.0,0.0,2105.0,114.0,shrub
fire_00858,91.0,7297.0,23.0,23.0,0.0,2903.0,23.0,nonburnable_or_other
fire_00859,145.0,7110.0,236.0,212.0,0.0,2110.0,113.0,shrub
fire_00860,91.0,7299.0,25.0,25.0,0.0,2905.0,25.0,nonburnable_or_other
fire_00861,101.0,7137.0,353.0,303.0,0.0,2137.0,125.0,grass
fire_00862,163.0,9302.0,143.0,125.0,45.0,2271.0,104.0,timber_understory
fire_00863,122.0,9337.0,215.0,211.0,0.0,2270.0,111.0,grass_shrub
fire_00864,122.0,7662.0,331.0,303.0,0.0,2662.0,123.0,grass_shrub
fire_00865,122.0,9337.0,229.0,214.0,0.0,2270.0,112.0,grass_shrub
fire_00866,102.0,9301.0,347.0,304.0,0.0,2270.0,124.0,grass
fire_00867,102.0,9301.0,343.0,304.0,0.0,2270.0,124.0,grass
fire_00868,122.0,9829.0,333.0,302.0,0.0,2151.0,113.0,grass_shrub
fire_00869,165.0,7028.0,146.0,126.0,45.0,2028.0,104.0,timber_understory
fire_00870,122.0,7092.0,234.0,218.0,0.0,2092.0,113.0,grass_shrub
fire_00871,91.0,7296.0,22.0,22.0,0.0,2902.0,22.0,nonburnable_or_other
fire_00872,122.0,7662.0,335.0,304.0,0.0,2662.0,123.0,grass_shrub
fire_00873,122.0,7092.0,224.0,208.0,0.0,2092.0,112.0,grass_shrub
fire_00874,102.0,9301.0,332.0,304.0,0.0,2270.0,123.0,grass
fire_00875,102.0,7980.0,114.0,104.0,15.0,2960.0,101.0,grass
fire_00876,98.0,7292.0,11.0,11.0,0.0,11.0,11.0,nonburnable_or_other
fire_00877,102.0,9301.0,340.0,304.0,0.0,2270.0,124.0,grass
fire_00878,142.0,7087.0,219.0,205.0,0.0,2087.0,111.0,shrub
fire_00879,91.0,7296.0,22.0,22.0,0.0,2902.0,22.0,nonburnable_or_other
fire_00880,122.0,9337.0,244.0,209.0,0.0,2270.0,114.0,grass_shrub
fire_00881,144.0,7114.0,132.0,114.0,35.0,2114.0,103.0,shrub
fire_00882,102.0,7924.0,342.0,303.0,0.0,2911.0,124.0,grass
fire_00883,102.0,9301.0,341.0,303.0,0.0,2270.0,124.0,grass
fire_00884,102.0,9301.0,343.0,304.0,0.0,2270.0,124.0,grass
fire_00885,91.0,7299.0,25.0,25.0,0.0,2905.0,25.0,nonburnable_or_other
fire_00886,122.0,7662.0,351.0,304.0,0.0,2662.0,125.0,grass_shrub
fire_00887,102.0,9301.0,335.0,304.0,0.0,2270.0,123.0,grass
fire_00888,91.0,7299.0,25.0,25.0,0.0,2905.0,25.0,nonburnable_or_other
fire_00889,102.0,7966.0,338.0,303.0,0.0,2966.0,123.0,grass
fire_00890,163.0,9302.0,149.0,123.0,45.0,2271.0,104.0,timber_understory
fire_00891,93.0,7984.0,64.0,64.0,0.0,2964.0,64.0,nonburnable_or_other
fire_00892,102.0,7986.0,328.0,303.0,0.0,2966.0,122.0,grass
fire_00893,102.0,9301.0,332.0,304.0,0.0,2270.0,123.0,grass
fire_00894,91.0,7299.0,25.0,25.0,0.0,2905.0,25.0,nonburnable_or_other
fire_00895,93.0,7984.0,64.0,64.0,0.0,2964.0,64.0,nonburnable_or_other
fire_00896,102.0,9301.0,349.0,304.0,0.0,2270.0,124.0,grass
fire_00897,102.0,9301.0,330.0,303.0,0.0,2270.0,123.0,grass
fire_00898,102.0,7934.0,340.0,302.0,0.0,2911.0,124.0,grass
fire_00899,122.0,9337.0,,222.0,0.0,2270.0,115.0,grass_shrub
fire_00900,102.0,7105.0,232.0,208.0,0.0,2105.0,113.0,grass
fire_00901,123.0,7080.0,240.0,217.0,0.0,2080.0,114.0,grass_shrub
fire_00902,122.0,9337.0,250.0,215.0,0.0,2270.0,115.0,grass_shrub
fire_00903,93.0,7984.0,64.0,64.0,0.0,2964.0,64.0,nonburnable_or_other
fire_00904,122.0,7092.0,224.0,219.0,0.0,2092.0,112.0,grass_shrub
fire_00905,102.0,9301.0,336.0,304.0,0.0,2270.0,123.0,grass
fire_00906,102.0,9301.0,353.0,304.0,0.0,2270.0,125.0,grass
fire_00907,163.0,9302.0,143.0,125.0,45.0,2271.0,104.0,timber_understory
fire_00908,102.0,9301.0,332.0,303.0,0.0,2270.0,123.0,grass
fire_00909,102.0,9301.0,335.0,304.0,0.0,2270.0,123.0,grass
fire_00910,91.0,7299.0,25.0,25.0,0.0,2905.0,25.0,nonburnable_or_other
fire_00911,144.0,7114.0,138.0,124.0,35.0,2114.0,103.0,shrub
fire_00912,102.0,7987.0,336.0,303.0,0.0,2967.0,123.0,grass
fire_00913,121.0,9301.0,327.0,302.0,0.0,2270.0,122.0,grass_shrub
fire_00914,187.0,7030.0,152.0,119.0,55.0,2030.0,105.0,timber_litter
fire_00915,122.0,7092.0,232.0,214.0,0.0,2092.0,113.0,grass_shrub
fire_00916,122.0,7933.0,235.0,216.0,0.0,2912.0,113.0,grass_shrub
fire_00917,122.0,7662.0,352.0,304.0,0.0,2662.0,125.0,grass_shrub
fire_00918,144.0,7105.0,234.0,216.0,0.0,2105.0,113.0,shrub
fire_00919,91.0,7299.0,25.0,25.0,0.0,2905.0,25.0,nonburnable_or_other
fire_00920,102.0,9301.0,330.0,304.0,0.0,2270.0,123.0,grass
fire_00921,144.0,7105.0,232.0,218.0,0.0,2105.0,114.0,shrub
fire_00922,102.0,9301.0,338.0,304.0,0.0,2270.0,123.0,grass
fire_00923,144.0,7114.0,138.0,109.0,35.0,2114.0,103.0,shrub
fire_00924,122.0,7017.0,120.0,109.0,25.0,2017.0,102.0,grass_shrub
fire_00925,102.0,9301.0,343.0,304.0,0.0,2270.0,124.0,grass
fire_00926,144.0,7114.0,127.0,125.0,25.0,2114.0,102.0,shrub
fire_00927,102.0,9301.0,330.0,304.0,0.0,2270.0,123.0,grass
fire_00928,102.0,9301.0,335.0,303.0,0.0,2270.0,123.0,grass
fire_00929,121.0,9301.0,326.0,303.0,0.0,2270.0,122.0,grass_shrub
fire_00930,122.0,7092.0,234.0,224.0,0.0,2092.0,113.0,grass_shrub
fire_00931,122.0,7087.0,224.0,205.0,0.0,2087.0,112.0,grass_shrub
fire_00932,91.0,7299.0,25.0,25.0,0.0,2905.0,25.0,nonburnable_or_other
fire_00933,91.0,7299.0,25.0,25.0,0.0,2905.0,25.0,nonburnable_or_other
fire_00934,122.0,7092.0,218.0,208.0,0.0,2092.0,111.0,grass_shrub
fire_00935,121.0,7903.0,16.0,16.0,0.0,2917.0,17.0,grass_shrub
fire_00936,102.0,9309.0,340.0,302.0,0.0,2274.0,124.0,grass
fire_00937,93.0,7984.0,64.0,64.0,0.0,2964.0,64.0,nonburnable_or_other
fire_00938,102.0,9301.0,330.0,304.0,0.0,2270.0,123.0,grass
fire_00939,91.0,7296.0,22.0,22.0,0.0,2902.0,22.0,nonburnable_or_other
fire_00940,122.0,7662.0,331.0,303.0,0.0,2662.0,125.0,grass_shrub
fire_00941,102.0,9301.0,344.0,304.0,0.0,2270.0,124.0,grass
fire_00942,122.0,9337.0,244.0,214.0,0.0,2270.0,114.0,grass_shrub
fire_00943,102.0,7967.0,356.0,302.0,0.0,2967.0,125.0,grass
fire_00944,121.0,7914.0,17.0,17.0,0.0,2917.0,17.0,grass_shrub
fire_00945,142.0,7097.0,226.0,219.0,0.0,2097.0,114.0,shrub
fire_00946,98.0,7292.0,11.0,11.0,0.0,11.0,11.0,nonburnable_or_other
fire_00947,102.0,9301.0,347.0,304.0,0.0,2270.0,124.0,grass
fire_00948,103.0,9301.0,328.0,304.0,0.0,2105.0,112.0,grass
fire_00949,102.0,9301.0,341.0,303.0,0.0,2270.0,126.0,grass
fire_00950,122.0,7082.0,223.0,205.0,0.0,2082.0,112.0,grass_shrub
fire_00951,101.0,7913.0,16.0,16.0,0.0,2916.0,16.0,grass
fire_00952,102.0,9301.0,343.0,304.0,0.0,2270.0,124.0,grass
fire_00953,144.0,7105.0,226.0,212.0,0.0,2105.0,112.0,shrub
fire_00954,122.0,9302.0,128.0,122.0,25.0,2271.0,102.0,grass_shrub
fire_00955,102.0,7105.0,219.0,204.0,0.0,2105.0,112.0,grass
fire_00956,103.0,7105.0,228.0,209.0,0.0,2105.0,115.0,grass
fire_00957,91.0,7299.0,25.0,25.0,0.0,2905.0,25.0,nonburnable_or_other
fire_00958,121.0,7914.0,17.0,17.0,0.0,2917.0,17.0,grass_shrub
fire_00959,122.0,7126.0,220.0,206.0,0.0,2126.0,113.0,grass_shrub
fire_00960,121.0,7092.0,215.0,220.0,0.0,2092.0,111.0,grass_shrub
fire_00961,145.0,7105.0,,230.0,0.0,2105.0,115.0,shrub
fire_00962,144.0,7105.0,226.0,211.0,0.0,2105.0,112.0,shrub
fire_00963,102.0,7105.0,242.0,218.0,25.0,2029.0,103.0,grass
fire_00964,165.0,7030.0,149.0,128.0,45.0,2030.0,104.0,timber_understory
fire_00965,91.0,7299.0,25.0,25.0,0.0,2905.0,25.0,nonburnable_or_other
fire_00966,91.0,7299.0,25.0,25.0,0.0,2905.0,25.0,nonburnable_or_other
fire_00967,93.0,7981.0,61.0,61.0,0.0,2961.0,61.0,nonburnable_or_other
fire_00968,102.0,7129.0,335.0,304.0,0.0,2129.0,123.0,grass
fire_00969,165.0,7172.0,142.0,122.0,45.0,2172.0,104.0,timber_understory
fire_00970,102.0,9301.0,334.0,304.0,0.0,2270.0,123.0,grass
fire_00971,99.0,9246.0,100.0,100.0,0.0,2002.0,100.0,nonburnable_or_other
fire_00972,122.0,7082.0,222.0,206.0,0.0,2082.0,112.0,grass_shrub
fire_00973,91.0,7299.0,25.0,25.0,0.0,2905.0,25.0,nonburnable_or_other
fire_00974,121.0,9301.0,329.0,304.0,0.0,2270.0,122.0,grass_shrub
fire_00975,122.0,7092.0,226.0,214.0,0.0,2092.0,112.0,grass_shrub
fire_00976,91.0,7296.0,22.0,22.0,0.0,2902.0,22.0,nonburnable_or_other
fire_00977,121.0,7123.0,346.0,303.0,0.0,2126.0,112.0,grass_shrub
fire_00978,122.0,7098.0,234.0,208.0,0.0,2098.0,113.0,grass_shrub
fire_00979,165.0,7043.0,163.0,123.0,65.0,2043.0,106.0,timber_understory
fire_00980,122.0,7923.0,238.0,216.0,0.0,2912.0,113.0,grass_shrub
fire_00981,122.0,7126.0,226.0,205.0,0.0,2126.0,112.0,grass_shrub
fire_00982,91.0,7298.0,24.0,24.0,0.0,2904.0,24.0,nonburnable_or_other
fire_00983,102.0,9301.0,348.0,304.0,0.0,2270.0,124.0,grass
fire_00984,121.0,7092.0,229.0,207.0,0.0,2092.0,111.0,grass_shrub
fire_00985,165.0,7030.0,144.0,112.0,45.0,2030.0,104.0,timber_understory
fire_00986,165.0,7114.0,145.0,122.0,45.0,2114.0,104.0,timber_understory
fire_00987,141.0,7087.0,219.0,204.0,0.0,2087.0,111.0,shrub
fire_00988,102.0,9301.0,358.0,304.0,0.0,2270.0,125.0,grass
fire_00989,163.0,9302.0,136.0,123.0,35.0,2271.0,103.0,timber_understory
fire_00990,144.0,7114.0,131.0,119.0,35.0,2114.0,103.0,shrub
fire_00991,91.0,7296.0,22.0,22.0,0.0,2902.0,22.0,nonburnable_or_other
fire_00992,121.0,9301.0,326.0,304.0,0.0,2270.0,122.0,grass_shrub
fire_00993,102.0,9301.0,346.0,303.0,0.0,2270.0,124.0,grass
fire_00994,122.0,7092.0,222.0,221.0,0.0,2092.0,112.0,grass_shrub
fire_00995,91.0,7299.0,25.0,25.0,0.0,2905.0,25.0,nonburnable_or_other
fire_00996,122.0,7092.0,233.0,220.0,0.0,2092.0,113.0,grass_shrub
fire_00997,101.0,9301.0,341.0,304.0,0.0,2270.0,122.0,grass
fire_00998,102.0,9301.0,338.0,304.0,0.0,2270.0,123.0,grass
fire_00999,186.0,7264.0,142.0,119.0,45.0,2264.0,104.0,timber_litter
fire_01000,101.0,7110.0,215.0,208.0,0.0,2110.0,112.0,grass
fire_01001,142.0,7017.0,120.0,110.0,25.0,2017.0,102.0,shrub
fire_01002,142.0,9308.0,341.0,302.0,0.0,2126.0,112.0,shrub
fire_01003,101.0,7913.0,16.0,16.0,0.0,2916.0,16.0,grass
fire_01004,102.0,9301.0,339.0,302.0,0.0,2270.0,123.0,grass
fire_01005,122.0,7110.0,222.0,216.0,0.0,2110.0,112.0,grass_shrub
fire_01006,102.0,7129.0,336.0,303.0,0.0,2129.0,123.0,grass
fire_01007,122.0,7017.0,117.0,111.0,15.0,2017.0,101.0,grass_shrub
fire_01008,91.0,7299.0,25.0,25.0,0.0,2905.0,25.0,nonburnable_or_other
fire_01009,102.0,9301.0,344.0,304.0,0.0,2270.0,124.0,grass
fire_01010,101.0,7913.0,16.0,16.0,0.0,2916.0,16.0,grass
fire_01011,142.0,7019.0,124.0,112.0,25.0,2019.0,102.0,shrub
fire_01012,144.0,7114.0,136.0,131.0,35.0,2114.0,103.0,shrub
fire_01013,102.0,9301.0,331.0,304.0,0.0,2270.0,123.0,grass
fire_01014,122.0,7082.0,223.0,205.0,0.0,2082.0,112.0,grass_shrub
fire_01015,91.0,7299.0,25.0,25.0,0.0,2905.0,25.0,nonburnable_or_other
fire_01016,186.0,7113.0,163.0,117.0,65.0,2113.0,106.0,timber_litter
fire_01017,98.0,7292.0,11.0,11.0,0.0,11.0,11.0,nonburnable_or_other
fire_01018,122.0,9272.0,343.0,304.0,0.0,2236.0,124.0,grass_shrub
fire_01019,93.0,7961.0,61.0,61.0,0.0,2961.0,61.0,nonburnable_or_other
fire_01020,144.0,7114.0,134.0,123.0,35.0,2114.0,103.0,shrub
fire_01021,103.0,7105.0,225.0,212.0,0.0,2105.0,113.0,grass
fire_01022,102.0,9301.0,338.0,304.0,0.0,2270.0,123.0,grass
fire_01023,161.0,7098.0,233.0,213.0,0.0,2043.0,106.0,timber_understory
fire_01024,144.0,7105.0,239.0,215.0,0.0,2105.0,115.0,shrub
fire_01025,165.0,7031.0,139.0,112.0,35.0,2031.0,103.0,timber_understory
fire_01026,141.0,7123.0,339.0,303.0,0.0,2124.0,111.0,shrub
fire_01027,165.0,7044.0,137.0,115.0,35.0,2044.0,103.0,timber_understory
fire_01028,144.0,7098.0,238.0,213.0,0.0,2098.0,113.0,shrub
fire_01029,141.0,7079.0,230.0,206.0,0.0,2079.0,112.0,shrub
fire_01030,145.0,7105.0,232.0,217.0,0.0,2105.0,115.0,shrub
fire_01031,147.0,7105.0,228.0,206.0,0.0,2105.0,115.0,shrub
fire_01032,142.0,7137.0,358.0,304.0,35.0,2028.0,107.0,shrub
fire_01033,147.0,7021.0,130.0,110.0,0.0,2105.0,115.0,shrub
fire_01034,91.0,7299.0,25.0,25.0,0.0,2905.0,25.0,nonburnable_or_other
fire_01035,122.0,7264.0,130.0,109.0,35.0,2264.0,103.0,grass_shrub
fire_01036,122.0,7098.0,244.0,208.0,0.0,2098.0,114.0,grass_shrub
fire_01037,91.0,7299.0,25.0,25.0,0.0,2905.0,25.0,nonburnable_or_other
fire_01038,102.0,9301.0,339.0,304.0,0.0,2270.0,123.0,grass
fire_01039,102.0,9301.0,332.0,304.0,0.0,2270.0,123.0,grass
fire_01040,102.0,9301.0,333.0,303.0,0.0,2270.0,123.0,grass
fire_01041,121.0,9301.0,327.0,303.0,0.0,2270.0,122.0,grass_shrub
fire_01042,102.0,9301.0,336.0,304.0,0.0,2270.0,123.0,grass
fire_01043,122.0,7092.0,244.0,212.0,0.0,2092.0,114.0,grass_shrub
fire_01044,188.0,7043.0,156.0,133.0,65.0,2043.0,107.0,timber_litter
fire_01045,142.0,7110.0,220.0,206.0,0.0,2110.0,113.0,shrub
fire_01046,103.0,9829.0,356.0,304.0,0.0,2280.0,125.0,grass
fire_01047,102.0,9301.0,336.0,304.0,0.0,2270.0,123.0,grass
fire_01048,145.0,7105.0,229.0,214.0,0.0,2105.0,115.0,shrub
fire_01049,91.0,7297.0,23.0,23.0,0.0,2903.0,23.0,nonburnable_or_other
fire_01050,102.0,9301.0,335.0,304.0,0.0,2270.0,123.0,grass
fire_01051,102.0,9301.0,343.0,303.0,0.0,2270.0,124.0,grass
fire_01052,102.0,9301.0,335.0,303.0,0.0,2270.0,123.0,grass
fire_01053,145.0,7110.0,246.0,223.0,0.0,2110.0,114.0,shrub
fire_01054,186.0,7264.0,130.0,109.0,45.0,2264.0,104.0,timber_litter
fire_01055,122.0,7092.0,230.0,208.0,0.0,2092.0,113.0,grass_shrub
fire_01056,101.0,7903.0,16.0,16.0,0.0,2916.0,16.0,grass
fire_01057,122.0,7151.0,117.0,107.0,15.0,2151.0,101.0,grass_shrub
fire_01058,102.0,9301.0,339.0,304.0,0.0,2270.0,123.0,grass
fire_01059,93.0,7984.0,64.0,64.0,0.0,2964.0,64.0,nonburnable_or_other
fire_01060,144.0,7114.0,134.0,122.0,35.0,2114.0,103.0,shrub
fire_01061,102.0,9301.0,343.0,304.0,0.0,2270.0,124.0,grass
fire_01062,144.0,7105.0,236.0,219.0,0.0,2105.0,115.0,shrub
fire_01063,188.0,7043.0,167.0,132.0,65.0,2043.0,106.0,timber_litter
fire_01064,122.0,7029.0,145.0,115.0,45.0,2029.0,104.0,grass_shrub
fire_01065,144.0,7105.0,230.0,216.0,0.0,2105.0,113.0,shrub
fire_01066,102.0,9301.0,348.0,304.0,0.0,2270.0,124.0,grass
fire_01067,102.0,9301.0,336.0,304.0,0.0,2270.0,123.0,grass
fire_01068,102.0,9301.0,340.0,303.0,0.0,2270.0,124.0,grass
fire_01069,122.0,7933.0,218.0,210.0,0.0,2912.0,111.0,grass_shrub
fire_01070,101.0,7913.0,16.0,16.0,0.0,2916.0,16.0,grass
fire_01071,102.0,7980.0,136.0,108.0,35.0,2960.0,103.0,grass
fire_01072,102.0,7980.0,136.0,108.0,35.0,2960.0,103.0,grass
fire_01073,91.0,7296.0,22.0,22.0,0.0,2902.0,22.0,nonburnable_or_other
fire_01074,91.0,7299.0,25.0,25.0,0.0,2905.0,25.0,nonburnable_or_other
fire_01075,122.0,7092.0,238.0,210.0,0.0,2092.0,113.0,grass_shrub
fire_01076,91.0,7299.0,25.0,25.0,0.0,2905.0,25.0,nonburnable_or_other
fire_01077,102.0,9301.0,332.0,304.0,0.0,2270.0,123.0,grass
fire_01078,122.0,7092.0,226.0,212.0,0.0,2092.0,111.0,grass_shrub
fire_01079,91.0,7297.0,23.0,23.0,0.0,2903.0,23.0,nonburnable_or_other
fire_01080,122.0,7092.0,229.0,212.0,0.0,2092.0,113.0,grass_shrub
fire_01081,102.0,9301.0,340.0,304.0,0.0,2270.0,124.0,grass
fire_01082,184.0,7032.0,142.0,117.0,55.0,2032.0,105.0,timber_litter
fire_01083,91.0,7299.0,25.0,25.0,0.0,2905.0,25.0,nonburnable_or_other
fire_01084,102.0,9336.0,222.0,204.0,0.0,2282.0,112.0,grass
fire_01085,121.0,9310.0,226.0,211.0,0.0,2275.0,112.0,grass_shrub
fire_01086,91.0,7298.0,24.0,24.0,0.0,2904.0,24.0,nonburnable_or_other
fire_01087,91.0,7299.0,25.0,25.0,0.0,2905.0,25.0,nonburnable_or_other
fire_01088,145.0,7110.0,243.0,217.0,0.0,2110.0,114.0,shrub
fire_01089,144.0,7114.0,139.0,119.0,35.0,2114.0,103.0,shrub
fire_01090,122.0,9337.0,216.0,211.0,0.0,2270.0,111.0,grass_shrub
fire_01091,121.0,7914.0,17.0,17.0,0.0,2917.0,17.0,grass_shrub
fire_01092,122.0,7092.0,246.0,226.0,0.0,2092.0,114.0,grass_shrub
fire_01093,161.0,7027.0,150.0,120.0,0.0,2027.0,106.0,timber_understory
fire_01094,91.0,7299.0,25.0,25.0,0.0,2905.0,25.0,nonburnable_or_other
fire_01095,121.0,7904.0,17.0,17.0,0.0,2917.0,17.0,grass_shrub
fire_01096,91.0,7299.0,25.0,25.0,0.0,2905.0,25.0,nonburnable_or_other
fire_01097,122.0,7110.0,229.0,217.0,0.0,2110.0,112.0,grass_shrub
fire_01100,102.0,9301.0,342.0,303.0,0.0,2270.0,124.0,grass
fire_01101,91.0,7299.0,25.0,25.0,0.0,2905.0,25.0,nonburnable_or_other
fire_01102,102.0,7980.0,124.0,107.0,25.0,2960.0,102.0,grass
fire_01103,102.0,7987.0,384.0,304.0,0.0,2967.0,128.0,grass
fire_01104,123.0,7113.0,130.0,129.0,35.0,2113.0,103.0,grass_shrub
fire_01105,91.0,7298.0,24.0,24.0,0.0,2904.0,24.0,nonburnable_or_other
fire_01106,165.0,7027.0,149.0,119.0,45.0,2027.0,104.0,timber_understory
fire_01107,183.0,7912.0,15.0,15.0,45.0,2915.0,15.0,timber_litter
fire_01108,142.0,7110.0,235.0,222.0,0.0,2110.0,114.0,shrub
fire_01109,91.0,7299.0,25.0,25.0,0.0,2905.0,25.0,nonburnable_or_other
fire_01110,122.0,7092.0,225.0,212.0,0.0,2092.0,112.0,grass_shrub
fire_01111,102.0,7934.0,338.0,304.0,0.0,2911.0,123.0,grass
fire_01112,122.0,7110.0,226.0,211.0,0.0,2110.0,112.0,grass_shrub
fire_01113,122.0,7110.0,224.0,210.0,0.0,2110.0,112.0,grass_shrub
fire_01114,102.0,7980.0,110.0,105.0,15.0,2960.0,101.0,grass
fire_01115,102.0,9301.0,337.0,302.0,0.0,2270.0,123.0,grass
fire_01116,144.0,7105.0,228.0,214.0,0.0,2105.0,113.0,shrub
fire_01117,145.0,7105.0,243.0,218.0,0.0,2105.0,114.0,shrub
fire_01118,122.0,9337.0,218.0,218.0,0.0,2270.0,111.0,grass_shrub
fire_01119,121.0,9129.0,161.0,123.0,0.0,2152.0,116.0,grass_shrub
fire_01120,91.0,7299.0,25.0,25.0,0.0,2905.0,25.0,nonburnable_or_other
fire_01121,102.0,7967.0,353.0,301.0,0.0,2967.0,125.0,grass
fire_01122,99.0,9062.0,100.0,100.0,0.0,2002.0,100.0,nonburnable_or_other
fire_01123,91.0,7299.0,25.0,25.0,0.0,2905.0,25.0,nonburnable_or_other
fire_01124,184.0,7105.0,233.0,218.0,45.0,2030.0,104.0,timber_litter
fire_01125,122.0,9829.0,342.0,302.0,0.0,2280.0,124.0,grass_shrub
fire_01126,91.0,7296.0,22.0,22.0,0.0,2902.0,22.0,nonburnable_or_other
fire_01127,121.0,7110.0,355.0,303.0,0.0,2110.0,114.0,grass_shrub
fire_01128,142.0,7087.0,217.0,205.0,0.0,2087.0,111.0,shrub
fire_01129,102.0,7980.0,137.0,113.0,35.0,2960.0,103.0,grass
fire_01130,122.0,7029.0,154.0,123.0,55.0,2029.0,105.0,grass_shrub
fire_01131,102.0,9301.0,331.0,304.0,0.0,2270.0,123.0,grass
fire_01132,102.0,7986.0,322.0,302.0,0.0,2966.0,122.0,grass
fire_01133,102.0,9301.0,335.0,304.0,0.0,2270.0,123.0,grass
fire_01134,102.0,9301.0,343.0,304.0,0.0,2270.0,124.0,grass
fire_01135,121.0,7092.0,232.0,214.0,0.0,2092.0,113.0,grass_shrub
fire_01136,102.0,9301.0,343.0,304.0,0.0,2270.0,124.0,grass
fire_01137,91.0,7299.0,25.0,25.0,0.0,2905.0,25.0,nonburnable_or_other
fire_01138,102.0,9301.0,341.0,303.0,0.0,2184.0,125.0,grass
fire_01139,122.0,7933.0,224.0,208.0,0.0,2912.0,112.0,grass_shrub
fire_01140,102.0,7110.0,219.0,208.0,0.0,2110.0,111.0,grass
fire_01141,102.0,9301.0,346.0,304.0,0.0,2270.0,124.0,grass
fire_01142,122.0,9829.0,334.0,304.0,0.0,2280.0,123.0,grass_shrub
fire_01143,91.0,7299.0,25.0,25.0,0.0,2905.0,25.0,nonburnable_or_other
fire_01144,121.0,7153.0,220.0,204.0,0.0,2153.0,112.0,grass_shrub
fire_01145,91.0,7297.0,23.0,23.0,0.0,2903.0,23.0,nonburnable_or_other
fire_01146,102.0,7987.0,335.0,302.0,0.0,2967.0,123.0,grass
fire_01147,102.0,7129.0,340.0,304.0,0.0,2129.0,124.0,grass
fire_01148,165.0,7030.0,152.0,112.0,55.0,2030.0,105.0,timber_understory
fire_01149,123.0,7113.0,138.0,124.0,35.0,2113.0,103.0,grass_shrub
fire_01150,122.0,9829.0,331.0,303.0,0.0,2280.0,123.0,grass_shrub
fire_01151,102.0,9301.0,349.0,304.0,0.0,2270.0,125.0,grass
fire_01152,102.0,9301.0,335.0,304.0,0.0,2270.0,124.0,grass
fire_01153,102.0,9301.0,353.0,303.0,0.0,2270.0,125.0,grass
fire_01154,102.0,9301.0,326.0,303.0,0.0,2270.0,124.0,grass
fire_01155,102.0,9301.0,333.0,304.0,0.0,2270.0,124.0,grass
fire_01156,102.0,9301.0,336.0,304.0,0.0,2270.0,123.0,grass
fire_01157,122.0,7114.0,132.0,108.0,35.0,2114.0,103.0,grass_shrub
fire_01158,91.0,7297.0,23.0,23.0,0.0,2903.0,23.0,nonburnable_or_other
fire_01159,122.0,7092.0,238.0,224.0,0.0,2092.0,113.0,grass_shrub
fire_01160,102.0,9301.0,342.0,304.0,0.0,2270.0,124.0,grass
fire_01161,91.0,7299.0,25.0,25.0,0.0,2905.0,25.0,nonburnable_or_other
fire_01162,122.0,7092.0,231.0,208.0,0.0,2092.0,113.0,grass_shrub
fire_01163,165.0,7030.0,147.0,128.0,45.0,2030.0,104.0,timber_understory
fire_01164,91.0,7299.0,25.0,25.0,0.0,2905.0,25.0,nonburnable_or_other
fire_01165,102.0,9301.0,349.0,302.0,0.0,2270.0,124.0,grass
fire_01166,102.0,7980.0,112.0,105.0,15.0,2960.0,101.0,grass
fire_01167,102.0,9301.0,338.0,303.0,0.0,2270.0,123.0,grass
fire_01168,122.0,7092.0,230.0,211.0,0.0,2092.0,113.0,grass_shrub
fire_01169,122.0,7933.0,214.0,208.0,0.0,2912.0,111.0,grass_shrub
fire_01170,145.0,7110.0,231.0,219.0,0.0,2110.0,113.0,shrub
fire_01171,102.0,9301.0,334.0,303.0,0.0,2270.0,123.0,grass
fire_01172,102.0,9301.0,343.0,304.0,0.0,2270.0,124.0,grass
fire_01173,102.0,9301.0,353.0,304.0,0.0,2270.0,125.0,grass
fire_01174,102.0,9301.0,358.0,304.0,0.0,2270.0,125.0,grass
fire_01175,122.0,7092.0,238.0,212.0,0.0,2092.0,113.0,grass_shrub
fire_01176,93.0,7981.0,61.0,61.0,0.0,2961.0,61.0,nonburnable_or_other
fire_01177,102.0,7986.0,351.0,302.0,0.0,2966.0,125.0,grass
fire_01178,102.0,9301.0,335.0,304.0,0.0,2270.0,123.0,grass
fire_01179,144.0,7114.0,139.0,117.0,35.0,2114.0,103.0,shrub
fire_01180,102.0,9301.0,364.0,303.0,0.0,2270.0,126.0,grass
fire_01181,121.0,7662.0,340.0,303.0,0.0,2662.0,121.0,grass_shrub
fire_01182,102.0,7987.0,335.0,304.0,0.0,2967.0,123.0,grass
fire_01183,102.0,7980.0,128.0,111.0,25.0,2960.0,102.0,grass
fire_01184,165.0,7027.0,167.0,121.0,65.0,2027.0,106.0,timber_understory
fire_01185,91.0,7299.0,25.0,25.0,0.0,2905.0,25.0,nonburnable_or_other
fire_01186,122.0,7662.0,322.0,304.0,0.0,2662.0,122.0,grass_shrub
fire_01187,122.0,7029.0,148.0,128.0,45.0,2029.0,104.0,grass_shrub
fire_01188,102.0,9301.0,340.0,303.0,0.0,2270.0,124.0,grass
fire_01189,102.0,9301.0,348.0,304.0,0.0,2270.0,124.0,grass
fire_01190,186.0,7980.0,147.0,103.0,45.0,2960.0,104.0,timber_litter
fire_01191,91.0,7297.0,23.0,23.0,0.0,2903.0,23.0,nonburnable_or_other
fire_01192,186.0,7029.0,162.0,123.0,65.0,2029.0,106.0,timber_litter
fire_01193,144.0,7114.0,130.0,128.0,35.0,2114.0,103.0,shrub
fire_01194,91.0,7299.0,25.0,25.0,0.0,2905.0,25.0,nonburnable_or_other
fire_01195,102.0,7980.0,115.0,113.0,15.0,2960.0,101.0,grass
fire_01196,93.0,7984.0,64.0,64.0,0.0,2964.0,64.0,nonburnable_or_other
fire_01197,91.0,7296.0,22.0,22.0,0.0,2902.0,22.0,nonburnable_or_other
fire_01198,165.0,7114.0,141.0,112.0,45.0,2114.0,104.0,timber_understory
fire_01199,122.0,7080.0,224.0,211.0,0.0,2080.0,112.0,grass_shrub
fire_01200,102.0,9308.0,344.0,302.0,0.0,2273.0,124.0,grass
fire_01201,99.0,9150.0,31.0,31.0,0.0,31.0,31.0,nonburnable_or_other
fire_01202,102.0,9301.0,339.0,304.0,0.0,2270.0,123.0,grass
fire_01203,101.0,7913.0,16.0,16.0,0.0,2916.0,16.0,grass
fire_01204,122.0,7126.0,230.0,203.0,0.0,2126.0,113.0,grass_shrub
fire_01205,122.0,7092.0,220.0,208.0,0.0,2092.0,112.0,grass_shrub
fire_01206,121.0,9309.0,335.0,303.0,0.0,2274.0,123.0,grass_shrub
fire_01207,102.0,9301.0,351.0,303.0,0.0,2270.0,125.0,grass
fire_01208,186.0,7113.0,151.0,128.0,55.0,2113.0,105.0,timber_litter
fire_01209,189.0,7027.0,140.0,124.0,45.0,2027.0,104.0,timber_litter
fire_01210,102.0,9301.0,338.0,303.0,0.0,2270.0,123.0,grass
fire_01211,185.0,7105.0,244.0,219.0,35.0,2043.0,105.0,timber_litter
fire_01212,122.0,9337.0,222.0,212.0,0.0,2270.0,112.0,grass_shrub
fire_01213,141.0,7110.0,225.0,216.0,0.0,2110.0,115.0,shrub
fire_01214,102.0,7980.0,110.0,101.0,15.0,2960.0,101.0,grass
fire_01215,102.0,9301.0,332.0,304.0,0.0,2270.0,123.0,grass
fire_01216,121.0,7110.0,355.0,303.0,0.0,2110.0,114.0,grass_shrub
fire_01217,102.0,9301.0,348.0,304.0,0.0,2270.0,124.0,grass
fire_01218,102.0,9301.0,338.0,303.0,0.0,2270.0,123.0,grass
fire_01219,184.0,7112.0,144.0,111.0,45.0,2112.0,104.0,timber_litter
fire_01220,102.0,9301.0,331.0,304.0,0.0,2270.0,123.0,grass
fire_01221,144.0,7114.0,134.0,110.0,35.0,2114.0,103.0,shrub
fire_01222,102.0,9301.0,331.0,304.0,0.0,2270.0,124.0,grass
fire_01223,122.0,7110.0,224.0,218.0,0.0,2110.0,112.0,grass_shrub
fire_01224,91.0,7297.0,23.0,23.0,0.0,2903.0,23.0,nonburnable_or_other
fire_01225,91.0,7296.0,22.0,22.0,0.0,2902.0,22.0,nonburnable_or_other
fire_01226,91.0,7299.0,25.0,25.0,0.0,2905.0,25.0,nonburnable_or_other
fire_01227,91.0,7299.0,25.0,25.0,0.0,2905.0,25.0,nonburnable_or_other
fire_01228,145.0,7105.0,251.0,215.0,0.0,2105.0,115.0,shrub
fire_01229,122.0,7092.0,219.0,208.0,0.0,2092.0,111.0,grass_shrub
fire_01230,122.0,7933.0,223.0,212.0,0.0,2912.0,112.0,grass_shrub
fire_01231,98.0,7292.0,11.0,11.0,0.0,11.0,11.0,nonburnable_or_other
fire_01232,122.0,7092.0,216.0,213.0,0.0,2092.0,111.0,grass_shrub
fire_01233,186.0,9301.0,344.0,302.0,45.0,2264.0,104.0,timber_litter
fire_01234,122.0,7092.0,217.0,212.0,0.0,2092.0,111.0,grass_shrub
fire_01235,122.0,9337.0,230.0,211.0,0.0,2270.0,113.0,grass_shrub
fire_01236,102.0,9301.0,337.0,303.0,0.0,2270.0,123.0,grass
fire_01237,91.0,7299.0,25.0,25.0,0.0,2905.0,25.0,nonburnable_or_other
fire_01238,91.0,7299.0,25.0,25.0,0.0,2905.0,25.0,nonburnable_or_other
fire_01239,102.0,9301.0,332.0,304.0,0.0,2270.0,123.0,grass
fire_01240,142.0,7082.0,220.0,211.0,0.0,2082.0,112.0,shrub
fire_01241,165.0,7028.0,152.0,124.0,55.0,2028.0,105.0,timber_understory
fire_01242,165.0,7031.0,141.0,125.0,45.0,2031.0,104.0,timber_understory
fire_01243,145.0,7105.0,245.0,219.0,0.0,2105.0,114.0,shrub
fire_01244,141.0,7124.0,216.0,206.0,0.0,2124.0,111.0,shrub
fire_01245,98.0,7292.0,11.0,11.0,0.0,11.0,11.0,nonburnable_or_other
fire_01246,102.0,9301.0,331.0,303.0,0.0,2270.0,123.0,grass
fire_01247,98.0,7292.0,11.0,11.0,0.0,11.0,11.0,nonburnable_or_other
fire_01248,91.0,7296.0,22.0,22.0,0.0,2902.0,22.0,nonburnable_or_other
fire_01249,102.0,9301.0,346.0,304.0,0.0,2270.0,124.0,grass
fire_01250,141.0,7079.0,239.0,205.0,0.0,2079.0,113.0,shrub
fire_01251,142.0,7126.0,222.0,206.0,25.0,2062.0,102.0,shrub
fire_01252,101.0,9301.0,347.0,302.0,0.0,2270.0,123.0,grass
fire_01253,91.0,7299.0,25.0,25.0,0.0,2905.0,25.0,nonburnable_or_other
fire_01254,122.0,7092.0,222.0,207.0,0.0,2092.0,112.0,grass_shrub
fire_01255,122.0,9829.0,343.0,304.0,0.0,2280.0,124.0,grass_shrub
fire_01256,98.0,7292.0,11.0,11.0,0.0,11.0,11.0,nonburnable_or_other
fire_01257,122.0,7092.0,223.0,213.0,0.0,2092.0,112.0,grass_shrub
fire_01259,102.0,7129.0,343.0,302.0,0.0,2129.0,124.0,grass
fire_01260,102.0,9301.0,338.0,303.0,0.0,2270.0,123.0,grass
fire_01261,145.0,7110.0,241.0,219.0,0.0,2110.0,114.0,shrub
fire_01262,102.0,9301.0,347.0,304.0,0.0,2270.0,124.0,grass
fire_01263,101.0,9301.0,347.0,302.0,0.0,2270.0,123.0,grass
fire_01264,141.0,7110.0,235.0,214.0,0.0,2110.0,114.0,shrub
fire_01265,121.0,9301.0,329.0,303.0,0.0,2270.0,122.0,grass_shrub
fire_01266,145.0,7110.0,244.0,223.0,0.0,2110.0,114.0,shrub
fire_01267,165.0,7028.0,150.0,125.0,55.0,2028.0,105.0,timber_understory
fire_01268,98.0,7292.0,11.0,11.0,0.0,11.0,11.0,nonburnable_or_other
fire_01269,144.0,7105.0,227.0,222.0,0.0,2105.0,112.0,shrub
fire_01270,101.0,7913.0,16.0,16.0,0.0,2916.0,16.0,grass
fire_01271,122.0,9810.0,351.0,303.0,0.0,2275.0,125.0,grass_shrub
fire_01272,122.0,9336.0,230.0,203.0,0.0,2282.0,113.0,grass_shrub
fire_01273,102.0,9301.0,338.0,304.0,0.0,2270.0,123.0,grass
fire_01274,91.0,7299.0,25.0,25.0,0.0,2905.0,25.0,nonburnable_or_other
fire_01275,91.0,7298.0,24.0,24.0,0.0,2904.0,24.0,nonburnable_or_other
fire_01276,102.0,9337.0,231.0,208.0,0.0,2270.0,113.0,grass
fire_01277,102.0,7105.0,325.0,308.0,0.0,2105.0,111.0,grass
fire_01278,122.0,9337.0,235.0,214.0,25.0,2114.0,103.0,grass_shrub
fire_01279,102.0,9301.0,338.0,304.0,0.0,2270.0,123.0,grass
fire_01280,102.0,9301.0,338.0,304.0,0.0,2270.0,123.0,grass
fire_01281,102.0,7131.0,343.0,303.0,0.0,2131.0,125.0,grass
fire_01282,102.0,9301.0,334.0,304.0,0.0,2270.0,123.0,grass
fire_01283,122.0,7080.0,221.0,201.0,0.0,2080.0,113.0,grass_shrub
fire_01284,102.0,9301.0,332.0,305.0,0.0,2270.0,123.0,grass
fire_01285,122.0,7110.0,228.0,210.0,0.0,2110.0,112.0,grass_shrub
fire_01286,102.0,9301.0,332.0,304.0,0.0,2270.0,123.0,grass
fire_01287,102.0,9301.0,343.0,303.0,0.0,2270.0,124.0,grass
fire_01288,101.0,7092.0,230.0,211.0,0.0,2916.0,16.0,grass
fire_01289,102.0,9301.0,332.0,304.0,0.0,2270.0,126.0,grass
fire_01290,141.0,7098.0,226.0,201.0,0.0,2098.0,114.0,shrub
fire_01291,123.0,7113.0,142.0,129.0,45.0,2113.0,104.0,grass_shrub
fire_01292,144.0,7105.0,220.0,211.0,0.0,2105.0,112.0,shrub
fire_01293,165.0,7114.0,140.0,135.0,45.0,2114.0,104.0,timber_understory
fire_01294,144.0,7114.0,130.0,121.0,35.0,2114.0,103.0,shrub
fire_01295,98.0,7292.0,11.0,11.0,0.0,11.0,11.0,nonburnable_or_other
fire_01296,142.0,7098.0,231.0,215.0,35.0,2028.0,106.0,shrub
fire_01297,122.0,7029.0,145.0,114.0,45.0,2029.0,104.0,grass_shrub
fire_01298,144.0,7114.0,131.0,120.0,35.0,2114.0,103.0,shrub
fire_01299,91.0,7299.0,25.0,25.0,0.0,2905.0,25.0,nonburnable_or_other
fire_01300,145.0,7105.0,251.0,222.0,0.0,2105.0,115.0,shrub
fire_01301,185.0,7128.0,249.0,225.0,45.0,2015.0,107.0,timber_litter
fire_01302,144.0,9301.0,336.0,303.0,0.0,2105.0,113.0,shrub
fire_01303,186.0,7113.0,154.0,121.0,55.0,2113.0,105.0,timber_litter
fire_01304,102.0,9301.0,338.0,304.0,0.0,2270.0,125.0,grass
fire_01305,102.0,9301.0,330.0,304.0,0.0,2270.0,123.0,grass
fire_01306,91.0,7299.0,25.0,25.0,0.0,2905.0,25.0,nonburnable_or_other
fire_01307,103.0,7105.0,233.0,219.0,0.0,2105.0,115.0,grass
fire_01308,102.0,7980.0,137.0,113.0,35.0,2960.0,103.0,grass
fire_01309,102.0,9301.0,331.0,305.0,0.0,2270.0,123.0,grass
fire_01310,186.0,7264.0,143.0,129.0,45.0,2264.0,104.0,timber_litter
fire_01311,145.0,7110.0,259.0,230.0,0.0,2110.0,115.0,shrub
fire_01312,102.0,9301.0,334.0,303.0,0.0,2270.0,123.0,grass
fire_01313,141.0,7098.0,231.0,212.0,0.0,2098.0,113.0,shrub
fire_01314,188.0,7043.0,144.0,114.0,55.0,2043.0,105.0,timber_litter
fire_01315,99.0,9062.0,31.0,31.0,0.0,31.0,31.0,nonburnable_or_other
fire_01316,121.0,7123.0,346.0,302.0,0.0,2080.0,113.0,grass_shrub
fire_01317,91.0,7299.0,25.0,25.0,0.0,2905.0,25.0,nonburnable_or_other
fire_01318,102.0,7110.0,233.0,215.0,0.0,2129.0,125.0,grass
fire_01319,102.0,9301.0,357.0,304.0,0.0,2270.0,125.0,grass
fire_01320,145.0,7105.0,256.0,219.0,0.0,2105.0,115.0,shrub
fire_01321,142.0,7105.0,234.0,213.0,35.0,2027.0,105.0,shrub
fire_01322,121.0,7097.0,227.0,216.0,45.0,2914.0,14.0,grass_shrub
fire_01323,102.0,7987.0,335.0,304.0,0.0,2967.0,123.0,grass
fire_01324,121.0,7105.0,223.0,216.0,0.0,2917.0,17.0,grass_shrub
fire_01325,163.0,9302.0,142.0,115.0,35.0,2271.0,104.0,timber_understory
fire_01326,102.0,9301.0,339.0,304.0,0.0,2270.0,123.0,grass
fire_01327,144.0,7105.0,238.0,223.0,0.0,2105.0,113.0,shrub
fire_01328,165.0,7028.0,158.0,125.0,45.0,2028.0,105.0,timber_understory
fire_01329,101.0,7098.0,223.0,204.0,0.0,2098.0,112.0,grass
fire_01330,161.0,7044.0,136.0,113.0,35.0,2044.0,103.0,timber_understory
fire_01331,122.0,9829.0,342.0,303.0,0.0,2280.0,124.0,grass_shrub
fire_01332,122.0,9810.0,338.0,304.0,0.0,2275.0,123.0,grass_shrub
fire_01333,121.0,7921.0,128.0,108.0,0.0,2917.0,17.0,grass_shrub
fire_01334,184.0,7105.0,238.0,215.0,55.0,2030.0,105.0,timber_litter
fire_01335,145.0,7110.0,236.0,215.0,0.0,2110.0,113.0,shrub
fire_01336,102.0,9301.0,330.0,302.0,0.0,2270.0,123.0,grass
fire_01337,102.0,9301.0,340.0,304.0,0.0,2270.0,124.0,grass
fire_01338,91.0,7299.0,25.0,25.0,0.0,2905.0,25.0,nonburnable_or_other
fire_01339,122.0,9829.0,338.0,304.0,0.0,2280.0,123.0,grass_shrub
fire_01340,99.0,7295.0,32.0,32.0,0.0,32.0,32.0,nonburnable_or_other
fire_01341,91.0,7296.0,22.0,22.0,0.0,2902.0,22.0,nonburnable_or_other
fire_01342,162.0,9302.0,125.0,118.0,35.0,2271.0,103.0,timber_understory
fire_01343,121.0,7914.0,17.0,17.0,0.0,2917.0,17.0,grass_shrub
fire_01344,91.0,7297.0,23.0,23.0,0.0,2903.0,23.0,nonburnable_or_other
fire_01345,91.0,7299.0,25.0,25.0,0.0,2905.0,25.0,nonburnable_or_other
fire_01346,102.0,9301.0,349.0,304.0,0.0,2270.0,124.0,grass
fire_01347,93.0,7961.0,61.0,61.0,0.0,2961.0,61.0,nonburnable_or_other
fire_01348,122.0,7662.0,346.0,304.0,0.0,2662.0,124.0,grass_shrub
fire_01349,102.0,9301.0,342.0,303.0,0.0,2270.0,124.0,grass
fire_01350,102.0,9301.0,353.0,304.0,0.0,2270.0,125.0,grass
fire_01351,142.0,7110.0,240.0,220.0,0.0,2110.0,114.0,shrub
fire_01352,102.0,9301.0,337.0,303.0,0.0,2270.0,123.0,grass
fire_01353,91.0,7299.0,25.0,25.0,0.0,2905.0,25.0,nonburnable_or_other
fire_01354,122.0,7118.0,147.0,123.0,45.0,2118.0,104.0,grass_shrub
fire_01355,122.0,9011.0,330.0,304.0,0.0,2225.0,123.0,grass_shrub
fire_01356,183.0,9129.0,159.0,113.0,45.0,2152.0,105.0,timber_litter
fire_01357,122.0,7092.0,219.0,208.0,0.0,2092.0,111.0,grass_shrub
fire_01358,121.0,7092.0,226.0,219.0,0.0,2092.0,113.0,grass_shrub
fire_01359,122.0,7084.0,250.0,213.0,0.0,2084.0,115.0,grass_shrub
fire_01360,91.0,7297.0,23.0,23.0,0.0,2903.0,23.0,nonburnable_or_other
fire_01361,101.0,9301.0,347.0,302.0,0.0,2270.0,123.0,grass
fire_01362,91.0,7297.0,23.0,23.0,0.0,2903.0,23.0,nonburnable_or_other
fire_01363,144.0,7114.0,130.0,117.0,35.0,2114.0,103.0,shrub
fire_01364,188.0,7043.0,165.0,132.0,75.0,2043.0,107.0,timber_litter
fire_01365,161.0,7128.0,240.0,215.0,0.0,2043.0,106.0,timber_understory
fire_01366,185.0,7015.0,165.0,131.0,65.0,2015.0,106.0,timber_litter
fire_01367,102.0,9301.0,340.0,304.0,0.0,2270.0,124.0,grass
fire_01368,121.0,9310.0,234.0,208.0,0.0,2275.0,113.0,grass_shrub
fire_01369,122.0,7092.0,228.0,217.0,25.0,2118.0,101.0,grass_shrub
fire_01370,162.0,7015.0,174.0,126.0,75.0,2015.0,107.0,timber_understory
fire_01371,186.0,7113.0,165.0,124.0,65.0,2113.0,106.0,timber_litter
fire_01372,141.0,7087.0,217.0,204.0,0.0,2087.0,111.0,shrub
fire_01373,121.0,9828.0,332.0,305.0,0.0,2279.0,123.0,grass_shrub
fire_01374,102.0,7030.0,133.0,110.0,55.0,2029.0,105.0,grass
fire_01375,102.0,9301.0,344.0,303.0,0.0,2270.0,124.0,grass
fire_01376,122.0,7092.0,236.0,210.0,0.0,2092.0,113.0,grass_shrub
fire_01377,122.0,7261.0,149.0,110.0,45.0,2261.0,104.0,grass_shrub
fire_01378,93.0,7961.0,61.0,61.0,0.0,2961.0,61.0,nonburnable_or_other
fire_01379,188.0,7151.0,141.0,112.0,45.0,2151.0,104.0,timber_litter
fire_01380,121.0,9301.0,327.0,304.0,0.0,2270.0,122.0,grass_shrub
fire_01381,91.0,7296.0,22.0,22.0,0.0,2902.0,22.0,nonburnable_or_other
fire_01382,102.0,7105.0,240.0,220.0,0.0,2114.0,103.0,grass
fire_01383,102.0,9301.0,340.0,304.0,0.0,2270.0,124.0,grass
fire_01384,165.0,7030.0,147.0,131.0,45.0,2030.0,104.0,timber_understory
fire_01385,101.0,7092.0,215.0,208.0,0.0,2092.0,112.0,grass
fire_01386,145.0,7110.0,232.0,217.0,0.0,2110.0,113.0,shrub
fire_01387,121.0,7092.0,228.0,208.0,0.0,2092.0,111.0,grass_shrub
fire_01388,102.0,9301.0,340.0,303.0,0.0,2270.0,124.0,grass
fire_01389,102.0,9301.0,331.0,305.0,0.0,2270.0,123.0,grass
fire_01390,93.0,7988.0,68.0,68.0,0.0,2968.0,68.0,nonburnable_or_other
fire_01391,165.0,7114.0,141.0,120.0,45.0,2114.0,104.0,timber_understory
fire_01392,102.0,7082.0,219.0,204.0,0.0,2082.0,111.0,grass
fire_01393,102.0,9301.0,347.0,304.0,0.0,2270.0,124.0,grass
fire_01394,122.0,7126.0,226.0,208.0,15.0,2019.0,102.0,grass_shrub
fire_01395,145.0,7110.0,249.0,222.0,0.0,2110.0,114.0,shrub
fire_01396,102.0,9301.0,337.0,302.0,0.0,2092.0,113.0,grass
fire_01397,142.0,7087.0,215.0,208.0,0.0,2087.0,111.0,shrub
fire_01398,102.0,9301.0,332.0,304.0,0.0,2270.0,123.0,grass
fire_01399,122.0,9810.0,338.0,303.0,0.0,2275.0,123.0,grass_shrub
fire_01400,165.0,7030.0,164.0,126.0,65.0,2030.0,106.0,timber_understory
fire_01401,184.0,7030.0,154.0,116.0,45.0,2030.0,104.0,timber_litter
fire_01402,91.0,7299.0,25.0,25.0,0.0,2905.0,25.0,nonburnable_or_other
fire_01403,122.0,7264.0,136.0,108.0,35.0,2264.0,103.0,grass_shrub
fire_01404,102.0,9301.0,342.0,303.0,0.0,2270.0,124.0,grass
fire_01405,102.0,9301.0,330.0,303.0,0.0,2270.0,123.0,grass
fire_01406,102.0,9301.0,346.0,303.0,0.0,2270.0,124.0,grass
fire_01407,102.0,9301.0,346.0,303.0,0.0,2270.0,124.0,grass
fire_01408,122.0,7092.0,230.0,213.0,0.0,2092.0,113.0,grass_shrub
fire_01409,102.0,9301.0,336.0,304.0,0.0,2270.0,123.0,grass
fire_01410,102.0,9301.0,352.0,303.0,0.0,2270.0,125.0,grass
fire_01411,102.0,9301.0,338.0,303.0,0.0,2270.0,123.0,grass
fire_01412,101.0,7934.0,325.0,303.0,0.0,2911.0,122.0,grass
fire_01413,91.0,7299.0,25.0,25.0,0.0,2905.0,25.0,nonburnable_or_other
fire_01414,102.0,7967.0,344.0,302.0,0.0,2967.0,124.0,grass
fire_01415,122.0,7110.0,224.0,215.0,0.0,2110.0,112.0,grass_shrub
fire_01416,93.0,7961.0,61.0,61.0,0.0,2961.0,61.0,nonburnable_or_other
fire_01417,144.0,9301.0,340.0,303.0,0.0,2105.0,115.0,shrub
fire_01418,91.0,7296.0,22.0,22.0,0.0,2902.0,22.0,nonburnable_or_other
fire_01419,102.0,7129.0,336.0,303.0,0.0,2129.0,123.0,grass
fire_01420,183.0,9337.0,237.0,216.0,45.0,2914.0,14.0,timber_litter
fire_01421,102.0,7980.0,131.0,106.0,35.0,2960.0,103.0,grass
fire_01422,163.0,9302.0,131.0,133.0,35.0,2271.0,103.0,timber_understory
fire_01423,91.0,7298.0,24.0,24.0,0.0,2904.0,24.0,nonburnable_or_other
fire_01424,182.0,7910.0,13.0,13.0,35.0,2913.0,13.0,timber_litter
fire_01425,142.0,7019.0,121.0,105.0,25.0,2019.0,102.0,shrub
fire_01426,102.0,7980.0,117.0,106.0,15.0,2960.0,101.0,grass
fire_01427,102.0,9301.0,335.0,304.0,0.0,2270.0,123.0,grass
fire_01428,102.0,9301.0,340.0,303.0,0.0,2270.0,124.0,grass
fire_01429,144.0,7105.0,244.0,223.0,0.0,2105.0,114.0,shrub
fire_01430,144.0,7105.0,236.0,214.0,0.0,2105.0,113.0,shrub
fire_01431,99.0,9150.0,31.0,31.0,0.0,31.0,31.0,nonburnable_or_other
fire_01432,91.0,7297.0,23.0,23.0,0.0,2903.0,23.0,nonburnable_or_other
fire_01433,102.0,7082.0,225.0,202.0,0.0,2082.0,112.0,grass
fire_01434,121.0,9337.0,224.0,213.0,0.0,2917.0,17.0,grass_shrub
fire_01435,93.0,7984.0,64.0,64.0,0.0,2964.0,64.0,nonburnable_or_other
fire_01436,102.0,9301.0,343.0,302.0,0.0,2270.0,124.0,grass
fire_01437,188.0,7151.0,151.0,114.0,55.0,2151.0,105.0,timber_litter
fire_01438,142.0,7080.0,227.0,215.0,0.0,2080.0,112.0,shrub
fire_01439,145.0,7105.0,245.0,215.0,0.0,2105.0,114.0,shrub
fire_01440,122.0,7662.0,357.0,302.0,0.0,2662.0,125.0,grass_shrub
fire_01441,145.0,7110.0,235.0,218.0,0.0,2110.0,113.0,shrub
fire_01442,102.0,9308.0,330.0,302.0,0.0,2273.0,123.0,grass
fire_01443,123.0,7113.0,137.0,118.0,35.0,2113.0,103.0,grass_shrub
fire_01444,165.0,7114.0,141.0,121.0,45.0,2114.0,104.0,timber_understory
fire_01445,122.0,7098.0,245.0,218.0,0.0,2098.0,114.0,grass_shrub
fire_01446,122.0,9337.0,220.0,208.0,0.0,2270.0,112.0,grass_shrub
fire_01447,102.0,9301.0,331.0,303.0,0.0,2114.0,103.0,grass
fire_01448,183.0,7137.0,345.0,302.0,25.0,2032.0,104.0,timber_litter
fire_01449,98.0,7292.0,11.0,11.0,0.0,11.0,11.0,nonburnable_or_other
fire_01450,102.0,7029.0,139.0,121.0,35.0,2029.0,103.0,grass
fire_01451,91.0,7299.0,25.0,25.0,0.0,2905.0,25.0,nonburnable_or_other
fire_01452,121.0,7098.0,325.0,308.0,0.0,2098.0,113.0,grass_shrub
fire_01453,121.0,7098.0,325.0,308.0,0.0,2098.0,113.0,grass_shrub
fire_01454,102.0,9301.0,348.0,303.0,0.0,2270.0,124.0,grass
fire_01455,181.0,7105.0,232.0,215.0,0.0,2029.0,105.0,timber_litter
fire_01456,102.0,9301.0,338.0,303.0,0.0,2270.0,123.0,grass
fire_01457,103.0,9829.0,369.0,304.0,0.0,2280.0,126.0,grass
fire_01458,102.0,9301.0,344.0,304.0,0.0,2270.0,124.0,grass
fire_01459,98.0,7292.0,11.0,11.0,0.0,11.0,11.0,nonburnable_or_other
fire_01460,144.0,7105.0,223.0,217.0,0.0,2105.0,112.0,shrub
fire_01461,102.0,9301.0,335.0,305.0,0.0,2270.0,123.0,grass
fire_01462,98.0,7292.0,11.0,11.0,0.0,11.0,11.0,nonburnable_or_other
fire_01463,122.0,7029.0,143.0,125.0,45.0,2029.0,104.0,grass_shrub
fire_01464,98.0,7292.0,11.0,11.0,0.0,11.0,11.0,nonburnable_or_other
fire_01465,165.0,7031.0,146.0,117.0,45.0,2031.0,104.0,timber_understory
fire_01466,145.0,7110.0,242.0,222.0,0.0,2110.0,114.0,shrub
fire_01467,102.0,9301.0,342.0,303.0,0.0,2270.0,124.0,grass
fire_01468,102.0,9301.0,357.0,304.0,0.0,2270.0,125.0,grass
fire_01469,121.0,9301.0,339.0,304.0,35.0,2264.0,103.0,grass_shrub
fire_01470,185.0,7158.0,137.0,112.0,45.0,2158.0,104.0,timber_litter
fire_01471,161.0,7033.0,127.0,110.0,35.0,2033.0,103.0,timber_understory
fire_01472,161.0,7098.0,240.0,215.0,0.0,2028.0,104.0,timber_understory
fire_01473,144.0,7114.0,129.0,114.0,25.0,2114.0,102.0,shrub
fire_01474,102.0,9301.0,352.0,304.0,0.0,2270.0,125.0,grass
fire_01475,122.0,7098.0,235.0,208.0,0.0,2098.0,113.0,grass_shrub
fire_01476,145.0,7110.0,230.0,213.0,0.0,2110.0,113.0,shrub
fire_01477,101.0,7033.0,118.0,110.0,0.0,2098.0,112.0,grass
fire_01478,91.0,7299.0,25.0,25.0,0.0,2905.0,25.0,nonburnable_or_other
fire_01479,122.0,7080.0,228.0,211.0,0.0,2080.0,112.0,grass_shrub
fire_01480,101.0,9301.0,337.0,302.0,0.0,2270.0,122.0,grass
fire_01481,144.0,7105.0,236.0,212.0,0.0,2105.0,113.0,shrub
fire_01482,163.0,9302.0,133.0,113.0,35.0,2271.0,103.0,timber_understory
fire_01483,165.0,7027.0,148.0,126.0,45.0,2027.0,104.0,timber_understory
fire_01484,122.0,7029.0,151.0,136.0,55.0,2029.0,105.0,grass_shrub
fire_01485,144.0,7114.0,130.0,128.0,35.0,2114.0,103.0,shrub
fire_01486,162.0,7027.0,129.0,108.0,35.0,2027.0,103.0,timber_understory
fire_01487,161.0,7137.0,349.0,303.0,0.0,2043.0,106.0,timber_understory
fire_01488,102.0,9301.0,358.0,304.0,0.0,2270.0,125.0,grass
fire_01489,121.0,7092.0,355.0,303.0,0.0,2092.0,111.0,grass_shrub
fire_01490,93.0,7981.0,61.0,61.0,0.0,2961.0,61.0,nonburnable_or_other
fire_01491,161.0,7098.0,220.0,204.0,0.0,2172.0,105.0,timber_understory
fire_01492,103.0,7105.0,226.0,206.0,0.0,2105.0,112.0,grass
fire_01493,188.0,7043.0,159.0,134.0,65.0,2043.0,106.0,timber_litter
fire_01494,99.0,9110.0,100.0,100.0,0.0,2002.0,100.0,nonburnable_or_other
fire_01495,142.0,7118.0,125.0,108.0,25.0,2118.0,104.0,shrub
fire_01496,182.0,7105.0,228.0,211.0,35.0,2913.0,13.0,timber_litter
fire_01497,122.0,7260.0,143.0,120.0,45.0,2260.0,104.0,grass_shrub
fire_01498,165.0,7125.0,221.0,207.0,35.0,2031.0,103.0,timber_understory
fire_01499,165.0,7030.0,160.0,122.0,65.0,2030.0,106.0,timber_understory
fire_01500,102.0,7029.0,139.0,124.0,35.0,2029.0,103.0,grass
fire_01501,103.0,9829.0,365.0,303.0,0.0,2280.0,126.0,grass
fire_01502,102.0,7114.0,129.0,108.0,0.0,2184.0,122.0,grass
fire_01503,165.0,7043.0,138.0,114.0,35.0,2043.0,103.0,timber_understory
fire_01504,188.0,7028.0,157.0,127.0,65.0,2028.0,107.0,timber_litter
fire_01505,165.0,7031.0,131.0,113.0,35.0,2031.0,103.0,timber_understory
fire_01506,102.0,9301.0,339.0,303.0,0.0,2270.0,123.0,grass
fire_01507,185.0,7105.0,239.0,218.0,25.0,2043.0,104.0,timber_litter
fire_01508,141.0,7129.0,337.0,302.0,0.0,2097.0,113.0,shrub
fire_01509,122.0,7105.0,236.0,216.0,0.0,2029.0,104.0,grass_shrub
fire_01510,98.0,7292.0,11.0,11.0,0.0,11.0,11.0,nonburnable_or_other
fire_01511,122.0,7933.0,221.0,209.0,0.0,2912.0,112.0,grass_shrub
fire_01512,91.0,7299.0,25.0,25.0,0.0,2905.0,25.0,nonburnable_or_other
fire_01513,91.0,7299.0,25.0,25.0,0.0,2905.0,25.0,nonburnable_or_other
fire_01514,165.0,7030.0,152.0,129.0,55.0,2030.0,105.0,timber_understory
fire_01515,145.0,7110.0,241.0,219.0,0.0,2110.0,114.0,shrub
fire_01516,141.0,7110.0,226.0,213.0,0.0,2110.0,114.0,shrub
fire_01517,142.0,7108.0,230.0,214.0,0.0,2110.0,118.0,shrub
fire_01518,165.0,7043.0,172.0,138.0,75.0,2043.0,107.0,timber_understory
fire_01519,188.0,7043.0,164.0,130.0,75.0,2043.0,107.0,timber_litter
fire_01520,102.0,9301.0,349.0,304.0,0.0,2270.0,124.0,grass
fire_01521,165.0,7030.0,148.0,129.0,45.0,2030.0,104.0,timber_understory
fire_01522,163.0,9302.0,145.0,126.0,45.0,2271.0,104.0,timber_understory
fire_01523,141.0,7110.0,231.0,221.0,0.0,2110.0,114.0,shrub
fire_01524,102.0,9301.0,339.0,304.0,0.0,2270.0,123.0,grass
fire_01525,122.0,7110.0,225.0,212.0,0.0,2110.0,112.0,grass_shrub
fire_01526,102.0,9301.0,375.0,303.0,0.0,2270.0,127.0,grass
fire_01527,93.0,7988.0,68.0,68.0,0.0,2968.0,68.0,nonburnable_or_other
fire_01528,91.0,7299.0,25.0,25.0,0.0,2905.0,25.0,nonburnable_or_other
fire_01529,93.0,7961.0,61.0,61.0,0.0,2961.0,61.0,nonburnable_or_other
fire_01530,165.0,7030.0,174.0,130.0,75.0,2030.0,107.0,timber_understory
fire_01531,188.0,7043.0,149.0,118.0,65.0,2043.0,106.0,timber_litter
fire_01532,145.0,7105.0,252.0,223.0,0.0,2105.0,115.0,shrub
fire_01533,102.0,7129.0,327.0,303.0,0.0,2129.0,122.0,grass
fire_01534,91.0,7299.0,25.0,25.0,0.0,2905.0,25.0,nonburnable_or_other
fire_01535,102.0,9301.0,344.0,304.0,0.0,2270.0,124.0,grass
fire_01536,102.0,9301.0,366.0,303.0,0.0,2270.0,126.0,grass
fire_01537,102.0,7967.0,336.0,303.0,0.0,2967.0,123.0,grass
fire_01538,184.0,7112.0,150.0,117.0,55.0,2112.0,105.0,timber_litter
fire_01539,102.0,7129.0,342.0,304.0,0.0,2129.0,124.0,grass
fire_01540,102.0,7129.0,331.0,302.0,0.0,2129.0,123.0,grass
fire_01541,185.0,7015.0,165.0,135.0,65.0,2015.0,106.0,timber_litter
fire_01542,102.0,7092.0,239.0,214.0,0.0,2092.0,114.0,grass
fire_01543,101.0,7127.0,223.0,202.0,0.0,2127.0,112.0,grass
fire_01544,165.0,7043.0,146.0,117.0,45.0,2043.0,104.0,timber_understory
fire_01545,165.0,7030.0,160.0,121.0,65.0,2030.0,106.0,timber_understory
fire_01547,93.0,7964.0,64.0,64.0,0.0,2964.0,64.0,nonburnable_or_other
fire_01548,122.0,7105.0,249.0,216.0,0.0,2105.0,114.0,grass_shrub
fire_01549,145.0,7098.0,228.0,206.0,0.0,2098.0,112.0,shrub
fire_01550,122.0,9629.0,254.0,216.0,0.0,2152.0,115.0,grass_shrub
fire_01551,142.0,7087.0,215.0,208.0,0.0,2087.0,111.0,shrub
fire_01552,122.0,7092.0,225.0,212.0,0.0,2092.0,112.0,grass_shrub
fire_01553,102.0,9301.0,365.0,304.0,0.0,2270.0,126.0,grass
fire_01555,122.0,7110.0,228.0,212.0,0.0,2110.0,112.0,grass_shrub
fire_01556,91.0,7296.0,22.0,22.0,0.0,2902.0,22.0,nonburnable_or_other
fire_01557,102.0,9301.0,340.0,305.0,0.0,2270.0,124.0,grass
fire_01558,102.0,9301.0,344.0,304.0,0.0,2270.0,124.0,grass
fire_01559,102.0,7980.0,116.0,106.0,15.0,2960.0,101.0,grass
fire_01561,102.0,9301.0,340.0,304.0,0.0,2270.0,124.0,grass
fire_01562,102.0,9301.0,339.0,303.0,0.0,2270.0,123.0,grass
fire_01563,102.0,7987.0,353.0,302.0,0.0,2967.0,125.0,grass
fire_01564,102.0,9301.0,346.0,303.0,0.0,2270.0,124.0,grass
fire_01565,122.0,7092.0,223.0,209.0,0.0,2092.0,112.0,grass_shrub
fire_01566,99.0,7109.0,214.0,203.0,0.0,2109.0,111.0,nonburnable_or_other
fire_01567,91.0,7299.0,25.0,25.0,0.0,2905.0,25.0,nonburnable_or_other
fire_01568,121.0,9301.0,326.0,304.0,0.0,2270.0,122.0,grass_shrub
fire_01569,91.0,7297.0,23.0,23.0,0.0,2903.0,23.0,nonburnable_or_other
fire_01570,91.0,7299.0,25.0,25.0,0.0,2905.0,25.0,nonburnable_or_other
fire_01571,122.0,7082.0,228.0,209.0,0.0,2082.0,112.0,grass_shrub
fire_01572,93.0,7984.0,64.0,64.0,0.0,2964.0,64.0,nonburnable_or_other
fire_01573,122.0,7264.0,138.0,132.0,35.0,2264.0,103.0,grass_shrub
fire_01574,142.0,7029.0,,203.0,0.0,2029.0,105.0,shrub
fire_01575,91.0,7299.0,25.0,25.0,0.0,2905.0,25.0,nonburnable_or_other
fire_01576,122.0,7662.0,342.0,303.0,0.0,2662.0,124.0,grass_shrub
fire_01577,101.0,7014.0,128.0,105.0,0.0,2110.0,112.0,grass
fire_01578,145.0,7110.0,251.0,223.0,0.0,2110.0,115.0,shrub
fire_01579,122.0,7110.0,228.0,214.0,0.0,2110.0,112.0,grass_shrub
fire_01580,102.0,9301.0,349.0,303.0,0.0,2270.0,124.0,grass
fire_01581,122.0,7092.0,234.0,224.0,0.0,2092.0,113.0,grass_shrub
fire_01582,123.0,7113.0,136.0,123.0,35.0,2113.0,103.0,grass_shrub
fire_01583,102.0,9301.0,346.0,305.0,0.0,2270.0,124.0,grass
fire_01584,182.0,7910.0,13.0,13.0,35.0,2913.0,13.0,timber_litter
fire_01585,121.0,9337.0,225.0,218.0,35.0,2114.0,103.0,grass_shrub
fire_01586,91.0,7299.0,25.0,25.0,0.0,2905.0,25.0,nonburnable_or_other
fire_01587,144.0,7105.0,224.0,216.0,0.0,2105.0,113.0,shrub
fire_01588,102.0,7987.0,344.0,304.0,0.0,2967.0,124.0,grass
fire_01589,102.0,7987.0,344.0,304.0,0.0,2967.0,124.0,grass
fire_01590,101.0,9301.0,322.0,304.0,0.0,2270.0,122.0,grass
fire_01591,91.0,7297.0,23.0,23.0,0.0,2903.0,23.0,nonburnable_or_other
fire_01592,101.0,7028.0,135.0,108.0,25.0,2028.0,103.0,grass
fire_01593,99.0,9062.0,100.0,100.0,0.0,2002.0,100.0,nonburnable_or_other
fire_01594,101.0,7668.0,341.0,304.0,0.0,2668.0,125.0,grass
fire_01595,121.0,9301.0,326.0,304.0,0.0,2270.0,122.0,grass_shrub
fire_01596,123.0,7113.0,126.0,128.0,25.0,2113.0,102.0,grass_shrub
fire_01597,165.0,7030.0,160.0,125.0,65.0,2030.0,106.0,timber_understory
fire_01598,186.0,7980.0,141.0,110.0,45.0,2960.0,104.0,timber_litter
fire_01599,165.0,7114.0,141.0,115.0,45.0,2114.0,104.0,timber_understory
fire_01600,144.0,7114.0,139.0,125.0,35.0,2114.0,103.0,shrub
fire_01601,102.0,9301.0,349.0,304.0,0.0,2270.0,124.0,grass
fire_01602,121.0,9301.0,333.0,304.0,15.0,2114.0,103.0,grass_shrub
fire_01603,91.0,7297.0,23.0,23.0,0.0,2903.0,23.0,nonburnable_or_other
fire_01604,144.0,7105.0,240.0,207.0,0.0,2105.0,114.0,shrub
fire_01605,122.0,7264.0,133.0,122.0,35.0,2264.0,103.0,grass_shrub
fire_01606,165.0,7028.0,158.0,129.0,55.0,2028.0,105.0,timber_understory
fire_01607,99.0,9062.0,31.0,31.0,0.0,31.0,31.0,nonburnable_or_other
fire_01608,91.0,7296.0,22.0,22.0,0.0,2902.0,22.0,nonburnable_or_other
fire_01609,91.0,7299.0,25.0,25.0,0.0,2905.0,25.0,nonburnable_or_other
fire_01610,122.0,9629.0,226.0,208.0,0.0,2152.0,112.0,grass_shrub
fire_01611,102.0,7129.0,339.0,304.0,0.0,2129.0,123.0,grass
fire_01612,102.0,9301.0,356.0,303.0,0.0,2270.0,125.0,grass
fire_01613,122.0,9829.0,331.0,303.0,0.0,2280.0,123.0,grass_shrub
fire_01614,102.0,9301.0,346.0,303.0,0.0,2270.0,124.0,grass
fire_01615,145.0,7105.0,242.0,215.0,0.0,2105.0,114.0,shrub
fire_01616,122.0,7105.0,230.0,219.0,15.0,2114.0,102.0,grass_shrub
fire_01617,183.0,7029.0,126.0,107.0,35.0,2029.0,104.0,timber_litter
fire_01618,165.0,7043.0,161.0,127.0,65.0,2043.0,106.0,timber_understory
fire_01619,91.0,7299.0,25.0,25.0,0.0,2905.0,25.0,nonburnable_or_other
fire_01620,91.0,7299.0,25.0,25.0,0.0,2905.0,25.0,nonburnable_or_other
fire_01621,122.0,7092.0,231.0,217.0,0.0,2092.0,113.0,grass_shrub
fire_01622,145.0,7105.0,,229.0,0.0,2105.0,115.0,shrub
fire_01623,165.0,7028.0,167.0,134.0,65.0,2028.0,107.0,timber_understory
fire_01624,145.0,7110.0,233.0,218.0,0.0,2110.0,113.0,shrub
fire_01625,98.0,7292.0,11.0,11.0,0.0,11.0,11.0,nonburnable_or_other
fire_01626,181.0,7105.0,223.0,210.0,0.0,2027.0,104.0,timber_litter
fire_01627,122.0,7082.0,228.0,209.0,0.0,2082.0,112.0,grass_shrub
fire_01628,144.0,7114.0,130.0,114.0,35.0,2114.0,103.0,shrub
fire_01629,165.0,7028.0,158.0,125.0,45.0,2028.0,105.0,timber_understory
fire_01630,102.0,9301.0,357.0,303.0,0.0,2270.0,125.0,grass
fire_01631,165.0,7028.0,173.0,133.0,75.0,2028.0,107.0,timber_understory
fire_01632,145.0,7105.0,251.0,216.0,0.0,2105.0,115.0,shrub
fire_01633,165.0,7030.0,142.0,128.0,45.0,2030.0,104.0,timber_understory
fire_01634,102.0,9301.0,348.0,303.0,0.0,2270.0,124.0,grass
fire_01635,165.0,7027.0,166.0,132.0,65.0,2027.0,106.0,timber_understory
fire_01636,189.0,7027.0,139.0,119.0,35.0,2027.0,103.0,timber_litter
fire_01637,98.0,7292.0,11.0,11.0,0.0,11.0,11.0,nonburnable_or_other
fire_01638,101.0,9301.0,331.0,304.0,0.0,2270.0,122.0,grass
fire_01639,91.0,7299.0,25.0,25.0,0.0,2905.0,25.0,nonburnable_or_other
fire_01640,144.0,7105.0,239.0,213.0,0.0,2105.0,115.0,shrub
fire_01641,91.0,7299.0,25.0,25.0,0.0,2905.0,25.0,nonburnable_or_other
fire_01642,102.0,9301.0,338.0,304.0,0.0,2270.0,123.0,grass
fire_01643,102.0,7098.0,234.0,220.0,45.0,2029.0,103.0,grass
fire_01644,93.0,7961.0,61.0,61.0,0.0,2961.0,61.0,nonburnable_or_other
fire_01645,122.0,7118.0,151.0,118.0,55.0,2118.0,105.0,grass_shrub
fire_01646,122.0,7029.0,150.0,121.0,55.0,2029.0,105.0,grass_shrub
fire_01647,165.0,7043.0,166.0,120.0,65.0,2043.0,106.0,timber_understory
fire_01648,165.0,7043.0,168.0,123.0,65.0,2043.0,106.0,timber_understory
fire_01649,98.0,7292.0,11.0,11.0,0.0,11.0,11.0,nonburnable_or_other
fire_01650,102.0,9301.0,335.0,303.0,0.0,2270.0,123.0,grass
fire_01651,122.0,7092.0,225.0,214.0,0.0,2092.0,112.0,grass_shrub
fire_01652,122.0,9629.0,248.0,210.0,0.0,2152.0,114.0,grass_shrub
fire_01653,91.0,7299.0,25.0,25.0,0.0,2905.0,25.0,nonburnable_or_other
fire_01654,183.0,7901.0,14.0,14.0,45.0,2914.0,14.0,timber_litter
fire_01655,91.0,7297.0,23.0,23.0,0.0,2903.0,23.0,nonburnable_or_other
fire_01656,102.0,9301.0,344.0,304.0,0.0,2270.0,124.0,grass
fire_01657,121.0,7098.0,220.0,202.0,0.0,2098.0,114.0,grass_shrub
fire_01658,102.0,7980.0,135.0,113.0,35.0,2960.0,103.0,grass
fire_01659,122.0,7933.0,225.0,210.0,0.0,2912.0,112.0,grass_shrub
fire_01660,102.0,7980.0,110.0,107.0,15.0,2960.0,101.0,grass
fire_01661,165.0,7027.0,168.0,122.0,65.0,2027.0,106.0,timber_understory
fire_01662,145.0,7097.0,239.0,208.0,0.0,2097.0,113.0,shrub
fire_01663,102.0,9301.0,352.0,304.0,0.0,2270.0,125.0,grass
fire_01664,91.0,7297.0,23.0,23.0,0.0,2903.0,23.0,nonburnable_or_other
fire_01665,182.0,7105.0,224.0,213.0,15.0,2030.0,105.0,timber_litter
fire_01666,122.0,7029.0,148.0,125.0,45.0,2029.0,104.0,grass_shrub
fire_01667,121.0,7017.0,133.0,108.0,35.0,2017.0,103.0,grass_shrub
fire_01668,101.0,7967.0,349.0,305.0,0.0,2967.0,124.0,grass
fire_01669,102.0,9301.0,366.0,303.0,0.0,2270.0,126.0,grass
fire_01670,165.0,7027.0,139.0,118.0,55.0,2027.0,106.0,timber_understory
fire_01671,142.0,7098.0,238.0,211.0,25.0,2028.0,104.0,shrub
fire_01672,122.0,7105.0,240.0,206.0,0.0,2105.0,114.0,grass_shrub
fire_01673,101.0,7082.0,226.0,202.0,0.0,2082.0,112.0,grass
fire_01674,183.0,9129.0,145.0,115.0,35.0,2152.0,103.0,timber_litter
fire_01675,91.0,7299.0,25.0,25.0,0.0,2905.0,25.0,nonburnable_or_other
fire_01676,91.0,7299.0,25.0,25.0,0.0,2905.0,25.0,nonburnable_or_other
fire_01677,122.0,7092.0,222.0,210.0,0.0,2092.0,112.0,grass_shrub
fire_01678,122.0,9337.0,220.0,213.0,0.0,2270.0,112.0,grass_shrub
fire_01679,183.0,7901.0,14.0,14.0,45.0,2914.0,14.0,timber_litter
fire_01680,183.0,7980.0,125.0,111.0,35.0,2960.0,104.0,timber_litter
fire_01681,91.0,7299.0,25.0,25.0,0.0,2905.0,25.0,nonburnable_or_other
fire_01682,102.0,9301.0,335.0,304.0,0.0,2270.0,123.0,grass
fire_01683,145.0,7105.0,,218.0,0.0,2105.0,115.0,shrub
fire_01684,102.0,9301.0,360.0,304.0,0.0,2270.0,126.0,grass
fire_01685,102.0,9301.0,343.0,304.0,0.0,2270.0,124.0,grass
fire_01686,102.0,7082.0,211.0,204.0,0.0,2082.0,111.0,grass
fire_01687,165.0,7114.0,142.0,124.0,45.0,2114.0,104.0,timber_understory
fire_01688,144.0,7114.0,138.0,117.0,35.0,2114.0,103.0,shrub
fire_01689,91.0,7299.0,25.0,25.0,0.0,2905.0,25.0,nonburnable_or_other
fire_01690,102.0,7234.0,239.0,219.0,0.0,2270.0,124.0,grass
fire_01691,102.0,7934.0,336.0,303.0,0.0,2911.0,123.0,grass
fire_01692,102.0,7986.0,332.0,303.0,0.0,2966.0,123.0,grass
fire_01693,122.0,7110.0,226.0,214.0,0.0,2110.0,112.0,grass_shrub
fire_01694,91.0,7299.0,25.0,25.0,0.0,2905.0,25.0,nonburnable_or_other
fire_01695,102.0,9301.0,333.0,302.0,0.0,2967.0,123.0,grass
fire_01696,102.0,9301.0,361.0,302.0,0.0,2270.0,126.0,grass
fire_01697,102.0,9301.0,374.0,304.0,0.0,2270.0,127.0,grass
fire_01698,102.0,9301.0,339.0,304.0,0.0,2270.0,123.0,grass
fire_01699,142.0,7105.0,225.0,213.0,0.0,2097.0,114.0,shrub
fire_01700,122.0,7092.0,230.0,210.0,0.0,2092.0,113.0,grass_shrub
fire_01701,145.0,7110.0,241.0,213.0,0.0,2110.0,114.0,shrub
fire_01702,122.0,7082.0,218.0,209.0,0.0,2082.0,111.0,grass_shrub
fire_01703,145.0,7105.0,248.0,225.0,0.0,2105.0,114.0,shrub
fire_01704,122.0,7092.0,222.0,207.0,0.0,2092.0,112.0,grass_shrub
fire_01705,99.0,9246.0,100.0,100.0,0.0,2002.0,100.0,nonburnable_or_other
fire_01706,122.0,7092.0,230.0,212.0,0.0,2092.0,113.0,grass_shrub
fire_01707,122.0,7087.0,224.0,207.0,0.0,2087.0,112.0,grass_shrub
fire_01708,102.0,9301.0,336.0,303.0,0.0,2270.0,123.0,grass
fire_01709,91.0,7299.0,25.0,25.0,0.0,2905.0,25.0,nonburnable_or_other
fire_01710,101.0,9301.0,346.0,302.0,0.0,2270.0,123.0,grass
fire_01711,145.0,7110.0,240.0,219.0,0.0,2110.0,114.0,shrub
fire_01712,121.0,9301.0,331.0,304.0,0.0,2270.0,112.0,grass_shrub
fire_01713,121.0,9301.0,329.0,303.0,0.0,2270.0,122.0,grass_shrub
fire_01714,102.0,7129.0,335.0,303.0,0.0,2129.0,123.0,grass
fire_01715,122.0,7092.0,224.0,212.0,0.0,2092.0,112.0,grass_shrub
fire_01716,122.0,7092.0,222.0,222.0,0.0,2092.0,112.0,grass_shrub
fire_01717,102.0,9301.0,339.0,303.0,0.0,2270.0,123.0,grass
fire_01718,145.0,7110.0,241.0,214.0,0.0,2110.0,114.0,shrub
fire_01719,122.0,9337.0,239.0,211.0,0.0,2270.0,113.0,grass_shrub
fire_01720,121.0,7914.0,17.0,17.0,0.0,2917.0,17.0,grass_shrub
fire_01721,101.0,9301.0,337.0,302.0,0.0,2270.0,122.0,grass
fire_01722,91.0,7299.0,25.0,25.0,0.0,2905.0,25.0,nonburnable_or_other
fire_01723,122.0,7105.0,355.0,303.0,0.0,2105.0,113.0,grass_shrub
fire_01724,121.0,9301.0,326.0,304.0,0.0,2270.0,122.0,grass_shrub
fire_01725,91.0,7299.0,25.0,25.0,0.0,2905.0,25.0,nonburnable_or_other
fire_01726,145.0,7110.0,235.0,220.0,0.0,2110.0,113.0,shrub
fire_01727,102.0,9301.0,332.0,303.0,0.0,2270.0,123.0,grass
fire_01728,121.0,7914.0,17.0,17.0,0.0,2917.0,17.0,grass_shrub
fire_01729,165.0,7030.0,174.0,130.0,75.0,2030.0,107.0,timber_understory
fire_01730,102.0,9301.0,349.0,304.0,0.0,2270.0,124.0,grass
fire_01731,101.0,7913.0,16.0,16.0,0.0,2916.0,16.0,grass
fire_01732,122.0,7110.0,221.0,212.0,0.0,2110.0,112.0,grass_shrub
fire_01733,184.0,7105.0,222.0,209.0,25.0,2030.0,104.0,timber_litter
fire_01734,122.0,9337.0,224.0,210.0,0.0,2270.0,112.0,grass_shrub
fire_01735,145.0,7110.0,234.0,214.0,0.0,2110.0,113.0,shrub
fire_01736,103.0,7105.0,216.0,206.0,0.0,2105.0,111.0,grass
fire_01737,101.0,9301.0,335.0,303.0,0.0,2916.0,16.0,grass
fire_01738,144.0,7105.0,229.0,215.0,0.0,2105.0,112.0,shrub
fire_01739,102.0,7082.0,223.0,208.0,0.0,2082.0,112.0,grass
fire_01740,93.0,7981.0,61.0,61.0,0.0,2961.0,61.0,nonburnable_or_other
fire_01741,102.0,7129.0,332.0,304.0,0.0,2129.0,123.0,grass
fire_01742,122.0,7933.0,222.0,208.0,0.0,2912.0,112.0,grass_shrub
fire_01743,102.0,9301.0,330.0,304.0,0.0,2270.0,123.0,grass
fire_01744,101.0,9337.0,226.0,226.0,0.0,2270.0,124.0,grass
fire_01745,122.0,7092.0,216.0,207.0,0.0,2092.0,111.0,grass_shrub
fire_01746,91.0,7299.0,25.0,25.0,0.0,2905.0,25.0,nonburnable_or_other
fire_01747,121.0,7105.0,222.0,220.0,25.0,2114.0,102.0,grass_shrub
fire_01748,162.0,7105.0,236.0,216.0,45.0,2114.0,104.0,timber_understory
fire_01749,122.0,7082.0,219.0,208.0,0.0,2082.0,111.0,grass_shrub
fire_01750,141.0,7087.0,211.0,206.0,0.0,2087.0,111.0,shrub
fire_01751,122.0,9337.0,214.0,209.0,0.0,2270.0,111.0,grass_shrub
fire_01752,145.0,7097.0,239.0,220.0,0.0,2097.0,113.0,shrub
fire_01753,145.0,7110.0,236.0,223.0,0.0,2110.0,113.0,shrub
fire_01754,102.0,9301.0,339.0,303.0,0.0,2270.0,123.0,grass
fire_01755,182.0,7910.0,13.0,13.0,35.0,2913.0,13.0,timber_litter
fire_01756,144.0,7114.0,133.0,124.0,35.0,2114.0,103.0,shrub
fire_01757,123.0,7113.0,142.0,121.0,45.0,2113.0,104.0,grass_shrub
fire_01758,91.0,7296.0,22.0,22.0,0.0,2902.0,22.0,nonburnable_or_other
fire_01759,91.0,7299.0,25.0,25.0,0.0,2905.0,25.0,nonburnable_or_other
fire_01760,183.0,7027.0,133.0,115.0,45.0,2914.0,14.0,timber_litter
fire_01761,188.0,7028.0,170.0,124.0,45.0,2028.0,104.0,timber_litter
fire_01762,161.0,7044.0,130.0,109.0,35.0,2044.0,103.0,timber_understory
fire_01763,161.0,7270.0,245.0,206.0,0.0,2021.0,104.0,timber_understory
fire_01764,103.0,7105.0,222.0,206.0,0.0,2105.0,112.0,grass
fire_01765,102.0,9301.0,336.0,304.0,0.0,2270.0,123.0,grass
fire_01766,121.0,7110.0,236.0,219.0,0.0,2917.0,17.0,grass_shrub
fire_01767,141.0,7008.0,122.0,116.0,0.0,2098.0,114.0,shrub
fire_01768,165.0,7043.0,163.0,128.0,65.0,2043.0,106.0,timber_understory
fire_01769,121.0,7108.0,235.0,222.0,0.0,2108.0,113.0,grass_shrub
fire_01770,161.0,7043.0,149.0,123.0,0.0,2043.0,107.0,timber_understory
fire_01771,102.0,7131.0,340.0,303.0,0.0,2184.0,121.0,grass
fire_01772,144.0,7114.0,138.0,132.0,35.0,2114.0,103.0,shrub
fire_01773,93.0,7961.0,61.0,61.0,0.0,2961.0,61.0,nonburnable_or_other
fire_01774,102.0,9301.0,339.0,304.0,0.0,2270.0,124.0,grass
fire_01775,91.0,7299.0,25.0,25.0,0.0,2905.0,25.0,nonburnable_or_other
fire_01776,102.0,9301.0,347.0,304.0,0.0,2270.0,124.0,grass
fire_01777,145.0,7105.0,249.0,220.0,0.0,2105.0,114.0,shrub
fire_01778,122.0,9829.0,349.0,304.0,0.0,2280.0,124.0,grass_shrub
fire_01779,145.0,7110.0,233.0,216.0,0.0,2110.0,113.0,shrub
fire_01780,122.0,7092.0,222.0,214.0,0.0,2092.0,112.0,grass_shrub
fire_01781,145.0,7110.0,235.0,207.0,0.0,2110.0,113.0,shrub
fire_01782,101.0,7913.0,16.0,16.0,0.0,2916.0,16.0,grass
fire_01783,101.0,9301.0,355.0,303.0,0.0,2270.0,124.0,grass
fire_01784,122.0,7092.0,224.0,212.0,0.0,2092.0,112.0,grass_shrub
fire_01785,93.0,7988.0,68.0,68.0,0.0,2968.0,68.0,nonburnable_or_other
fire_01786,141.0,7087.0,210.0,204.0,0.0,2087.0,111.0,shrub
fire_01787,121.0,9301.0,329.0,303.0,0.0,2270.0,122.0,grass_shrub
fire_01788,122.0,7092.0,232.0,212.0,0.0,2092.0,113.0,grass_shrub
fire_01789,122.0,7092.0,233.0,216.0,0.0,2092.0,113.0,grass_shrub
fire_01790,121.0,9301.0,326.0,302.0,0.0,2270.0,122.0,grass_shrub
fire_01791,122.0,7092.0,214.0,208.0,0.0,2092.0,111.0,grass_shrub
fire_01792,121.0,9301.0,328.0,304.0,0.0,2270.0,122.0,grass_shrub
fire_01793,91.0,7297.0,23.0,23.0,0.0,2903.0,23.0,nonburnable_or_other
fire_01794,186.0,7098.0,228.0,213.0,0.0,2032.0,104.0,timber_litter
fire_01795,121.0,7028.0,138.0,110.0,0.0,2098.0,114.0,grass_shrub
fire_01796,99.0,9150.0,100.0,100.0,0.0,2004.0,100.0,nonburnable_or_other
fire_01797,145.0,7105.0,242.0,224.0,0.0,2105.0,114.0,shrub
fire_01798,122.0,7082.0,219.0,208.0,0.0,2082.0,111.0,grass_shrub
fire_01799,101.0,9301.0,355.0,303.0,0.0,2270.0,123.0,grass
fire_01800,165.0,7028.0,166.0,134.0,65.0,2028.0,106.0,timber_understory
fire_01801,122.0,9337.0,215.0,211.0,0.0,2270.0,111.0,grass_shrub
fire_01802,102.0,7980.0,120.0,105.0,25.0,2960.0,102.0,grass
fire_01803,102.0,9301.0,332.0,304.0,0.0,2270.0,123.0,grass
fire_01804,99.0,9062.0,31.0,31.0,0.0,31.0,31.0,nonburnable_or_other
fire_01805,141.0,7087.0,355.0,303.0,0.0,2087.0,111.0,shrub
fire_01806,91.0,7299.0,25.0,25.0,0.0,2905.0,25.0,nonburnable_or_other
fire_01807,188.0,9129.0,151.0,131.0,55.0,2152.0,105.0,timber_litter
fire_01808,91.0,7299.0,25.0,25.0,0.0,2905.0,25.0,nonburnable_or_other
fire_01809,122.0,7092.0,216.0,206.0,0.0,2092.0,111.0,grass_shrub
fire_01810,102.0,9301.0,346.0,304.0,0.0,2270.0,124.0,grass
fire_01811,122.0,7933.0,219.0,207.0,0.0,2912.0,111.0,grass_shrub
fire_01812,102.0,7980.0,122.0,103.0,25.0,2960.0,102.0,grass
fire_01813,122.0,7110.0,229.0,214.0,0.0,2110.0,112.0,grass_shrub
fire_01814,122.0,9810.0,333.0,302.0,0.0,2275.0,123.0,grass_shrub
fire_01815,99.0,7295.0,32.0,32.0,0.0,32.0,32.0,nonburnable_or_other
fire_01816,122.0,7092.0,235.0,215.0,0.0,2092.0,113.0,grass_shrub
fire_01817,122.0,7110.0,226.0,218.0,0.0,2110.0,112.0,grass_shrub
fire_01818,93.0,7984.0,64.0,64.0,0.0,2964.0,64.0,nonburnable_or_other
fire_01819,102.0,9301.0,330.0,304.0,0.0,2270.0,123.0,grass
fire_01820,165.0,7030.0,153.0,125.0,55.0,2030.0,105.0,timber_understory
fire_01821,102.0,9301.0,332.0,303.0,0.0,2270.0,123.0,grass
fire_01822,121.0,9301.0,327.0,304.0,0.0,2270.0,122.0,grass_shrub
fire_01823,142.0,7087.0,219.0,208.0,0.0,2087.0,111.0,shrub
fire_01824,99.0,9062.0,31.0,31.0,0.0,31.0,31.0,nonburnable_or_other
fire_01825,186.0,7980.0,147.0,114.0,45.0,2960.0,104.0,timber_litter
fire_01826,102.0,9301.0,340.0,303.0,0.0,2270.0,124.0,grass
fire_01827,102.0,7967.0,366.0,304.0,0.0,2967.0,126.0,grass
fire_01828,91.0,7296.0,22.0,22.0,0.0,2902.0,22.0,nonburnable_or_other
fire_01829,93.0,7984.0,64.0,64.0,0.0,2964.0,64.0,nonburnable_or_other
fire_01830,102.0,9301.0,343.0,304.0,0.0,2270.0,124.0,grass
fire_01831,122.0,7092.0,230.0,216.0,0.0,2092.0,113.0,grass_shrub
fire_01832,102.0,9301.0,336.0,304.0,0.0,2270.0,123.0,grass
fire_01833,91.0,7299.0,25.0,25.0,0.0,2905.0,25.0,nonburnable_or_other
fire_01834,91.0,7299.0,25.0,25.0,0.0,2905.0,25.0,nonburnable_or_other
fire_01835,91.0,7299.0,25.0,25.0,0.0,2905.0,25.0,nonburnable_or_other
fire_01836,122.0,7092.0,223.0,225.0,0.0,2092.0,112.0,grass_shrub
fire_01837,102.0,9301.0,338.0,304.0,0.0,2270.0,123.0,grass
fire_01838,102.0,9301.0,339.0,304.0,0.0,2270.0,123.0,grass
fire_01839,122.0,7082.0,229.0,209.0,0.0,2082.0,112.0,grass_shrub
fire_01840,91.0,7299.0,25.0,25.0,0.0,2905.0,25.0,nonburnable_or_other
fire_01841,102.0,7987.0,329.0,304.0,0.0,2967.0,122.0,grass
fire_01842,91.0,7299.0,25.0,25.0,0.0,2905.0,25.0,nonburnable_or_other
fire_01843,142.0,7087.0,217.0,207.0,0.0,2087.0,111.0,shrub
fire_01844,186.0,7980.0,140.0,110.0,45.0,2960.0,104.0,timber_litter
fire_01845,99.0,7295.0,32.0,32.0,0.0,32.0,32.0,nonburnable_or_other
fire_01846,145.0,7110.0,238.0,213.0,0.0,2110.0,113.0,shrub
fire_01847,188.0,7151.0,151.0,114.0,55.0,2151.0,105.0,timber_litter
fire_01848,91.0,7299.0,25.0,25.0,0.0,2905.0,25.0,nonburnable_or_other
fire_01849,102.0,7980.0,117.0,106.0,15.0,2960.0,101.0,grass
fire_01850,102.0,9301.0,340.0,304.0,0.0,2270.0,124.0,grass
fire_01851,121.0,9301.0,314.0,303.0,0.0,2270.0,121.0,grass_shrub
fire_01852,103.0,9829.0,356.0,303.0,0.0,2280.0,125.0,grass
fire_01853,142.0,7110.0,224.0,212.0,0.0,2110.0,113.0,shrub
fire_01854,121.0,9310.0,226.0,210.0,0.0,2275.0,112.0,grass_shrub
fire_01855,102.0,9301.0,346.0,304.0,0.0,2270.0,124.0,grass
fire_01856,102.0,7980.0,116.0,107.0,15.0,2960.0,101.0,grass
fire_01857,102.0,7980.0,130.0,111.0,35.0,2960.0,103.0,grass
fire_01858,122.0,9810.0,357.0,302.0,0.0,2275.0,125.0,grass_shrub
fire_01859,99.0,9150.0,31.0,31.0,0.0,31.0,31.0,nonburnable_or_other
fire_01860,122.0,7087.0,220.0,206.0,0.0,2087.0,112.0,grass_shrub
fire_01861,122.0,9810.0,337.0,303.0,0.0,2275.0,123.0,grass_shrub
fire_01862,102.0,7129.0,339.0,304.0,0.0,2129.0,123.0,grass
fire_01863,91.0,7299.0,25.0,25.0,0.0,2905.0,25.0,nonburnable_or_other
fire_01864,122.0,9337.0,218.0,212.0,0.0,2270.0,111.0,grass_shrub
fire_01865,121.0,9301.0,325.0,303.0,0.0,2270.0,122.0,grass_shrub
fire_01866,91.0,7299.0,25.0,25.0,0.0,2905.0,25.0,nonburnable_or_other
fire_01867,142.0,9337.0,315.0,308.0,0.0,2270.0,112.0,shrub
fire_01868,186.0,7980.0,143.0,106.0,45.0,2960.0,104.0,timber_litter
fire_01869,101.0,9301.0,355.0,303.0,0.0,2270.0,125.0,grass
fire_01870,145.0,7110.0,236.0,222.0,0.0,2110.0,113.0,shrub
fire_01871,91.0,7297.0,23.0,23.0,0.0,2903.0,23.0,nonburnable_or_other
fire_01872,91.0,7299.0,25.0,25.0,0.0,2905.0,25.0,nonburnable_or_other
fire_01873,141.0,7087.0,219.0,204.0,0.0,2087.0,111.0,shrub
fire_01874,91.0,7296.0,22.0,22.0,0.0,2902.0,22.0,nonburnable_or_other
fire_01875,102.0,9301.0,342.0,304.0,0.0,2270.0,124.0,grass
fire_01876,141.0,7087.0,210.0,202.0,0.0,2087.0,111.0,shrub
fire_01877,91.0,7299.0,25.0,25.0,0.0,2905.0,25.0,nonburnable_or_other
fire_01878,102.0,7129.0,322.0,302.0,0.0,2129.0,122.0,grass
fire_01879,122.0,9337.0,215.0,207.0,0.0,2270.0,111.0,grass_shrub
fire_01880,122.0,7092.0,234.0,213.0,0.0,2092.0,113.0,grass_shrub
fire_01881,102.0,9301.0,335.0,304.0,0.0,2270.0,123.0,grass
fire_01882,93.0,7961.0,61.0,61.0,0.0,2961.0,61.0,nonburnable_or_other
fire_01883,102.0,7980.0,124.0,107.0,25.0,2960.0,102.0,grass
fire_01884,102.0,7129.0,331.0,304.0,0.0,2129.0,123.0,grass
fire_01885,122.0,7933.0,235.0,216.0,0.0,2912.0,113.0,grass_shrub
fire_01886,121.0,9310.0,220.0,205.0,0.0,2275.0,112.0,grass_shrub
fire_01887,122.0,9337.0,226.0,210.0,0.0,2270.0,112.0,grass_shrub
fire_01888,101.0,9829.0,335.0,303.0,0.0,2966.0,122.0,grass
fire_01889,102.0,9301.0,338.0,303.0,0.0,2270.0,123.0,grass
fire_01890,102.0,9301.0,338.0,304.0,0.0,2270.0,123.0,grass
fire_01891,91.0,7299.0,25.0,25.0,0.0,2905.0,25.0,nonburnable_or_other
fire_01892,91.0,7298.0,24.0,24.0,0.0,2904.0,24.0,nonburnable_or_other
fire_01893,102.0,7980.0,127.0,105.0,25.0,2960.0,102.0,grass
fire_01894,141.0,7087.0,210.0,204.0,0.0,2087.0,111.0,shrub
fire_01895,99.0,9110.0,100.0,100.0,0.0,2002.0,100.0,nonburnable_or_other
fire_01896,101.0,7913.0,16.0,16.0,0.0,2916.0,16.0,grass
fire_01897,102.0,7129.0,342.0,304.0,0.0,2129.0,124.0,grass
fire_01898,122.0,7092.0,230.0,210.0,0.0,2092.0,113.0,grass_shrub
fire_01899,102.0,9301.0,325.0,304.0,0.0,2270.0,123.0,grass
fire_01900,144.0,7105.0,218.0,214.0,0.0,2105.0,111.0,shrub
fire_01901,91.0,7299.0,25.0,25.0,0.0,2905.0,25.0,nonburnable_or_other
fire_01902,122.0,7082.0,214.0,205.0,0.0,2082.0,111.0,grass_shrub
fire_01903,122.0,7662.0,331.0,304.0,0.0,2662.0,123.0,grass_shrub
fire_01904,122.0,7662.0,355.0,303.0,0.0,2662.0,125.0,grass_shrub
fire_01905,98.0,7292.0,11.0,11.0,0.0,11.0,11.0,nonburnable_or_other
fire_01906,91.0,7299.0,25.0,25.0,0.0,2905.0,25.0,nonburnable_or_other
fire_01907,91.0,7299.0,25.0,25.0,0.0,2905.0,25.0,nonburnable_or_other
fire_01908,98.0,7292.0,11.0,11.0,0.0,11.0,11.0,nonburnable_or_other
fire_01909,142.0,7087.0,217.0,205.0,0.0,2087.0,111.0,shrub
fire_01910,122.0,7092.0,220.0,206.0,0.0,2092.0,112.0,grass_shrub
fire_01911,102.0,7986.0,321.0,302.0,0.0,2966.0,122.0,grass
fire_01912,122.0,7082.0,219.0,208.0,0.0,2082.0,111.0,grass_shrub
fire_01913,141.0,7087.0,211.0,203.0,0.0,2087.0,111.0,shrub
fire_01914,102.0,9301.0,334.0,302.0,0.0,2270.0,123.0,grass
fire_01915,102.0,9301.0,330.0,303.0,0.0,2270.0,111.0,grass
fire_01916,102.0,9301.0,353.0,303.0,0.0,2270.0,125.0,grass
fire_01917,101.0,7087.0,210.0,204.0,0.0,2087.0,111.0,grass
fire_01918,91.0,7296.0,22.0,22.0,0.0,2902.0,22.0,nonburnable_or_other
fire_01919,102.0,9309.0,340.0,302.0,0.0,2274.0,124.0,grass
fire_01920,102.0,7987.0,320.0,303.0,0.0,2967.0,122.0,grass
fire_01921,91.0,7296.0,22.0,22.0,0.0,2902.0,22.0,nonburnable_or_other
fire_01922,91.0,7299.0,25.0,25.0,0.0,2905.0,25.0,nonburnable_or_other
fire_01923,122.0,7662.0,342.0,304.0,0.0,2662.0,124.0,grass_shrub
fire_01924,144.0,7105.0,231.0,218.0,0.0,2105.0,113.0,shrub
fire_01925,182.0,7105.0,231.0,218.0,0.0,2030.0,104.0,timber_litter
fire_01926,91.0,7299.0,25.0,25.0,0.0,2905.0,25.0,nonburnable_or_other
fire_01927,122.0,9810.0,339.0,303.0,0.0,2275.0,123.0,grass_shrub
fire_01928,142.0,9810.0,335.0,303.0,0.0,2275.0,123.0,shrub
fire_01929,122.0,9337.0,219.0,211.0,0.0,2270.0,111.0,grass_shrub
fire_01930,122.0,7092.0,227.0,218.0,0.0,2092.0,112.0,grass_shrub
fire_01931,145.0,7105.0,,222.0,0.0,2105.0,115.0,shrub
fire_01932,122.0,7092.0,219.0,208.0,0.0,2092.0,111.0,grass_shrub
fire_01933,91.0,7296.0,22.0,22.0,0.0,2902.0,22.0,nonburnable_or_other
fire_01934,93.0,7984.0,64.0,64.0,0.0,2964.0,64.0,nonburnable_or_other
fire_01935,101.0,7913.0,16.0,16.0,0.0,2916.0,16.0,grass
fire_01936,186.0,7264.0,142.0,119.0,45.0,2264.0,104.0,timber_litter
fire_01937,142.0,7087.0,219.0,208.0,0.0,2087.0,111.0,shrub
fire_01938,142.0,7087.0,219.0,208.0,0.0,2087.0,111.0,shrub
fire_01939,91.0,7299.0,25.0,25.0,0.0,2905.0,25.0,nonburnable_or_other
fire_01940,102.0,7986.0,333.0,303.0,0.0,2966.0,123.0,grass
fire_01941,145.0,7105.0,254.0,219.0,0.0,2105.0,115.0,shrub
fire_01942,102.0,7980.0,127.0,114.0,25.0,2960.0,102.0,grass
fire_01943,102.0,9301.0,340.0,303.0,0.0,2131.0,124.0,grass
fire_01944,101.0,7662.0,355.0,303.0,0.0,2662.0,124.0,grass
fire_01945,102.0,9301.0,351.0,303.0,0.0,2270.0,125.0,grass
fire_01946,103.0,9829.0,356.0,304.0,0.0,2280.0,125.0,grass
fire_01947,102.0,9301.0,348.0,303.0,0.0,2270.0,124.0,grass
fire_01948,122.0,9337.0,218.0,211.0,0.0,2270.0,111.0,grass_shrub
fire_01949,102.0,7029.0,139.0,111.0,45.0,2029.0,104.0,grass
fire_01950,91.0,7297.0,23.0,23.0,0.0,2903.0,23.0,nonburnable_or_other
fire_01951,91.0,7299.0,25.0,25.0,0.0,2905.0,25.0,nonburnable_or_other
fire_01952,122.0,9829.0,339.0,303.0,0.0,2280.0,123.0,grass_shrub
fire_01953,93.0,7961.0,61.0,61.0,0.0,2961.0,61.0,nonburnable_or_other
fire_01954,165.0,7030.0,153.0,126.0,55.0,2030.0,105.0,timber_understory
fire_01955,188.0,7151.0,151.0,114.0,55.0,2151.0,105.0,timber_litter
fire_01956,98.0,7292.0,11.0,11.0,0.0,11.0,11.0,nonburnable_or_other
fire_01957,102.0,9301.0,357.0,303.0,0.0,2270.0,125.0,grass
fire_01958,99.0,9062.0,31.0,31.0,0.0,31.0,31.0,nonburnable_or_other
fire_01959,102.0,9301.0,340.0,304.0,0.0,2270.0,124.0,grass
fire_01960,102.0,9301.0,349.0,304.0,0.0,2270.0,124.0,grass
fire_01961,122.0,7092.0,227.0,221.0,0.0,2092.0,112.0,grass_shrub
fire_01962,102.0,9301.0,335.0,304.0,0.0,2270.0,123.0,grass
fire_01963,122.0,7933.0,223.0,205.0,0.0,2912.0,112.0,grass_shrub
fire_01964,102.0,9301.0,339.0,304.0,0.0,2270.0,123.0,grass
fire_01965,122.0,9337.0,235.0,215.0,0.0,2270.0,113.0,grass_shrub
fire_01966,91.0,7299.0,25.0,25.0,0.0,2905.0,25.0,nonburnable_or_other
fire_01967,91.0,7299.0,25.0,25.0,0.0,2905.0,25.0,nonburnable_or_other
fire_01968,101.0,9301.0,355.0,303.0,0.0,2270.0,124.0,grass
fire_01969,145.0,7105.0,226.0,215.0,0.0,2105.0,114.0,shrub
fire_01970,102.0,9301.0,340.0,304.0,0.0,2270.0,124.0,grass
fire_01971,122.0,9829.0,334.0,304.0,0.0,2280.0,123.0,grass_shrub
fire_01972,102.0,9301.0,336.0,304.0,0.0,2270.0,123.0,grass
fire_01973,101.0,9301.0,355.0,303.0,0.0,2270.0,124.0,grass
fire_01974,145.0,9301.0,340.0,303.0,0.0,2105.0,114.0,shrub
fire_01975,122.0,9337.0,215.0,211.0,0.0,2270.0,111.0,grass_shrub
fire_01976,165.0,7043.0,154.0,122.0,55.0,2043.0,105.0,timber_understory
fire_01977,144.0,7114.0,130.0,105.0,35.0,2114.0,103.0,shrub
fire_01978,102.0,7980.0,114.0,107.0,15.0,2960.0,101.0,grass
fire_01979,102.0,9301.0,330.0,302.0,0.0,2270.0,123.0,grass
fire_01980,102.0,7129.0,343.0,304.0,0.0,2129.0,124.0,grass
fire_01981,102.0,9301.0,330.0,304.0,0.0,2270.0,123.0,grass
fire_01982,99.0,9213.0,100.0,100.0,0.0,2002.0,100.0,nonburnable_or_other
fire_01983,122.0,9810.0,336.0,303.0,0.0,2275.0,123.0,grass_shrub
fire_01984,101.0,7126.0,218.0,204.0,0.0,2126.0,111.0,grass
fire_01985,91.0,7299.0,25.0,25.0,0.0,2905.0,25.0,nonburnable_or_other
fire_01986,91.0,7299.0,25.0,25.0,0.0,2905.0,25.0,nonburnable_or_other
fire_01987,102.0,9301.0,334.0,303.0,0.0,2270.0,123.0,grass
fire_01988,102.0,9301.0,364.0,303.0,0.0,2270.0,126.0,grass
fire_01989,122.0,7080.0,229.0,211.0,0.0,2080.0,112.0,grass_shrub
fire_01990,122.0,7662.0,357.0,303.0,0.0,2662.0,125.0,grass_shrub
fire_01991,102.0,9301.0,349.0,303.0,0.0,2270.0,124.0,grass
fire_01992,165.0,7028.0,158.0,122.0,55.0,2028.0,105.0,timber_understory
fire_01993,121.0,7105.0,222.0,214.0,15.0,2114.0,103.0,grass_shrub
fire_01994,121.0,9301.0,327.0,304.0,0.0,2270.0,122.0,grass_shrub
fire_01995,102.0,9301.0,355.0,303.0,0.0,2270.0,125.0,grass
fire_01996,93.0,7984.0,64.0,64.0,0.0,2964.0,64.0,nonburnable_or_other
fire_01997,102.0,7129.0,340.0,302.0,0.0,2129.0,124.0,grass
fire_01998,144.0,7105.0,231.0,217.0,0.0,2105.0,113.0,shrub
fire_01999,165.0,7030.0,144.0,127.0,45.0,2030.0,104.0,timber_understory
fire_02000,102.0,7082.0,222.0,204.0,0.0,2082.0,112.0,grass
fire_02001,122.0,7092.0,223.0,212.0,0.0,2092.0,112.0,grass_shrub
fire_02002,91.0,7296.0,22.0,22.0,0.0,2902.0,22.0,nonburnable_or_other
fire_02003,102.0,9301.0,339.0,304.0,0.0,2270.0,123.0,grass
fire_02004,144.0,7105.0,226.0,216.0,0.0,2105.0,114.0,shrub
fire_02005,145.0,7097.0,239.0,225.0,0.0,2097.0,113.0,shrub
fire_02006,102.0,7082.0,214.0,204.0,0.0,2082.0,111.0,grass
fire_02007,122.0,7092.0,220.0,208.0,0.0,2092.0,112.0,grass_shrub
fire_02008,121.0,7082.0,222.0,215.0,25.0,2019.0,102.0,grass_shrub
fire_02009,144.0,7080.0,232.0,209.0,0.0,2080.0,113.0,shrub
fire_02010,188.0,7043.0,137.0,111.0,55.0,2043.0,105.0,timber_litter
fire_02011,144.0,7114.0,132.0,116.0,35.0,2114.0,103.0,shrub
fire_02012,162.0,7265.0,143.0,128.0,45.0,2265.0,104.0,timber_understory
fire_02013,98.0,7668.0,355.0,303.0,0.0,2668.0,125.0,nonburnable_or_other
fire_02014,122.0,7092.0,224.0,206.0,0.0,2092.0,112.0,grass_shrub
fire_02015,144.0,7105.0,227.0,217.0,0.0,2105.0,112.0,shrub
fire_02016,122.0,7029.0,141.0,123.0,45.0,2029.0,104.0,grass_shrub
fire_02017,142.0,7087.0,216.0,205.0,0.0,2087.0,111.0,shrub
fire_02018,91.0,7299.0,25.0,25.0,0.0,2905.0,25.0,nonburnable_or_other
fire_02019,121.0,9301.0,327.0,303.0,0.0,2270.0,122.0,grass_shrub
fire_02020,122.0,7092.0,231.0,213.0,0.0,2092.0,113.0,grass_shrub
fire_02021,102.0,7980.0,136.0,107.0,35.0,2960.0,103.0,grass
fire_02022,102.0,9301.0,347.0,304.0,0.0,2270.0,124.0,grass
fire_02023,183.0,7098.0,226.0,216.0,0.0,2032.0,107.0,timber_litter
fire_02024,121.0,9301.0,322.0,304.0,0.0,2270.0,122.0,grass_shrub
fire_02025,91.0,7298.0,24.0,24.0,0.0,2904.0,24.0,nonburnable_or_other
fire_02026,101.0,9301.0,355.0,303.0,0.0,2270.0,124.0,grass
fire_02027,91.0,7299.0,25.0,25.0,0.0,2905.0,25.0,nonburnable_or_other
fire_02028,102.0,7980.0,130.0,110.0,35.0,2960.0,103.0,grass
fire_02029,144.0,7114.0,135.0,130.0,35.0,2114.0,103.0,shrub
fire_02030,93.0,7984.0,64.0,64.0,0.0,2964.0,64.0,nonburnable_or_other
fire_02031,122.0,7082.0,219.0,209.0,0.0,2082.0,111.0,grass_shrub
fire_02032,91.0,7299.0,25.0,25.0,0.0,2905.0,25.0,nonburnable_or_other
fire_02033,122.0,9337.0,235.0,213.0,0.0,2270.0,113.0,grass_shrub
fire_02034,102.0,9301.0,348.0,303.0,0.0,2270.0,124.0,grass
fire_02035,93.0,7988.0,68.0,68.0,0.0,2968.0,68.0,nonburnable_or_other
fire_02036,101.0,7913.0,16.0,16.0,0.0,2916.0,16.0,grass
fire_02037,144.0,7114.0,133.0,131.0,35.0,2114.0,103.0,shrub
fire_02038,91.0,7298.0,24.0,24.0,0.0,2904.0,24.0,nonburnable_or_other
fire_02039,121.0,9310.0,216.0,204.0,0.0,2275.0,111.0,grass_shrub
fire_02040,91.0,7299.0,25.0,25.0,0.0,2905.0,25.0,nonburnable_or_other
fire_02041,121.0,9301.0,326.0,302.0,0.0,2270.0,122.0,grass_shrub
fire_02042,122.0,9337.0,220.0,218.0,0.0,2270.0,112.0,grass_shrub
fire_02043,102.0,7129.0,338.0,304.0,0.0,2129.0,123.0,grass
fire_02044,144.0,7114.0,129.0,116.0,25.0,2114.0,102.0,shrub
fire_02045,122.0,9337.0,228.0,209.0,0.0,2270.0,112.0,grass_shrub
fire_02046,99.0,9062.0,100.0,100.0,0.0,2002.0,100.0,nonburnable_or_other
fire_02047,121.0,7097.0,355.0,303.0,0.0,2097.0,113.0,grass_shrub
fire_02048,122.0,7092.0,215.0,209.0,0.0,2092.0,111.0,grass_shrub
fire_02049,91.0,7298.0,24.0,24.0,0.0,2904.0,24.0,nonburnable_or_other
fire_02050,122.0,7265.0,134.0,124.0,35.0,2265.0,103.0,grass_shrub
fire_02051,186.0,7113.0,156.0,124.0,55.0,2113.0,105.0,timber_litter
fire_02052,181.0,7030.0,,203.0,0.0,2030.0,105.0,timber_litter
fire_02053,91.0,7299.0,25.0,25.0,0.0,2905.0,25.0,nonburnable_or_other
fire_02054,121.0,9310.0,214.0,204.0,0.0,2275.0,111.0,grass_shrub
fire_02055,91.0,7296.0,22.0,22.0,0.0,2902.0,22.0,nonburnable_or_other
fire_02056,91.0,7299.0,25.0,25.0,0.0,2905.0,25.0,nonburnable_or_other
fire_02057,122.0,7092.0,241.0,216.0,0.0,2092.0,114.0,grass_shrub
fire_02058,141.0,7087.0,212.0,203.0,0.0,2087.0,111.0,shrub
fire_02059,122.0,7014.0,130.0,110.0,35.0,2014.0,103.0,grass_shrub
fire_02060,122.0,7092.0,214.0,210.0,0.0,2092.0,111.0,grass_shrub
fire_02061,142.0,7080.0,222.0,214.0,0.0,2080.0,112.0,shrub
fire_02062,165.0,7028.0,132.0,118.0,35.0,2028.0,103.0,timber_understory
fire_02063,121.0,9301.0,322.0,305.0,0.0,2270.0,122.0,grass_shrub
fire_02064,102.0,9301.0,333.0,303.0,0.0,2967.0,123.0,grass
fire_02065,102.0,9301.0,346.0,304.0,0.0,2270.0,124.0,grass
fire_02066,165.0,7030.0,167.0,124.0,65.0,2030.0,106.0,timber_understory
fire_02067,91.0,7296.0,22.0,22.0,0.0,2902.0,22.0,nonburnable_or_other
fire_02068,102.0,9301.0,346.0,304.0,0.0,2270.0,124.0,grass
fire_02069,102.0,9301.0,339.0,304.0,0.0,2270.0,123.0,grass
fire_02070,101.0,9301.0,355.0,303.0,0.0,2270.0,123.0,grass
fire_02071,102.0,9301.0,338.0,304.0,0.0,2270.0,123.0,grass
fire_02072,91.0,7299.0,25.0,25.0,0.0,2905.0,25.0,nonburnable_or_other
fire_02073,122.0,7662.0,336.0,304.0,0.0,2662.0,123.0,grass_shrub
fire_02074,145.0,7110.0,232.0,212.0,0.0,2110.0,113.0,shrub
fire_02075,141.0,7110.0,234.0,219.0,0.0,2110.0,113.0,shrub
fire_02076,165.0,7043.0,165.0,120.0,65.0,2043.0,106.0,timber_understory
fire_02077,121.0,9301.0,323.0,303.0,0.0,2270.0,122.0,grass_shrub
fire_02078,122.0,7126.0,230.0,202.0,0.0,2126.0,113.0,grass_shrub
fire_02079,122.0,7264.0,135.0,122.0,35.0,2264.0,103.0,grass_shrub
fire_02080,121.0,9310.0,219.0,207.0,0.0,2275.0,111.0,grass_shrub
fire_02081,122.0,7118.0,128.0,115.0,25.0,2118.0,102.0,grass_shrub
fire_02082,102.0,9301.0,356.0,304.0,0.0,2270.0,125.0,grass
fire_02083,102.0,9301.0,334.0,304.0,0.0,2270.0,123.0,grass
fire_02084,93.0,7981.0,61.0,61.0,0.0,2961.0,61.0,nonburnable_or_other
fire_02085,122.0,9829.0,349.0,302.0,0.0,2280.0,124.0,grass_shrub
fire_02086,102.0,7129.0,327.0,303.0,0.0,2129.0,122.0,grass
fire_02087,99.0,9062.0,31.0,31.0,0.0,31.0,31.0,nonburnable_or_other
fire_02088,102.0,9301.0,340.0,304.0,0.0,2270.0,124.0,grass
fire_02089,101.0,7029.0,335.0,303.0,0.0,2029.0,103.0,grass
fire_02090,99.0,9213.0,100.0,100.0,0.0,2002.0,100.0,nonburnable_or_other
fire_02091,101.0,9810.0,335.0,303.0,0.0,2967.0,123.0,grass
fire_02092,101.0,9301.0,355.0,303.0,0.0,2270.0,123.0,grass
fire_02093,165.0,7028.0,137.0,117.0,35.0,2028.0,103.0,timber_understory
fire_02094,165.0,7027.0,135.0,117.0,35.0,2027.0,103.0,timber_understory
fire_02095,122.0,9011.0,332.0,304.0,0.0,2225.0,123.0,grass_shrub
fire_02096,102.0,7987.0,359.0,301.0,0.0,2967.0,125.0,grass
fire_02097,122.0,9829.0,339.0,303.0,0.0,2280.0,123.0,grass_shrub
fire_02098,102.0,9301.0,331.0,303.0,0.0,2270.0,123.0,grass
fire_02099,144.0,7105.0,242.0,206.0,0.0,2105.0,114.0,shrub
fire_02100,102.0,9828.0,373.0,304.0,0.0,2279.0,127.0,grass
fire_02101,188.0,7028.0,141.0,119.0,45.0,2028.0,104.0,timber_litter
fire_02102,182.0,9829.0,335.0,303.0,0.0,2280.0,122.0,timber_litter
fire_02103,91.0,7297.0,23.0,23.0,0.0,2903.0,23.0,nonburnable_or_other
fire_02104,102.0,7105.0,219.0,218.0,0.0,2105.0,111.0,grass
fire_02105,102.0,7129.0,331.0,303.0,0.0,2129.0,123.0,grass
fire_02106,102.0,7123.0,345.0,303.0,0.0,2123.0,124.0,grass
fire_02107,91.0,7299.0,25.0,25.0,0.0,2905.0,25.0,nonburnable_or_other
fire_02108,142.0,7043.0,155.0,118.0,35.0,2043.0,106.0,shrub
fire_02109,102.0,7082.0,220.0,204.0,0.0,2082.0,112.0,grass
fire_02110,165.0,7028.0,138.0,113.0,35.0,2028.0,103.0,timber_understory
fire_02111,122.0,7092.0,235.0,215.0,0.0,2092.0,113.0,grass_shrub
fire_02112,101.0,7913.0,16.0,16.0,0.0,2916.0,16.0,grass
fire_02113,102.0,9301.0,352.0,304.0,0.0,2270.0,125.0,grass
fire_02114,102.0,7980.0,130.0,111.0,35.0,2960.0,103.0,grass
fire_02115,122.0,7662.0,336.0,304.0,0.0,2662.0,123.0,grass_shrub
fire_02116,102.0,7934.0,339.0,303.0,0.0,2911.0,123.0,grass
fire_02117,161.0,9534.0,221.0,210.0,0.0,2155.0,112.0,timber_understory
fire_02118,91.0,7297.0,23.0,23.0,0.0,2903.0,23.0,nonburnable_or_other
fire_02119,121.0,7110.0,355.0,303.0,0.0,2110.0,113.0,grass_shrub
fire_02120,142.0,7110.0,234.0,215.0,0.0,2110.0,113.0,shrub
fire_02121,163.0,9302.0,149.0,137.0,45.0,2271.0,104.0,timber_understory
fire_02122,122.0,7029.0,143.0,125.0,45.0,2029.0,104.0,grass_shrub
fire_02123,121.0,7105.0,355.0,303.0,0.0,2105.0,113.0,grass_shrub
fire_02124,121.0,9301.0,323.0,303.0,0.0,2270.0,122.0,grass_shrub
fire_02125,122.0,7261.0,158.0,126.0,55.0,2261.0,105.0,grass_shrub
fire_02126,102.0,9301.0,331.0,305.0,0.0,2270.0,123.0,grass
fire_02127,102.0,9301.0,339.0,303.0,0.0,2270.0,123.0,grass
fire_02128,122.0,7092.0,230.0,208.0,0.0,2092.0,113.0,grass_shrub
fire_02129,122.0,7092.0,223.0,216.0,0.0,2092.0,112.0,grass_shrub
fire_02130,144.0,9301.0,336.0,302.0,0.0,2105.0,112.0,shrub
fire_02131,91.0,7299.0,25.0,25.0,0.0,2905.0,25.0,nonburnable_or_other
fire_02132,91.0,7297.0,23.0,23.0,0.0,2903.0,23.0,nonburnable_or_other
fire_02133,121.0,9301.0,327.0,303.0,0.0,2270.0,122.0,grass_shrub
fire_02134,165.0,7027.0,146.0,123.0,45.0,2027.0,104.0,timber_understory
fire_02135,122.0,7017.0,133.0,116.0,35.0,2017.0,103.0,grass_shrub
fire_02136,122.0,9337.0,228.0,209.0,0.0,2270.0,112.0,grass_shrub
fire_02137,101.0,7030.0,136.0,109.0,0.0,2114.0,106.0,grass
fire_02138,145.0,7097.0,240.0,220.0,0.0,2097.0,114.0,shrub
fire_02139,144.0,7114.0,136.0,126.0,35.0,2114.0,103.0,shrub
fire_02140,91.0,7296.0,22.0,22.0,0.0,2902.0,22.0,nonburnable_or_other
fire_02141,102.0,7987.0,360.0,304.0,0.0,2967.0,126.0,grass
fire_02142,122.0,7126.0,221.0,204.0,0.0,2126.0,112.0,grass_shrub
fire_02143,102.0,7105.0,225.0,210.0,0.0,2105.0,112.0,grass
fire_02144,145.0,7105.0,245.0,222.0,0.0,2105.0,114.0,shrub
fire_02145,102.0,7980.0,119.0,111.0,15.0,2960.0,101.0,grass
fire_02146,122.0,7110.0,229.0,207.0,0.0,2110.0,112.0,grass_shrub
fire_02147,183.0,7114.0,135.0,109.0,45.0,2915.0,15.0,timber_litter
fire_02148,102.0,9301.0,339.0,303.0,0.0,2270.0,123.0,grass
fire_02149,122.0,7114.0,125.0,108.0,35.0,2114.0,103.0,grass_shrub
fire_02150,93.0,7965.0,65.0,65.0,0.0,2965.0,65.0,nonburnable_or_other
fire_02151,122.0,7126.0,229.0,206.0,25.0,2019.0,102.0,grass_shrub
fire_02152,163.0,9302.0,138.0,113.0,35.0,2271.0,104.0,timber_understory
fire_02153,121.0,9301.0,325.0,304.0,0.0,2270.0,122.0,grass_shrub
fire_02154,102.0,9301.0,331.0,304.0,0.0,2270.0,123.0,grass
fire_02155,91.0,7299.0,25.0,25.0,0.0,2905.0,25.0,nonburnable_or_other
fire_02156,102.0,9301.0,340.0,302.0,0.0,2270.0,124.0,grass
fire_02157,142.0,7110.0,227.0,215.0,0.0,2110.0,113.0,shrub
fire_02158,122.0,7662.0,343.0,305.0,0.0,2662.0,124.0,grass_shrub
fire_02159,122.0,7110.0,229.0,206.0,0.0,2110.0,112.0,grass_shrub
fire_02160,102.0,7987.0,329.0,304.0,0.0,2967.0,122.0,grass
fire_02161,101.0,9301.0,355.0,303.0,0.0,2270.0,124.0,grass
fire_02162,91.0,7299.0,25.0,25.0,0.0,2905.0,25.0,nonburnable_or_other
fire_02163,91.0,7297.0,23.0,23.0,0.0,2903.0,23.0,nonburnable_or_other
fire_02164,102.0,9301.0,342.0,303.0,0.0,2270.0,124.0,grass
fire_02165,122.0,7029.0,147.0,126.0,45.0,2029.0,104.0,grass_shrub
fire_02166,91.0,7297.0,23.0,23.0,0.0,2903.0,23.0,nonburnable_or_other
fire_02167,102.0,9301.0,332.0,303.0,0.0,2270.0,123.0,grass
fire_02168,122.0,7092.0,224.0,217.0,0.0,2092.0,112.0,grass_shrub
fire_02169,121.0,7092.0,220.0,206.0,0.0,2092.0,112.0,grass_shrub
fire_02170,165.0,7030.0,146.0,129.0,45.0,2030.0,104.0,timber_understory
fire_02171,98.0,7292.0,11.0,11.0,0.0,11.0,11.0,nonburnable_or_other
fire_02172,91.0,7299.0,25.0,25.0,0.0,2905.0,25.0,nonburnable_or_other
fire_02173,144.0,7114.0,130.0,105.0,35.0,2114.0,103.0,shrub
fire_02174,91.0,7296.0,22.0,22.0,0.0,2902.0,22.0,nonburnable_or_other
fire_02175,142.0,7110.0,227.0,214.0,0.0,2110.0,113.0,shrub
fire_02176,102.0,7105.0,228.0,216.0,0.0,2270.0,125.0,grass
fire_02177,122.0,7264.0,137.0,130.0,35.0,2264.0,103.0,grass_shrub
fire_02178,102.0,7123.0,344.0,303.0,0.0,2123.0,124.0,grass
fire_02179,93.0,7981.0,61.0,61.0,0.0,2961.0,61.0,nonburnable_or_other
fire_02180,102.0,9301.0,355.0,303.0,0.0,2270.0,125.0,grass
fire_02181,91.0,7299.0,25.0,25.0,0.0,2905.0,25.0,nonburnable_or_other
fire_02182,161.0,7044.0,135.0,118.0,35.0,2044.0,104.0,timber_understory
fire_02183,102.0,9301.0,346.0,304.0,0.0,2270.0,124.0,grass
fire_02184,91.0,7296.0,22.0,22.0,0.0,2902.0,22.0,nonburnable_or_other
fire_02185,91.0,7299.0,25.0,25.0,0.0,2905.0,25.0,nonburnable_or_other
fire_02186,101.0,9301.0,355.0,303.0,0.0,2270.0,123.0,grass
fire_02187,122.0,7092.0,226.0,209.0,0.0,2092.0,112.0,grass_shrub
fire_02188,101.0,7082.0,355.0,303.0,0.0,2082.0,111.0,grass
fire_02189,188.0,9129.0,131.0,113.0,35.0,2152.0,103.0,timber_litter
fire_02190,122.0,7662.0,318.0,304.0,0.0,2662.0,121.0,grass_shrub
fire_02191,144.0,7098.0,231.0,211.0,0.0,2098.0,113.0,shrub
fire_02192,122.0,7092.0,244.0,213.0,0.0,2092.0,114.0,grass_shrub
fire_02193,145.0,7105.0,251.0,224.0,0.0,2105.0,115.0,shrub
fire_02194,101.0,9301.0,355.0,303.0,0.0,2270.0,124.0,grass
fire_02195,91.0,7299.0,25.0,25.0,0.0,2905.0,25.0,nonburnable_or_other
fire_02196,161.0,7033.0,121.0,109.0,25.0,2033.0,102.0,timber_understory
fire_02197,93.0,7984.0,64.0,64.0,0.0,2964.0,64.0,nonburnable_or_other
fire_02198,122.0,7029.0,125.0,118.0,35.0,2029.0,103.0,grass_shrub
fire_02199,188.0,7043.0,165.0,118.0,75.0,2043.0,107.0,timber_litter
fire_02200,102.0,9301.0,329.0,303.0,0.0,2270.0,124.0,grass
fire_02201,103.0,7105.0,216.0,208.0,0.0,2105.0,111.0,grass
fire_02202,121.0,7914.0,17.0,17.0,0.0,2917.0,17.0,grass_shrub
fire_02203,187.0,7098.0,227.0,213.0,45.0,2030.0,104.0,timber_litter
fire_02204,186.0,7105.0,235.0,219.0,45.0,2265.0,104.0,timber_litter
fire_02205,144.0,7105.0,239.0,218.0,0.0,2105.0,113.0,shrub
fire_02206,122.0,7092.0,219.0,206.0,0.0,2092.0,111.0,grass_shrub
fire_02207,122.0,7662.0,340.0,303.0,0.0,2662.0,124.0,grass_shrub
fire_02208,101.0,7082.0,355.0,303.0,0.0,2082.0,111.0,grass
fire_02209,91.0,7299.0,25.0,25.0,0.0,2905.0,25.0,nonburnable_or_other
fire_02210,122.0,7105.0,355.0,303.0,0.0,2105.0,112.0,grass_shrub
fire_02211,122.0,7092.0,232.0,218.0,0.0,2092.0,113.0,grass_shrub
fire_02212,165.0,7043.0,153.0,118.0,55.0,2043.0,105.0,timber_understory
fire_02213,121.0,9337.0,230.0,216.0,0.0,2270.0,113.0,grass_shrub
fire_02214,145.0,7110.0,236.0,207.0,0.0,2110.0,113.0,shrub
fire_02215,161.0,7028.0,145.0,138.0,25.0,2028.0,105.0,timber_understory
fire_02216,91.0,7297.0,23.0,23.0,0.0,2903.0,23.0,nonburnable_or_other
fire_02217,102.0,9301.0,330.0,304.0,0.0,2270.0,123.0,grass
fire_02218,122.0,9810.0,366.0,304.0,0.0,2275.0,126.0,grass_shrub
fire_02219,144.0,7114.0,132.0,134.0,35.0,2114.0,103.0,shrub
fire_02220,102.0,9301.0,338.0,304.0,0.0,2270.0,123.0,grass
fire_02221,102.0,7082.0,216.0,204.0,0.0,2082.0,111.0,grass
fire_02222,122.0,9337.0,221.0,209.0,0.0,2270.0,112.0,grass_shrub
fire_02223,123.0,7113.0,148.0,130.0,45.0,2113.0,104.0,grass_shrub
fire_02224,122.0,9337.0,236.0,212.0,0.0,2270.0,113.0,grass_shrub
fire_02225,91.0,7299.0,25.0,25.0,0.0,2905.0,25.0,nonburnable_or_other
fire_02226,122.0,9829.0,348.0,303.0,0.0,2280.0,124.0,grass_shrub
fire_02227,144.0,7105.0,234.0,221.0,0.0,2105.0,113.0,shrub
fire_02228,91.0,7299.0,25.0,25.0,0.0,2905.0,25.0,nonburnable_or_other
fire_02229,91.0,7298.0,24.0,24.0,0.0,2904.0,24.0,nonburnable_or_other
fire_02230,102.0,9301.0,351.0,304.0,0.0,2270.0,125.0,grass
fire_02231,102.0,9301.0,339.0,304.0,0.0,2270.0,123.0,grass
fire_02232,91.0,7299.0,25.0,25.0,0.0,2905.0,25.0,nonburnable_or_other
fire_02233,102.0,9301.0,330.0,304.0,0.0,2270.0,123.0,grass
fire_02234,102.0,9301.0,349.0,304.0,0.0,2270.0,124.0,grass
fire_02235,91.0,7296.0,22.0,22.0,0.0,2902.0,22.0,nonburnable_or_other
fire_02236,145.0,7105.0,241.0,214.0,0.0,2105.0,114.0,shrub
fire_02237,93.0,7984.0,64.0,64.0,0.0,2964.0,64.0,nonburnable_or_other
fire_02238,121.0,7108.0,234.0,216.0,0.0,2108.0,113.0,grass_shrub
fire_02239,101.0,7903.0,16.0,16.0,0.0,2916.0,16.0,grass
fire_02240,122.0,7092.0,221.0,207.0,0.0,2092.0,112.0,grass_shrub
fire_02241,122.0,7092.0,225.0,216.0,0.0,2092.0,112.0,grass_shrub
fire_02242,102.0,7987.0,342.0,304.0,0.0,2967.0,124.0,grass
fire_02243,102.0,9301.0,357.0,304.0,0.0,2270.0,125.0,grass
fire_02244,102.0,9301.0,330.0,302.0,0.0,2270.0,123.0,grass
fire_02245,141.0,7110.0,239.0,221.0,0.0,2110.0,115.0,shrub
fire_02246,101.0,9301.0,335.0,302.0,0.0,2110.0,111.0,grass
fire_02247,102.0,9301.0,339.0,304.0,0.0,2270.0,123.0,grass
fire_02248,122.0,7092.0,222.0,217.0,0.0,2092.0,112.0,grass_shrub
fire_02249,102.0,7980.0,120.0,105.0,25.0,2960.0,102.0,grass
fire_02250,142.0,7019.0,123.0,105.0,25.0,2019.0,102.0,shrub
fire_02251,141.0,7087.0,216.0,204.0,0.0,2087.0,111.0,shrub
fire_02252,145.0,7110.0,244.0,222.0,0.0,2110.0,114.0,shrub
fire_02253,161.0,7044.0,143.0,116.0,45.0,2044.0,104.0,timber_understory
fire_02254,91.0,7299.0,25.0,25.0,0.0,2905.0,25.0,nonburnable_or_other
fire_02255,121.0,7914.0,17.0,17.0,0.0,2917.0,17.0,grass_shrub
fire_02256,93.0,7985.0,65.0,65.0,0.0,2965.0,65.0,nonburnable_or_other
fire_02257,102.0,9301.0,347.0,304.0,0.0,2270.0,124.0,grass
fire_02258,91.0,7299.0,25.0,25.0,0.0,2905.0,25.0,nonburnable_or_other
fire_02259,122.0,9337.0,214.0,208.0,0.0,2270.0,111.0,grass_shrub
fire_02260,122.0,7933.0,225.0,209.0,0.0,2912.0,112.0,grass_shrub
fire_02261,123.0,7113.0,147.0,131.0,45.0,2113.0,104.0,grass_shrub
fire_02262,102.0,7960.0,128.0,119.0,25.0,2960.0,102.0,grass
fire_02263,122.0,7261.0,150.0,123.0,55.0,2261.0,105.0,grass_shrub
fire_02264,122.0,9301.0,351.0,305.0,0.0,2270.0,111.0,grass_shrub
fire_02265,102.0,9301.0,353.0,304.0,0.0,2270.0,125.0,grass
fire_02266,102.0,9301.0,343.0,305.0,0.0,2270.0,124.0,grass
fire_02267,144.0,7114.0,136.0,116.0,35.0,2114.0,103.0,shrub
fire_02268,122.0,9337.0,228.0,209.0,0.0,2270.0,112.0,grass_shrub
fire_02269,102.0,7110.0,239.0,215.0,0.0,2129.0,125.0,grass
fire_02270,102.0,9301.0,337.0,303.0,0.0,2270.0,123.0,grass
fire_02271,102.0,9301.0,336.0,304.0,0.0,2270.0,123.0,grass
fire_02272,102.0,9301.0,355.0,304.0,0.0,2270.0,125.0,grass
fire_02273,122.0,7092.0,223.0,211.0,0.0,2092.0,112.0,grass_shrub
fire_02274,102.0,9301.0,340.0,304.0,0.0,2270.0,124.0,grass
fire_02275,144.0,7098.0,249.0,213.0,0.0,2098.0,114.0,shrub
fire_02276,102.0,9301.0,336.0,303.0,0.0,2270.0,114.0,grass
fire_02277,122.0,7092.0,220.0,207.0,0.0,2092.0,112.0,grass_shrub
fire_02278,102.0,7980.0,110.0,104.0,15.0,2960.0,101.0,grass
fire_02279,102.0,9301.0,347.0,304.0,0.0,2270.0,124.0,grass
fire_02280,101.0,9301.0,355.0,303.0,0.0,2270.0,126.0,grass
fire_02281,99.0,9151.0,31.0,31.0,0.0,31.0,31.0,nonburnable_or_other
fire_02282,122.0,7092.0,229.0,208.0,0.0,2092.0,112.0,grass_shrub
fire_02283,122.0,7092.0,222.0,211.0,0.0,2092.0,112.0,grass_shrub
fire_02284,122.0,9337.0,232.0,215.0,0.0,2270.0,113.0,grass_shrub
fire_02285,102.0,9301.0,334.0,303.0,0.0,2270.0,123.0,grass
fire_02286,121.0,7914.0,17.0,17.0,0.0,2917.0,17.0,grass_shrub
fire_02287,121.0,7098.0,241.0,219.0,15.0,2261.0,106.0,grass_shrub
fire_02288,165.0,7014.0,147.0,122.0,45.0,2014.0,104.0,timber_understory
fire_02289,102.0,9301.0,334.0,304.0,0.0,2270.0,123.0,grass
fire_02290,91.0,7299.0,25.0,25.0,0.0,2905.0,25.0,nonburnable_or_other
fire_02291,122.0,7118.0,142.0,124.0,45.0,2118.0,104.0,grass_shrub
fire_02292,122.0,7261.0,158.0,115.0,55.0,2261.0,105.0,grass_shrub
fire_02293,102.0,9301.0,334.0,303.0,0.0,2270.0,123.0,grass
fire_02294,91.0,7299.0,25.0,25.0,0.0,2905.0,25.0,nonburnable_or_other
fire_02295,121.0,7110.0,355.0,303.0,0.0,2110.0,113.0,grass_shrub
fire_02296,181.0,7030.0,155.0,118.0,35.0,2030.0,106.0,timber_litter
fire_02297,186.0,7980.0,150.0,114.0,55.0,2960.0,105.0,timber_litter
fire_02298,91.0,7299.0,25.0,25.0,0.0,2905.0,25.0,nonburnable_or_other
fire_02299,145.0,7110.0,244.0,215.0,0.0,2110.0,114.0,shrub
fire_02300,91.0,7299.0,25.0,25.0,0.0,2905.0,25.0,nonburnable_or_other
fire_02301,102.0,9301.0,351.0,304.0,0.0,2270.0,125.0,grass
fire_02302,122.0,9810.0,339.0,303.0,0.0,2275.0,123.0,grass_shrub
fire_02303,99.0,9150.0,100.0,100.0,0.0,2004.0,100.0,nonburnable_or_other
fire_02304,102.0,9301.0,347.0,304.0,0.0,2270.0,124.0,grass
fire_02305,91.0,7299.0,25.0,25.0,0.0,2905.0,25.0,nonburnable_or_other
fire_02306,122.0,9810.0,331.0,302.0,0.0,2275.0,123.0,grass_shrub
fire_02307,102.0,7129.0,327.0,303.0,0.0,2129.0,122.0,grass
fire_02308,183.0,7105.0,230.0,215.0,15.0,2030.0,105.0,timber_litter
fire_02309,165.0,7030.0,146.0,129.0,45.0,2030.0,104.0,timber_understory
fire_02310,98.0,7668.0,355.0,304.0,0.0,2668.0,125.0,nonburnable_or_other
fire_02311,102.0,9301.0,357.0,303.0,0.0,2270.0,125.0,grass
fire_02312,186.0,7113.0,152.0,141.0,55.0,2113.0,105.0,timber_litter
fire_02313,102.0,7129.0,344.0,303.0,0.0,2129.0,124.0,grass
fire_02314,122.0,9829.0,340.0,304.0,0.0,2280.0,124.0,grass_shrub
fire_02315,122.0,7662.0,347.0,304.0,0.0,2662.0,124.0,grass_shrub
fire_02316,102.0,9301.0,344.0,304.0,0.0,2270.0,124.0,grass
fire_02317,122.0,7662.0,340.0,303.0,0.0,2662.0,124.0,grass_shrub
fire_02318,145.0,7105.0,245.0,222.0,0.0,2105.0,114.0,shrub
fire_02319,141.0,7087.0,210.0,204.0,0.0,2087.0,111.0,shrub
fire_02320,122.0,9337.0,219.0,209.0,0.0,2270.0,111.0,grass_shrub
fire_02321,122.0,7933.0,220.0,209.0,0.0,2912.0,112.0,grass_shrub
fire_02322,145.0,7097.0,258.0,224.0,0.0,2097.0,115.0,shrub
fire_02323,102.0,9301.0,338.0,303.0,0.0,2270.0,123.0,grass
fire_02324,165.0,7028.0,172.0,129.0,75.0,2028.0,107.0,timber_understory
fire_02325,91.0,7296.0,22.0,22.0,0.0,2902.0,22.0,nonburnable_or_other
fire_02326,122.0,7032.0,121.0,106.0,25.0,2032.0,102.0,grass_shrub
fire_02327,102.0,9301.0,355.0,302.0,0.0,2270.0,125.0,grass
fire_02328,165.0,7014.0,145.0,113.0,45.0,2014.0,104.0,timber_understory
fire_02329,102.0,9301.0,332.0,304.0,0.0,2270.0,123.0,grass
fire_02330,145.0,7105.0,248.0,217.0,0.0,2105.0,114.0,shrub
fire_02331,141.0,7087.0,217.0,203.0,0.0,2087.0,111.0,shrub
fire_02332,102.0,7980.0,126.0,105.0,25.0,2960.0,102.0,grass
fire_02333,102.0,7980.0,112.0,104.0,15.0,2960.0,101.0,grass
fire_02334,165.0,7027.0,171.0,118.0,75.0,2027.0,107.0,timber_understory
fire_02335,93.0,7984.0,64.0,64.0,0.0,2964.0,64.0,nonburnable_or_other
fire_02336,122.0,7080.0,228.0,211.0,0.0,2080.0,112.0,grass_shrub
fire_02337,189.0,7027.0,143.0,128.0,45.0,2027.0,104.0,timber_litter
fire_02338,102.0,9301.0,348.0,303.0,0.0,2270.0,124.0,grass
fire_02339,183.0,7901.0,14.0,14.0,45.0,2914.0,14.0,timber_litter
fire_02340,145.0,7097.0,234.0,218.0,0.0,2097.0,113.0,shrub
fire_02341,122.0,9011.0,351.0,303.0,0.0,2225.0,125.0,grass_shrub
fire_02342,145.0,7105.0,248.0,222.0,0.0,2105.0,114.0,shrub
fire_02343,122.0,7092.0,221.0,215.0,0.0,2092.0,112.0,grass_shrub
fire_02344,147.0,7043.0,147.0,129.0,45.0,2043.0,104.0,shrub
fire_02345,91.0,7299.0,25.0,25.0,0.0,2905.0,25.0,nonburnable_or_other
fire_02346,122.0,7092.0,231.0,211.0,0.0,2092.0,113.0,grass_shrub
fire_02347,122.0,7092.0,215.0,211.0,0.0,2092.0,111.0,grass_shrub
fire_02348,144.0,7114.0,125.0,122.0,25.0,2114.0,102.0,shrub
fire_02349,121.0,7114.0,135.0,109.0,35.0,2114.0,103.0,grass_shrub
fire_02350,91.0,7299.0,25.0,25.0,0.0,2905.0,25.0,nonburnable_or_other
fire_02351,91.0,7299.0,25.0,25.0,0.0,2905.0,25.0,nonburnable_or_other
fire_02352,91.0,7299.0,25.0,25.0,0.0,2905.0,25.0,nonburnable_or_other
fire_02353,91.0,7296.0,22.0,22.0,0.0,2902.0,22.0,nonburnable_or_other
fire_02354,102.0,7987.0,324.0,304.0,0.0,2967.0,122.0,grass
fire_02355,102.0,9301.0,349.0,303.0,0.0,2270.0,124.0,grass
fire_02356,186.0,7980.0,146.0,114.0,45.0,2960.0,104.0,timber_litter
fire_02357,122.0,7082.0,216.0,207.0,0.0,2082.0,111.0,grass_shrub
fire_02358,122.0,7092.0,224.0,213.0,0.0,2092.0,112.0,grass_shrub
fire_02359,93.0,7984.0,64.0,64.0,0.0,2964.0,64.0,nonburnable_or_other
fire_02360,102.0,9301.0,336.0,304.0,0.0,2270.0,123.0,grass
fire_02361,122.0,7092.0,221.0,219.0,0.0,2092.0,112.0,grass_shrub
fire_02362,102.0,9301.0,346.0,303.0,0.0,2270.0,124.0,grass
fire_02363,121.0,9301.0,322.0,303.0,0.0,2270.0,122.0,grass_shrub
fire_02364,144.0,7082.0,227.0,214.0,0.0,2105.0,118.0,shrub
fire_02365,144.0,7114.0,132.0,114.0,35.0,2114.0,103.0,shrub
fire_02366,162.0,9302.0,125.0,118.0,35.0,2271.0,103.0,timber_understory
fire_02367,91.0,7297.0,23.0,23.0,0.0,2903.0,23.0,nonburnable_or_other
fire_02368,121.0,7914.0,17.0,17.0,0.0,2917.0,17.0,grass_shrub
fire_02369,122.0,7662.0,356.0,304.0,0.0,2662.0,125.0,grass_shrub
fire_02370,122.0,9337.0,238.0,210.0,0.0,2270.0,113.0,grass_shrub
fire_02371,122.0,7092.0,233.0,223.0,0.0,2092.0,113.0,grass_shrub
fire_02372,101.0,7913.0,16.0,16.0,0.0,2916.0,16.0,grass
fire_02373,102.0,9301.0,361.0,303.0,0.0,2270.0,126.0,grass
fire_02374,102.0,7980.0,126.0,103.0,25.0,2960.0,102.0,grass
fire_02375,102.0,7960.0,129.0,117.0,25.0,2960.0,102.0,grass
fire_02376,122.0,7098.0,235.0,206.0,0.0,2098.0,113.0,grass_shrub
fire_02377,122.0,7092.0,222.0,206.0,0.0,2092.0,112.0,grass_shrub
fire_02378,186.0,7113.0,152.0,140.0,55.0,2113.0,105.0,timber_litter
fire_02379,91.0,7297.0,23.0,23.0,0.0,2903.0,23.0,nonburnable_or_other
fire_02380,122.0,7110.0,221.0,207.0,0.0,2110.0,112.0,grass_shrub
fire_02381,185.0,7020.0,138.0,111.0,25.0,2020.0,102.0,timber_litter
fire_02382,102.0,7129.0,329.0,304.0,0.0,2129.0,122.0,grass
fire_02383,99.0,7295.0,32.0,32.0,0.0,32.0,32.0,nonburnable_or_other
fire_02384,91.0,7299.0,25.0,25.0,0.0,2905.0,25.0,nonburnable_or_other
fire_02385,121.0,9301.0,327.0,303.0,0.0,2270.0,122.0,grass_shrub
fire_02386,144.0,7105.0,231.0,211.0,0.0,2105.0,113.0,shrub
fire_02387,102.0,9301.0,347.0,303.0,0.0,2270.0,124.0,grass
fire_02388,122.0,7092.0,234.0,213.0,0.0,2092.0,113.0,grass_shrub
fire_02389,142.0,7087.0,214.0,207.0,0.0,2087.0,111.0,shrub
fire_02390,102.0,7987.0,335.0,304.0,0.0,2967.0,123.0,grass
fire_02391,186.0,7264.0,143.0,138.0,45.0,2264.0,104.0,timber_litter
fire_02392,91.0,7297.0,23.0,23.0,0.0,2903.0,23.0,nonburnable_or_other
fire_02393,102.0,7980.0,123.0,109.0,25.0,2960.0,102.0,grass
fire_02394,122.0,7092.0,223.0,216.0,0.0,2092.0,112.0,grass_shrub
fire_02395,91.0,7297.0,23.0,23.0,0.0,2903.0,23.0,nonburnable_or_other
fire_02396,99.0,9062.0,31.0,31.0,0.0,31.0,31.0,nonburnable_or_other
fire_02397,122.0,7092.0,243.0,222.0,0.0,2092.0,114.0,grass_shrub
fire_02398,161.0,9534.0,240.0,213.0,0.0,2155.0,114.0,timber_understory
fire_02399,121.0,9301.0,321.0,303.0,0.0,2270.0,122.0,grass_shrub
fire_02400,91.0,7297.0,23.0,23.0,0.0,2903.0,23.0,nonburnable_or_other
fire_02401,102.0,9301.0,334.0,303.0,0.0,2270.0,123.0,grass
fire_02402,99.0,9062.0,31.0,31.0,0.0,31.0,31.0,nonburnable_or_other
fire_02403,122.0,9829.0,334.0,303.0,0.0,2280.0,123.0,grass_shrub
