gridmet_id,elevation,slope_degrees,aspect_degrees,northness,eastness
fire_00000,223.80414,2.0,246.0,-0.4067366430758001,-0.913545457642601
fire_00001,62.611248,1.0,80.0,0.17364817766693041,0.984807753012208
fire_00002,254.46841,5.0,246.0,-0.4067366430758001,-0.913545457642601
fire_00003,257.852,11.0,134.0,-0.6946583704589974,0.7193398003386511
fire_00004,395.88687,10.0,217.0,-0.7986355100472928,-0.6018150231520484
fire_00005,127.14908,0.0,233.0,-0.6018150231520483,-0.7986355100472928
fire_00006,604.9648,5.0,132.0,-0.6691306063588582,0.7431448254773942
fire_00007,22.501198,0.0,274.0,0.06975647374412522,-0.9975640502598243
fire_00008,148.76733,4.0,318.0,0.7431448254773942,-0.6691306063588581
fire_00009,383.70276,3.0,38.0,0.7880107536067219,0.6156614753256583
fire_00010,309.84625,2.0,74.0,0.27563735581699916,0.9612616959383189
fire_00011,377.89685,13.0,221.0,-0.7547095802227721,-0.656059028990507
fire_00012,40.019466,0.0,321.0,0.7771459614569706,-0.6293203910498378
fire_00013,423.75464,15.0,99.0,-0.1564344650402308,0.9876883405951378
fire_00014,133.95549,5.0,291.0,0.3583679495453004,-0.9335804264972017
fire_00015,378.6205,4.0,78.0,0.20791169081775945,0.9781476007338056
fire_00016,100.42059,3.0,285.0,0.2588190451025203,-0.9659258262890684
fire_00017,159.50978,1.0,18.0,0.9510565162951535,0.3090169943749474
fire_00018,29.226515,0.0,239.0,-0.5150380749100544,-0.8571673007021121
fire_00019,638.44073,3.0,353.0,0.9925461516413221,-0.12186934340514723
fire_00020,155.3788,4.0,11.0,0.981627183447664,0.1908089953765448
fire_00021,52.80946,1.0,253.0,-0.2923717047227371,-0.9563047559630353
fire_00022,308.45648,3.0,74.0,0.27563735581699916,0.9612616959383189
fire_00023,326.19083,2.0,237.0,-0.544639035015027,-0.8386705679454242
fire_00024,260.34518,5.0,102.0,-0.20791169081775934,0.9781476007338057
fire_00025,128.0517,6.0,28.0,0.882947592858927,0.4694715627858908
fire_00026,696.2889,6.0,201.0,-0.9335804264972017,-0.35836794954530043
fire_00027,370.3399,22.0,130.0,-0.6427876096865394,0.766044443118978
fire_00028,67.45242,1.0,216.0,-0.8090169943749475,-0.587785252292473
fire_00029,443.1575,3.0,261.0,-0.15643446504023104,-0.9876883405951377
fire_00030,590.5037,11.0,62.0,0.46947156278589086,0.8829475928589269
fire_00031,1384.344,27.0,97.0,-0.12186934340514737,0.9925461516413221
fire_00032,1588.4285,3.0,44.0,0.7193398003386512,0.6946583704589973
fire_00033,240.65424,6.0,359.0,0.9998476951563913,-0.01745240643728356
fire_00034,38.244946,1.0,261.0,-0.15643446504023104,-0.9876883405951377
fire_00035,918.49225,21.0,270.0,-1.8369701987210297e-16,-1.0
fire_00036,378.0759,2.0,287.0,0.2923717047227367,-0.9563047559630354
fire_00037,335.10065,9.0,93.0,-0.05233595624294384,0.9986295347545738
fire_00038,229.39378,3.0,156.0,-0.9135454576426008,0.40673664307580043
fire_00039,106.472404,1.0,65.0,0.42261826174069944,0.9063077870366499
fire_00040,2324.2112,37.0,77.0,0.22495105434386492,0.9743700647852352
fire_00041,919.4099,7.0,271.0,0.01745240643728313,-0.9998476951563913
fire_00042,381.61212,16.0,167.0,-0.9743700647852351,0.2249510543438652
fire_00043,100.08262,2.0,15.0,0.9659258262890683,0.25881904510252074
fire_00044,546.24445,6.0,41.0,0.754709580222772,0.6560590289905073
fire_00045,453.81302,5.0,80.0,0.17364817766693041,0.984807753012208
fire_00046,340.84802,3.0,190.0,-0.984807753012208,-0.17364817766693047
fire_00047,341.2723,5.0,128.0,-0.6156614753256583,0.788010753606722
fire_00048,372.40585,16.0,327.0,0.838670567945424,-0.544639035015027
fire_00049,1912.3102,3.0,348.0,0.9781476007338056,-0.20791169081775987
fire_00050,84.84517,0.0,96.0,-0.10452846326765355,0.9945218953682733
fire_00051,592.22205,9.0,227.0,-0.6819983600624986,-0.7313537016191705
fire_00052,1601.6255,7.0,75.0,0.25881904510252074,0.9659258262890683
fire_00053,523.12036,9.0,267.0,-0.052335956242944306,-0.9986295347545738
fire_00054,62.735558,1.0,319.0,0.7547095802227719,-0.6560590289905074
fire_00055,616.02106,5.0,92.0,-0.034899496702500955,0.9993908270190958
fire_00056,977.79193,3.0,233.0,-0.6018150231520483,-0.7986355100472928
fire_00057,609.9275,10.0,161.0,-0.9455185755993168,0.3255681544571566
fire_00058,1563.0847,1.0,283.0,0.22495105434386492,-0.9743700647852352
fire_00059,301.04004,6.0,295.0,0.4226182617406996,-0.9063077870366498
fire_00060,276.37173,1.0,171.0,-0.9876883405951377,0.15643446504023098
fire_00061,89.15217,1.0,69.0,0.3583679495453004,0.9335804264972017
fire_00062,892.68823,12.0,18.0,0.9510565162951535,0.3090169943749474
fire_00063,546.24445,6.0,41.0,0.754709580222772,0.6560590289905073
fire_00064,381.13284,1.0,281.0,0.1908089953765451,-0.9816271834476639
fire_00065,349.0719,7.0,246.0,-0.4067366430758001,-0.913545457642601
fire_00066,642.395,4.0,68.0,0.37460659341591196,0.9271838545667874
fire_00067,422.95218,9.0,268.0,-0.03489949670250076,-0.9993908270190958
fire_00068,816.9119,7.0,205.0,-0.90630778703665,-0.4226182617406993
fire_00069,402.28165,9.0,257.0,-0.22495105434386525,-0.9743700647852351
fire_00070,333.08505,11.0,233.0,-0.6018150231520483,-0.7986355100472928
fire_00071,82.005394,5.0,116.0,-0.4383711467890775,0.8987940462991669
fire_00072,294.49182,4.0,63.0,0.4539904997395468,0.8910065241883678
fire_00073,865.1607,4.0,307.0,0.6018150231520479,-0.798635510047293
fire_00074,255.40294,5.0,99.0,-0.1564344650402308,0.9876883405951378
fire_00075,337.9066,11.0,275.0,0.08715574274765789,-0.9961946980917455
fire_00076,646.8099,13.0,331.0,0.8746197071393959,-0.4848096202463369
fire_00077,919.3568,15.0,237.0,-0.544639035015027,-0.8386705679454242
fire_00078,326.43216,4.0,115.0,-0.42261826174069933,0.90630778703665
fire_00079,486.13672,5.0,267.0,-0.052335956242944306,-0.9986295347545738
fire_00080,972.85754,2.0,133.0,-0.6819983600624984,0.7313537016191706
fire_00081,2203.6682,11.0,121.0,-0.5150380749100543,0.8571673007021123
fire_00082,265.25333,3.0,136.0,-0.7193398003386513,0.6946583704589971
fire_00083,421.5281,6.0,100.0,-0.1736481776669303,0.984807753012208
fire_00084,589.1442,7.0,50.0,0.6427876096865394,0.766044443118978
fire_00085,191.63138,2.0,306.0,0.5877852522924729,-0.8090169943749476
fire_00086,1052.0995,20.0,268.0,-0.03489949670250076,-0.9993908270190958
fire_00087,66.70743,0.0,280.0,0.17364817766692997,-0.9848077530122081
fire_00088,557.3917,3.0,259.0,-0.1908089953765446,-0.981627183447664
fire_00089,184.24078,3.0,341.0,0.9455185755993168,-0.3255681544571567
fire_00090,120.728905,1.0,121.0,-0.5150380749100543,0.8571673007021123
fire_00091,76.014854,3.0,206.0,-0.8987940462991669,-0.43837114678907746
fire_00092,355.53497,15.0,174.0,-0.9945218953682733,0.10452846326765373
fire_00093,846.84326,8.0,59.0,0.5150380749100542,0.8571673007021123
fire_00094,719.8018,7.0,207.0,-0.8910065241883679,-0.45399049973954664
fire_00095,171.2974,3.0,215.0,-0.8191520442889918,-0.5735764363510462
fire_00096,162.12675,1.0,158.0,-0.9271838545667873,0.37460659341591224
fire_00097,1400.5885,17.0,355.0,0.9961946980917455,-0.08715574274765832
fire_00098,538.51733,10.0,231.0,-0.6293203910498378,-0.7771459614569706
fire_00099,229.72583,8.0,248.0,-0.3746065934159123,-0.9271838545667873
fire_00100,538.51733,10.0,231.0,-0.6293203910498378,-0.7771459614569706
fire_00101,1236.4216,1.0,113.0,-0.3907311284892738,0.9205048534524403
fire_00102,260.34518,5.0,102.0,-0.20791169081775934,0.9781476007338057
fire_00103,980.34467,22.0,240.0,-0.5000000000000004,-0.8660254037844385
fire_00104,304.14804,5.0,107.0,-0.29237170472273666,0.9563047559630355
fire_00105,421.30466,0.0,186.0,-0.9945218953682733,-0.1045284632676535
fire_00106,1765.1586,16.0,248.0,-0.3746065934159123,-0.9271838545667873
fire_00107,41.395687,6.0,162.0,-0.9510565162951535,0.3090169943749475
fire_00108,62.57406,0.0,259.0,-0.1908089953765446,-0.981627183447664
fire_00109,574.1556,6.0,21.0,0.9335804264972017,0.35836794954530027
fire_00110,207.65726,8.0,49.0,0.6560590289905073,0.754709580222772
fire_00111,1358.374,10.0,343.0,0.9563047559630353,-0.29237170472273716
fire_00112,551.7697,22.0,256.0,-0.24192189559966779,-0.9702957262759965
fire_00113,1114.5634,13.0,331.0,0.8746197071393959,-0.4848096202463369
fire_00114,1026.5188,13.0,281.0,0.1908089953765451,-0.9816271834476639
fire_00115,78.560486,3.0,46.0,0.6946583704589973,0.7193398003386512
fire_00116,149.73578,15.0,213.0,-0.838670567945424,-0.5446390350150271
fire_00117,1445.16,1.0,351.0,0.9876883405951377,-0.1564344650402311
fire_00118,439.5805,2.0,247.0,-0.3907311284892738,-0.9205048534524403
fire_00119,406.3786,7.0,268.0,-0.03489949670250076,-0.9993908270190958
fire_00120,1154.7098,32.0,187.0,-0.9925461516413221,-0.12186934340514731
fire_00121,854.2727,15.0,143.0,-0.7986355100472929,0.6018150231520482
fire_00122,1447.242,8.0,180.0,-1.0,1.2246467991473532e-16
fire_00123,521.806,24.0,334.0,0.8987940462991668,-0.4383711467890778
fire_00124,425.55844,3.0,76.0,0.24192189559966767,0.9702957262759965
fire_00125,925.9942,12.0,212.0,-0.8480480961564261,-0.5299192642332048
fire_00126,403.92993,16.0,118.0,-0.4694715627858909,0.8829475928589269
fire_00127,183.51744,3.0,342.0,0.9510565162951535,-0.3090169943749477
fire_00128,976.1134,13.0,246.0,-0.4067366430758001,-0.913545457642601
fire_00129,770.5447,4.0,291.0,0.3583679495453004,-0.9335804264972017
fire_00130,2349.369,7.0,128.0,-0.6156614753256583,0.788010753606722
fire_00131,1683.2048,13.0,139.0,-0.754709580222772,0.6560590289905073
fire_00132,195.50023,7.0,50.0,0.6427876096865394,0.766044443118978
fire_00133,128.92786,2.0,291.0,0.3583679495453004,-0.9335804264972017
fire_00134,265.82452,9.0,267.0,-0.052335956242944306,-0.9986295347545738
fire_00135,75.95132,6.0,243.0,-0.4539904997395469,-0.8910065241883678
fire_00136,366.6819,6.0,283.0,0.22495105434386492,-0.9743700647852352
fire_00137,636.89886,7.0,211.0,-0.8571673007021123,-0.5150380749100542
fire_00138,107.33227,0.0,52.0,0.6156614753256583,0.788010753606722
fire_00139,231.23735,9.0,259.0,-0.1908089953765446,-0.981627183447664
fire_00140,632.1133,13.0,9.0,0.9876883405951378,0.15643446504023087
fire_00141,691.5591,15.0,144.0,-0.8090169943749473,0.5877852522924732
fire_00142,955.2722,11.0,266.0,-0.06975647374412558,-0.9975640502598242
fire_00143,607.5994,9.0,213.0,-0.838670567945424,-0.5446390350150271
fire_00144,2152.6396,21.0,82.0,0.13917310096006547,0.9902680687415704
fire_00145,174.46751,4.0,90.0,6.123233995736766e-17,1.0
fire_00146,714.23694,14.0,315.0,0.7071067811865474,-0.7071067811865477
fire_00147,2266.4565,11.0,85.0,0.08715574274765814,0.9961946980917455
fire_00148,1517.8163,11.0,112.0,-0.37460659341591207,0.9271838545667874
fire_00149,314.29718,3.0,117.0,-0.45399049973954675,0.8910065241883679
fire_00150,1058.5598,6.0,182.0,-0.9993908270190958,-0.0348994967025009
fire_00151,1925.3137,14.0,291.0,0.3583679495453004,-0.9335804264972017
fire_00152,-58.17272,0.0,220.0,-0.766044443118978,-0.6427876096865393
fire_00153,295.949,6.0,32.0,0.848048096156426,0.5299192642332049
fire_00154,53.910484,0.0,253.0,-0.2923717047227371,-0.9563047559630353
fire_00155,55.902218,0.0,53.0,0.6018150231520484,0.7986355100472928
fire_00156,685.4171,5.0,28.0,0.882947592858927,0.4694715627858908
fire_00157,994.72797,12.0,253.0,-0.2923717047227371,-0.9563047559630353
fire_00158,382.3518,11.0,350.0,0.984807753012208,-0.1736481776669304
fire_00159,347.5754,10.0,74.0,0.27563735581699916,0.9612616959383189
fire_00160,1084.2172,12.0,162.0,-0.9510565162951535,0.3090169943749475
fire_00161,669.8857,8.0,240.0,-0.5000000000000004,-0.8660254037844385
fire_00162,348.58566,3.0,297.0,0.45399049973954664,-0.891006524188368
fire_00163,78.74416,0.0,95.0,-0.08715574274765824,0.9961946980917455
fire_00164,800.1256,6.0,308.0,0.6156614753256585,-0.7880107536067218
fire_00165,104.52597,4.0,58.0,0.5299192642332049,0.8480480961564261
fire_00166,416.53085,4.0,158.0,-0.9271838545667873,0.37460659341591224
fire_00167,697.3718,4.0,248.0,-0.3746065934159123,-0.9271838545667873
fire_00168,200.92897,1.0,14.0,0.9702957262759965,0.24192189559966773
fire_00169,594.5699,1.0,47.0,0.6819983600624985,0.7313537016191705
fire_00170,260.62164,2.0,14.0,0.9702957262759965,0.24192189559966773
fire_00171,413.81558,6.0,200.0,-0.9396926207859084,-0.34202014332566866
fire_00172,269.36548,2.0,293.0,0.3907311284892735,-0.9205048534524405
fire_00173,114.99583,0.0,182.0,-0.9993908270190958,-0.0348994967025009
fire_00174,56.615158,3.0,242.0,-0.46947156278589075,-0.882947592858927
fire_00175,212.3654,1.0,67.0,0.3907311284892737,0.9205048534524404
fire_00176,57.215977,0.0,69.0,0.3583679495453004,0.9335804264972017
fire_00177,230.50258,2.0,199.0,-0.9455185755993167,-0.32556815445715676
fire_00178,170.48271,1.0,40.0,0.766044443118978,0.6427876096865393
fire_00179,120.28564,3.0,126.0,-0.587785252292473,0.8090169943749475
fire_00180,272.36514,4.0,251.0,-0.32556815445715664,-0.9455185755993168
fire_00181,469.82312,6.0,247.0,-0.3907311284892738,-0.9205048534524403
fire_00182,299.50015,5.0,162.0,-0.9510565162951535,0.3090169943749475
fire_00183,555.19,2.0,189.0,-0.9876883405951378,-0.15643446504023073
fire_00184,748.73083,5.0,48.0,0.6691306063588582,0.7431448254773942
fire_00185,1105.3489,3.0,146.0,-0.8290375725550416,0.5591929034707469
fire_00186,604.4264,2.0,291.0,0.3583679495453004,-0.9335804264972017
fire_00187,721.5956,8.0,175.0,-0.9961946980917455,0.0871557427476582
fire_00188,115.91171,3.0,304.0,0.559192903470747,-0.8290375725550416
fire_00189,697.3718,4.0,248.0,-0.3746065934159123,-0.9271838545667873
fire_00190,787.63464,2.0,155.0,-0.9063077870366499,0.4226182617406995
fire_00191,225.26921,6.0,11.0,0.981627183447664,0.1908089953765448
fire_00192,-49.450043,1.0,250.0,-0.34202014332566855,-0.9396926207859084
fire_00193,261.85947,4.0,148.0,-0.848048096156426,0.5299192642332049
fire_00194,252.90062,7.0,62.0,0.46947156278589086,0.8829475928589269
fire_00195,869.58307,9.0,209.0,-0.8746197071393959,-0.48480962024633695
fire_00196,190.0401,1.0,272.0,0.03489949670250128,-0.9993908270190958
fire_00197,73.40768,1.0,247.0,-0.3907311284892738,-0.9205048534524403
fire_00198,59.151466,1.0,296.0,0.4383711467890774,-0.898794046299167
fire_00199,433.0629,7.0,141.0,-0.7771459614569709,0.6293203910498374
fire_00200,85.22614,0.0,196.0,-0.9612616959383189,-0.275637355816999
fire_00201,1366.2883,3.0,348.0,0.9781476007338056,-0.20791169081775987
fire_00202,564.11053,26.0,224.0,-0.7193398003386511,-0.6946583704589973
fire_00203,460.106,5.0,178.0,-0.9993908270190958,0.03489949670250114
fire_00204,800.1256,6.0,308.0,0.6156614753256585,-0.7880107536067218
fire_00205,201.165,3.0,313.0,0.6819983600624986,-0.7313537016191703
fire_00206,1300.2174,2.0,53.0,0.6018150231520484,0.7986355100472928
fire_00207,1185.977,8.0,220.0,-0.766044443118978,-0.6427876096865393
fire_00208,365.52524,3.0,147.0,-0.8386705679454239,0.5446390350150273
fire_00209,838.64166,6.0,219.0,-0.7771459614569708,-0.6293203910498376
fire_00210,48.63206,1.0,326.0,0.8290375725550418,-0.5591929034707466
fire_00211,798.27576,7.0,247.0,-0.3907311284892738,-0.9205048534524403
fire_00212,342.79938,9.0,352.0,0.9902680687415703,-0.13917310096006588
fire_00213,115.79665,1.0,269.0,-0.017452406437283498,-0.9998476951563913
fire_00214,813.826,8.0,337.0,0.9205048534524403,-0.3907311284892739
fire_00215,257.87305,4.0,236.0,-0.5591929034707466,-0.8290375725550418
fire_00216,461.83047,4.0,268.0,-0.03489949670250076,-0.9993908270190958
fire_00217,222.84573,2.0,155.0,-0.9063077870366499,0.4226182617406995
fire_00218,58.922062,0.0,90.0,6.123233995736766e-17,1.0
fire_00219,177.92023,6.0,231.0,-0.6293203910498378,-0.7771459614569706
fire_00220,331.792,4.0,259.0,-0.1908089953765446,-0.981627183447664
fire_00221,54.244423,0.0,80.0,0.17364817766693041,0.984807753012208
fire_00222,658.18396,12.0,193.0,-0.9743700647852352,-0.22495105434386498
fire_00223,322.01453,2.0,185.0,-0.9961946980917455,-0.08715574274765794
fire_00224,611.3195,4.0,207.0,-0.8910065241883679,-0.45399049973954664
fire_00225,68.42071,5.0,343.0,0.9563047559630353,-0.29237170472273716
fire_00226,980.98315,14.0,195.0,-0.9659258262890683,-0.2588190451025208
fire_00227,817.1385,8.0,294.0,0.40673664307579976,-0.9135454576426011
fire_00228,418.02368,7.0,315.0,0.7071067811865474,-0.7071067811865477
fire_00229,510.09955,8.0,204.0,-0.9135454576426009,-0.4067366430758002
fire_00230,857.9014,5.0,166.0,-0.9702957262759965,0.24192189559966773
fire_00231,557.50586,10.0,354.0,0.9945218953682733,-0.10452846326765342
fire_00232,97.41788,2.0,262.0,-0.13917310096006583,-0.9902680687415703
fire_00233,268.21878,2.0,124.0,-0.5591929034707467,0.8290375725550417
fire_00234,550.88715,6.0,249.0,-0.3583679495453007,-0.9335804264972016
fire_00235,505.6029,3.0,135.0,-0.7071067811865475,0.7071067811865476
fire_00236,807.79004,0.0,304.0,0.559192903470747,-0.8290375725550416
fire_00237,727.53577,6.0,298.0,0.4694715627858904,-0.8829475928589271
fire_00238,102.65565,0.0,306.0,0.5877852522924729,-0.8090169943749476
fire_00239,683.547,12.0,157.0,-0.9205048534524404,0.39073112848927377
fire_00240,477.7704,4.0,242.0,-0.46947156278589075,-0.882947592858927
fire_00241,892.87274,5.0,224.0,-0.7193398003386511,-0.6946583704589973
fire_00242,68.3677,2.0,258.0,-0.2079116908177598,-0.9781476007338056
fire_00243,2168.9663,15.0,95.0,-0.08715574274765824,0.9961946980917455
fire_00244,1603.541,10.0,277.0,0.12186934340514768,-0.992546151641322
fire_00245,90.91298,1.0,219.0,-0.7771459614569708,-0.6293203910498376
fire_00246,298.48706,19.0,252.0,-0.30901699437494756,-0.9510565162951535
fire_00247,194.97983,4.0,246.0,-0.4067366430758001,-0.913545457642601
fire_00248,33.705418,0.0,352.0,0.9902680687415703,-0.13917310096006588
fire_00249,706.5048,4.0,83.0,0.12186934340514749,0.992546151641322
fire_00250,117.919426,1.0,147.0,-0.8386705679454239,0.5446390350150273
fire_00251,458.0617,3.0,303.0,0.5446390350150266,-0.8386705679454243
fire_00252,974.682,4.0,246.0,-0.4067366430758001,-0.913545457642601
fire_00253,1477.8628,6.0,237.0,-0.544639035015027,-0.8386705679454242
fire_00254,455.41437,2.0,155.0,-0.9063077870366499,0.4226182617406995
fire_00255,581.7804,2.0,0.0,1.0,0.0
fire_00256,192.69106,2.0,250.0,-0.34202014332566855,-0.9396926207859084
fire_00257,443.70068,5.0,239.0,-0.5150380749100544,-0.8571673007021121
fire_00258,182.11983,2.0,74.0,0.27563735581699916,0.9612616959383189
fire_00259,602.97833,16.0,240.0,-0.5000000000000004,-0.8660254037844385
fire_00261,490.15244,8.0,88.0,0.03489949670250108,0.9993908270190958
fire_00262,194.9035,10.0,84.0,0.10452846326765346,0.9945218953682733
fire_00263,1338.0011,4.0,284.0,0.24192189559966742,-0.9702957262759966
fire_00264,623.37024,1.0,81.0,0.15643446504023092,0.9876883405951378
fire_00265,377.90738,5.0,2.0,0.9993908270190958,0.03489949670250097
fire_00266,330.68503,2.0,227.0,-0.6819983600624986,-0.7313537016191705
fire_00267,8.483569,8.0,181.0,-0.9998476951563913,-0.017452406437283637
fire_00268,234.93875,5.0,238.0,-0.529919264233205,-0.848048096156426
fire_00269,537.2816,4.0,283.0,0.22495105434386492,-0.9743700647852352
fire_00270,456.0801,6.0,172.0,-0.9902680687415704,0.13917310096006533
fire_00271,475.8452,5.0,217.0,-0.7986355100472928,-0.6018150231520484
fire_00272,499.49365,13.0,263.0,-0.12186934340514717,-0.9925461516413221
fire_00273,739.13715,8.0,237.0,-0.544639035015027,-0.8386705679454242
fire_00274,633.4243,2.0,194.0,-0.9702957262759965,-0.2419218955996675
fire_00275,533.0708,2.0,197.0,-0.9563047559630354,-0.29237170472273677
fire_00276,811.0706,2.0,7.0,0.992546151641322,0.12186934340514748
fire_00277,495.8164,3.0,174.0,-0.9945218953682733,0.10452846326765373
fire_00278,192.88628,4.0,242.0,-0.46947156278589075,-0.882947592858927
fire_00279,1004.48126,5.0,8.0,0.9902680687415704,0.13917310096006544
fire_00280,157.00711,4.0,238.0,-0.529919264233205,-0.848048096156426
fire_00281,224.4665,0.0,138.0,-0.7431448254773941,0.6691306063588583
fire_00282,93.55882,4.0,173.0,-0.992546151641322,0.12186934340514755
fire_00283,56.020966,3.0,317.0,0.7313537016191707,-0.6819983600624983
fire_00284,385.9047,2.0,167.0,-0.9743700647852351,0.2249510543438652
fire_00285,290.02008,3.0,182.0,-0.9993908270190958,-0.0348994967025009
fire_00286,883.3833,6.0,60.0,0.5000000000000001,0.8660254037844386
fire_00287,363.1755,5.0,352.0,0.9902680687415703,-0.13917310096006588
fire_00288,62.652,1.0,157.0,-0.9205048534524404,0.39073112848927377
fire_00289,172.71492,5.0,1.0,0.9998476951563913,0.01745240643728351
fire_00290,310.48953,4.0,297.0,0.45399049973954664,-0.891006524188368
fire_00291,52.378242,2.0,98.0,-0.13917310096006535,0.9902680687415704
fire_00292,226.45938,1.0,259.0,-0.1908089953765446,-0.981627183447664
fire_00293,188.9171,2.0,127.0,-0.6018150231520484,0.7986355100472927
fire_00294,371.0405,3.0,294.0,0.40673664307579976,-0.9135454576426011
fire_00295,109.00396,0.0,288.0,0.30901699437494723,-0.9510565162951536
fire_00296,629.258,1.0,189.0,-0.9876883405951378,-0.15643446504023073
fire_00297,460.13565,10.0,252.0,-0.30901699437494756,-0.9510565162951535
fire_00298,801.53253,12.0,346.0,0.9702957262759965,-0.24192189559966787
fire_00299,462.55237,14.0,237.0,-0.544639035015027,-0.8386705679454242
fire_00300,375.69534,2.0,204.0,-0.9135454576426009,-0.4067366430758002
fire_00301,246.46045,6.0,51.0,0.6293203910498375,0.7771459614569709
fire_00302,195.46727,2.0,35.0,0.8191520442889918,0.573576436351046
fire_00303,468.39313,14.0,30.0,0.8660254037844387,0.49999999999999994
fire_00304,1267.702,0.0,67.0,0.3907311284892737,0.9205048534524404
fire_00305,362.18536,20.0,316.0,0.7193398003386509,-0.6946583704589976
fire_00306,473.4277,2.0,7.0,0.992546151641322,0.12186934340514748
fire_00307,58.02672,4.0,306.0,0.5877852522924729,-0.8090169943749476
fire_00308,115.39172,2.0,203.0,-0.9205048534524404,-0.39073112848927355
fire_00309,265.54065,5.0,259.0,-0.1908089953765446,-0.981627183447664
fire_00310,497.1065,4.0,199.0,-0.9455185755993167,-0.32556815445715676
fire_00311,218.87082,0.0,82.0,0.13917310096006547,0.9902680687415704
fire_00312,736.29614,1.0,250.0,-0.34202014332566855,-0.9396926207859084
fire_00313,35.16805,0.0,235.0,-0.5735764363510464,-0.8191520442889916
fire_00314,1717.4391,13.0,180.0,-1.0,1.2246467991473532e-16
fire_00315,332.98938,4.0,161.0,-0.9455185755993168,0.3255681544571566
fire_00316,737.54315,13.0,344.0,0.9612616959383189,-0.27563735581699894
fire_00317,304.0499,2.0,246.0,-0.4067366430758001,-0.913545457642601
fire_00318,604.40265,9.0,272.0,0.03489949670250128,-0.9993908270190958
fire_00319,416.54297,14.0,321.0,0.7771459614569706,-0.6293203910498378
fire_00320,1276.2391,0.0,109.0,-0.32556815445715664,0.9455185755993168
fire_00321,191.43544,13.0,229.0,-0.6560590289905073,-0.754709580222772
fire_00322,210.38017,2.0,269.0,-0.017452406437283498,-0.9998476951563913
fire_00323,449.22882,2.0,269.0,-0.017452406437283498,-0.9998476951563913
fire_00324,618.4547,16.0,184.0,-0.9975640502598242,-0.06975647374412527
fire_00325,44.678455,2.0,304.0,0.559192903470747,-0.8290375725550416
fire_00326,475.60684,3.0,124.0,-0.5591929034707467,0.8290375725550417
fire_00327,46.444515,3.0,60.0,0.5000000000000001,0.8660254037844386
fire_00328,418.20203,11.0,229.0,-0.6560590289905073,-0.754709580222772
fire_00329,544.3457,8.0,273.0,0.052335956242943946,-0.9986295347545738
fire_00330,796.5917,8.0,300.0,0.5000000000000001,-0.8660254037844386
fire_00331,644.6928,2.0,124.0,-0.5591929034707467,0.8290375725550417
fire_00332,213.04213,4.0,137.0,-0.7313537016191705,0.6819983600624985
fire_00333,568.4878,8.0,255.0,-0.25881904510252063,-0.9659258262890683
fire_00334,1341.4614,1.0,67.0,0.3907311284892737,0.9205048534524404
fire_00335,503.64746,2.0,75.0,0.25881904510252074,0.9659258262890683
fire_00336,554.3396,12.0,276.0,0.10452846326765299,-0.9945218953682734
fire_00337,178.7021,5.0,54.0,0.5877852522924731,0.8090169943749475
fire_00338,1201.0703,11.0,266.0,-0.06975647374412558,-0.9975640502598242
fire_00339,952.8282,8.0,322.0,0.788010753606722,-0.6156614753256582
fire_00340,237.374,1.0,91.0,-0.017452406437283477,0.9998476951563913
fire_00341,473.5728,1.0,143.0,-0.7986355100472929,0.6018150231520482
fire_00342,943.92395,7.0,137.0,-0.7313537016191705,0.6819983600624985
fire_00343,244.8634,1.0,92.0,-0.034899496702500955,0.9993908270190958
fire_00344,526.1236,2.0,352.0,0.9902680687415703,-0.13917310096006588
fire_00345,1219.0887,11.0,193.0,-0.9743700647852352,-0.22495105434386498
fire_00346,489.14468,3.0,267.0,-0.052335956242944306,-0.9986295347545738
fire_00347,78.30841,2.0,256.0,-0.24192189559966779,-0.9702957262759965
fire_00348,299.40213,5.0,168.0,-0.9781476007338057,0.20791169081775931
fire_00349,1657.5176,11.0,255.0,-0.25881904510252063,-0.9659258262890683
fire_00350,402.98428,4.0,294.0,0.40673664307579976,-0.9135454576426011
fire_00351,103.605446,1.0,253.0,-0.2923717047227371,-0.9563047559630353
fire_00352,834.4692,4.0,193.0,-0.9743700647852352,-0.22495105434386498
fire_00353,728.67834,4.0,266.0,-0.06975647374412558,-0.9975640502598242
fire_00354,126.95438,5.0,249.0,-0.3583679495453007,-0.9335804264972016
fire_00355,62.735558,1.0,319.0,0.7547095802227719,-0.6560590289905074
fire_00356,232.99878,9.0,279.0,0.15643446504023067,-0.9876883405951378
fire_00357,346.58673,17.0,256.0,-0.24192189559966779,-0.9702957262759965
fire_00358,1475.7599,19.0,232.0,-0.6156614753256581,-0.7880107536067221
fire_00359,1097.3273,9.0,243.0,-0.4539904997395469,-0.8910065241883678
fire_00360,500.10886,10.0,202.0,-0.9271838545667874,-0.374606593415912
fire_00361,766.1605,2.0,310.0,0.6427876096865393,-0.7660444431189781
fire_00362,517.1644,4.0,235.0,-0.5735764363510464,-0.8191520442889916
fire_00363,50.63894,1.0,293.0,0.3907311284892735,-0.9205048534524405
fire_00364,53.96889,3.0,61.0,0.4848096202463371,0.8746197071393957
fire_00365,1022.714,9.0,35.0,0.8191520442889918,0.573576436351046
fire_00366,121.23239,1.0,139.0,-0.754709580222772,0.6560590289905073
fire_00367,694.11725,3.0,146.0,-0.8290375725550416,0.5591929034707469
fire_00368,338.34378,1.0,275.0,0.08715574274765789,-0.9961946980917455
fire_00369,249.89427,4.0,204.0,-0.9135454576426009,-0.4067366430758002
fire_00370,1425.5219,5.0,142.0,-0.7880107536067219,0.6156614753256584
fire_00371,154.73077,1.0,98.0,-0.13917310096006535,0.9902680687415704
fire_00372,754.8745,20.0,175.0,-0.9961946980917455,0.0871557427476582
fire_00373,112.06681,7.0,56.0,0.5591929034707468,0.8290375725550417
fire_00374,673.2253,20.0,202.0,-0.9271838545667874,-0.374606593415912
fire_00375,506.58893,9.0,96.0,-0.10452846326765355,0.9945218953682733
fire_00376,428.89404,9.0,9.0,0.9876883405951378,0.15643446504023087
fire_00377,470.55478,2.0,341.0,0.9455185755993168,-0.3255681544571567
fire_00378,579.6326,1.0,85.0,0.08715574274765814,0.9961946980917455
fire_00379,567.87415,13.0,248.0,-0.3746065934159123,-0.9271838545667873
fire_00380,885.0831,13.0,239.0,-0.5150380749100544,-0.8571673007021121
fire_00381,509.24298,4.0,113.0,-0.3907311284892738,0.9205048534524403
fire_00382,520.7667,8.0,110.0,-0.3420201433256687,0.9396926207859084
fire_00383,548.2623,5.0,249.0,-0.3583679495453007,-0.9335804264972016
fire_00384,526.19415,3.0,269.0,-0.017452406437283498,-0.9998476951563913
fire_00385,930.9262,10.0,133.0,-0.6819983600624984,0.7313537016191706
fire_00386,1659.8779,11.0,22.0,0.9271838545667874,0.374606593415912
fire_00387,1535.9529,1.0,138.0,-0.7431448254773941,0.6691306063588583
fire_00388,1706.5612,13.0,156.0,-0.9135454576426008,0.40673664307580043
fire_00389,1036.9095,9.0,271.0,0.01745240643728313,-0.9998476951563913
fire_00390,407.46817,3.0,178.0,-0.9993908270190958,0.03489949670250114
fire_00391,655.74664,2.0,255.0,-0.25881904510252063,-0.9659258262890683
fire_00392,579.8937,15.0,28.0,0.882947592858927,0.4694715627858908
fire_00393,202.77473,5.0,67.0,0.3907311284892737,0.9205048534524404
fire_00394,237.6208,2.0,5.0,0.9961946980917455,0.08715574274765817
fire_00395,229.46848,5.0,82.0,0.13917310096006547,0.9902680687415704
fire_00396,546.81616,10.0,348.0,0.9781476007338056,-0.20791169081775987
fire_00397,196.97919,3.0,331.0,0.8746197071393959,-0.4848096202463369
fire_00398,1482.7836,19.0,352.0,0.9902680687415703,-0.13917310096006588
fire_00399,393.7067,13.0,280.0,0.17364817766692997,-0.9848077530122081
fire_00400,423.8802,6.0,47.0,0.6819983600624985,0.7313537016191705
fire_00401,2254.0676,6.0,63.0,0.4539904997395468,0.8910065241883678
fire_00402,1516.0718,13.0,233.0,-0.6018150231520483,-0.7986355100472928
fire_00403,857.9014,5.0,166.0,-0.9702957262759965,0.24192189559966773
fire_00404,984.7526,8.0,255.0,-0.25881904510252063,-0.9659258262890683
fire_00405,652.19165,5.0,273.0,0.052335956242943946,-0.9986295347545738
fire_00406,109.07325,3.0,229.0,-0.6560590289905073,-0.754709580222772
fire_00407,1226.3174,14.0,260.0,-0.17364817766693033,-0.984807753012208
fire_00408,1223.0452,18.0,318.0,0.7431448254773942,-0.6691306063588581
fire_00409,2513.6064,23.0,155.0,-0.9063077870366499,0.4226182617406995
fire_00410,929.5562,6.0,156.0,-0.9135454576426008,0.40673664307580043
fire_00411,1284.5571,27.0,305.0,0.573576436351046,-0.8191520442889918
fire_00412,1736.7119,10.0,215.0,-0.8191520442889918,-0.5735764363510462
fire_00413,127.16807,2.0,206.0,-0.8987940462991669,-0.43837114678907746
fire_00414,340.76404,7.0,153.0,-0.8910065241883678,0.45399049973954686
fire_00415,1150.6324,11.0,109.0,-0.32556815445715664,0.9455185755993168
fire_00416,1726.5413,6.0,22.0,0.9271838545667874,0.374606593415912
fire_00417,332.00732,4.0,338.0,0.9271838545667873,-0.37460659341591235
fire_00418,551.69,11.0,315.0,0.7071067811865474,-0.7071067811865477
fire_00419,705.0419,7.0,276.0,0.10452846326765299,-0.9945218953682734
fire_00420,42.877613,3.0,91.0,-0.017452406437283477,0.9998476951563913
fire_00421,842.3717,8.0,54.0,0.5877852522924731,0.8090169943749475
fire_00422,431.92227,11.0,224.0,-0.7193398003386511,-0.6946583704589973
fire_00423,191.86662,15.0,276.0,0.10452846326765299,-0.9945218953682734
fire_00424,498.8155,5.0,347.0,0.9743700647852351,-0.22495105434386534
fire_00425,701.39874,23.0,209.0,-0.8746197071393959,-0.48480962024633695
fire_00426,767.8537,2.0,232.0,-0.6156614753256581,-0.7880107536067221
fire_00427,778.02655,5.0,156.0,-0.9135454576426008,0.40673664307580043
fire_00428,1460.6831,15.0,133.0,-0.6819983600624984,0.7313537016191706
fire_00429,1373.6367,0.0,58.0,0.5299192642332049,0.8480480961564261
fire_00430,1274.4471,3.0,180.0,-1.0,1.2246467991473532e-16
fire_00431,1865.9531,11.0,95.0,-0.08715574274765824,0.9961946980917455
fire_00432,1667.3962,13.0,262.0,-0.13917310096006583,-0.9902680687415703
fire_00433,579.1641,3.0,273.0,0.052335956242943946,-0.9986295347545738
fire_00434,1894.2081,15.0,292.0,0.37460659341591196,-0.9271838545667874
fire_00435,157.34459,2.0,70.0,0.3420201433256688,0.9396926207859083
fire_00436,730.1275,2.0,8.0,0.9902680687415704,0.13917310096006544
fire_00437,495.71045,18.0,47.0,0.6819983600624985,0.7313537016191705
fire_00438,478.38336,5.0,183.0,-0.9986295347545738,-0.052335956242943564
fire_00439,419.1128,5.0,186.0,-0.9945218953682733,-0.1045284632676535
fire_00440,2314.503,31.0,19.0,0.9455185755993168,0.3255681544571567
fire_00441,591.1859,6.0,193.0,-0.9743700647852352,-0.22495105434386498
fire_00442,2099.5637,3.0,186.0,-0.9945218953682733,-0.1045284632676535
fire_00443,613.27374,5.0,206.0,-0.8987940462991669,-0.43837114678907746
fire_00444,1218.0924,25.0,233.0,-0.6018150231520483,-0.7986355100472928
fire_00445,503.927,6.0,97.0,-0.12186934340514737,0.9925461516413221
fire_00446,889.2686,11.0,247.0,-0.3907311284892738,-0.9205048534524403
fire_00447,472.78995,4.0,233.0,-0.6018150231520483,-0.7986355100472928
fire_00448,603.4974,4.0,16.0,0.9612616959383189,0.27563735581699916
fire_00449,398.72403,4.0,277.0,0.12186934340514768,-0.992546151641322
fire_00450,604.10925,8.0,186.0,-0.9945218953682733,-0.1045284632676535
fire_00451,1093.7527,8.0,35.0,0.8191520442889918,0.573576436351046
fire_00452,154.75204,14.0,61.0,0.4848096202463371,0.8746197071393957
fire_00453,495.72272,7.0,184.0,-0.9975640502598242,-0.06975647374412527
fire_00454,1735.6113,2.0,167.0,-0.9743700647852351,0.2249510543438652
fire_00455,326.06992,4.0,152.0,-0.882947592858927,0.4694715627858907
fire_00456,1240.6467,29.0,89.0,0.0174524064372836,0.9998476951563913
fire_00457,664.18195,18.0,184.0,-0.9975640502598242,-0.06975647374412527
fire_00458,375.50507,2.0,52.0,0.6156614753256583,0.788010753606722
fire_00459,695.46924,9.0,208.0,-0.8829475928589269,-0.46947156278589086
fire_00460,317.38403,4.0,252.0,-0.30901699437494756,-0.9510565162951535
fire_00461,378.53082,8.0,214.0,-0.8290375725550417,-0.5591929034707467
fire_00462,2001.3744,7.0,95.0,-0.08715574274765824,0.9961946980917455
fire_00463,1682.0348,6.0,260.0,-0.17364817766693033,-0.984807753012208
fire_00464,824.0123,12.0,258.0,-0.2079116908177598,-0.9781476007338056
fire_00465,1367.6188,12.0,349.0,0.981627183447664,-0.19080899537654467
fire_00466,524.55347,10.0,100.0,-0.1736481776669303,0.984807753012208
fire_00467,1281.4945,22.0,209.0,-0.8746197071393959,-0.48480962024633695
fire_00468,597.31256,10.0,191.0,-0.981627183447664,-0.19080899537654472
fire_00469,43.578365,1.0,278.0,0.13917310096006547,-0.9902680687415704
fire_00470,1091.6327,17.0,151.0,-0.8746197071393957,0.48480962024633717
fire_00471,1176.9254,13.0,358.0,0.9993908270190958,-0.034899496702500823
fire_00472,202.12732,1.0,278.0,0.13917310096006547,-0.9902680687415704
fire_00473,129.2814,2.0,250.0,-0.34202014332566855,-0.9396926207859084
fire_00474,216.07744,10.0,103.0,-0.22495105434386503,0.9743700647852352
fire_00475,189.72499,4.0,158.0,-0.9271838545667873,0.37460659341591224
fire_00476,288.6903,4.0,136.0,-0.7193398003386513,0.6946583704589971
fire_00477,148.87372,1.0,113.0,-0.3907311284892738,0.9205048534524403
fire_00478,249.80797,2.0,151.0,-0.8746197071393957,0.48480962024633717
fire_00479,992.7481,1.0,110.0,-0.3420201433256687,0.9396926207859084
fire_00480,412.59653,14.0,286.0,0.2756373558169994,-0.9612616959383188
fire_00481,83.93181,2.0,111.0,-0.35836794954530027,0.9335804264972017
fire_00482,27.055649,0.0,256.0,-0.24192189559966779,-0.9702957262759965
fire_00483,102.72626,11.0,247.0,-0.3907311284892738,-0.9205048534524403
fire_00484,157.7319,9.0,257.0,-0.22495105434386525,-0.9743700647852351
fire_00485,243.80255,12.0,353.0,0.9925461516413221,-0.12186934340514723
fire_00486,2308.8076,21.0,286.0,0.2756373558169994,-0.9612616959383188
fire_00487,30.257359,3.0,219.0,-0.7771459614569708,-0.6293203910498376
fire_00488,901.249,6.0,0.0,1.0,0.0
fire_00489,514.9219,6.0,237.0,-0.544639035015027,-0.8386705679454242
fire_00490,48.549213,1.0,103.0,-0.22495105434386503,0.9743700647852352
fire_00491,571.48413,3.0,145.0,-0.8191520442889919,0.5735764363510459
fire_00492,101.49704,1.0,138.0,-0.7431448254773941,0.6691306063588583
fire_00493,492.69122,2.0,11.0,0.981627183447664,0.1908089953765448
fire_00494,283.08224,2.0,203.0,-0.9205048534524404,-0.39073112848927355
fire_00495,91.32235,9.0,232.0,-0.6156614753256581,-0.7880107536067221
fire_00496,142.48383,1.0,238.0,-0.529919264233205,-0.848048096156426
fire_00497,282.93042,16.0,218.0,-0.788010753606722,-0.6156614753256582
fire_00498,424.07242,3.0,331.0,0.8746197071393959,-0.4848096202463369
fire_00499,420.24176,7.0,158.0,-0.9271838545667873,0.37460659341591224
fire_00500,178.84499,6.0,177.0,-0.9986295347545738,0.05233595624294381
fire_00501,187.68994,9.0,232.0,-0.6156614753256581,-0.7880107536067221
fire_00502,322.36722,6.0,193.0,-0.9743700647852352,-0.22495105434386498
fire_00503,238.19925,3.0,259.0,-0.1908089953765446,-0.981627183447664
fire_00504,153.81557,3.0,302.0,0.5299192642332047,-0.8480480961564261
fire_00505,718.8068,4.0,243.0,-0.4539904997395469,-0.8910065241883678
fire_00506,304.90906,7.0,285.0,0.2588190451025203,-0.9659258262890684
fire_00507,839.542,2.0,206.0,-0.8987940462991669,-0.43837114678907746
fire_00508,13.538196,4.0,220.0,-0.766044443118978,-0.6427876096865393
fire_00509,493.06494,7.0,0.0,1.0,0.0
fire_00510,903.8907,9.0,65.0,0.42261826174069944,0.9063077870366499
fire_00511,481.70236,10.0,334.0,0.8987940462991668,-0.4383711467890778
fire_00512,645.9719,5.0,263.0,-0.12186934340514717,-0.9925461516413221
fire_00513,220.05461,13.0,323.0,0.7986355100472928,-0.6018150231520483
fire_00514,126.56302,3.0,203.0,-0.9205048534524404,-0.39073112848927355
fire_00515,1013.8012,9.0,89.0,0.0174524064372836,0.9998476951563913
fire_00516,361.70532,10.0,204.0,-0.9135454576426009,-0.4067366430758002
fire_00517,512.1403,3.0,157.0,-0.9205048534524404,0.39073112848927377
fire_00518,412.4088,9.0,241.0,-0.48480962024633684,-0.8746197071393959
fire_00519,448.9477,9.0,221.0,-0.7547095802227721,-0.656059028990507
fire_00520,1518.535,23.0,86.0,0.06975647374412523,0.9975640502598242
fire_00521,891.1164,16.0,259.0,-0.1908089953765446,-0.981627183447664
fire_00522,268.2065,12.0,342.0,0.9510565162951535,-0.3090169943749477
fire_00523,1203.1345,8.0,221.0,-0.7547095802227721,-0.656059028990507
fire_00524,493.09222,2.0,220.0,-0.766044443118978,-0.6427876096865393
fire_00525,1142.2435,15.0,179.0,-0.9998476951563913,0.01745240643728344
fire_00526,389.8463,4.0,175.0,-0.9961946980917455,0.0871557427476582
fire_00527,631.73505,3.0,152.0,-0.882947592858927,0.4694715627858907
fire_00528,441.38742,3.0,226.0,-0.6946583704589973,-0.7193398003386512
fire_00529,657.6766,7.0,257.0,-0.22495105434386525,-0.9743700647852351
fire_00530,414.9075,2.0,201.0,-0.9335804264972017,-0.35836794954530043
fire_00531,367.40894,10.0,43.0,0.7313537016191705,0.6819983600624985
fire_00532,353.7807,5.0,55.0,0.573576436351046,0.8191520442889918
fire_00533,1884.5933,8.0,231.0,-0.6293203910498378,-0.7771459614569706
fire_00534,390.42807,7.0,56.0,0.5591929034707468,0.8290375725550417
fire_00535,460.22162,13.0,246.0,-0.4067366430758001,-0.913545457642601
fire_00536,123.428116,5.0,272.0,0.03489949670250128,-0.9993908270190958
fire_00537,227.81316,3.0,266.0,-0.06975647374412558,-0.9975640502598242
fire_00538,514.2428,12.0,192.0,-0.9781476007338056,-0.2079116908177595
fire_00539,51.7479,0.0,6.0,0.9945218953682733,0.10452846326765347
fire_00540,381.4305,5.0,204.0,-0.9135454576426009,-0.4067366430758002
fire_00541,777.5904,15.0,180.0,-1.0,1.2246467991473532e-16
fire_00542,306.23236,10.0,127.0,-0.6018150231520484,0.7986355100472927
fire_00543,209.86827,1.0,356.0,0.9975640502598242,-0.06975647374412564
fire_00544,120.08433,1.0,172.0,-0.9902680687415704,0.13917310096006533
fire_00545,2171.9514,19.0,299.0,0.4848096202463373,-0.8746197071393956
fire_00546,143.09972,3.0,229.0,-0.6560590289905073,-0.754709580222772
fire_00547,215.84442,2.0,212.0,-0.8480480961564261,-0.5299192642332048
fire_00548,155.65295,11.0,72.0,0.30901699437494745,0.9510565162951535
fire_00549,715.2932,2.0,249.0,-0.3583679495453007,-0.9335804264972016
fire_00550,519.8025,7.0,59.0,0.5150380749100542,0.8571673007021123
fire_00551,1009.3566,3.0,275.0,0.08715574274765789,-0.9961946980917455
fire_00552,1440.4023,8.0,214.0,-0.8290375725550417,-0.5591929034707467
fire_00553,80.9609,4.0,124.0,-0.5591929034707467,0.8290375725550417
fire_00554,458.3215,2.0,115.0,-0.42261826174069933,0.90630778703665
fire_00555,761.576,6.0,12.0,0.9781476007338057,0.20791169081775934
fire_00556,365.41437,8.0,121.0,-0.5150380749100543,0.8571673007021123
fire_00557,381.4936,6.0,44.0,0.7193398003386512,0.6946583704589973
fire_00558,115.49688,4.0,285.0,0.2588190451025203,-0.9659258262890684
fire_00559,259.75177,1.0,19.0,0.9455185755993168,0.3255681544571567
fire_00560,1770.1603,9.0,323.0,0.7986355100472928,-0.6018150231520483
fire_00561,133.5748,2.0,47.0,0.6819983600624985,0.7313537016191705
fire_00562,410.48865,1.0,152.0,-0.882947592858927,0.4694715627858907
fire_00563,1350.6849,1.0,109.0,-0.32556815445715664,0.9455185755993168
fire_00564,151.45761,3.0,68.0,0.37460659341591196,0.9271838545667874
fire_00565,510.98883,5.0,246.0,-0.4067366430758001,-0.913545457642601
fire_00566,-9.377508,1.0,209.0,-0.8746197071393959,-0.48480962024633695
fire_00567,399.10977,12.0,205.0,-0.90630778703665,-0.4226182617406993
fire_00568,1039.7617,6.0,260.0,-0.17364817766693033,-0.984807753012208
fire_00569,399.5916,5.0,262.0,-0.13917310096006583,-0.9902680687415703
fire_00570,1537.6707,3.0,258.0,-0.2079116908177598,-0.9781476007338056
fire_00571,779.2068,3.0,256.0,-0.24192189559966779,-0.9702957262759965
fire_00572,533.1711,8.0,195.0,-0.9659258262890683,-0.2588190451025208
fire_00573,1765.4526,6.0,324.0,0.8090169943749473,-0.5877852522924734
fire_00574,301.2328,2.0,269.0,-0.017452406437283498,-0.9998476951563913
fire_00575,234.68304,10.0,197.0,-0.9563047559630354,-0.29237170472273677
fire_00576,86.119865,2.0,334.0,0.8987940462991668,-0.4383711467890778
fire_00577,121.5291,4.0,75.0,0.25881904510252074,0.9659258262890683
fire_00578,328.57693,2.0,274.0,0.06975647374412522,-0.9975640502598243
fire_00579,510.78705,2.0,53.0,0.6018150231520484,0.7986355100472928
fire_00580,1131.681,0.0,239.0,-0.5150380749100544,-0.8571673007021121
fire_00581,417.84302,4.0,261.0,-0.15643446504023104,-0.9876883405951377
fire_00582,220.9467,1.0,35.0,0.8191520442889918,0.573576436351046
fire_00583,121.60758,1.0,81.0,0.15643446504023092,0.9876883405951378
fire_00584,860.6867,7.0,139.0,-0.754709580222772,0.6560590289905073
fire_00585,85.39972,1.0,24.0,0.9135454576426009,0.4067366430758002
fire_00586,63.658073,5.0,290.0,0.342020143325669,-0.9396926207859083
fire_00587,241.9128,6.0,265.0,-0.08715574274765825,-0.9961946980917455
fire_00588,349.29248,7.0,215.0,-0.8191520442889918,-0.5735764363510462
fire_00589,595.0355,8.0,65.0,0.42261826174069944,0.9063077870366499
fire_00590,164.01663,3.0,294.0,0.40673664307579976,-0.9135454576426011
fire_00591,90.00981,10.0,34.0,0.8290375725550417,0.5591929034707469
fire_00592,-62.07271,0.0,123.0,-0.5446390350150271,0.838670567945424
fire_00593,280.96228,2.0,102.0,-0.20791169081775934,0.9781476007338057
fire_00594,54.963703,1.0,104.0,-0.24192189559966779,0.9702957262759965
fire_00595,214.88776,1.0,318.0,0.7431448254773942,-0.6691306063588581
fire_00596,81.27971,2.0,60.0,0.5000000000000001,0.8660254037844386
fire_00597,67.204155,1.0,76.0,0.24192189559966767,0.9702957262759965
fire_00598,873.0226,3.0,128.0,-0.6156614753256583,0.788010753606722
fire_00599,142.28192,1.0,81.0,0.15643446504023092,0.9876883405951378
fire_00600,78.72698,6.0,30.0,0.8660254037844387,0.49999999999999994
fire_00601,63.15157,3.0,110.0,-0.3420201433256687,0.9396926207859084
fire_00602,391.3123,3.0,285.0,0.2588190451025203,-0.9659258262890684
fire_00603,491.3892,5.0,196.0,-0.9612616959383189,-0.275637355816999
fire_00604,119.496475,2.0,87.0,0.052335956242943966,0.9986295347545738
fire_00605,226.61993,9.0,185.0,-0.9961946980917455,-0.08715574274765794
fire_00606,511.43695,5.0,104.0,-0.24192189559966779,0.9702957262759965
fire_00607,134.96832,2.0,314.0,0.6946583704589973,-0.7193398003386511
fire_00608,309.7922,6.0,170.0,-0.984807753012208,0.17364817766693028
fire_00609,908.0932,2.0,307.0,0.6018150231520479,-0.798635510047293
fire_00610,108.25826,4.0,271.0,0.01745240643728313,-0.9998476951563913
fire_00611,131.2846,2.0,222.0,-0.7431448254773942,-0.6691306063588582
fire_00612,1040.6797,16.0,197.0,-0.9563047559630354,-0.29237170472273677
fire_00613,903.0811,11.0,205.0,-0.90630778703665,-0.4226182617406993
fire_00614,579.4072,11.0,237.0,-0.544639035015027,-0.8386705679454242
fire_00615,615.0786,10.0,21.0,0.9335804264972017,0.35836794954530027
fire_00616,448.6755,13.0,264.0,-0.10452846326765336,-0.9945218953682734
fire_00617,624.4754,1.0,153.0,-0.8910065241883678,0.45399049973954686
fire_00618,4.823195,0.0,154.0,-0.898794046299167,0.4383711467890773
fire_00619,166.05267,4.0,13.0,0.9743700647852352,0.224951054343865
fire_00620,803.4122,2.0,213.0,-0.838670567945424,-0.5446390350150271
fire_00621,56.94703,1.0,215.0,-0.8191520442889918,-0.5735764363510462
fire_00622,94.592285,0.0,221.0,-0.7547095802227721,-0.656059028990507
fire_00623,145.67848,1.0,24.0,0.9135454576426009,0.4067366430758002
fire_00624,280.96228,2.0,102.0,-0.20791169081775934,0.9781476007338057
fire_00625,39.010254,5.0,171.0,-0.9876883405951377,0.15643446504023098
fire_00626,39.010254,5.0,171.0,-0.9876883405951377,0.15643446504023098
fire_00627,288.9074,1.0,274.0,0.06975647374412522,-0.9975640502598243
fire_00628,954.33026,14.0,223.0,-0.7313537016191706,-0.6819983600624984
fire_00629,234.5968,1.0,35.0,0.8191520442889918,0.573576436351046
fire_00630,219.68886,5.0,321.0,0.7771459614569706,-0.6293203910498378
fire_00631,167.50815,5.0,76.0,0.24192189559966767,0.9702957262759965
fire_00632,335.2586,3.0,229.0,-0.6560590289905073,-0.754709580222772
fire_00633,185.79344,3.0,345.0,0.9659258262890683,-0.2588190451025207
fire_00634,1012.9587,8.0,276.0,0.10452846326765299,-0.9945218953682734
fire_00635,105.504524,3.0,292.0,0.37460659341591196,-0.9271838545667874
fire_00636,285.29224,1.0,335.0,0.90630778703665,-0.4226182617406992
fire_00637,1239.1265,5.0,202.0,-0.9271838545667874,-0.374606593415912
fire_00638,100.053,1.0,251.0,-0.32556815445715664,-0.9455185755993168
fire_00639,204.55193,3.0,182.0,-0.9993908270190958,-0.0348994967025009
fire_00640,835.89856,7.0,246.0,-0.4067366430758001,-0.913545457642601
fire_00641,176.97389,9.0,176.0,-0.9975640502598242,0.06975647374412552
fire_00642,754.2523,2.0,298.0,0.4694715627858904,-0.8829475928589271
fire_00643,98.52343,7.0,249.0,-0.3583679495453007,-0.9335804264972016
fire_00644,174.55919,3.0,46.0,0.6946583704589973,0.7193398003386512
fire_00645,1685.0234,23.0,83.0,0.12186934340514749,0.992546151641322
fire_00646,234.47343,5.0,34.0,0.8290375725550417,0.5591929034707469
fire_00647,290.3636,13.0,30.0,0.8660254037844387,0.49999999999999994
fire_00648,526.6329,4.0,260.0,-0.17364817766693033,-0.984807753012208
fire_00649,237.56863,3.0,213.0,-0.838670567945424,-0.5446390350150271
fire_00650,397.6249,3.0,234.0,-0.5877852522924732,-0.8090169943749473
fire_00651,317.22098,3.0,8.0,0.9902680687415704,0.13917310096006544
fire_00652,288.8027,2.0,135.0,-0.7071067811865475,0.7071067811865476
fire_00653,192.99951,1.0,1.0,0.9998476951563913,0.01745240643728351
fire_00654,990.4106,8.0,4.0,0.9975640502598242,0.0697564737441253
fire_00655,88.033035,0.0,124.0,-0.5591929034707467,0.8290375725550417
fire_00656,115.93217,1.0,165.0,-0.9659258262890682,0.258819045102521
fire_00657,381.7746,3.0,141.0,-0.7771459614569709,0.6293203910498374
fire_00658,417.81824,8.0,284.0,0.24192189559966742,-0.9702957262759966
fire_00659,408.19055,1.0,89.0,0.0174524064372836,0.9998476951563913
fire_00660,866.046,8.0,212.0,-0.8480480961564261,-0.5299192642332048
fire_00661,152.52464,0.0,121.0,-0.5150380749100543,0.8571673007021123
fire_00662,336.51074,11.0,36.0,0.8090169943749475,0.5877852522924731
fire_00663,271.0795,5.0,78.0,0.20791169081775945,0.9781476007338056
fire_00664,204.44817,6.0,157.0,-0.9205048534524404,0.39073112848927377
fire_00665,224.87088,12.0,218.0,-0.788010753606722,-0.6156614753256582
fire_00666,84.453445,1.0,322.0,0.788010753606722,-0.6156614753256582
fire_00667,34.301083,0.0,186.0,-0.9945218953682733,-0.1045284632676535
fire_00668,635.866,8.0,197.0,-0.9563047559630354,-0.29237170472273677
fire_00669,145.6176,4.0,269.0,-0.017452406437283498,-0.9998476951563913
fire_00670,2564.139,14.0,164.0,-0.9612616959383189,0.2756373558169992
fire_00671,164.27173,3.0,281.0,0.1908089953765451,-0.9816271834476639
fire_00672,39.587135,0.0,226.0,-0.6946583704589973,-0.7193398003386512
fire_00673,160.29695,2.0,258.0,-0.2079116908177598,-0.9781476007338056
fire_00674,1245.2979,5.0,186.0,-0.9945218953682733,-0.1045284632676535
fire_00675,585.75745,9.0,181.0,-0.9998476951563913,-0.017452406437283637
fire_00676,51.644024,0.0,302.0,0.5299192642332047,-0.8480480961564261
fire_00677,85.33762,1.0,284.0,0.24192189559966742,-0.9702957262759966
fire_00678,117.657845,6.0,17.0,0.9563047559630354,0.29237170472273677
fire_00679,259.9049,3.0,267.0,-0.052335956242944306,-0.9986295347545738
fire_00680,1083.4545,14.0,209.0,-0.8746197071393959,-0.48480962024633695
fire_00681,102.98567,2.0,256.0,-0.24192189559966779,-0.9702957262759965
fire_00682,1163.8878,4.0,249.0,-0.3583679495453007,-0.9335804264972016
fire_00683,243.05676,3.0,45.0,0.7071067811865476,0.7071067811865476
fire_00684,802.86755,5.0,108.0,-0.30901699437494734,0.9510565162951536
fire_00685,970.50116,10.0,22.0,0.9271838545667874,0.374606593415912
fire_00686,670.61475,5.0,242.0,-0.46947156278589075,-0.882947592858927
fire_00687,212.24828,0.0,41.0,0.754709580222772,0.6560590289905073
fire_00688,444.77493,4.0,63.0,0.4539904997395468,0.8910065241883678
fire_00689,137.86836,2.0,269.0,-0.017452406437283498,-0.9998476951563913
fire_00690,650.87415,3.0,263.0,-0.12186934340514717,-0.9925461516413221
fire_00691,179.55328,1.0,216.0,-0.8090169943749475,-0.587785252292473
fire_00692,1445.5074,11.0,309.0,0.6293203910498375,-0.7771459614569708
fire_00693,1434.7765,13.0,88.0,0.03489949670250108,0.9993908270190958
fire_00694,74.15318,6.0,192.0,-0.9781476007338056,-0.2079116908177595
fire_00695,197.11859,13.0,244.0,-0.43837114678907774,-0.8987940462991668
fire_00696,112.66792,4.0,231.0,-0.6293203910498378,-0.7771459614569706
fire_00697,469.6949,2.0,182.0,-0.9993908270190958,-0.0348994967025009
fire_00698,573.03394,10.0,215.0,-0.8191520442889918,-0.5735764363510462
fire_00699,1032.8076,7.0,302.0,0.5299192642332047,-0.8480480961564261
fire_00700,272.83795,5.0,174.0,-0.9945218953682733,0.10452846326765373
fire_00701,67.25061,5.0,38.0,0.7880107536067219,0.6156614753256583
fire_00702,97.46757,4.0,50.0,0.6427876096865394,0.766044443118978
fire_00703,1359.263,8.0,164.0,-0.9612616959383189,0.2756373558169992
fire_00704,643.60333,3.0,17.0,0.9563047559630354,0.29237170472273677
fire_00705,1689.2219,9.0,87.0,0.052335956242943966,0.9986295347545738
fire_00706,159.72475,1.0,103.0,-0.22495105434386503,0.9743700647852352
fire_00707,228.44324,3.0,238.0,-0.529919264233205,-0.848048096156426
fire_00708,128.78195,2.0,63.0,0.4539904997395468,0.8910065241883678
fire_00709,1462.2675,6.0,138.0,-0.7431448254773941,0.6691306063588583
fire_00710,670.2049,6.0,193.0,-0.9743700647852352,-0.22495105434386498
fire_00711,318.09354,2.0,245.0,-0.42261826174069916,-0.9063077870366502
fire_00712,381.7746,3.0,141.0,-0.7771459614569709,0.6293203910498374
fire_00713,829.3577,10.0,168.0,-0.9781476007338057,0.20791169081775931
fire_00714,368.7441,2.0,62.0,0.46947156278589086,0.8829475928589269
fire_00715,1477.615,16.0,235.0,-0.5735764363510464,-0.8191520442889916
fire_00716,788.0801,2.0,343.0,0.9563047559630353,-0.29237170472273716
fire_00717,1217.847,5.0,261.0,-0.15643446504023104,-0.9876883405951377
fire_00718,49.158962,6.0,266.0,-0.06975647374412558,-0.9975640502598242
fire_00719,1311.6565,3.0,262.0,-0.13917310096006583,-0.9902680687415703
fire_00720,1158.3983,2.0,41.0,0.754709580222772,0.6560590289905073
fire_00721,280.56897,2.0,347.0,0.9743700647852351,-0.22495105434386534
fire_00722,134.09421,15.0,261.0,-0.15643446504023104,-0.9876883405951377
fire_00723,309.64227,8.0,330.0,0.8660254037844384,-0.5000000000000004
fire_00724,447.1652,15.0,183.0,-0.9986295347545738,-0.052335956242943564
fire_00725,832.4914,2.0,269.0,-0.017452406437283498,-0.9998476951563913
fire_00726,344.6924,5.0,193.0,-0.9743700647852352,-0.22495105434386498
fire_00727,62.52729,1.0,109.0,-0.32556815445715664,0.9455185755993168
fire_00728,332.54343,18.0,289.0,0.3255681544571563,-0.945518575599317
fire_00729,294.86392,3.0,126.0,-0.587785252292473,0.8090169943749475
fire_00730,612.03815,4.0,259.0,-0.1908089953765446,-0.981627183447664
fire_00731,392.59152,11.0,57.0,0.5446390350150271,0.838670567945424
fire_00732,839.7769,20.0,63.0,0.4539904997395468,0.8910065241883678
fire_00733,101.76132,3.0,184.0,-0.9975640502598242,-0.06975647374412527
fire_00734,505.5145,2.0,69.0,0.3583679495453004,0.9335804264972017
fire_00735,291.58365,7.0,106.0,-0.27563735581699905,0.9612616959383189
fire_00736,329.46432,5.0,50.0,0.6427876096865394,0.766044443118978
fire_00737,36.14426,7.0,240.0,-0.5000000000000004,-0.8660254037844385
fire_00738,362.13556,7.0,211.0,-0.8571673007021123,-0.5150380749100542
fire_00739,1653.2725,25.0,322.0,0.788010753606722,-0.6156614753256582
fire_00740,436.61502,7.0,227.0,-0.6819983600624986,-0.7313537016191705
fire_00741,562.8555,10.0,36.0,0.8090169943749475,0.5877852522924731
fire_00742,-47.853596,1.0,66.0,0.4067366430758002,0.9135454576426009
fire_00743,702.52673,13.0,73.0,0.29237170472273677,0.9563047559630354
fire_00744,832.4924,6.0,298.0,0.4694715627858904,-0.8829475928589271
fire_00745,1629.2401,7.0,100.0,-0.1736481776669303,0.984807753012208
fire_00746,82.06018,0.0,177.0,-0.9986295347545738,0.05233595624294381
fire_00747,242.87651,7.0,252.0,-0.30901699437494756,-0.9510565162951535
fire_00748,172.5859,5.0,351.0,0.9876883405951377,-0.1564344650402311
fire_00749,118.42147,2.0,46.0,0.6946583704589973,0.7193398003386512
fire_00750,184.90996,8.0,269.0,-0.017452406437283498,-0.9998476951563913
fire_00751,453.32288,13.0,15.0,0.9659258262890683,0.25881904510252074
fire_00752,1345.2487,14.0,14.0,0.9702957262759965,0.24192189559966773
fire_00753,533.16907,4.0,236.0,-0.5591929034707466,-0.8290375725550418
fire_00754,792.1371,9.0,170.0,-0.984807753012208,0.17364817766693028
fire_00755,653.19293,5.0,286.0,0.2756373558169994,-0.9612616959383188
fire_00756,286.87073,4.0,237.0,-0.544639035015027,-0.8386705679454242
fire_00757,388.4189,11.0,277.0,0.12186934340514768,-0.992546151641322
fire_00758,610.05804,4.0,103.0,-0.22495105434386503,0.9743700647852352
fire_00759,283.8467,17.0,250.0,-0.34202014332566855,-0.9396926207859084
fire_00760,333.98056,1.0,324.0,0.8090169943749473,-0.5877852522924734
fire_00761,2057.8262,3.0,144.0,-0.8090169943749473,0.5877852522924732
fire_00762,1376.2445,31.0,301.0,0.5150380749100542,-0.8571673007021123
fire_00763,1642.7358,12.0,238.0,-0.529919264233205,-0.848048096156426
fire_00764,2288.7559,2.0,0.0,1.0,0.0
fire_00765,410.56195,2.0,353.0,0.9925461516413221,-0.12186934340514723
fire_00766,147.10976,0.0,56.0,0.5591929034707468,0.8290375725550417
fire_00767,77.755745,3.0,101.0,-0.1908089953765448,0.981627183447664
fire_00768,187.80638,5.0,349.0,0.981627183447664,-0.19080899537654467
fire_00769,489.31982,7.0,209.0,-0.8746197071393959,-0.48480962024633695
fire_00770,959.28766,0.0,298.0,0.4694715627858904,-0.8829475928589271
fire_00771,203.43277,7.0,211.0,-0.8571673007021123,-0.5150380749100542
fire_00772,698.368,6.0,229.0,-0.6560590289905073,-0.754709580222772
fire_00773,500.59708,6.0,273.0,0.052335956242943946,-0.9986295347545738
fire_00774,450.2051,7.0,296.0,0.4383711467890774,-0.898794046299167
fire_00775,19.1858,0.0,277.0,0.12186934340514768,-0.992546151641322
fire_00776,429.1146,2.0,222.0,-0.7431448254773942,-0.6691306063588582
fire_00777,1101.8785,29.0,153.0,-0.8910065241883678,0.45399049973954686
fire_00778,328.41232,2.0,297.0,0.45399049973954664,-0.891006524188368
fire_00779,97.4381,1.0,275.0,0.08715574274765789,-0.9961946980917455
fire_00780,1069.7631,33.0,337.0,0.9205048534524403,-0.3907311284892739
fire_00781,180.2894,4.0,74.0,0.27563735581699916,0.9612616959383189
fire_00782,874.2522,5.0,269.0,-0.017452406437283498,-0.9998476951563913
fire_00783,367.5561,9.0,275.0,0.08715574274765789,-0.9961946980917455
fire_00784,720.35834,2.0,81.0,0.15643446504023092,0.9876883405951378
fire_00785,420.55966,9.0,21.0,0.9335804264972017,0.35836794954530027
fire_00786,954.08905,10.0,205.0,-0.90630778703665,-0.4226182617406993
fire_00787,39.446194,5.0,290.0,0.342020143325669,-0.9396926207859083
fire_00788,94.02308,6.0,114.0,-0.40673664307580026,0.9135454576426009
fire_00789,257.23798,8.0,46.0,0.6946583704589973,0.7193398003386512
fire_00790,199.71027,4.0,258.0,-0.2079116908177598,-0.9781476007338056
fire_00791,1399.0392,23.0,70.0,0.3420201433256688,0.9396926207859083
fire_00792,614.1142,5.0,282.0,0.20791169081775943,-0.9781476007338056
fire_00793,143.63292,5.0,128.0,-0.6156614753256583,0.788010753606722
fire_00794,348.4648,5.0,301.0,0.5150380749100542,-0.8571673007021123
fire_00795,1009.4031,6.0,318.0,0.7431448254773942,-0.6691306063588581
fire_00796,1349.5499,8.0,143.0,-0.7986355100472929,0.6018150231520482
fire_00797,138.86519,2.0,241.0,-0.48480962024633684,-0.8746197071393959
fire_00798,1149.5774,37.0,352.0,0.9902680687415703,-0.13917310096006588
fire_00799,724.8118,3.0,105.0,-0.25881904510252085,0.9659258262890683
fire_00800,416.76364,1.0,20.0,0.9396926207859084,0.3420201433256687
fire_00801,477.14603,3.0,74.0,0.27563735581699916,0.9612616959383189
fire_00802,143.1423,3.0,15.0,0.9659258262890683,0.25881904510252074
fire_00803,776.97833,4.0,209.0,-0.8746197071393959,-0.48480962024633695
fire_00804,978.2598,25.0,196.0,-0.9612616959383189,-0.275637355816999
fire_00805,390.42807,7.0,56.0,0.5591929034707468,0.8290375725550417
fire_00806,463.76904,1.0,215.0,-0.8191520442889918,-0.5735764363510462
fire_00807,484.31894,1.0,100.0,-0.1736481776669303,0.984807753012208
fire_00808,533.76996,9.0,221.0,-0.7547095802227721,-0.656059028990507
fire_00809,574.5454,5.0,230.0,-0.6427876096865395,-0.7660444431189779
fire_00810,1506.3854,2.0,276.0,0.10452846326765299,-0.9945218953682734
fire_00811,443.60938,9.0,230.0,-0.6427876096865395,-0.7660444431189779
fire_00812,378.9213,8.0,51.0,0.6293203910498375,0.7771459614569709
fire_00813,469.71832,3.0,276.0,0.10452846326765299,-0.9945218953682734
fire_00814,1451.3601,1.0,117.0,-0.45399049973954675,0.8910065241883679
fire_00815,525.55426,21.0,286.0,0.2756373558169994,-0.9612616959383188
fire_00816,265.25333,3.0,136.0,-0.7193398003386513,0.6946583704589971
fire_00817,231.12039,6.0,266.0,-0.06975647374412558,-0.9975640502598242
fire_00818,897.90405,21.0,84.0,0.10452846326765346,0.9945218953682733
fire_00819,2143.6016,5.0,355.0,0.9961946980917455,-0.08715574274765832
fire_00820,254.67642,5.0,261.0,-0.15643446504023104,-0.9876883405951377
fire_00821,182.87494,13.0,276.0,0.10452846326765299,-0.9945218953682734
fire_00822,766.39197,15.0,32.0,0.848048096156426,0.5299192642332049
fire_00823,573.0485,21.0,225.0,-0.7071067811865477,-0.7071067811865475
fire_00824,994.89575,5.0,197.0,-0.9563047559630354,-0.29237170472273677
fire_00825,359.48685,4.0,267.0,-0.052335956242944306,-0.9986295347545738
fire_00826,954.4909,9.0,247.0,-0.3907311284892738,-0.9205048534524403
fire_00827,1564.0145,3.0,346.0,0.9702957262759965,-0.24192189559966787
fire_00828,1655.6547,4.0,264.0,-0.10452846326765336,-0.9945218953682734
fire_00829,191.14511,3.0,152.0,-0.882947592858927,0.4694715627858907
fire_00830,298.48706,19.0,252.0,-0.30901699437494756,-0.9510565162951535
fire_00831,689.77814,16.0,289.0,0.3255681544571563,-0.945518575599317
fire_00832,775.9612,14.0,211.0,-0.8571673007021123,-0.5150380749100542
fire_00833,342.36298,5.0,61.0,0.4848096202463371,0.8746197071393957
fire_00834,656.21704,18.0,240.0,-0.5000000000000004,-0.8660254037844385
fire_00835,124.77083,2.0,246.0,-0.4067366430758001,-0.913545457642601
fire_00836,99.225105,3.0,249.0,-0.3583679495453007,-0.9335804264972016
fire_00837,755.17645,2.0,153.0,-0.8910065241883678,0.45399049973954686
fire_00838,36.370075,1.0,114.0,-0.40673664307580026,0.9135454576426009
fire_00839,701.49896,5.0,64.0,0.43837114678907746,0.898794046299167
fire_00840,294.45984,3.0,115.0,-0.42261826174069933,0.90630778703665
fire_00841,193.20476,2.0,209.0,-0.8746197071393959,-0.48480962024633695
fire_00842,1188.6454,11.0,115.0,-0.42261826174069933,0.90630778703665
fire_00843,384.25916,12.0,327.0,0.838670567945424,-0.544639035015027
fire_00844,174.99484,5.0,249.0,-0.3583679495453007,-0.9335804264972016
fire_00845,37.405525,1.0,262.0,-0.13917310096006583,-0.9902680687415703
fire_00846,90.337036,5.0,225.0,-0.7071067811865477,-0.7071067811865475
fire_00847,859.8986,19.0,244.0,-0.43837114678907774,-0.8987940462991668
fire_00848,527.16974,8.0,137.0,-0.7313537016191705,0.6819983600624985
fire_00849,150.80716,1.0,353.0,0.9925461516413221,-0.12186934340514723
fire_00850,1628.0585,1.0,335.0,0.90630778703665,-0.4226182617406992
fire_00851,32.769867,4.0,35.0,0.8191520442889918,0.573576436351046
fire_00852,137.17334,6.0,3.0,0.9986295347545738,0.052335956242943835
fire_00853,566.40424,8.0,348.0,0.9781476007338056,-0.20791169081775987
fire_00854,619.15106,8.0,149.0,-0.8571673007021122,0.5150380749100544
fire_00855,27.152735,6.0,250.0,-0.34202014332566855,-0.9396926207859084
fire_00856,605.6466,4.0,155.0,-0.9063077870366499,0.4226182617406995
fire_00857,257.6484,9.0,185.0,-0.9961946980917455,-0.08715574274765794
fire_00858,129.4983,11.0,338.0,0.9271838545667873,-0.37460659341591235
fire_00859,474.69693,7.0,247.0,-0.3907311284892738,-0.9205048534524403
fire_00860,169.92137,2.0,271.0,0.01745240643728313,-0.9998476951563913
fire_00861,972.3872,21.0,210.0,-0.8660254037844386,-0.5000000000000001
fire_00862,160.39436,1.0,107.0,-0.29237170472273666,0.9563047559630355
fire_00863,228.0535,1.0,116.0,-0.4383711467890775,0.8987940462991669
fire_00864,55.85109,0.0,235.0,-0.5735764363510464,-0.8191520442889916
fire_00865,340.5384,3.0,297.0,0.45399049973954664,-0.891006524188368
fire_00866,76.50578,1.0,229.0,-0.6560590289905073,-0.754709580222772
fire_00867,237.39458,3.0,3.0,0.9986295347545738,0.052335956242943835
fire_00868,66.576935,0.0,9.0,0.9876883405951378,0.15643446504023087
fire_00869,1216.45,6.0,288.0,0.30901699437494723,-0.9510565162951536
fire_00870,447.1652,15.0,183.0,-0.9986295347545738,-0.052335956242943564
fire_00871,-28.5933,0.0,143.0,-0.7986355100472929,0.6018150231520482
fire_00872,139.22966,1.0,143.0,-0.7986355100472929,0.6018150231520482
fire_00873,489.14468,3.0,267.0,-0.052335956242944306,-0.9986295347545738
fire_00874,594.5873,0.0,173.0,-0.992546151641322,0.12186934340514755
fire_00875,146.14919,3.0,247.0,-0.3907311284892738,-0.9205048534524403
fire_00876,85.37121,0.0,174.0,-0.9945218953682733,0.10452846326765373
fire_00877,286.05112,11.0,54.0,0.5877852522924731,0.8090169943749475
fire_00878,-50.826733,0.0,86.0,0.06975647374412523,0.9975640502598242
fire_00879,124.77724,5.0,249.0,-0.3583679495453007,-0.9335804264972016
fire_00880,208.33482,4.0,348.0,0.9781476007338056,-0.20791169081775987
fire_00881,799.8582,3.0,207.0,-0.8910065241883679,-0.45399049973954664
fire_00882,364.73172,12.0,138.0,-0.7431448254773941,0.6691306063588583
fire_00883,687.3548,4.0,221.0,-0.7547095802227721,-0.656059028990507
fire_00884,62.38424,6.0,54.0,0.5877852522924731,0.8090169943749475
fire_00885,13.201391,2.0,229.0,-0.6560590289905073,-0.754709580222772
fire_00886,30.341982,0.0,294.0,0.40673664307579976,-0.9135454576426011
fire_00887,67.43005,1.0,76.0,0.24192189559966767,0.9702957262759965
fire_00888,21.359127,0.0,271.0,0.01745240643728313,-0.9998476951563913
fire_00889,131.64888,1.0,158.0,-0.9271838545667873,0.37460659341591224
fire_00890,345.82355,15.0,42.0,0.7431448254773942,0.6691306063588582
fire_00891,19.412476,0.0,331.0,0.8746197071393959,-0.4848096202463369
fire_00892,316.97855,4.0,197.0,-0.9563047559630354,-0.29237170472273677
fire_00893,288.25906,15.0,249.0,-0.3583679495453007,-0.9335804264972016
fire_00894,232.99878,9.0,279.0,0.15643446504023067,-0.9876883405951378
fire_00895,134.3082,4.0,56.0,0.5591929034707468,0.8290375725550417
fire_00896,227.12346,1.0,254.0,-0.2756373558169989,-0.961261695938319
fire_00897,533.62006,1.0,140.0,-0.7660444431189779,0.6427876096865395
fire_00898,271.03336,8.0,251.0,-0.32556815445715664,-0.9455185755993168
fire_00899,299.40213,5.0,168.0,-0.9781476007338057,0.20791169081775931
fire_00900,856.79376,1.0,297.0,0.45399049973954664,-0.891006524188368
fire_00901,787.1754,3.0,246.0,-0.4067366430758001,-0.913545457642601
fire_00902,183.89503,5.0,160.0,-0.9396926207859083,0.3420201433256689
fire_00903,19.412476,0.0,331.0,0.8746197071393959,-0.4848096202463369
fire_00904,493.12045,5.0,210.0,-0.8660254037844386,-0.5000000000000001
fire_00905,74.60332,2.0,53.0,0.6018150231520484,0.7986355100472928
fire_00906,235.32059,2.0,228.0,-0.6691306063588581,-0.7431448254773944
fire_00907,160.39436,1.0,107.0,-0.29237170472273666,0.9563047559630355
fire_00908,363.58774,8.0,153.0,-0.8910065241883678,0.45399049973954686
fire_00909,284.4839,4.0,217.0,-0.7986355100472928,-0.6018150231520484
fire_00910,269.83957,2.0,62.0,0.46947156278589086,0.8829475928589269
fire_00911,760.7902,1.0,330.0,0.8660254037844384,-0.5000000000000004
fire_00912,30.074871,0.0,218.0,-0.788010753606722,-0.6156614753256582
fire_00913,433.74274,1.0,312.0,0.6691306063588578,-0.7431448254773946
fire_00914,721.65765,10.0,262.0,-0.13917310096006583,-0.9902680687415703
fire_00915,161.76051,2.0,334.0,0.8987940462991668,-0.4383711467890778
fire_00916,796.4369,2.0,253.0,-0.2923717047227371,-0.9563047559630353
fire_00917,91.23301,0.0,278.0,0.13917310096006547,-0.9902680687415704
fire_00918,638.81354,8.0,134.0,-0.6946583704589974,0.7193398003386511
fire_00919,112.772,6.0,244.0,-0.43837114678907774,-0.8987940462991668
fire_00920,257.5882,3.0,183.0,-0.9986295347545738,-0.052335956242943564
fire_00921,743.03955,10.0,202.0,-0.9271838545667874,-0.374606593415912
fire_00922,162.10664,4.0,94.0,-0.06975647374412533,0.9975640502598242
fire_00923,438.02188,3.0,210.0,-0.8660254037844386,-0.5000000000000001
fire_00924,1563.4772,2.0,162.0,-0.9510565162951535,0.3090169943749475
fire_00925,52.231373,1.0,275.0,0.08715574274765789,-0.9961946980917455
fire_00926,134.01604,3.0,260.0,-0.17364817766693033,-0.984807753012208
fire_00927,563.68585,5.0,315.0,0.7071067811865474,-0.7071067811865477
fire_00928,259.54642,2.0,295.0,0.4226182617406996,-0.9063077870366498
fire_00929,544.4056,9.0,277.0,0.12186934340514768,-0.992546151641322
fire_00930,209.39569,1.0,323.0,0.7986355100472928,-0.6018150231520483
fire_00931,-58.17272,0.0,220.0,-0.766044443118978,-0.6427876096865393
fire_00932,90.38416,1.0,239.0,-0.5150380749100544,-0.8571673007021121
fire_00933,234.12782,1.0,81.0,0.15643446504023092,0.9876883405951378
fire_00934,466.50537,3.0,332.0,0.882947592858927,-0.4694715627858908
fire_00935,1551.6676,7.0,165.0,-0.9659258262890682,0.258819045102521
fire_00936,1285.3644,2.0,117.0,-0.45399049973954675,0.8910065241883679
fire_00937,106.9651,1.0,332.0,0.882947592858927,-0.4694715627858908
fire_00938,80.22813,0.0,335.0,0.90630778703665,-0.4226182617406992
fire_00939,164.5352,11.0,261.0,-0.15643446504023104,-0.9876883405951377
fire_00940,109.934944,0.0,216.0,-0.8090169943749475,-0.587785252292473
fire_00941,1041.2664,1.0,316.0,0.7193398003386509,-0.6946583704589976
fire_00942,-0.7545355,0.0,156.0,-0.9135454576426008,0.40673664307580043
fire_00943,1549.0531,14.0,280.0,0.17364817766692997,-0.9848077530122081
fire_00944,234.45047,5.0,231.0,-0.6293203910498378,-0.7771459614569706
fire_00945,394.0058,6.0,33.0,0.838670567945424,0.5446390350150271
fire_00946,235.5552,2.0,322.0,0.788010753606722,-0.6156614753256582
fire_00947,226.61331,2.0,168.0,-0.9781476007338057,0.20791169081775931
fire_00948,872.3007,4.0,21.0,0.9335804264972017,0.35836794954530027
fire_00949,302.8928,9.0,298.0,0.4694715627858904,-0.8829475928589271
fire_00950,1064.5088,8.0,11.0,0.981627183447664,0.1908089953765448
fire_00951,38.58656,1.0,266.0,-0.06975647374412558,-0.9975640502598242
fire_00952,22.737955,5.0,76.0,0.24192189559966767,0.9702957262759965
fire_00953,391.40277,12.0,25.0,0.9063077870366499,0.42261826174069944
fire_00954,90.472145,3.0,237.0,-0.544639035015027,-0.8386705679454242
fire_00955,651.6145,7.0,228.0,-0.6691306063588581,-0.7431448254773944
fire_00956,599.7646,7.0,169.0,-0.981627183447664,0.19080899537654497
fire_00957,67.42838,9.0,222.0,-0.7431448254773942,-0.6691306063588582
fire_00958,330.12943,2.0,93.0,-0.05233595624294384,0.9986295347545738
fire_00959,1521.3345,6.0,288.0,0.30901699437494723,-0.9510565162951536
fire_00960,503.15668,19.0,27.0,0.8910065241883679,0.45399049973954675
fire_00961,394.96628,3.0,195.0,-0.9659258262890683,-0.2588190451025208
fire_00962,342.44333,7.0,200.0,-0.9396926207859084,-0.34202014332566866
fire_00963,797.4685,22.0,203.0,-0.9205048534524404,-0.39073112848927355
fire_00964,723.47833,5.0,316.0,0.7193398003386509,-0.6946583704589976
fire_00965,962.33405,10.0,35.0,0.8191520442889918,0.573576436351046
fire_00966,137.08344,4.0,293.0,0.3907311284892735,-0.9205048534524405
fire_00967,53.217594,1.0,314.0,0.6946583704589973,-0.7193398003386511
fire_00968,115.64495,1.0,281.0,0.1908089953765451,-0.9816271834476639
fire_00969,2174.789,13.0,290.0,0.342020143325669,-0.9396926207859083
fire_00970,295.78363,7.0,197.0,-0.9563047559630354,-0.29237170472273677
fire_00971,947.72675,7.0,194.0,-0.9702957262759965,-0.2419218955996675
fire_00972,1102.3118,3.0,102.0,-0.20791169081775934,0.9781476007338057
fire_00973,166.05801,3.0,110.0,-0.3420201433256687,0.9396926207859084
fire_00974,438.70642,5.0,352.0,0.9902680687415703,-0.13917310096006588
fire_00975,634.0502,3.0,204.0,-0.9135454576426009,-0.4067366430758002
fire_00976,12.348019,0.0,58.0,0.5299192642332049,0.8480480961564261
fire_00977,1640.8022,4.0,96.0,-0.10452846326765355,0.9945218953682733
fire_00978,1329.4435,9.0,60.0,0.5000000000000001,0.8660254037844386
fire_00979,1024.5187,18.0,24.0,0.9135454576426009,0.4067366430758002
fire_00980,447.4844,5.0,279.0,0.15643446504023067,-0.9876883405951378
fire_00981,1684.141,3.0,146.0,-0.8290375725550416,0.5591929034707469
fire_00982,146.09787,5.0,223.0,-0.7313537016191706,-0.6819983600624984
fire_00983,46.998863,1.0,303.0,0.5446390350150266,-0.8386705679454243
fire_00984,792.77527,5.0,280.0,0.17364817766692997,-0.9848077530122081
fire_00985,308.4857,3.0,253.0,-0.2923717047227371,-0.9563047559630353
fire_00986,421.4318,17.0,177.0,-0.9986295347545738,0.05233595624294381
fire_00987,813.809,5.0,220.0,-0.766044443118978,-0.6427876096865393
fire_00988,50.935,1.0,118.0,-0.4694715627858909,0.8829475928589269
fire_00989,419.0541,3.0,297.0,0.45399049973954664,-0.891006524188368
fire_00990,251.35515,12.0,90.0,6.123233995736766e-17,1.0
fire_00991,85.283966,3.0,352.0,0.9902680687415703,-0.13917310096006588
fire_00992,159.3377,2.0,162.0,-0.9510565162951535,0.3090169943749475
fire_00993,333.62567,2.0,264.0,-0.10452846326765336,-0.9945218953682734
fire_00994,250.65103,10.0,182.0,-0.9993908270190958,-0.0348994967025009
fire_00995,383.5185,6.0,152.0,-0.882947592858927,0.4694715627858907
fire_00996,567.7036,5.0,169.0,-0.981627183447664,0.19080899537654497
fire_00997,459.25745,4.0,259.0,-0.1908089953765446,-0.981627183447664
fire_00998,125.375854,1.0,83.0,0.12186934340514749,0.992546151641322
fire_00999,298.39914,7.0,150.0,-0.8660254037844387,0.49999999999999994
fire_01000,659.1477,5.0,216.0,-0.8090169943749475,-0.587785252292473
fire_01001,1634.7734,14.0,244.0,-0.43837114678907774,-0.8987940462991668
fire_01002,1419.2128,4.0,134.0,-0.6946583704589974,0.7193398003386511
fire_01003,321.04044,2.0,42.0,0.7431448254773942,0.6691306063588582
fire_01004,314.8975,1.0,21.0,0.9335804264972017,0.35836794954530027
fire_01005,341.34656,17.0,227.0,-0.6819983600624986,-0.7313537016191705
fire_01006,525.8256,2.0,280.0,0.17364817766692997,-0.9848077530122081
fire_01007,1584.7545,4.0,181.0,-0.9998476951563913,-0.017452406437283637
fire_01008,318.09683,4.0,47.0,0.6819983600624985,0.7313537016191705
fire_01009,172.64796,5.0,179.0,-0.9998476951563913,0.01745240643728344
fire_01010,345.23367,6.0,197.0,-0.9563047559630354,-0.29237170472273677
fire_01011,1125.8582,2.0,317.0,0.7313537016191707,-0.6819983600624983
fire_01012,936.66345,14.0,202.0,-0.9271838545667874,-0.374606593415912
fire_01013,384.20288,1.0,75.0,0.25881904510252074,0.9659258262890683
fire_01014,1098.528,3.0,30.0,0.8660254037844387,0.49999999999999994
fire_01015,526.89703,2.0,168.0,-0.9781476007338057,0.20791169081775931
fire_01016,370.2577,7.0,186.0,-0.9945218953682733,-0.1045284632676535
fire_01017,1234.1322,16.0,32.0,0.848048096156426,0.5299192642332049
fire_01018,553.44196,2.0,28.0,0.882947592858927,0.4694715627858908
fire_01019,494.90778,5.0,78.0,0.20791169081775945,0.9781476007338056
fire_01020,359.19,5.0,135.0,-0.7071067811865475,0.7071067811865476
fire_01021,524.58984,3.0,89.0,0.0174524064372836,0.9998476951563913
fire_01022,63.13965,1.0,280.0,0.17364817766692997,-0.9848077530122081
fire_01023,1097.0641,12.0,26.0,0.898794046299167,0.4383711467890774
fire_01024,886.50085,18.0,125.0,-0.5735764363510462,0.8191520442889917
fire_01025,2669.655,5.0,346.0,0.9702957262759965,-0.24192189559966787
fire_01026,1409.5316,1.0,301.0,0.5150380749100542,-0.8571673007021123
fire_01027,2926.6172,15.0,63.0,0.4539904997395468,0.8910065241883678
fire_01028,2480.9102,11.0,312.0,0.6691306063588578,-0.7431448254773946
fire_01029,1869.2888,16.0,96.0,-0.10452846326765355,0.9945218953682733
fire_01030,599.08514,4.0,256.0,-0.24192189559966779,-0.9702957262759965
fire_01031,1018.24023,24.0,272.0,0.03489949670250128,-0.9993908270190958
fire_01032,1350.1013,29.0,6.0,0.9945218953682733,0.10452846326765347
fire_01033,1075.2537,8.0,227.0,-0.6819983600624986,-0.7313537016191705
fire_01034,441.57236,3.0,315.0,0.7071067811865474,-0.7071067811865477
fire_01035,460.13565,10.0,252.0,-0.30901699437494756,-0.9510565162951535
fire_01036,1485.1257,13.0,284.0,0.24192189559966742,-0.9702957262759966
fire_01037,468.35104,1.0,195.0,-0.9659258262890683,-0.2588190451025208
fire_01038,135.1533,2.0,171.0,-0.9876883405951377,0.15643446504023098
fire_01039,1178.2407,1.0,45.0,0.7071067811865476,0.7071067811865476
fire_01040,54.963703,1.0,104.0,-0.24192189559966779,0.9702957262759965
fire_01041,508.7562,3.0,91.0,-0.017452406437283477,0.9998476951563913
fire_01042,112.937035,2.0,15.0,0.9659258262890683,0.25881904510252074
fire_01043,367.8533,2.0,7.0,0.992546151641322,0.12186934340514748
fire_01044,604.0288,6.0,237.0,-0.544639035015027,-0.8386705679454242
fire_01045,948.7737,11.0,22.0,0.9271838545667874,0.374606593415912
fire_01046,21.618954,0.0,310.0,0.6427876096865393,-0.7660444431189781
fire_01047,490.18835,13.0,124.0,-0.5591929034707467,0.8290375725550417
fire_01048,196.28201,4.0,142.0,-0.7880107536067219,0.6156614753256584
fire_01049,511.92313,7.0,321.0,0.7771459614569706,-0.6293203910498378
fire_01050,215.5534,4.0,126.0,-0.587785252292473,0.8090169943749475
fire_01051,184.86046,5.0,258.0,-0.2079116908177598,-0.9781476007338056
fire_01052,339.27948,2.0,242.0,-0.46947156278589075,-0.882947592858927
fire_01053,459.28445,7.0,229.0,-0.6560590289905073,-0.754709580222772
fire_01054,303.9141,12.0,192.0,-0.9781476007338056,-0.2079116908177595
fire_01055,171.32248,10.0,153.0,-0.8910065241883678,0.45399049973954686
fire_01056,32.400623,1.0,149.0,-0.8571673007021122,0.5150380749100544
fire_01057,61.101948,1.0,291.0,0.3583679495453004,-0.9335804264972017
fire_01058,196.22731,2.0,207.0,-0.8910065241883679,-0.45399049973954664
fire_01059,457.16312,3.0,335.0,0.90630778703665,-0.4226182617406992
fire_01060,631.0977,3.0,96.0,-0.10452846326765355,0.9945218953682733
fire_01061,518.6059,3.0,304.0,0.559192903470747,-0.8290375725550416
fire_01062,385.75848,7.0,320.0,0.7660444431189778,-0.6427876096865396
fire_01063,499.40088,17.0,285.0,0.2588190451025203,-0.9659258262890684
fire_01064,535.5757,5.0,283.0,0.22495105434386492,-0.9743700647852352
fire_01065,442.46265,1.0,44.0,0.7193398003386512,0.6946583704589973
fire_01066,131.9411,4.0,246.0,-0.4067366430758001,-0.913545457642601
fire_01067,427.30847,3.0,100.0,-0.1736481776669303,0.984807753012208
fire_01068,192.9349,2.0,324.0,0.8090169943749473,-0.5877852522924734
fire_01069,129.20203,3.0,194.0,-0.9702957262759965,-0.2419218955996675
fire_01070,186.8129,1.0,70.0,0.3420201433256688,0.9396926207859083
fire_01071,67.9076,0.0,98.0,-0.13917310096006535,0.9902680687415704
fire_01072,67.9076,0.0,98.0,-0.13917310096006535,0.9902680687415704
fire_01073,256.0686,4.0,301.0,0.5150380749100542,-0.8571673007021123
fire_01074,278.36493,4.0,255.0,-0.25881904510252063,-0.9659258262890683
fire_01075,747.82855,1.0,2.0,0.9993908270190958,0.03489949670250097
fire_01076,717.20593,3.0,240.0,-0.5000000000000004,-0.8660254037844385
fire_01077,156.97571,1.0,251.0,-0.32556815445715664,-0.9455185755993168
fire_01078,917.45544,4.0,259.0,-0.1908089953765446,-0.981627183447664
fire_01079,237.33128,3.0,331.0,0.8746197071393959,-0.4848096202463369
fire_01080,591.67896,19.0,192.0,-0.9781476007338056,-0.2079116908177595
fire_01081,352.13232,2.0,328.0,0.8480480961564258,-0.529919264233205
fire_01082,2191.95,14.0,212.0,-0.8480480961564261,-0.5299192642332048
fire_01083,18.716269,1.0,208.0,-0.8829475928589269,-0.46947156278589086
fire_01084,1262.2103,4.0,207.0,-0.8910065241883679,-0.45399049973954664
fire_01085,-62.033497,1.0,71.0,0.32556815445715676,0.9455185755993167
fire_01086,50.27229,4.0,306.0,0.5877852522924729,-0.8090169943749476
fire_01087,101.6962,1.0,0.0,1.0,0.0
fire_01088,189.66125,16.0,193.0,-0.9743700647852352,-0.22495105434386498
fire_01089,446.62735,2.0,89.0,0.0174524064372836,0.9998476951563913
fire_01090,1093.1195,10.0,227.0,-0.6819983600624986,-0.7313537016191705
fire_01091,471.00858,6.0,48.0,0.6691306063588582,0.7431448254773942
fire_01092,123.176216,11.0,178.0,-0.9993908270190958,0.03489949670250114
fire_01093,748.1495,15.0,262.0,-0.13917310096006583,-0.9902680687415703
fire_01094,555.07605,12.0,199.0,-0.9455185755993167,-0.32556815445715676
fire_01095,71.0159,18.0,250.0,-0.34202014332566855,-0.9396926207859084
fire_01096,33.865795,0.0,233.0,-0.6018150231520483,-0.7986355100472928
fire_01097,647.9856,3.0,235.0,-0.5735764363510464,-0.8191520442889916
fire_01100,803.86816,6.0,275.0,0.08715574274765789,-0.9961946980917455
fire_01101,473.55527,1.0,257.0,-0.22495105434386525,-0.9743700647852351
fire_01102,105.77978,1.0,74.0,0.27563735581699916,0.9612616959383189
fire_01103,-0.15561947,0.0,80.0,0.17364817766693041,0.984807753012208
fire_01104,145.85574,5.0,329.0,0.8571673007021121,-0.5150380749100545
fire_01105,68.3677,2.0,258.0,-0.2079116908177598,-0.9781476007338056
fire_01106,670.03094,11.0,26.0,0.898794046299167,0.4383711467890774
fire_01107,71.52661,3.0,9.0,0.9876883405951378,0.15643446504023087
fire_01108,287.62964,5.0,133.0,-0.6819983600624984,0.7313537016191706
fire_01109,229.28229,4.0,225.0,-0.7071067811865477,-0.7071067811865475
fire_01110,256.08423,4.0,202.0,-0.9271838545667874,-0.374606593415912
fire_01111,228.25502,1.0,147.0,-0.8386705679454239,0.5446390350150273
fire_01112,340.98,24.0,160.0,-0.9396926207859083,0.3420201433256689
fire_01113,506.4174,14.0,210.0,-0.8660254037844386,-0.5000000000000001
fire_01114,215.79492,3.0,209.0,-0.8746197071393959,-0.48480962024633695
fire_01115,438.45367,2.0,134.0,-0.6946583704589974,0.7193398003386511
fire_01116,500.879,8.0,91.0,-0.017452406437283477,0.9998476951563913
fire_01117,880.6961,19.0,267.0,-0.052335956242944306,-0.9986295347545738
fire_01118,37.827976,0.0,351.0,0.9876883405951377,-0.1564344650402311
fire_01119,748.72064,19.0,215.0,-0.8191520442889918,-0.5735764363510462
fire_01120,1019.58075,14.0,47.0,0.6819983600624985,0.7313537016191705
fire_01121,1491.6421,0.0,0.0,1.0,0.0
fire_01122,526.24774,7.0,30.0,0.8660254037844387,0.49999999999999994
fire_01123,1555.865,4.0,329.0,0.8571673007021121,-0.5150380749100545
fire_01124,1232.3851,25.0,273.0,0.052335956242943946,-0.9986295347545738
fire_01125,166.81055,2.0,118.0,-0.4694715627858909,0.8829475928589269
fire_01126,198.04836,1.0,174.0,-0.9945218953682733,0.10452846326765373
fire_01127,819.27795,5.0,50.0,0.6427876096865394,0.766044443118978
fire_01128,-24.413431,1.0,338.0,0.9271838545667873,-0.37460659341591235
fire_01129,167.6304,1.0,61.0,0.4848096202463371,0.8746197071393957
fire_01130,561.41736,1.0,183.0,-0.9986295347545738,-0.052335956242943564
fire_01131,7.0209484,1.0,55.0,0.573576436351046,0.8191520442889918
fire_01132,182.16676,4.0,47.0,0.6819983600624985,0.7313537016191705
fire_01133,67.29263,6.0,201.0,-0.9335804264972017,-0.35836794954530043
fire_01134,153.02322,1.0,168.0,-0.9781476007338057,0.20791169081775931
fire_01135,496.33188,6.0,226.0,-0.6946583704589973,-0.7193398003386512
fire_01136,124.212494,1.0,227.0,-0.6819983600624986,-0.7313537016191705
fire_01137,227.65074,8.0,16.0,0.9612616959383189,0.27563735581699916
fire_01138,178.44691,8.0,221.0,-0.7547095802227721,-0.656059028990507
fire_01139,471.86743,1.0,307.0,0.6018150231520479,-0.798635510047293
fire_01140,323.88168,16.0,201.0,-0.9335804264972017,-0.35836794954530043
fire_01141,174.3122,2.0,186.0,-0.9945218953682733,-0.1045284632676535
fire_01142,26.97532,0.0,275.0,0.08715574274765789,-0.9961946980917455
fire_01143,156.39955,1.0,301.0,0.5150380749100542,-0.8571673007021123
fire_01144,1617.9246,0.0,49.0,0.6560590289905073,0.754709580222772
fire_01145,177.44498,11.0,316.0,0.7193398003386509,-0.6946583704589976
fire_01146,2.1980963,0.0,154.0,-0.898794046299167,0.4383711467890773
fire_01147,598.77356,10.0,84.0,0.10452846326765346,0.9945218953682733
fire_01148,674.74866,19.0,122.0,-0.5299192642332048,0.8480480961564261
fire_01149,125.96536,2.0,6.0,0.9945218953682733,0.10452846326765347
fire_01150,37.808556,0.0,219.0,-0.7771459614569708,-0.6293203910498376
fire_01151,97.87232,2.0,251.0,-0.32556815445715664,-0.9455185755993168
fire_01152,54.502518,6.0,90.0,6.123233995736766e-17,1.0
fire_01153,100.391785,1.0,207.0,-0.8910065241883679,-0.45399049973954664
fire_01154,85.3975,3.0,4.0,0.9975640502598242,0.0697564737441253
fire_01155,46.260223,0.0,318.0,0.7431448254773942,-0.6691306063588581
fire_01156,155.9706,5.0,229.0,-0.6560590289905073,-0.754709580222772
fire_01157,552.61914,13.0,256.0,-0.24192189559966779,-0.9702957262759965
fire_01158,45.928318,2.0,74.0,0.27563735581699916,0.9612616959383189
fire_01159,826.48956,18.0,42.0,0.7431448254773942,0.6691306063588582
fire_01160,259.54642,2.0,295.0,0.4226182617406996,-0.9063077870366498
fire_01161,413.31296,3.0,315.0,0.7071067811865474,-0.7071067811865477
fire_01162,563.3906,1.0,229.0,-0.6560590289905073,-0.754709580222772
fire_01163,289.94492,2.0,125.0,-0.5735764363510462,0.8191520442889917
fire_01164,318.94543,2.0,184.0,-0.9975640502598242,-0.06975647374412527
fire_01165,131.56789,6.0,4.0,0.9975640502598242,0.0697564737441253
fire_01166,110.323326,5.0,154.0,-0.898794046299167,0.4383711467890773
fire_01167,609.5446,1.0,214.0,-0.8290375725550417,-0.5591929034707467
fire_01168,497.15533,16.0,101.0,-0.1908089953765448,0.981627183447664
fire_01169,786.8286,3.0,257.0,-0.22495105434386525,-0.9743700647852351
fire_01170,973.40686,13.0,354.0,0.9945218953682733,-0.10452846326765342
fire_01171,29.021685,0.0,294.0,0.40673664307579976,-0.9135454576426011
fire_01172,60.114166,1.0,293.0,0.3907311284892735,-0.9205048534524405
fire_01173,180.38922,6.0,20.0,0.9396926207859084,0.3420201433256687
fire_01174,383.97086,2.0,309.0,0.6293203910498375,-0.7771459614569708
fire_01175,337.14822,6.0,279.0,0.15643446504023067,-0.9876883405951378
fire_01176,132.84961,2.0,137.0,-0.7313537016191705,0.6819983600624985
fire_01177,57.897858,3.0,282.0,0.20791169081775943,-0.9781476007338056
fire_01178,302.1838,2.0,155.0,-0.9063077870366499,0.4226182617406995
fire_01179,332.61002,3.0,268.0,-0.03489949670250076,-0.9993908270190958
fire_01180,387.53894,7.0,242.0,-0.46947156278589075,-0.882947592858927
fire_01181,66.46772,2.0,176.0,-0.9975640502598242,0.06975647374412552
fire_01182,26.987528,0.0,315.0,0.7071067811865474,-0.7071067811865477
fire_01183,87.21792,0.0,84.0,0.10452846326765346,0.9945218953682733
fire_01184,934.08655,8.0,270.0,-1.8369701987210297e-16,-1.0
fire_01185,493.5679,5.0,342.0,0.9510565162951535,-0.3090169943749477
fire_01186,36.60807,0.0,297.0,0.45399049973954664,-0.891006524188368
fire_01187,610.4263,12.0,285.0,0.2588190451025203,-0.9659258262890684
fire_01188,99.91431,1.0,272.0,0.03489949670250128,-0.9993908270190958
fire_01189,361.2299,2.0,230.0,-0.6427876096865395,-0.7660444431189779
fire_01190,32.973133,0.0,217.0,-0.7986355100472928,-0.6018150231520484
fire_01191,1344.0654,1.0,200.0,-0.9396926207859084,-0.34202014332566866
fire_01192,1191.4794,9.0,218.0,-0.788010753606722,-0.6156614753256582
fire_01193,289.60867,2.0,194.0,-0.9702957262759965,-0.2419218955996675
fire_01194,68.01177,3.0,277.0,0.12186934340514768,-0.992546151641322
fire_01195,173.03246,4.0,229.0,-0.6560590289905073,-0.754709580222772
fire_01196,138.69206,1.0,271.0,0.01745240643728313,-0.9998476951563913
fire_01197,234.36456,3.0,275.0,0.08715574274765789,-0.9961946980917455
fire_01198,500.45026,9.0,175.0,-0.9961946980917455,0.0871557427476582
fire_01199,1380.1364,2.0,72.0,0.30901699437494745,0.9510565162951535
fire_01200,1542.9272,2.0,251.0,-0.32556815445715664,-0.9455185755993168
fire_01201,-27.035172,1.0,98.0,-0.13917310096006535,0.9902680687415704
fire_01202,94.70874,5.0,67.0,0.3907311284892737,0.9205048534524404
fire_01203,628.64496,2.0,239.0,-0.5150380749100544,-0.8571673007021121
fire_01204,2610.0027,9.0,154.0,-0.898794046299167,0.4383711467890773
fire_01205,1147.0742,4.0,156.0,-0.9135454576426008,0.40673664307580043
fire_01206,1560.0944,8.0,141.0,-0.7771459614569709,0.6293203910498374
fire_01207,427.30847,3.0,100.0,-0.1736481776669303,0.984807753012208
fire_01208,374.10825,6.0,11.0,0.981627183447664,0.1908089953765448
fire_01209,1356.2346,1.0,72.0,0.30901699437494745,0.9510565162951535
fire_01210,158.59737,5.0,273.0,0.052335956242943946,-0.9986295347545738
fire_01211,583.44336,25.0,188.0,-0.9902680687415703,-0.13917310096006552
fire_01212,367.40894,10.0,43.0,0.7313537016191705,0.6819983600624985
fire_01213,896.0481,7.0,169.0,-0.981627183447664,0.19080899537654497
fire_01214,97.8284,0.0,244.0,-0.43837114678907774,-0.8987940462991668
fire_01215,631.09344,1.0,232.0,-0.6156614753256581,-0.7880107536067221
fire_01216,1266.0155,20.0,196.0,-0.9612616959383189,-0.275637355816999
fire_01217,269.74353,7.0,28.0,0.882947592858927,0.4694715627858908
fire_01218,609.5446,1.0,214.0,-0.8290375725550417,-0.5591929034707467
fire_01219,612.3677,6.0,254.0,-0.2756373558169989,-0.961261695938319
fire_01220,179.51987,6.0,134.0,-0.6946583704589974,0.7193398003386511
fire_01221,705.5062,15.0,227.0,-0.6819983600624986,-0.7313537016191705
fire_01222,226.96246,13.0,260.0,-0.17364817766693033,-0.984807753012208
fire_01223,717.9698,4.0,213.0,-0.838670567945424,-0.5446390350150271
fire_01224,58.02672,4.0,306.0,0.5877852522924729,-0.8090169943749476
fire_01225,71.45368,2.0,65.0,0.42261826174069944,0.9063077870366499
fire_01226,13.201391,2.0,229.0,-0.6560590289905073,-0.754709580222772
fire_01227,271.1525,5.0,114.0,-0.40673664307580026,0.9135454576426009
fire_01228,522.83813,3.0,298.0,0.4694715627858904,-0.8829475928589271
fire_01229,1114.7179,2.0,173.0,-0.992546151641322,0.12186934340514755
fire_01230,295.70526,15.0,226.0,-0.6946583704589973,-0.7193398003386512
fire_01231,322.32495,7.0,252.0,-0.30901699437494756,-0.9510565162951535
fire_01232,439.60855,2.0,214.0,-0.8290375725550417,-0.5591929034707467
fire_01233,436.17386,3.0,69.0,0.3583679495453004,0.9335804264972017
fire_01234,866.0567,4.0,282.0,0.20791169081775943,-0.9781476007338056
fire_01235,472.78995,4.0,233.0,-0.6018150231520483,-0.7986355100472928
fire_01236,631.7976,4.0,215.0,-0.8191520442889918,-0.5735764363510462
fire_01237,474.13113,5.0,312.0,0.6691306063588578,-0.7431448254773946
fire_01238,78.412445,2.0,295.0,0.4226182617406996,-0.9063077870366498
fire_01239,287.7227,4.0,74.0,0.27563735581699916,0.9612616959383189
fire_01240,1162.9008,9.0,11.0,0.981627183447664,0.1908089953765448
fire_01241,799.2179,3.0,101.0,-0.1908089953765448,0.981627183447664
fire_01242,1656.4977,5.0,137.0,-0.7313537016191705,0.6819983600624985
fire_01243,796.5508,10.0,262.0,-0.13917310096006583,-0.9902680687415703
fire_01244,1335.3191,2.0,309.0,0.6293203910498375,-0.7771459614569708
fire_01245,129.4732,8.0,247.0,-0.3907311284892738,-0.9205048534524403
fire_01246,62.058582,1.0,162.0,-0.9510565162951535,0.3090169943749475
fire_01247,0.36296543,0.0,79.0,0.19080899537654492,0.981627183447664
fire_01248,444.74805,5.0,211.0,-0.8571673007021123,-0.5150380749100542
fire_01249,174.3122,2.0,186.0,-0.9945218953682733,-0.1045284632676535
fire_01250,2627.1526,14.0,87.0,0.052335956242943966,0.9986295347545738
fire_01251,1480.6072,5.0,85.0,0.08715574274765814,0.9961946980917455
fire_01252,725.7465,2.0,306.0,0.5877852522924729,-0.8090169943749476
fire_01253,332.79724,1.0,52.0,0.6156614753256583,0.788010753606722
fire_01254,328.42755,10.0,160.0,-0.9396926207859083,0.3420201433256689
fire_01255,57.786217,0.0,251.0,-0.32556815445715664,-0.9455185755993168
fire_01256,202.44566,6.0,192.0,-0.9781476007338056,-0.2079116908177595
fire_01257,1113.3228,14.0,30.0,0.8660254037844387,0.49999999999999994
fire_01259,444.77493,4.0,63.0,0.4539904997395468,0.8910065241883678
fire_01260,609.5446,1.0,214.0,-0.8290375725550417,-0.5591929034707467
fire_01261,804.85205,12.0,57.0,0.5446390350150271,0.838670567945424
fire_01262,41.302837,0.0,215.0,-0.8191520442889918,-0.5735764363510462
fire_01263,725.7465,2.0,306.0,0.5877852522924729,-0.8090169943749476
fire_01264,440.71005,14.0,154.0,-0.898794046299167,0.4383711467890773
fire_01265,255.52866,11.0,326.0,0.8290375725550418,-0.5591929034707466
fire_01266,1005.78577,7.0,210.0,-0.8660254037844386,-0.5000000000000001
fire_01267,1489.5581,2.0,285.0,0.2588190451025203,-0.9659258262890684
fire_01268,471.6043,7.0,282.0,0.20791169081775943,-0.9781476007338056
fire_01269,470.3997,3.0,16.0,0.9612616959383189,0.27563735581699916
fire_01270,165.92166,8.0,290.0,0.342020143325669,-0.9396926207859083
fire_01271,423.78912,7.0,187.0,-0.9925461516413221,-0.12186934340514731
fire_01272,1247.2654,1.0,57.0,0.5446390350150271,0.838670567945424
fire_01273,385.90955,4.0,276.0,0.10452846326765299,-0.9945218953682734
fire_01274,94.11108,1.0,244.0,-0.43837114678907774,-0.8987940462991668
fire_01275,42.540634,1.0,274.0,0.06975647374412522,-0.9975640502598243
fire_01276,613.1372,8.0,275.0,0.08715574274765789,-0.9961946980917455
fire_01277,1075.4252,7.0,206.0,-0.8987940462991669,-0.43837114678907746
fire_01278,379.24185,10.0,281.0,0.1908089953765451,-0.9816271834476639
fire_01279,393.67056,3.0,46.0,0.6946583704589973,0.7193398003386512
fire_01280,482.15536,8.0,6.0,0.9945218953682733,0.10452846326765347
fire_01281,448.4063,4.0,152.0,-0.882947592858927,0.4694715627858907
fire_01282,35.03182,0.0,194.0,-0.9702957262759965,-0.2419218955996675
fire_01283,1898.1324,12.0,271.0,0.01745240643728313,-0.9998476951563913
fire_01284,879.6098,6.0,332.0,0.882947592858927,-0.4694715627858908
fire_01285,1044.7883,7.0,225.0,-0.7071067811865477,-0.7071067811865475
fire_01286,595.47217,0.0,115.0,-0.42261826174069933,0.90630778703665
fire_01287,41.376434,0.0,121.0,-0.5150380749100543,0.8571673007021123
fire_01288,265.29572,12.0,191.0,-0.981627183447664,-0.19080899537654472
fire_01289,92.40382,1.0,244.0,-0.43837114678907774,-0.8987940462991668
fire_01290,2353.2876,3.0,23.0,0.9205048534524404,0.39073112848927377
fire_01291,111.8946,2.0,248.0,-0.3746065934159123,-0.9271838545667873
fire_01292,318.36334,5.0,131.0,-0.6560590289905072,0.7547095802227721
fire_01293,397.29138,3.0,358.0,0.9993908270190958,-0.034899496702500823
fire_01294,294.64276,3.0,347.0,0.9743700647852351,-0.22495105434386534
fire_01295,23.744255,3.0,29.0,0.8746197071393957,0.48480962024633706
fire_01296,1405.5464,13.0,96.0,-0.10452846326765355,0.9945218953682733
fire_01297,410.538,4.0,281.0,0.1908089953765451,-0.9816271834476639
fire_01298,387.87656,2.0,308.0,0.6156614753256585,-0.7880107536067218
fire_01299,261.3075,3.0,145.0,-0.8191520442889919,0.5735764363510459
fire_01300,549.1595,1.0,227.0,-0.6819983600624986,-0.7313537016191705
fire_01301,325.49774,1.0,155.0,-0.9063077870366499,0.4226182617406995
fire_01302,265.7077,5.0,89.0,0.0174524064372836,0.9998476951563913
fire_01303,240.90436,6.0,36.0,0.8090169943749475,0.5877852522924731
fire_01304,908.7941,8.0,270.0,-1.8369701987210297e-16,-1.0
fire_01305,327.65894,3.0,32.0,0.848048096156426,0.5299192642332049
fire_01306,424.74976,8.0,206.0,-0.8987940462991669,-0.43837114678907746
fire_01307,302.8928,9.0,298.0,0.4694715627858904,-0.8829475928589271
fire_01308,167.6304,1.0,61.0,0.4848096202463371,0.8746197071393957
fire_01309,113.816536,1.0,259.0,-0.1908089953765446,-0.981627183447664
fire_01310,314.91272,10.0,33.0,0.838670567945424,0.5446390350150271
fire_01311,168.86441,5.0,161.0,-0.9455185755993168,0.3255681544571566
fire_01312,172.07567,12.0,249.0,-0.3583679495453007,-0.9335804264972016
fire_01313,1640.8619,10.0,251.0,-0.32556815445715664,-0.9455185755993168
fire_01314,135.24759,10.0,250.0,-0.34202014332566855,-0.9396926207859084
fire_01315,597.96027,3.0,282.0,0.20791169081775943,-0.9781476007338056
fire_01316,1907.7332,6.0,209.0,-0.8746197071393959,-0.48480962024633695
fire_01317,300.41998,5.0,312.0,0.6691306063588578,-0.7431448254773946
fire_01318,1078.1672,1.0,184.0,-0.9975640502598242,-0.06975647374412527
fire_01319,130.07088,2.0,268.0,-0.03489949670250076,-0.9993908270190958
fire_01320,500.19608,6.0,330.0,0.8660254037844384,-0.5000000000000004
fire_01321,1432.1698,22.0,357.0,0.9986295347545738,-0.05233595624294437
fire_01322,1593.4579,4.0,253.0,-0.2923717047227371,-0.9563047559630353
fire_01323,738.3564,8.0,358.0,0.9993908270190958,-0.034899496702500823
fire_01324,589.7855,11.0,108.0,-0.30901699437494734,0.9510565162951536
fire_01325,420.98654,3.0,128.0,-0.6156614753256583,0.788010753606722
fire_01326,94.70874,5.0,67.0,0.3907311284892737,0.9205048534524404
fire_01327,1043.3707,7.0,215.0,-0.8191520442889918,-0.5735764363510462
fire_01328,1322.4532,21.0,124.0,-0.5591929034707467,0.8290375725550417
fire_01329,2725.8218,13.0,113.0,-0.3907311284892738,0.9205048534524403
fire_01330,2063.122,12.0,33.0,0.838670567945424,0.5446390350150271
fire_01331,88.53194,4.0,31.0,0.8571673007021123,0.5150380749100542
fire_01332,499.58334,24.0,56.0,0.5591929034707468,0.8290375725550417
fire_01333,185.62848,16.0,222.0,-0.7431448254773942,-0.6691306063588582
fire_01334,553.1449,12.0,136.0,-0.7193398003386513,0.6946583704589971
fire_01335,891.6323,7.0,291.0,0.3583679495453004,-0.9335804264972017
fire_01336,731.70245,4.0,124.0,-0.5591929034707467,0.8290375725550417
fire_01337,136.51591,1.0,262.0,-0.13917310096006583,-0.9902680687415703
fire_01338,84.19959,2.0,346.0,0.9702957262759965,-0.24192189559966787
fire_01339,67.89054,1.0,249.0,-0.3583679495453007,-0.9335804264972016
fire_01340,34.21285,0.0,231.0,-0.6293203910498378,-0.7771459614569706
fire_01341,321.3756,5.0,263.0,-0.12186934340514717,-0.9925461516413221
fire_01342,302.23883,5.0,210.0,-0.8660254037844386,-0.5000000000000001
fire_01343,640.9268,5.0,215.0,-0.8191520442889918,-0.5735764363510462
fire_01344,420.10074,4.0,233.0,-0.6018150231520483,-0.7986355100472928
fire_01345,85.612946,3.0,270.0,-1.8369701987210297e-16,-1.0
fire_01346,794.64905,8.0,16.0,0.9612616959383189,0.27563735581699916
fire_01347,322.1731,5.0,359.0,0.9998476951563913,-0.01745240643728356
fire_01348,155.62679,1.0,191.0,-0.981627183447664,-0.19080899537654472
fire_01349,161.9439,2.0,221.0,-0.7547095802227721,-0.656059028990507
fire_01350,212.27872,0.0,165.0,-0.9659258262890682,0.258819045102521
fire_01351,352.10864,3.0,329.0,0.8571673007021121,-0.5150380749100545
fire_01352,149.47922,5.0,134.0,-0.6946583704589974,0.7193398003386511
fire_01353,262.71658,1.0,216.0,-0.8090169943749475,-0.587785252292473
fire_01354,641.0321,19.0,143.0,-0.7986355100472929,0.6018150231520482
fire_01355,1314.804,0.0,137.0,-0.7313537016191705,0.6819983600624985
fire_01356,162.36234,2.0,346.0,0.9702957262759965,-0.24192189559966787
fire_01357,541.41705,8.0,146.0,-0.8290375725550416,0.5591929034707469
fire_01358,343.86267,6.0,32.0,0.848048096156426,0.5299192642332049
fire_01359,1520.243,5.0,280.0,0.17364817766692997,-0.9848077530122081
fire_01360,69.79845,2.0,332.0,0.882947592858927,-0.4694715627858908
fire_01361,725.7465,2.0,306.0,0.5877852522924729,-0.8090169943749476
fire_01362,310.70648,4.0,238.0,-0.529919264233205,-0.848048096156426
fire_01363,901.9962,4.0,110.0,-0.3420201433256687,0.9396926207859084
fire_01364,267.45117,15.0,78.0,0.20791169081775945,0.9781476007338056
fire_01365,361.82394,3.0,48.0,0.6691306063588582,0.7431448254773942
fire_01366,314.3185,5.0,141.0,-0.7771459614569709,0.6293203910498374
fire_01367,436.80124,8.0,356.0,0.9975640502598242,-0.06975647374412564
fire_01368,-60.4391,1.0,97.0,-0.12186934340514737,0.9925461516413221
fire_01369,447.51584,4.0,13.0,0.9743700647852352,0.224951054343865
fire_01370,340.37473,5.0,223.0,-0.7313537016191706,-0.6819983600624984
fire_01371,141.33,2.0,160.0,-0.9396926207859083,0.3420201433256689
fire_01372,921.75775,5.0,320.0,0.7660444431189778,-0.6427876096865396
fire_01373,1243.6492,3.0,335.0,0.90630778703665,-0.4226182617406992
fire_01374,923.17834,2.0,325.0,0.8191520442889916,-0.5735764363510465
fire_01375,384.02762,7.0,253.0,-0.2923717047227371,-0.9563047559630353
fire_01376,396.03748,7.0,187.0,-0.9925461516413221,-0.12186934340514731
fire_01377,1506.1461,6.0,86.0,0.06975647374412523,0.9975640502598242
fire_01378,135.34149,3.0,347.0,0.9743700647852351,-0.22495105434386534
fire_01379,12.426202,0.0,193.0,-0.9743700647852352,-0.22495105434386498
fire_01380,151.84293,4.0,150.0,-0.8660254037844387,0.49999999999999994
fire_01381,320.26038,1.0,216.0,-0.8090169943749475,-0.587785252292473
fire_01382,496.87576,12.0,249.0,-0.3583679495453007,-0.9335804264972016
fire_01383,175.90317,6.0,282.0,0.20791169081775943,-0.9781476007338056
fire_01384,206.31314,3.0,296.0,0.4383711467890774,-0.898794046299167
fire_01385,637.00867,2.0,92.0,-0.034899496702500955,0.9993908270190958
fire_01386,1071.5892,3.0,282.0,0.20791169081775943,-0.9781476007338056
fire_01387,464.93082,8.0,234.0,-0.5877852522924732,-0.8090169943749473
fire_01388,69.88738,1.0,240.0,-0.5000000000000004,-0.8660254037844385
fire_01389,113.816536,1.0,259.0,-0.1908089953765446,-0.981627183447664
fire_01390,1.8008702,0.0,273.0,0.052335956242943946,-0.9986295347545738
fire_01391,158.59596,3.0,132.0,-0.6691306063588582,0.7431448254773942
fire_01392,1161.9088,5.0,37.0,0.7986355100472928,0.6018150231520483
fire_01393,94.16257,1.0,286.0,0.2756373558169994,-0.9612616959383188
fire_01394,2022.7461,6.0,279.0,0.15643446504023067,-0.9876883405951378
fire_01395,313.17245,15.0,256.0,-0.24192189559966779,-0.9702957262759965
fire_01396,437.14282,1.0,168.0,-0.9781476007338057,0.20791169081775931
fire_01397,-55.073006,3.0,234.0,-0.5877852522924732,-0.8090169943749473
fire_01398,186.88782,3.0,255.0,-0.25881904510252063,-0.9659258262890683
fire_01399,879.66003,2.0,6.0,0.9945218953682733,0.10452846326765347
fire_01400,276.01123,20.0,116.0,-0.4383711467890775,0.8987940462991669
fire_01401,599.77124,5.0,196.0,-0.9612616959383189,-0.275637355816999
fire_01402,213.69821,1.0,241.0,-0.48480962024633684,-0.8746197071393959
fire_01403,522.4567,7.0,206.0,-0.8987940462991669,-0.43837114678907746
fire_01404,53.6338,0.0,270.0,-1.8369701987210297e-16,-1.0
fire_01405,199.87804,6.0,272.0,0.03489949670250128,-0.9993908270190958
fire_01406,384.4828,4.0,65.0,0.42261826174069944,0.9063077870366499
fire_01407,427.57797,10.0,189.0,-0.9876883405951378,-0.15643446504023073
fire_01408,455.9742,1.0,192.0,-0.9781476007338056,-0.2079116908177595
fire_01409,740.8265,10.0,354.0,0.9945218953682733,-0.10452846326765342
fire_01410,366.01086,3.0,291.0,0.3583679495453004,-0.9335804264972017
fire_01411,77.61315,2.0,268.0,-0.03489949670250076,-0.9993908270190958
fire_01412,1193.3435,2.0,47.0,0.6819983600624985,0.7313537016191705
fire_01413,32.760265,1.0,251.0,-0.32556815445715664,-0.9455185755993168
fire_01414,164.32458,6.0,233.0,-0.6018150231520483,-0.7986355100472928
fire_01415,1222.3344,5.0,45.0,0.7071067811865476,0.7071067811865476
fire_01416,82.20362,2.0,248.0,-0.3746065934159123,-0.9271838545667873
fire_01417,108.167946,3.0,287.0,0.2923717047227367,-0.9563047559630354
fire_01418,87.66631,5.0,250.0,-0.34202014332566855,-0.9396926207859084
fire_01419,540.04565,5.0,249.0,-0.3583679495453007,-0.9335804264972016
fire_01420,296.12823,2.0,168.0,-0.9781476007338057,0.20791169081775931
fire_01421,76.9876,0.0,104.0,-0.24192189559966779,0.9702957262759965
fire_01422,456.10004,2.0,210.0,-0.8660254037844386,-0.5000000000000001
fire_01423,408.5458,1.0,141.0,-0.7771459614569709,0.6293203910498374
fire_01424,112.66792,4.0,231.0,-0.6293203910498378,-0.7771459614569706
fire_01425,1988.2632,25.0,77.0,0.22495105434386492,0.9743700647852352
fire_01426,174.99484,5.0,249.0,-0.3583679495453007,-0.9335804264972016
fire_01427,275.65585,6.0,57.0,0.5446390350150271,0.838670567945424
fire_01428,463.62573,11.0,143.0,-0.7986355100472929,0.6018150231520482
fire_01429,574.5594,7.0,348.0,0.9781476007338056,-0.20791169081775987
fire_01430,1084.121,3.0,66.0,0.4067366430758002,0.9135454576426009
fire_01431,292.20923,2.0,94.0,-0.06975647374412533,0.9975640502598242
fire_01432,1222.5316,1.0,230.0,-0.6427876096865395,-0.7660444431189779
fire_01433,1564.4479,8.0,131.0,-0.6560590289905072,0.7547095802227721
fire_01434,241.17526,1.0,244.0,-0.43837114678907774,-0.8987940462991668
fire_01435,-46.184772,1.0,88.0,0.03489949670250108,0.9993908270190958
fire_01436,137.02394,6.0,241.0,-0.48480962024633684,-0.8746197071393959
fire_01437,26.770794,0.0,279.0,0.15643446504023067,-0.9876883405951378
fire_01438,1557.9023,1.0,123.0,-0.5446390350150271,0.838670567945424
fire_01439,731.3578,7.0,174.0,-0.9945218953682733,0.10452846326765373
fire_01440,270.06143,2.0,44.0,0.7193398003386512,0.6946583704589973
fire_01441,418.01904,11.0,268.0,-0.03489949670250076,-0.9993908270190958
fire_01442,1471.4719,1.0,212.0,-0.8480480961564261,-0.5299192642332048
fire_01443,207.67818,13.0,254.0,-0.2756373558169989,-0.961261695938319
fire_01444,467.76907,5.0,280.0,0.17364817766692997,-0.9848077530122081
fire_01445,1286.1927,9.0,297.0,0.45399049973954664,-0.891006524188368
fire_01446,416.7484,20.0,220.0,-0.766044443118978,-0.6427876096865393
fire_01447,973.1731,29.0,19.0,0.9455185755993168,0.3255681544571567
fire_01448,1875.7749,7.0,354.0,0.9945218953682733,-0.10452846326765342
fire_01449,92.678276,1.0,296.0,0.4383711467890774,-0.898794046299167
fire_01450,958.9432,10.0,203.0,-0.9205048534524404,-0.39073112848927355
fire_01451,469.17456,4.0,76.0,0.24192189559966767,0.9702957262759965
fire_01452,1480.8048,2.0,194.0,-0.9702957262759965,-0.2419218955996675
fire_01453,1480.8048,2.0,194.0,-0.9702957262759965,-0.2419218955996675
fire_01454,811.8001,2.0,354.0,0.9945218953682733,-0.10452846326765342
fire_01455,1175.4153,2.0,31.0,0.8571673007021123,0.5150380749100542
fire_01456,406.38104,10.0,203.0,-0.9205048534524404,-0.39073112848927355
fire_01457,913.1255,9.0,283.0,0.22495105434386492,-0.9743700647852352
fire_01458,171.32701,5.0,186.0,-0.9945218953682733,-0.1045284632676535
fire_01459,1495.9279,6.0,227.0,-0.6819983600624986,-0.7313537016191705
fire_01460,1302.7107,6.0,294.0,0.40673664307579976,-0.9135454576426011
fire_01461,216.53438,4.0,170.0,-0.984807753012208,0.17364817766693028
fire_01462,1553.6332,1.0,269.0,-0.017452406437283498,-0.9998476951563913
fire_01463,265.15604,6.0,33.0,0.838670567945424,0.5446390350150271
fire_01464,86.50806,3.0,13.0,0.9743700647852352,0.224951054343865
fire_01465,1406.963,3.0,239.0,-0.5150380749100544,-0.8571673007021121
fire_01466,1046.3113,5.0,293.0,0.3907311284892735,-0.9205048534524405
fire_01467,46.349827,3.0,61.0,0.4848096202463371,0.8746197071393957
fire_01468,1140.616,3.0,75.0,0.25881904510252074,0.9659258262890683
fire_01469,402.23407,6.0,277.0,0.12186934340514768,-0.992546151641322
fire_01470,1204.6252,0.0,18.0,0.9510565162951535,0.3090169943749474
fire_01471,2659.6655,9.0,221.0,-0.7547095802227721,-0.656059028990507
fire_01472,801.2228,30.0,146.0,-0.8290375725550416,0.5591929034707469
fire_01473,454.13806,3.0,28.0,0.882947592858927,0.4694715627858908
fire_01474,63.65763,1.0,199.0,-0.9455185755993167,-0.32556815445715676
fire_01475,2709.6982,21.0,269.0,-0.017452406437283498,-0.9998476951563913
fire_01476,549.72906,5.0,169.0,-0.981627183447664,0.19080899537654497
fire_01477,2298.1736,4.0,82.0,0.13917310096006547,0.9902680687415704
fire_01478,288.77582,2.0,345.0,0.9659258262890683,-0.2588190451025207
fire_01479,1617.1508,1.0,167.0,-0.9743700647852351,0.2249510543438652
fire_01480,476.68146,4.0,237.0,-0.544639035015027,-0.8386705679454242
fire_01481,1274.251,17.0,221.0,-0.7547095802227721,-0.656059028990507
fire_01482,495.66916,5.0,251.0,-0.32556815445715664,-0.9455185755993168
fire_01483,996.35956,8.0,52.0,0.6156614753256583,0.788010753606722
fire_01484,1408.9827,22.0,327.0,0.838670567945424,-0.544639035015027
fire_01485,602.05194,3.0,258.0,-0.2079116908177598,-0.9781476007338056
fire_01486,1341.0264,12.0,84.0,0.10452846326765346,0.9945218953682733
fire_01487,1078.6835,11.0,108.0,-0.30901699437494734,0.9510565162951536
fire_01488,100.40097,2.0,270.0,-1.8369701987210297e-16,-1.0
fire_01489,1012.61914,4.0,160.0,-0.9396926207859083,0.3420201433256689
fire_01490,288.684,1.0,322.0,0.788010753606722,-0.6156614753256582
fire_01491,1614.6497,5.0,39.0,0.7771459614569709,0.6293203910498374
fire_01492,254.60493,2.0,224.0,-0.7193398003386511,-0.6946583704589973
fire_01493,1059.8768,30.0,4.0,0.9975640502598242,0.0697564737441253
fire_01494,1969.4893,15.0,284.0,0.24192189559966742,-0.9702957262759966
fire_01495,1339.414,9.0,234.0,-0.5877852522924732,-0.8090169943749473
fire_01496,321.3532,9.0,61.0,0.4848096202463371,0.8746197071393957
fire_01497,670.53253,3.0,215.0,-0.8191520442889918,-0.5735764363510462
fire_01498,1623.4196,6.0,16.0,0.9612616959383189,0.27563735581699916
fire_01499,644.9101,9.0,211.0,-0.8571673007021123,-0.5150380749100542
fire_01500,611.537,5.0,227.0,-0.6819983600624986,-0.7313537016191705
fire_01501,104.5408,1.0,289.0,0.3255681544571563,-0.945518575599317
fire_01502,400.59372,6.0,200.0,-0.9396926207859084,-0.34202014332566866
fire_01503,471.21686,11.0,179.0,-0.9998476951563913,0.01745240643728344
fire_01504,1008.0923,4.0,323.0,0.7986355100472928,-0.6018150231520483
fire_01505,2273.4094,18.0,152.0,-0.882947592858927,0.4694715627858907
fire_01506,425.9451,2.0,191.0,-0.981627183447664,-0.19080899537654472
fire_01507,1033.3457,16.0,298.0,0.4694715627858904,-0.8829475928589271
fire_01508,1289.317,13.0,67.0,0.3907311284892737,0.9205048534524404
fire_01509,455.82227,5.0,169.0,-0.981627183447664,0.19080899537654497
fire_01510,392.3388,10.0,135.0,-0.7071067811865475,0.7071067811865476
fire_01511,645.9245,7.0,136.0,-0.7193398003386513,0.6946583704589971
fire_01512,701.1529,3.0,164.0,-0.9612616959383189,0.2756373558169992
fire_01513,774.6575,4.0,304.0,0.559192903470747,-0.8290375725550416
fire_01514,516.63684,3.0,286.0,0.2756373558169994,-0.9612616959383188
fire_01515,804.85205,12.0,57.0,0.5446390350150271,0.838670567945424
fire_01516,600.76984,5.0,185.0,-0.9961946980917455,-0.08715574274765794
fire_01517,1154.3757,10.0,220.0,-0.766044443118978,-0.6427876096865393
fire_01518,847.08325,16.0,116.0,-0.4383711467890775,0.8987940462991669
fire_01519,890.9593,21.0,238.0,-0.529919264233205,-0.848048096156426
fire_01520,418.43063,15.0,224.0,-0.7193398003386511,-0.6946583704589973
fire_01521,665.9148,2.0,283.0,0.22495105434386492,-0.9743700647852352
fire_01522,301.3411,4.0,221.0,-0.7547095802227721,-0.656059028990507
fire_01523,263.8332,8.0,86.0,0.06975647374412523,0.9975640502598242
fire_01524,309.31436,2.0,223.0,-0.7313537016191706,-0.6819983600624984
fire_01525,786.2443,1.0,91.0,-0.017452406437283477,0.9998476951563913
fire_01526,218.00237,1.0,294.0,0.40673664307579976,-0.9135454576426011
fire_01527,97.86961,2.0,130.0,-0.6427876096865394,0.766044443118978
fire_01528,441.38742,3.0,226.0,-0.6946583704589973,-0.7193398003386512
fire_01529,33.191914,7.0,253.0,-0.2923717047227371,-0.9563047559630353
fire_01530,298.4774,4.0,139.0,-0.754709580222772,0.6560590289905073
fire_01531,670.37787,9.0,13.0,0.9743700647852352,0.224951054343865
fire_01532,228.01076,1.0,13.0,0.9743700647852352,0.224951054343865
fire_01533,114.09515,4.0,84.0,0.10452846326765346,0.9945218953682733
fire_01534,27.312819,3.0,260.0,-0.17364817766693033,-0.984807753012208
fire_01535,176.79152,2.0,45.0,0.7071067811865476,0.7071067811865476
fire_01536,120.712555,1.0,121.0,-0.5150380749100543,0.8571673007021123
fire_01537,1450.4365,7.0,309.0,0.6293203910498375,-0.7771459614569708
fire_01538,246.80496,11.0,220.0,-0.766044443118978,-0.6427876096865393
fire_01539,220.51624,3.0,110.0,-0.3420201433256687,0.9396926207859084
fire_01540,256.34708,3.0,25.0,0.9063077870366499,0.42261826174069944
fire_01541,285.81946,7.0,294.0,0.40673664307579976,-0.9135454576426011
fire_01542,133.85054,6.0,235.0,-0.5735764363510464,-0.8191520442889916
fire_01543,1255.463,0.0,131.0,-0.6560590289905072,0.7547095802227721
fire_01544,85.84102,10.0,59.0,0.5150380749100542,0.8571673007021123
fire_01545,255.43799,3.0,109.0,-0.32556815445715664,0.9455185755993168
fire_01547,1295.7882,2.0,254.0,-0.2756373558169989,-0.961261695938319
fire_01548,1079.6105,3.0,331.0,0.8746197071393959,-0.4848096202463369
fire_01549,1263.581,2.0,169.0,-0.981627183447664,0.19080899537654497
fire_01550,425.1864,5.0,148.0,-0.848048096156426,0.5299192642332049
fire_01551,-55.073006,3.0,234.0,-0.5877852522924732,-0.8090169943749473
fire_01552,276.72272,6.0,220.0,-0.766044443118978,-0.6427876096865393
fire_01553,361.60144,8.0,236.0,-0.5591929034707466,-0.8290375725550418
fire_01555,863.6143,19.0,333.0,0.8910065241883678,-0.45399049973954697
fire_01556,146.92197,0.0,303.0,0.5446390350150266,-0.8386705679454243
fire_01557,396.3126,9.0,18.0,0.9510565162951535,0.3090169943749474
fire_01558,98.52343,7.0,249.0,-0.3583679495453007,-0.9335804264972016
fire_01559,107.69319,1.0,122.0,-0.5299192642332048,0.8480480961564261
fire_01561,96.929924,6.0,105.0,-0.25881904510252085,0.9659258262890683
fire_01562,117.82486,1.0,58.0,0.5299192642332049,0.8480480961564261
fire_01563,17.65715,0.0,279.0,0.15643446504023067,-0.9876883405951378
fire_01564,231.49513,3.0,217.0,-0.7986355100472928,-0.6018150231520484
fire_01565,1157.837,7.0,19.0,0.9455185755993168,0.3255681544571567
fire_01566,101.32727,3.0,100.0,-0.1736481776669303,0.984807753012208
fire_01567,94.65933,11.0,235.0,-0.5735764363510464,-0.8191520442889916
fire_01568,521.806,24.0,334.0,0.8987940462991668,-0.4383711467890778
fire_01569,-21.940964,1.0,75.0,0.25881904510252074,0.9659258262890683
fire_01570,329.116,2.0,238.0,-0.529919264233205,-0.848048096156426
fire_01571,1003.70605,2.0,127.0,-0.6018150231520484,0.7986355100472927
fire_01572,33.064255,1.0,66.0,0.4067366430758002,0.9135454576426009
fire_01573,161.48764,5.0,255.0,-0.25881904510252063,-0.9659258262890683
fire_01574,595.085,10.0,301.0,0.5150380749100542,-0.8571673007021123
fire_01575,558.96625,13.0,355.0,0.9961946980917455,-0.08715574274765832
fire_01576,188.6312,3.0,289.0,0.3255681544571563,-0.945518575599317
fire_01577,1737.5452,9.0,77.0,0.22495105434386492,0.9743700647852352
fire_01578,1213.4425,9.0,199.0,-0.9455185755993167,-0.32556815445715676
fire_01579,433.48254,5.0,140.0,-0.7660444431189779,0.6427876096865395
fire_01580,214.89587,3.0,35.0,0.8191520442889918,0.573576436351046
fire_01581,209.39569,1.0,323.0,0.7986355100472928,-0.6018150231520483
fire_01582,227.42676,3.0,52.0,0.6156614753256583,0.788010753606722
fire_01583,438.41666,15.0,23.0,0.9205048534524404,0.39073112848927377
fire_01584,28.730558,0.0,280.0,0.17364817766692997,-0.9848077530122081
fire_01585,61.597313,9.0,60.0,0.5000000000000001,0.8660254037844386
fire_01586,172.41862,18.0,76.0,0.24192189559966767,0.9702957262759965
fire_01587,684.1027,8.0,171.0,-0.9876883405951377,0.15643446504023098
fire_01588,53.463688,1.0,95.0,-0.08715574274765824,0.9961946980917455
fire_01589,53.463688,1.0,95.0,-0.08715574274765824,0.9961946980917455
fire_01590,206.6137,6.0,65.0,0.42261826174069944,0.9063077870366499
fire_01591,224.1395,2.0,225.0,-0.7071067811865477,-0.7071067811865475
fire_01592,1109.0054,10.0,97.0,-0.12186934340514737,0.9925461516413221
fire_01593,80.08097,2.0,326.0,0.8290375725550418,-0.5591929034707466
fire_01594,44.17419,7.0,74.0,0.27563735581699916,0.9612616959383189
fire_01595,268.21307,2.0,183.0,-0.9986295347545738,-0.052335956242943564
fire_01596,227.08261,4.0,278.0,0.13917310096006547,-0.9902680687415704
fire_01597,356.20697,16.0,306.0,0.5877852522924729,-0.8090169943749476
fire_01598,48.63206,1.0,326.0,0.8290375725550418,-0.5591929034707466
fire_01599,636.147,9.0,280.0,0.17364817766692997,-0.9848077530122081
fire_01600,370.83688,4.0,263.0,-0.12186934340514717,-0.9925461516413221
fire_01601,168.68889,3.0,32.0,0.848048096156426,0.5299192642332049
fire_01602,392.36377,15.0,204.0,-0.9135454576426009,-0.4067366430758002
fire_01603,202.89029,6.0,251.0,-0.32556815445715664,-0.9455185755993168
fire_01604,428.7657,7.0,289.0,0.3255681544571563,-0.945518575599317
fire_01605,184.1361,2.0,278.0,0.13917310096006547,-0.9902680687415704
fire_01606,1749.5846,10.0,252.0,-0.30901699437494756,-0.9510565162951535
fire_01607,39.742775,1.0,310.0,0.6427876096865393,-0.7660444431189781
fire_01608,204.40909,6.0,139.0,-0.754709580222772,0.6560590289905073
fire_01609,51.109955,4.0,234.0,-0.5877852522924732,-0.8090169943749473
fire_01610,154.994,2.0,64.0,0.43837114678907746,0.898794046299167
fire_01611,60.57521,1.0,209.0,-0.8746197071393959,-0.48480962024633695
fire_01612,219.73366,3.0,41.0,0.754709580222772,0.6560590289905073
fire_01613,37.808556,0.0,219.0,-0.7771459614569708,-0.6293203910498376
fire_01614,743.4819,4.0,297.0,0.45399049973954664,-0.891006524188368
fire_01615,1052.5167,10.0,286.0,0.2756373558169994,-0.9612616959383188
fire_01616,623.2199,1.0,308.0,0.6156614753256585,-0.7880107536067218
fire_01617,635.8874,5.0,212.0,-0.8480480961564261,-0.5299192642332048
fire_01618,636.4776,6.0,331.0,0.8746197071393959,-0.4848096202463369
fire_01619,318.09683,4.0,47.0,0.6819983600624985,0.7313537016191705
fire_01620,413.78918,3.0,140.0,-0.7660444431189779,0.6427876096865395
fire_01621,116.16235,7.0,3.0,0.9986295347545738,0.052335956242943835
fire_01622,798.5002,6.0,289.0,0.3255681544571563,-0.945518575599317
fire_01623,1019.269,7.0,331.0,0.8746197071393959,-0.4848096202463369
fire_01624,850.873,4.0,238.0,-0.529919264233205,-0.848048096156426
fire_01625,414.65552,13.0,265.0,-0.08715574274765825,-0.9961946980917455
fire_01626,681.56396,10.0,56.0,0.5591929034707468,0.8290375725550417
fire_01627,1003.70605,2.0,127.0,-0.6018150231520484,0.7986355100472927
fire_01628,1173.927,13.0,40.0,0.766044443118978,0.6427876096865393
fire_01629,1224.7834,14.0,27.0,0.8910065241883679,0.45399049973954675
fire_01630,432.83713,12.0,69.0,0.3583679495453004,0.9335804264972017
fire_01631,779.8256,12.0,101.0,-0.1908089953765448,0.981627183447664
fire_01632,828.7184,4.0,184.0,-0.9975640502598242,-0.06975647374412527
fire_01633,537.39185,3.0,321.0,0.7771459614569706,-0.6293203910498378
fire_01634,335.07935,4.0,268.0,-0.03489949670250076,-0.9993908270190958
fire_01635,991.3024,3.0,286.0,0.2756373558169994,-0.9612616959383188
fire_01636,1406.9044,4.0,142.0,-0.7880107536067219,0.6156614753256584
fire_01637,1048.3951,10.0,25.0,0.9063077870366499,0.42261826174069944
fire_01638,413.65704,1.0,23.0,0.9205048534524404,0.39073112848927377
fire_01639,639.2813,1.0,56.0,0.5591929034707468,0.8290375725550417
fire_01640,1098.4703,24.0,160.0,-0.9396926207859083,0.3420201433256689
fire_01641,255.8706,1.0,46.0,0.6946583704589973,0.7193398003386512
fire_01642,359.48685,4.0,267.0,-0.052335956242944306,-0.9986295347545738
fire_01643,581.6844,9.0,317.0,0.7313537016191707,-0.6819983600624983
fire_01644,469.0294,6.0,45.0,0.7071067811865476,0.7071067811865476
fire_01645,640.1471,8.0,227.0,-0.6819983600624986,-0.7313537016191705
fire_01646,414.59726,2.0,174.0,-0.9945218953682733,0.10452846326765373
fire_01647,509.82407,27.0,266.0,-0.06975647374412558,-0.9975640502598242
fire_01648,190.58932,19.0,58.0,0.5299192642332049,0.8480480961564261
fire_01649,493.92032,12.0,118.0,-0.4694715627858909,0.8829475928589269
fire_01650,520.63727,5.0,119.0,-0.484809620246337,0.8746197071393959
fire_01651,271.30255,2.0,340.0,0.9396926207859084,-0.3420201433256686
fire_01652,156.62581,2.0,118.0,-0.4694715627858909,0.8829475928589269
fire_01653,488.27383,3.0,356.0,0.9975640502598242,-0.06975647374412564
fire_01654,548.5826,5.0,206.0,-0.8987940462991669,-0.43837114678907746
fire_01655,1069.0135,2.0,307.0,0.6018150231520479,-0.798635510047293
fire_01656,332.899,3.0,54.0,0.5877852522924731,0.8090169943749475
fire_01657,1159.7903,8.0,89.0,0.0174524064372836,0.9998476951563913
fire_01658,191.12744,5.0,169.0,-0.981627183447664,0.19080899537654497
fire_01659,623.925,5.0,178.0,-0.9993908270190958,0.03489949670250114
fire_01660,589.45996,5.0,2.0,0.9993908270190958,0.03489949670250097
fire_01661,1113.0308,6.0,268.0,-0.03489949670250076,-0.9993908270190958
fire_01662,1876.9164,13.0,348.0,0.9781476007338056,-0.20791169081775987
fire_01663,101.108955,7.0,200.0,-0.9396926207859084,-0.34202014332566866
fire_01664,644.1682,9.0,240.0,-0.5000000000000004,-0.8660254037844385
fire_01665,374.30167,6.0,45.0,0.7071067811865476,0.7071067811865476
fire_01666,870.5247,7.0,100.0,-0.1736481776669303,0.984807753012208
fire_01667,1788.3162,8.0,119.0,-0.484809620246337,0.8746197071393959
fire_01668,1563.5928,8.0,248.0,-0.3746065934159123,-0.9271838545667873
fire_01669,828.6557,6.0,307.0,0.6018150231520479,-0.798635510047293
fire_01670,1056.714,10.0,265.0,-0.08715574274765825,-0.9961946980917455
fire_01671,1492.4758,33.0,26.0,0.898794046299167,0.4383711467890774
fire_01672,1027.6888,6.0,310.0,0.6427876096865393,-0.7660444431189781
fire_01673,1336.999,1.0,81.0,0.15643446504023092,0.9876883405951378
fire_01674,2814.4937,9.0,249.0,-0.3583679495453007,-0.9335804264972016
fire_01675,-58.50653,0.0,161.0,-0.9455185755993168,0.3255681544571566
fire_01676,219.70222,1.0,184.0,-0.9975640502598242,-0.06975647374412527
fire_01677,447.65756,1.0,53.0,0.6018150231520484,0.7986355100472928
fire_01678,137.83138,3.0,226.0,-0.6946583704589973,-0.7193398003386512
fire_01679,116.02254,3.0,260.0,-0.17364817766693033,-0.984807753012208
fire_01680,217.28204,12.0,258.0,-0.2079116908177598,-0.9781476007338056
fire_01681,350.6574,8.0,106.0,-0.27563735581699905,0.9612616959383189
fire_01682,275.65585,6.0,57.0,0.5446390350150271,0.838670567945424
fire_01683,97.35907,5.0,242.0,-0.46947156278589075,-0.882947592858927
fire_01684,176.89479,5.0,185.0,-0.9961946980917455,-0.08715574274765794
fire_01685,438.14398,19.0,266.0,-0.06975647374412558,-0.9975640502598242
fire_01686,1067.5776,5.0,25.0,0.9063077870366499,0.42261826174069944
fire_01687,416.68997,10.0,212.0,-0.8480480961564261,-0.5299192642332048
fire_01688,246.40208,2.0,39.0,0.7771459614569709,0.6293203910498374
fire_01689,238.4512,3.0,244.0,-0.43837114678907774,-0.8987940462991668
fire_01690,228.23561,3.0,92.0,-0.034899496702500955,0.9993908270190958
fire_01691,206.43542,8.0,66.0,0.4067366430758002,0.9135454576426009
fire_01692,52.32704,0.0,11.0,0.981627183447664,0.1908089953765448
fire_01693,1361.0298,3.0,324.0,0.8090169943749473,-0.5877852522924734
fire_01694,459.85016,1.0,42.0,0.7431448254773942,0.6691306063588582
fire_01695,555.1903,4.0,11.0,0.981627183447664,0.1908089953765448
fire_01696,336.94916,7.0,221.0,-0.7547095802227721,-0.656059028990507
fire_01697,140.4152,3.0,264.0,-0.10452846326765336,-0.9945218953682734
fire_01698,94.071945,2.0,33.0,0.838670567945424,0.5446390350150271
fire_01699,564.74646,15.0,222.0,-0.7431448254773942,-0.6691306063588582
fire_01700,674.2464,2.0,330.0,0.8660254037844384,-0.5000000000000004
fire_01701,759.6832,13.0,302.0,0.5299192642332047,-0.8480480961564261
fire_01702,1178.9758,7.0,180.0,-1.0,1.2246467991473532e-16
fire_01703,240.6445,3.0,34.0,0.8290375725550417,0.5591929034707469
fire_01704,1074.6102,7.0,168.0,-0.9781476007338057,0.20791169081775931
fire_01705,1365.4321,3.0,149.0,-0.8571673007021122,0.5150380749100544
fire_01706,503.18716,12.0,165.0,-0.9659258262890682,0.258819045102521
fire_01707,-49.450043,1.0,250.0,-0.34202014332566855,-0.9396926207859084
fire_01708,520.3131,1.0,136.0,-0.7193398003386513,0.6946583704589971
fire_01709,408.5335,3.0,348.0,0.9781476007338056,-0.20791169081775987
fire_01710,990.1581,16.0,251.0,-0.32556815445715664,-0.9455185755993168
fire_01711,823.4761,4.0,275.0,0.08715574274765789,-0.9961946980917455
fire_01712,258.57254,2.0,284.0,0.24192189559966742,-0.9702957262759966
fire_01713,480.78046,4.0,56.0,0.5591929034707468,0.8290375725550417
fire_01714,120.08434,3.0,265.0,-0.08715574274765825,-0.9961946980917455
fire_01715,640.8977,2.0,283.0,0.22495105434386492,-0.9743700647852352
fire_01716,552.5241,6.0,213.0,-0.838670567945424,-0.5446390350150271
fire_01717,67.12837,1.0,264.0,-0.10452846326765336,-0.9945218953682734
fire_01718,617.7354,3.0,195.0,-0.9659258262890683,-0.2588190451025208
fire_01719,726.0229,8.0,344.0,0.9612616959383189,-0.27563735581699894
fire_01720,766.4986,2.0,346.0,0.9702957262759965,-0.24192189559966787
fire_01721,476.68146,4.0,237.0,-0.544639035015027,-0.8386705679454242
fire_01722,578.2676,4.0,34.0,0.8290375725550417,0.5591929034707469
fire_01723,439.21896,9.0,270.0,-1.8369701987210297e-16,-1.0
fire_01724,200.56902,2.0,313.0,0.6819983600624986,-0.7313537016191703
fire_01725,513.08563,1.0,160.0,-0.9396926207859083,0.3420201433256689
fire_01726,694.8927,7.0,325.0,0.8191520442889916,-0.5735764363510465
fire_01727,582.60895,3.0,1.0,0.9998476951563913,0.01745240643728351
fire_01728,291.60724,4.0,166.0,-0.9702957262759965,0.24192189559966773
fire_01729,298.4774,4.0,139.0,-0.754709580222772,0.6560590289905073
fire_01730,602.5405,15.0,244.0,-0.43837114678907774,-0.8987940462991668
fire_01731,484.73608,6.0,355.0,0.9961946980917455,-0.08715574274765832
fire_01732,642.5983,7.0,341.0,0.9455185755993168,-0.3255681544571567
fire_01733,415.21545,7.0,181.0,-0.9998476951563913,-0.017452406437283637
fire_01734,1314.6173,4.0,291.0,0.3583679495453004,-0.9335804264972017
fire_01735,841.81964,7.0,217.0,-0.7986355100472928,-0.6018150231520484
fire_01736,851.08704,1.0,332.0,0.882947592858927,-0.4694715627858908
fire_01737,151.45761,3.0,68.0,0.37460659341591196,0.9271838545667874
fire_01738,429.96237,2.0,99.0,-0.1564344650402308,0.9876883405951378
fire_01739,1567.9359,3.0,181.0,-0.9998476951563913,-0.017452406437283637
fire_01740,76.27328,0.0,248.0,-0.3746065934159123,-0.9271838545667873
fire_01741,542.3792,3.0,227.0,-0.6819983600624986,-0.7313537016191705
fire_01742,557.50586,10.0,354.0,0.9945218953682733,-0.10452846326765342
fire_01743,91.13303,3.0,74.0,0.27563735581699916,0.9612616959383189
fire_01744,403.31622,2.0,4.0,0.9975640502598242,0.0697564737441253
fire_01745,488.08914,3.0,147.0,-0.8386705679454239,0.5446390350150273
fire_01746,1116.2917,2.0,112.0,-0.37460659341591207,0.9271838545667874
fire_01747,708.3703,7.0,269.0,-0.017452406437283498,-0.9998476951563913
fire_01748,511.43964,5.0,70.0,0.3420201433256688,0.9396926207859083
fire_01749,1203.9277,5.0,255.0,-0.25881904510252063,-0.9659258262890683
fire_01750,802.9807,6.0,103.0,-0.22495105434386503,0.9743700647852352
fire_01751,177.65688,1.0,80.0,0.17364817766693041,0.984807753012208
fire_01752,1141.8467,4.0,118.0,-0.4694715627858909,0.8829475928589269
fire_01753,397.2327,1.0,221.0,-0.7547095802227721,-0.656059028990507
fire_01754,494.52902,3.0,308.0,0.6156614753256585,-0.7880107536067218
fire_01755,28.824886,0.0,295.0,0.4226182617406996,-0.9063077870366498
fire_01756,342.89188,5.0,191.0,-0.981627183447664,-0.19080899537654472
fire_01757,525.1473,6.0,70.0,0.3420201433256688,0.9396926207859083
fire_01758,1387.0338,7.0,155.0,-0.9063077870366499,0.4226182617406995
fire_01759,714.57996,2.0,61.0,0.4848096202463371,0.8746197071393957
fire_01760,1129.0892,0.0,173.0,-0.992546151641322,0.12186934340514755
fire_01761,1368.8031,27.0,287.0,0.2923717047227367,-0.9563047559630354
fire_01762,2327.9895,7.0,208.0,-0.8829475928589269,-0.46947156278589086
fire_01763,833.3458,19.0,321.0,0.7771459614569706,-0.6293203910498378
fire_01764,247.05348,13.0,248.0,-0.3746065934159123,-0.9271838545667873
fire_01765,111.64369,1.0,113.0,-0.3907311284892738,0.9205048534524403
fire_01766,773.50085,5.0,288.0,0.30901699437494723,-0.9510565162951536
fire_01767,593.97375,13.0,42.0,0.7431448254773942,0.6691306063588582
fire_01768,1166.0782,16.0,252.0,-0.30901699437494756,-0.9510565162951535
fire_01769,754.70874,3.0,31.0,0.8571673007021123,0.5150380749100542
fire_01770,455.604,21.0,196.0,-0.9612616959383189,-0.275637355816999
fire_01771,441.64044,0.0,139.0,-0.754709580222772,0.6560590289905073
fire_01772,232.07187,1.0,253.0,-0.2923717047227371,-0.9563047559630353
fire_01773,173.55173,3.0,248.0,-0.3746065934159123,-0.9271838545667873
fire_01774,607.84686,13.0,10.0,0.984807753012208,0.17364817766693033
fire_01775,488.34525,3.0,97.0,-0.12186934340514737,0.9925461516413221
fire_01776,171.86806,7.0,234.0,-0.5877852522924732,-0.8090169943749473
fire_01777,481.15903,5.0,13.0,0.9743700647852352,0.224951054343865
fire_01778,14.773995,0.0,301.0,0.5150380749100542,-0.8571673007021123
fire_01779,1099.2065,6.0,271.0,0.01745240643728313,-0.9998476951563913
fire_01780,167.6351,10.0,285.0,0.2588190451025203,-0.9659258262890684
fire_01781,869.13727,8.0,205.0,-0.90630778703665,-0.4226182617406993
fire_01782,248.30424,15.0,301.0,0.5150380749100542,-0.8571673007021123
fire_01783,330.89514,6.0,278.0,0.13917310096006547,-0.9902680687415704
fire_01784,543.50555,12.0,231.0,-0.6293203910498378,-0.7771459614569706
fire_01785,452.0709,5.0,238.0,-0.529919264233205,-0.848048096156426
fire_01786,317.80847,9.0,249.0,-0.3583679495453007,-0.9335804264972016
fire_01787,419.62668,3.0,245.0,-0.42261826174069916,-0.9063077870366502
fire_01788,249.76724,5.0,343.0,0.9563047559630353,-0.29237170472273716
fire_01789,364.2325,20.0,186.0,-0.9945218953682733,-0.1045284632676535
fire_01790,482.41312,6.0,53.0,0.6018150231520484,0.7986355100472928
fire_01791,419.74405,8.0,128.0,-0.6156614753256583,0.788010753606722
fire_01792,440.51227,7.0,316.0,0.7193398003386509,-0.6946583704589976
fire_01793,466.55933,5.0,180.0,-1.0,1.2246467991473532e-16
fire_01794,1662.3599,16.0,260.0,-0.17364817766693033,-0.984807753012208
fire_01795,1776.5304,8.0,269.0,-0.017452406437283498,-0.9998476951563913
fire_01796,-16.108622,4.0,213.0,-0.838670567945424,-0.5446390350150271
fire_01797,316.6444,4.0,256.0,-0.24192189559966779,-0.9702957262759965
fire_01798,1122.7855,5.0,99.0,-0.1564344650402308,0.9876883405951378
fire_01799,291.526,4.0,58.0,0.5299192642332049,0.8480480961564261
fire_01800,934.0964,7.0,200.0,-0.9396926207859084,-0.34202014332566866
fire_01801,228.0535,1.0,116.0,-0.4383711467890775,0.8987940462991669
fire_01802,49.18068,0.0,98.0,-0.13917310096006535,0.9902680687415704
fire_01803,171.71844,2.0,61.0,0.4848096202463371,0.8746197071393957
fire_01804,223.86147,2.0,15.0,0.9659258262890683,0.25881904510252074
fire_01805,801.6038,6.0,158.0,-0.9271838545667873,0.37460659341591224
fire_01806,201.09885,4.0,92.0,-0.034899496702500955,0.9993908270190958
fire_01807,97.55524,1.0,255.0,-0.25881904510252063,-0.9659258262890683
fire_01808,577.05475,3.0,194.0,-0.9702957262759965,-0.2419218955996675
fire_01809,508.0836,12.0,31.0,0.8571673007021123,0.5150380749100542
fire_01810,273.35028,2.0,48.0,0.6691306063588582,0.7431448254773942
fire_01811,167.8788,2.0,70.0,0.3420201433256688,0.9396926207859083
fire_01812,164.01901,2.0,83.0,0.12186934340514749,0.992546151641322
fire_01813,805.781,18.0,266.0,-0.06975647374412558,-0.9975640502598242
fire_01814,1012.70435,5.0,39.0,0.7771459614569709,0.6293203910498374
fire_01815,798.734,2.0,267.0,-0.052335956242944306,-0.9986295347545738
fire_01816,361.97122,7.0,204.0,-0.9135454576426009,-0.4067366430758002
fire_01817,727.95746,7.0,209.0,-0.8746197071393959,-0.48480962024633695
fire_01818,33.13444,0.0,250.0,-0.34202014332566855,-0.9396926207859084
fire_01819,560.0291,15.0,170.0,-0.984807753012208,0.17364817766693028
fire_01820,689.42566,9.0,204.0,-0.9135454576426009,-0.4067366430758002
fire_01821,582.60895,3.0,1.0,0.9998476951563913,0.01745240643728351
fire_01822,401.80548,9.0,116.0,-0.4383711467890775,0.8987940462991669
fire_01823,487.5632,4.0,142.0,-0.7880107536067219,0.6156614753256584
fire_01824,527.486,12.0,48.0,0.6691306063588582,0.7431448254773942
fire_01825,64.459816,0.0,119.0,-0.484809620246337,0.8746197071393959
fire_01826,244.96922,3.0,116.0,-0.4383711467890775,0.8987940462991669
fire_01827,1555.8933,2.0,270.0,-1.8369701987210297e-16,-1.0
fire_01828,63.913914,1.0,253.0,-0.2923717047227371,-0.9563047559630353
fire_01829,30.623684,0.0,136.0,-0.7193398003386513,0.6946583704589971
fire_01830,571.18604,12.0,27.0,0.8910065241883679,0.45399049973954675
fire_01831,626.79865,3.0,306.0,0.5877852522924729,-0.8090169943749476
fire_01832,740.8265,10.0,354.0,0.9945218953682733,-0.10452846326765342
fire_01833,729.7036,0.0,100.0,-0.1736481776669303,0.984807753012208
fire_01834,121.5291,4.0,75.0,0.25881904510252074,0.9659258262890683
fire_01835,84.79959,0.0,281.0,0.1908089953765451,-0.9816271834476639
fire_01836,209.56099,11.0,192.0,-0.9781476007338056,-0.2079116908177595
fire_01837,63.13965,1.0,280.0,0.17364817766692997,-0.9848077530122081
fire_01838,191.10869,6.0,180.0,-1.0,1.2246467991473532e-16
fire_01839,1003.2209,6.0,39.0,0.7771459614569709,0.6293203910498374
fire_01840,141.75212,1.0,76.0,0.24192189559966767,0.9702957262759965
fire_01841,765.04565,3.0,14.0,0.9702957262759965,0.24192189559966773
fire_01842,602.5405,15.0,244.0,-0.43837114678907774,-0.8987940462991668
fire_01843,334.47116,5.0,134.0,-0.6946583704589974,0.7193398003386511
fire_01844,125.954765,1.0,77.0,0.22495105434386492,0.9743700647852352
fire_01845,440.205,5.0,53.0,0.6018150231520484,0.7986355100472928
fire_01846,749.4521,5.0,60.0,0.5000000000000001,0.8660254037844386
fire_01847,26.770794,0.0,279.0,0.15643446504023067,-0.9876883405951378
fire_01848,48.166523,0.0,215.0,-0.8191520442889918,-0.5735764363510462
fire_01849,105.52769,0.0,208.0,-0.8829475928589269,-0.46947156278589086
fire_01850,138.44115,2.0,249.0,-0.3583679495453007,-0.9335804264972016
fire_01851,109.75527,1.0,150.0,-0.8660254037844387,0.49999999999999994
fire_01852,148.35829,1.0,24.0,0.9135454576426009,0.4067366430758002
fire_01853,1190.5682,5.0,251.0,-0.32556815445715664,-0.9455185755993168
fire_01854,670.36707,9.0,225.0,-0.7071067811865477,-0.7071067811865475
fire_01855,111.369774,1.0,244.0,-0.43837114678907774,-0.8987940462991668
fire_01856,130.02121,0.0,229.0,-0.6560590289905073,-0.754709580222772
fire_01857,53.23259,0.0,270.0,-1.8369701987210297e-16,-1.0
fire_01858,582.9941,0.0,54.0,0.5877852522924731,0.8090169943749475
fire_01859,589.08344,0.0,37.0,0.7986355100472928,0.6018150231520483
fire_01860,599.96124,12.0,73.0,0.29237170472273677,0.9563047559630354
fire_01861,723.77356,0.0,127.0,-0.6018150231520484,0.7986355100472927
fire_01862,142.67311,1.0,223.0,-0.7313537016191706,-0.6819983600624984
fire_01863,201.32028,1.0,215.0,-0.8191520442889918,-0.5735764363510462
fire_01864,810.40326,7.0,3.0,0.9986295347545738,0.052335956242943835
fire_01865,631.3492,1.0,346.0,0.9702957262759965,-0.24192189559966787
fire_01866,86.34015,0.0,304.0,0.559192903470747,-0.8290375725550416
fire_01867,241.01859,6.0,187.0,-0.9925461516413221,-0.12186934340514731
fire_01868,164.00632,3.0,277.0,0.12186934340514768,-0.992546151641322
fire_01869,189.72499,4.0,158.0,-0.9271838545667873,0.37460659341591224
fire_01870,489.169,17.0,191.0,-0.981627183447664,-0.19080899537654472
fire_01871,85.2802,0.0,247.0,-0.3907311284892738,-0.9205048534524403
fire_01872,492.31244,3.0,262.0,-0.13917310096006583,-0.9902680687415703
fire_01873,813.809,5.0,220.0,-0.766044443118978,-0.6427876096865393
fire_01874,912.79565,10.0,324.0,0.8090169943749473,-0.5877852522924734
fire_01875,116.30399,1.0,67.0,0.3907311284892737,0.9205048534524404
fire_01876,1068.8179,8.0,202.0,-0.9271838545667874,-0.374606593415912
fire_01877,320.18484,1.0,335.0,0.90630778703665,-0.4226182617406992
fire_01878,42.11289,0.0,28.0,0.882947592858927,0.4694715627858908
fire_01879,492.86288,4.0,29.0,0.8746197071393957,0.48480962024633706
fire_01880,267.0621,7.0,143.0,-0.7986355100472929,0.6018150231520482
fire_01881,623.2592,1.0,79.0,0.19080899537654492,0.981627183447664
fire_01882,129.64989,7.0,234.0,-0.5877852522924732,-0.8090169943749473
fire_01883,155.9999,2.0,50.0,0.6427876096865394,0.766044443118978
fire_01884,138.266,2.0,130.0,-0.6427876096865394,0.766044443118978
fire_01885,796.4369,2.0,253.0,-0.2923717047227371,-0.9563047559630353
fire_01886,749.60315,1.0,85.0,0.08715574274765814,0.9961946980917455
fire_01887,889.2541,14.0,98.0,-0.13917310096006535,0.9902680687415704
fire_01888,65.87526,0.0,34.0,0.8290375725550417,0.5591929034707469
fire_01889,170.5666,3.0,42.0,0.7431448254773942,0.6691306063588582
fire_01890,106.72409,1.0,94.0,-0.06975647374412533,0.9975640502598242
fire_01891,325.6052,7.0,261.0,-0.15643446504023104,-0.9876883405951377
fire_01892,380.4672,3.0,6.0,0.9945218953682733,0.10452846326765347
fire_01893,103.04867,9.0,63.0,0.4539904997395468,0.8910065241883678
fire_01894,951.93774,2.0,26.0,0.898794046299167,0.4383711467890774
fire_01895,1278.6437,23.0,53.0,0.6018150231520484,0.7986355100472928
fire_01896,199.22374,4.0,258.0,-0.2079116908177598,-0.9781476007338056
fire_01897,294.64865,2.0,292.0,0.37460659341591196,-0.9271838545667874
fire_01898,154.69913,5.0,273.0,0.052335956242943946,-0.9986295347545738
fire_01899,230.0559,1.0,291.0,0.3583679495453004,-0.9335804264972017
fire_01900,1066.9293,8.0,156.0,-0.9135454576426008,0.40673664307580043
fire_01901,90.93557,6.0,40.0,0.766044443118978,0.6427876096865393
fire_01902,979.0499,4.0,1.0,0.9998476951563913,0.01745240643728351
fire_01903,97.48935,0.0,93.0,-0.05233595624294384,0.9986295347545738
fire_01904,107.39108,1.0,179.0,-0.9998476951563913,0.01745240643728344
fire_01905,255.28073,2.0,356.0,0.9975640502598242,-0.06975647374412564
fire_01906,823.6734,5.0,240.0,-0.5000000000000004,-0.8660254037844385
fire_01907,340.839,4.0,3.0,0.9986295347545738,0.052335956242943835
fire_01908,116.954704,3.0,326.0,0.8290375725550418,-0.5591929034707466
fire_01909,996.9249,9.0,14.0,0.9702957262759965,0.24192189559966773
fire_01910,499.21814,4.0,155.0,-0.9063077870366499,0.4226182617406995
fire_01911,158.63182,3.0,58.0,0.5299192642332049,0.8480480961564261
fire_01912,755.4105,1.0,56.0,0.5591929034707468,0.8290375725550417
fire_01913,691.8074,1.0,37.0,0.7986355100472928,0.6018150231520483
fire_01914,220.59663,2.0,261.0,-0.15643446504023104,-0.9876883405951377
fire_01915,590.9743,0.0,154.0,-0.898794046299167,0.4383711467890773
fire_01916,81.55163,1.0,285.0,0.2588190451025203,-0.9659258262890684
fire_01917,1031.5765,3.0,12.0,0.9781476007338057,0.20791169081775934
fire_01918,73.03676,1.0,347.0,0.9743700647852351,-0.22495105434386534
fire_01919,1391.3585,1.0,217.0,-0.7986355100472928,-0.6018150231520484
fire_01920,85.119545,1.0,236.0,-0.5591929034707466,-0.8290375725550418
fire_01921,218.13057,8.0,285.0,0.2588190451025203,-0.9659258262890684
fire_01922,1194.8835,8.0,182.0,-0.9993908270190958,-0.0348994967025009
fire_01923,40.24668,1.0,264.0,-0.10452846326765336,-0.9945218953682734
fire_01924,528.75934,7.0,234.0,-0.5877852522924732,-0.8090169943749473
fire_01925,359.3565,10.0,217.0,-0.7986355100472928,-0.6018150231520484
fire_01926,690.346,2.0,324.0,0.8090169943749473,-0.5877852522924734
fire_01927,740.2188,1.0,76.0,0.24192189559966767,0.9702957262759965
fire_01928,995.11835,7.0,348.0,0.9781476007338056,-0.20791169081775987
fire_01929,36.73847,1.0,310.0,0.6427876096865393,-0.7660444431189781
fire_01930,713.5411,1.0,178.0,-0.9993908270190958,0.03489949670250114
fire_01931,230.15483,7.0,4.0,0.9975640502598242,0.0697564737441253
fire_01932,915.80896,12.0,50.0,0.6427876096865394,0.766044443118978
fire_01933,1066.4546,3.0,128.0,-0.6156614753256583,0.788010753606722
fire_01934,30.867151,0.0,336.0,0.913545457642601,-0.40673664307580015
fire_01935,733.1313,2.0,53.0,0.6018150231520484,0.7986355100472928
fire_01936,325.76913,7.0,158.0,-0.9271838545667873,0.37460659341591224
fire_01937,487.5632,4.0,142.0,-0.7880107536067219,0.6156614753256584
fire_01938,346.9878,16.0,87.0,0.052335956242943966,0.9986295347545738
fire_01939,42.877884,0.0,276.0,0.10452846326765299,-0.9945218953682734
fire_01940,88.77206,0.0,269.0,-0.017452406437283498,-0.9998476951563913
fire_01941,416.14246,1.0,294.0,0.40673664307579976,-0.9135454576426011
fire_01942,232.06519,6.0,262.0,-0.13917310096006583,-0.9902680687415703
fire_01943,215.31175,4.0,299.0,0.4848096202463373,-0.8746197071393956
fire_01944,49.482998,0.0,265.0,-0.08715574274765825,-0.9961946980917455
fire_01945,410.215,8.0,271.0,0.01745240643728313,-0.9998476951563913
fire_01946,28.471516,0.0,51.0,0.6293203910498375,0.7771459614569709
fire_01947,335.07935,4.0,268.0,-0.03489949670250076,-0.9993908270190958
fire_01948,162.65839,5.0,38.0,0.7880107536067219,0.6156614753256583
fire_01949,480.132,12.0,76.0,0.24192189559966767,0.9702957262759965
fire_01950,210.0682,2.0,231.0,-0.6293203910498378,-0.7771459614569706
fire_01951,34.59837,0.0,338.0,0.9271838545667873,-0.37460659341591235
fire_01952,326.11145,9.0,2.0,0.9993908270190958,0.03489949670250097
fire_01953,48.298637,3.0,255.0,-0.25881904510252063,-0.9659258262890683
fire_01954,562.8149,5.0,193.0,-0.9743700647852352,-0.22495105434386498
fire_01955,26.770794,0.0,279.0,0.15643446504023067,-0.9876883405951378
fire_01956,86.50806,3.0,13.0,0.9743700647852352,0.224951054343865
fire_01957,629.73584,7.0,223.0,-0.7313537016191706,-0.6819983600624984
fire_01958,276.06927,3.0,39.0,0.7771459614569709,0.6293203910498374
fire_01959,170.77753,3.0,107.0,-0.29237170472273666,0.9563047559630355
fire_01960,225.7921,1.0,205.0,-0.90630778703665,-0.4226182617406993
fire_01961,311.3535,9.0,251.0,-0.32556815445715664,-0.9455185755993168
fire_01962,535.503,7.0,248.0,-0.3746065934159123,-0.9271838545667873
fire_01963,144.83524,1.0,53.0,0.6018150231520484,0.7986355100472928
fire_01964,148.14296,9.0,227.0,-0.6819983600624986,-0.7313537016191705
fire_01965,660.798,10.0,336.0,0.913545457642601,-0.40673664307580015
fire_01966,781.61127,1.0,149.0,-0.8571673007021122,0.5150380749100544
fire_01967,199.3351,3.0,281.0,0.1908089953765451,-0.9816271834476639
fire_01968,152.44624,2.0,190.0,-0.984807753012208,-0.17364817766693047
fire_01969,560.10675,11.0,113.0,-0.3907311284892738,0.9205048534524403
fire_01970,97.9953,3.0,297.0,0.45399049973954664,-0.891006524188368
fire_01971,26.97532,0.0,275.0,0.08715574274765789,-0.9961946980917455
fire_01972,80.227974,1.0,213.0,-0.838670567945424,-0.5446390350150271
fire_01973,146.76398,2.0,250.0,-0.34202014332566855,-0.9396926207859084
fire_01974,543.4699,15.0,263.0,-0.12186934340514717,-0.9925461516413221
fire_01975,269.66333,1.0,11.0,0.981627183447664,0.1908089953765448
fire_01976,208.30617,14.0,256.0,-0.24192189559966779,-0.9702957262759965
fire_01977,295.9708,9.0,208.0,-0.8829475928589269,-0.46947156278589086
fire_01978,128.36023,0.0,255.0,-0.25881904510252063,-0.9659258262890683
fire_01979,311.6013,5.0,201.0,-0.9335804264972017,-0.35836794954530043
fire_01980,69.39768,0.0,200.0,-0.9396926207859084,-0.34202014332566866
fire_01981,105.720695,2.0,78.0,0.20791169081775945,0.9781476007338056
fire_01982,603.3877,13.0,191.0,-0.981627183447664,-0.19080899537654472
fire_01983,764.46405,1.0,102.0,-0.20791169081775934,0.9781476007338057
fire_01984,1387.1327,2.0,117.0,-0.45399049973954675,0.8910065241883679
fire_01985,83.07651,2.0,92.0,-0.034899496702500955,0.9993908270190958
fire_01986,81.3553,3.0,58.0,0.5299192642332049,0.8480480961564261
fire_01987,316.79602,3.0,248.0,-0.3746065934159123,-0.9271838545667873
fire_01988,106.651665,3.0,296.0,0.4383711467890774,-0.898794046299167
fire_01989,2376.4905,8.0,358.0,0.9993908270190958,-0.034899496702500823
fire_01990,334.7818,2.0,320.0,0.7660444431189778,-0.6427876096865396
fire_01991,235.23387,2.0,237.0,-0.544639035015027,-0.8386705679454242
fire_01992,2050.8792,4.0,258.0,-0.2079116908177598,-0.9781476007338056
fire_01993,380.12717,2.0,55.0,0.573576436351046,0.8191520442889918
fire_01994,639.43274,2.0,88.0,0.03489949670250108,0.9993908270190958
fire_01995,616.01117,4.0,200.0,-0.9396926207859084,-0.34202014332566866
fire_01996,157.1927,3.0,256.0,-0.24192189559966779,-0.9702957262759965
fire_01997,713.5411,1.0,178.0,-0.9993908270190958,0.03489949670250114
fire_01998,762.61224,9.0,82.0,0.13917310096006547,0.9902680687415704
fire_01999,504.54593,2.0,251.0,-0.32556815445715664,-0.9455185755993168
fire_02000,946.8233,5.0,77.0,0.22495105434386492,0.9743700647852352
fire_02001,372.10193,3.0,171.0,-0.9876883405951377,0.15643446504023098
fire_02002,372.91592,8.0,15.0,0.9659258262890683,0.25881904510252074
fire_02003,589.1619,1.0,62.0,0.46947156278589086,0.8829475928589269
fire_02004,369.4201,4.0,92.0,-0.034899496702500955,0.9993908270190958
fire_02005,983.78253,2.0,128.0,-0.6156614753256583,0.788010753606722
fire_02006,1000.3182,1.0,170.0,-0.984807753012208,0.17364817766693028
fire_02007,1004.33234,2.0,22.0,0.9271838545667874,0.374606593415912
fire_02008,1242.2792,10.0,35.0,0.8191520442889918,0.573576436351046
fire_02009,1283.0583,5.0,207.0,-0.8910065241883679,-0.45399049973954664
fire_02010,510.9385,22.0,227.0,-0.6819983600624986,-0.7313537016191705
fire_02011,93.55882,4.0,173.0,-0.992546151641322,0.12186934340514755
fire_02012,398.89902,3.0,80.0,0.17364817766693041,0.984807753012208
fire_02013,11.197976,1.0,240.0,-0.5000000000000004,-0.8660254037844385
fire_02014,562.7637,4.0,224.0,-0.7193398003386511,-0.6946583704589973
fire_02015,444.37885,11.0,263.0,-0.12186934340514717,-0.9925461516413221
fire_02016,586.12134,11.0,154.0,-0.898794046299167,0.4383711467890773
fire_02017,945.76044,5.0,102.0,-0.20791169081775934,0.9781476007338057
fire_02018,524.3314,3.0,202.0,-0.9271838545667874,-0.374606593415912
fire_02019,497.12036,14.0,313.0,0.6819983600624986,-0.7313537016191703
fire_02020,371.103,6.0,194.0,-0.9702957262759965,-0.2419218955996675
fire_02021,259.34622,1.0,6.0,0.9945218953682733,0.10452846326765347
fire_02022,753.3179,7.0,282.0,0.20791169081775943,-0.9781476007338056
fire_02023,1793.4319,24.0,239.0,-0.5150380749100544,-0.8571673007021121
fire_02024,1241.813,3.0,51.0,0.6293203910498375,0.7771459614569709
fire_02025,432.44818,2.0,26.0,0.898794046299167,0.4383711467890774
fire_02026,30.074871,0.0,218.0,-0.788010753606722,-0.6156614753256582
fire_02027,234.32726,1.0,132.0,-0.6691306063588582,0.7431448254773942
fire_02028,158.56061,3.0,32.0,0.848048096156426,0.5299192642332049
fire_02029,93.79601,2.0,253.0,-0.2923717047227371,-0.9563047559630353
fire_02030,37.5154,0.0,288.0,0.30901699437494723,-0.9510565162951536
fire_02031,914.74896,4.0,49.0,0.6560590289905073,0.754709580222772
fire_02032,159.75386,5.0,40.0,0.766044443118978,0.6427876096865393
fire_02033,536.396,5.0,36.0,0.8090169943749475,0.5877852522924731
fire_02034,150.06932,0.0,152.0,-0.882947592858927,0.4694715627858907
fire_02035,95.23605,0.0,239.0,-0.5150380749100544,-0.8571673007021121
fire_02036,57.4265,2.0,317.0,0.7313537016191707,-0.6819983600624983
fire_02037,742.5991,11.0,212.0,-0.8480480961564261,-0.5299192642332048
fire_02038,511.31067,3.0,222.0,-0.7431448254773942,-0.6691306063588582
fire_02039,1000.8151,2.0,30.0,0.8660254037844387,0.49999999999999994
fire_02040,402.40372,11.0,223.0,-0.7313537016191706,-0.6819983600624984
fire_02041,78.40154,0.0,246.0,-0.4067366430758001,-0.913545457642601
fire_02042,86.40089,0.0,236.0,-0.5591929034707466,-0.8290375725550418
fire_02043,68.548294,1.0,239.0,-0.5150380749100544,-0.8571673007021121
fire_02044,355.22455,5.0,270.0,-1.8369701987210297e-16,-1.0
fire_02045,586.1906,9.0,201.0,-0.9335804264972017,-0.35836794954530043
fire_02046,210.28888,1.0,171.0,-0.9876883405951377,0.15643446504023098
fire_02047,849.4464,12.0,234.0,-0.5877852522924732,-0.8090169943749473
fire_02048,486.8556,2.0,247.0,-0.3907311284892738,-0.9205048534524403
fire_02049,300.4926,5.0,13.0,0.9743700647852352,0.224951054343865
fire_02050,236.90762,1.0,355.0,0.9961946980917455,-0.08715574274765832
fire_02051,141.93396,6.0,244.0,-0.43837114678907774,-0.8987940462991668
fire_02052,745.59766,4.0,203.0,-0.9205048534524404,-0.39073112848927355
fire_02053,925.07965,3.0,221.0,-0.7547095802227721,-0.656059028990507
fire_02054,903.09686,1.0,72.0,0.30901699437494745,0.9510565162951535
fire_02055,499.16177,18.0,269.0,-0.017452406437283498,-0.9998476951563913
fire_02056,394.04373,5.0,245.0,-0.42261826174069916,-0.9063077870366502
fire_02057,189.03172,1.0,301.0,0.5150380749100542,-0.8571673007021123
fire_02058,123.0032,1.0,353.0,0.9925461516413221,-0.12186934340514723
fire_02059,2132.2856,25.0,52.0,0.6156614753256583,0.788010753606722
fire_02060,562.10803,5.0,155.0,-0.9063077870366499,0.4226182617406995
fire_02061,1378.575,3.0,275.0,0.08715574274765789,-0.9961946980917455
fire_02062,1772.7078,29.0,335.0,0.90630778703665,-0.4226182617406992
fire_02063,57.272755,1.0,34.0,0.8290375725550417,0.5591929034707469
fire_02064,219.47055,1.0,263.0,-0.12186934340514717,-0.9925461516413221
fire_02065,173.97649,1.0,185.0,-0.9961946980917455,-0.08715574274765794
fire_02066,646.51294,7.0,198.0,-0.9510565162951536,-0.3090169943749473
fire_02067,824.055,5.0,348.0,0.9781476007338056,-0.20791169081775987
fire_02068,264.4691,1.0,17.0,0.9563047559630354,0.29237170472273677
fire_02069,525.7172,5.0,6.0,0.9945218953682733,0.10452846326765347
fire_02070,355.29224,6.0,178.0,-0.9993908270190958,0.03489949670250114
fire_02071,79.966286,1.0,95.0,-0.08715574274765824,0.9961946980917455
fire_02072,724.8864,0.0,4.0,0.9975640502598242,0.0697564737441253
fire_02073,433.7365,4.0,37.0,0.7986355100472928,0.6018150231520483
fire_02074,1158.2156,12.0,6.0,0.9945218953682733,0.10452846326765347
fire_02075,640.92413,2.0,263.0,-0.12186934340514717,-0.9925461516413221
fire_02076,423.57956,20.0,253.0,-0.2923717047227371,-0.9563047559630353
fire_02077,197.01843,1.0,266.0,-0.06975647374412558,-0.9975640502598242
fire_02078,1545.4395,4.0,316.0,0.7193398003386509,-0.6946583704589976
fire_02079,103.60286,3.0,275.0,0.08715574274765789,-0.9961946980917455
fire_02080,952.5413,11.0,219.0,-0.7771459614569708,-0.6293203910498376
fire_02081,888.3447,6.0,183.0,-0.9986295347545738,-0.052335956242943564
fire_02082,477.2881,3.0,256.0,-0.24192189559966779,-0.9702957262759965
fire_02083,37.135178,0.0,27.0,0.8910065241883679,0.45399049973954675
fire_02084,418.14383,7.0,304.0,0.559192903470747,-0.8290375725550416
fire_02085,30.164146,0.0,354.0,0.9945218953682733,-0.10452846326765342
fire_02086,96.65891,0.0,213.0,-0.838670567945424,-0.5446390350150271
fire_02087,853.00964,8.0,243.0,-0.4539904997395469,-0.8910065241883678
fire_02088,883.6495,6.0,29.0,0.8746197071393957,0.48480962024633706
fire_02089,1485.852,20.0,141.0,-0.7771459614569709,0.6293203910498374
fire_02090,2355.0798,9.0,146.0,-0.8290375725550416,0.5591929034707469
fire_02091,729.14703,1.0,32.0,0.848048096156426,0.5299192642332049
fire_02092,551.5334,17.0,227.0,-0.6819983600624986,-0.7313537016191705
fire_02093,2338.3264,19.0,318.0,0.7431448254773942,-0.6691306063588581
fire_02094,1295.3943,3.0,247.0,-0.3907311284892738,-0.9205048534524403
fire_02095,1360.1497,6.0,292.0,0.37460659341591196,-0.9271838545667874
fire_02096,1122.5552,2.0,101.0,-0.1908089953765448,0.981627183447664
fire_02097,200.6693,9.0,41.0,0.754709580222772,0.6560590289905073
fire_02098,537.4767,5.0,305.0,0.573576436351046,-0.8191520442889918
fire_02099,1186.8757,6.0,37.0,0.7986355100472928,0.6018150231520483
fire_02100,1013.9726,5.0,206.0,-0.8987940462991669,-0.43837114678907746
fire_02101,1706.3766,7.0,251.0,-0.32556815445715664,-0.9455185755993168
fire_02102,73.18059,0.0,77.0,0.22495105434386492,0.9743700647852352
fire_02103,124.833275,0.0,236.0,-0.5591929034707466,-0.8290375725550418
fire_02104,907.88184,10.0,140.0,-0.7660444431189779,0.6427876096865395
fire_02105,70.17769,0.0,72.0,0.30901699437494745,0.9510565162951535
fire_02106,1259.1605,2.0,358.0,0.9993908270190958,-0.034899496702500823
fire_02107,421.7097,4.0,219.0,-0.7771459614569708,-0.6293203910498376
fire_02108,1181.9216,20.0,92.0,-0.034899496702500955,0.9993908270190958
fire_02109,862.47754,5.0,250.0,-0.34202014332566855,-0.9396926207859084
fire_02110,2385.2683,33.0,356.0,0.9975640502598242,-0.06975647374412564
fire_02111,336.34857,9.0,6.0,0.9945218953682733,0.10452846326765347
fire_02112,144.6352,1.0,332.0,0.882947592858927,-0.4694715627858908
fire_02113,164.08305,3.0,76.0,0.24192189559966767,0.9702957262759965
fire_02114,106.20454,0.0,32.0,0.848048096156426,0.5299192642332049
fire_02115,433.7365,4.0,37.0,0.7986355100472928,0.6018150231520483
fire_02116,63.14285,1.0,205.0,-0.90630778703665,-0.4226182617406993
fire_02117,785.73083,1.0,3.0,0.9986295347545738,0.052335956242943835
fire_02118,480.82617,3.0,301.0,0.5150380749100542,-0.8571673007021123
fire_02119,839.1252,12.0,253.0,-0.2923717047227371,-0.9563047559630353
fire_02120,499.09915,9.0,327.0,0.838670567945424,-0.544639035015027
fire_02121,249.9335,3.0,284.0,0.24192189559966742,-0.9702957262759966
fire_02122,1227.6766,13.0,355.0,0.9961946980917455,-0.08715574274765832
fire_02123,686.21625,7.0,115.0,-0.42261826174069933,0.90630778703665
fire_02124,438.45367,2.0,134.0,-0.6946583704589974,0.7193398003386511
fire_02125,401.833,8.0,139.0,-0.754709580222772,0.6560590289905073
fire_02126,113.816536,1.0,259.0,-0.1908089953765446,-0.981627183447664
fire_02127,776.01514,8.0,236.0,-0.5591929034707466,-0.8290375725550418
fire_02128,278.36493,4.0,255.0,-0.25881904510252063,-0.9659258262890683
fire_02129,315.103,4.0,311.0,0.656059028990507,-0.7547095802227722
fire_02130,190.8002,2.0,103.0,-0.22495105434386503,0.9743700647852352
fire_02131,590.9795,3.0,21.0,0.9335804264972017,0.35836794954530027
fire_02132,329.24805,9.0,328.0,0.8480480961564258,-0.529919264233205
fire_02133,361.23578,2.0,10.0,0.984807753012208,0.17364817766693033
fire_02134,1446.5756,12.0,265.0,-0.08715574274765825,-0.9961946980917455
fire_02135,1518.492,6.0,100.0,-0.1736481776669303,0.984807753012208
fire_02136,586.1906,9.0,201.0,-0.9335804264972017,-0.35836794954530043
fire_02137,381.91385,5.0,14.0,0.9702957262759965,0.24192189559966773
fire_02138,741.3653,10.0,161.0,-0.9455185755993168,0.3255681544571566
fire_02139,452.7319,2.0,129.0,-0.6293203910498373,0.777145961456971
fire_02140,91.32391,5.0,252.0,-0.30901699437494756,-0.9510565162951535
fire_02141,67.09928,0.0,89.0,0.0174524064372836,0.9998476951563913
fire_02142,2420.036,6.0,1.0,0.9998476951563913,0.01745240643728351
fire_02143,840.9509,3.0,91.0,-0.017452406437283477,0.9998476951563913
fire_02144,792.957,13.0,33.0,0.838670567945424,0.5446390350150271
fire_02145,93.15581,0.0,276.0,0.10452846326765299,-0.9945218953682734
fire_02146,988.3374,6.0,264.0,-0.10452846326765336,-0.9945218953682734
fire_02147,670.7414,4.0,225.0,-0.7071067811865477,-0.7071067811865475
fire_02148,142.25389,1.0,12.0,0.9781476007338057,0.20791169081775934
fire_02149,236.55528,6.0,221.0,-0.7547095802227721,-0.656059028990507
fire_02150,1269.013,4.0,269.0,-0.017452406437283498,-0.9998476951563913
fire_02151,1994.599,8.0,148.0,-0.848048096156426,0.5299192642332049
fire_02152,85.09919,2.0,49.0,0.6560590289905073,0.754709580222772
fire_02153,74.21156,1.0,244.0,-0.43837114678907774,-0.8987940462991668
fire_02154,204.56859,5.0,76.0,0.24192189559966767,0.9702957262759965
fire_02155,412.3764,5.0,251.0,-0.32556815445715664,-0.9455185755993168
fire_02156,407.38855,6.0,354.0,0.9945218953682733,-0.10452846326765342
fire_02157,428.81342,15.0,54.0,0.5877852522924731,0.8090169943749475
fire_02158,218.63417,7.0,247.0,-0.3907311284892738,-0.9205048534524403
fire_02159,1016.41516,2.0,39.0,0.7771459614569709,0.6293203910498374
fire_02160,40.115047,1.0,49.0,0.6560590289905073,0.754709580222772
fire_02161,136.0518,3.0,12.0,0.9781476007338057,0.20791169081775934
fire_02162,172.96207,3.0,176.0,-0.9975640502598242,0.06975647374412552
fire_02163,95.09173,0.0,224.0,-0.7193398003386511,-0.6946583704589973
fire_02164,296.38504,2.0,235.0,-0.5735764363510464,-0.8191520442889916
fire_02165,311.23734,8.0,46.0,0.6946583704589973,0.7193398003386512
fire_02166,452.66547,3.0,242.0,-0.46947156278589075,-0.882947592858927
fire_02167,480.78046,4.0,56.0,0.5591929034707468,0.8290375725550417
fire_02168,393.70654,6.0,228.0,-0.6691306063588581,-0.7431448254773944
fire_02169,841.055,18.0,305.0,0.573576436351046,-0.8191520442889918
fire_02170,2127.4683,32.0,348.0,0.9781476007338056,-0.20791169081775987
fire_02171,6.745153,6.0,271.0,0.01745240643728313,-0.9998476951563913
fire_02172,1154.2875,3.0,241.0,-0.48480962024633684,-0.8746197071393959
fire_02173,195.36996,2.0,76.0,0.24192189559966767,0.9702957262759965
fire_02174,514.1328,2.0,148.0,-0.848048096156426,0.5299192642332049
fire_02175,975.3675,14.0,261.0,-0.15643446504023104,-0.9876883405951377
fire_02176,840.0411,21.0,16.0,0.9612616959383189,0.27563735581699916
fire_02177,327.8905,3.0,268.0,-0.03489949670250076,-0.9993908270190958
fire_02178,1644.7345,5.0,347.0,0.9743700647852351,-0.22495105434386534
fire_02179,316.5232,2.0,269.0,-0.017452406437283498,-0.9998476951563913
fire_02180,777.18286,16.0,320.0,0.7660444431189778,-0.6427876096865396
fire_02181,1257.1975,21.0,3.0,0.9986295347545738,0.052335956242943835
fire_02182,2411.3875,27.0,156.0,-0.9135454576426008,0.40673664307580043
fire_02183,407.02136,6.0,79.0,0.19080899537654492,0.981627183447664
fire_02184,425.42178,3.0,219.0,-0.7771459614569708,-0.6293203910498376
fire_02185,53.026154,0.0,225.0,-0.7071067811865477,-0.7071067811865475
fire_02186,210.5832,0.0,156.0,-0.9135454576426008,0.40673664307580043
fire_02187,424.63864,3.0,229.0,-0.6560590289905073,-0.754709580222772
fire_02188,1308.5364,4.0,107.0,-0.29237170472273666,0.9563047559630355
fire_02189,119.31049,2.0,266.0,-0.06975647374412558,-0.9975640502598242
fire_02190,139.06175,9.0,15.0,0.9659258262890683,0.25881904510252074
fire_02191,2120.638,5.0,302.0,0.5299192642332047,-0.8480480961564261
fire_02192,438.10767,6.0,162.0,-0.9510565162951535,0.3090169943749475
fire_02193,233.43863,3.0,84.0,0.10452846326765346,0.9945218953682733
fire_02194,357.28952,5.0,289.0,0.3255681544571563,-0.945518575599317
fire_02195,546.75995,6.0,215.0,-0.8191520442889918,-0.5735764363510462
fire_02196,2198.2366,45.0,346.0,0.9702957262759965,-0.24192189559966787
fire_02197,50.587563,0.0,276.0,0.10452846326765299,-0.9945218953682734
fire_02198,753.36584,3.0,272.0,0.03489949670250128,-0.9993908270190958
fire_02199,543.7544,19.0,356.0,0.9975640502598242,-0.06975647374412564
fire_02200,215.16212,8.0,125.0,-0.5735764363510462,0.8191520442889917
fire_02201,1318.4794,9.0,109.0,-0.32556815445715664,0.9455185755993168
fire_02202,519.1424,2.0,19.0,0.9455185755993168,0.3255681544571567
fire_02203,997.3423,11.0,33.0,0.838670567945424,0.5446390350150271
fire_02204,222.06277,3.0,28.0,0.882947592858927,0.4694715627858908
fire_02205,947.89984,5.0,229.0,-0.6560590289905073,-0.754709580222772
fire_02206,383.87027,2.0,254.0,-0.2756373558169989,-0.961261695938319
fire_02207,59.378597,0.0,198.0,-0.9510565162951536,-0.3090169943749473
fire_02208,1223.9241,8.0,139.0,-0.754709580222772,0.6560590289905073
fire_02209,159.75386,5.0,40.0,0.766044443118978,0.6427876096865393
fire_02210,600.9867,12.0,301.0,0.5150380749100542,-0.8571673007021123
fire_02211,288.3214,13.0,0.0,1.0,0.0
fire_02212,224.00499,10.0,103.0,-0.22495105434386503,0.9743700647852352
fire_02213,35.710533,3.0,161.0,-0.9455185755993168,0.3255681544571566
fire_02214,989.1692,13.0,252.0,-0.30901699437494756,-0.9510565162951535
fire_02215,1820.4846,16.0,291.0,0.3583679495453004,-0.9335804264972017
fire_02216,65.83752,0.0,269.0,-0.017452406437283498,-0.9998476951563913
fire_02217,20.290054,1.0,53.0,0.6018150231520484,0.7986355100472928
fire_02218,393.37833,10.0,206.0,-0.8987940462991669,-0.43837114678907746
fire_02219,394.27704,4.0,4.0,0.9975640502598242,0.0697564737441253
fire_02220,102.59865,2.0,257.0,-0.22495105434386525,-0.9743700647852351
fire_02221,1045.9911,2.0,42.0,0.7431448254773942,0.6691306063588582
fire_02222,251.72147,3.0,355.0,0.9961946980917455,-0.08715574274765832
fire_02223,666.9815,4.0,92.0,-0.034899496702500955,0.9993908270190958
fire_02224,55.05747,2.0,304.0,0.559192903470747,-0.8290375725550416
fire_02225,114.99583,0.0,182.0,-0.9993908270190958,-0.0348994967025009
fire_02226,106.472404,1.0,65.0,0.42261826174069944,0.9063077870366499
fire_02227,309.84625,2.0,74.0,0.27563735581699916,0.9612616959383189
fire_02228,181.68726,2.0,354.0,0.9945218953682733,-0.10452846326765342
fire_02229,181.49767,2.0,285.0,0.2588190451025203,-0.9659258262890684
fire_02230,43.49998,1.0,312.0,0.6691306063588578,-0.7431448254773946
fire_02231,658.7584,2.0,164.0,-0.9612616959383189,0.2756373558169992
fire_02232,124.79689,10.0,262.0,-0.13917310096006583,-0.9902680687415703
fire_02233,269.30362,3.0,223.0,-0.7313537016191706,-0.6819983600624984
fire_02234,255.64172,5.0,67.0,0.3907311284892737,0.9205048534524404
fire_02235,452.86884,4.0,182.0,-0.9993908270190958,-0.0348994967025009
fire_02236,36.834545,7.0,129.0,-0.6293203910498373,0.777145961456971
fire_02237,20.607485,0.0,308.0,0.6156614753256585,-0.7880107536067218
fire_02238,557.5542,6.0,229.0,-0.6560590289905073,-0.754709580222772
fire_02239,202.39081,2.0,146.0,-0.8290375725550416,0.5591929034707469
fire_02240,199.25049,1.0,314.0,0.6946583704589973,-0.7193398003386511
fire_02241,920.67114,20.0,4.0,0.9975640502598242,0.0697564737441253
fire_02242,23.873571,0.0,280.0,0.17364817766692997,-0.9848077530122081
fire_02243,117.33466,3.0,310.0,0.6427876096865393,-0.7660444431189781
fire_02244,174.70334,1.0,304.0,0.559192903470747,-0.8290375725550416
fire_02245,197.01933,11.0,202.0,-0.9271838545667874,-0.374606593415912
fire_02246,812.2391,6.0,286.0,0.2756373558169994,-0.9612616959383188
fire_02247,655.7202,4.0,141.0,-0.7771459614569709,0.6293203910498374
fire_02248,235.21936,9.0,166.0,-0.9702957262759965,0.24192189559966773
fire_02249,49.18068,0.0,98.0,-0.13917310096006535,0.9902680687415704
fire_02250,1002.06415,2.0,144.0,-0.8090169943749473,0.5877852522924732
fire_02251,910.7318,4.0,300.0,0.5000000000000001,-0.8660254037844386
fire_02252,708.5647,3.0,130.0,-0.6427876096865394,0.766044443118978
fire_02253,2634.4343,21.0,294.0,0.40673664307579976,-0.9135454576426011
fire_02254,55.545567,1.0,104.0,-0.24192189559966779,0.9702957262759965
fire_02255,496.08435,2.0,305.0,0.573576436351046,-0.8191520442889918
fire_02256,32.378258,0.0,268.0,-0.03489949670250076,-0.9993908270190958
fire_02257,38.81616,0.0,298.0,0.4694715627858904,-0.8829475928589271
fire_02258,933.15625,1.0,67.0,0.3907311284892737,0.9205048534524404
fire_02259,290.69946,2.0,156.0,-0.9135454576426008,0.40673664307580043
fire_02260,1315.0609,5.0,43.0,0.7313537016191705,0.6819983600624985
fire_02261,262.7914,5.0,319.0,0.7547095802227719,-0.6560590289905074
fire_02262,91.98423,3.0,289.0,0.3255681544571563,-0.945518575599317
fire_02263,716.42737,5.0,320.0,0.7660444431189778,-0.6427876096865396
fire_02264,846.69824,9.0,328.0,0.8480480961564258,-0.529919264233205
fire_02265,63.9013,2.0,275.0,0.08715574274765789,-0.9961946980917455
fire_02266,316.80728,4.0,298.0,0.4694715627858904,-0.8829475928589271
fire_02267,304.59476,3.0,44.0,0.7193398003386512,0.6946583704589973
fire_02268,586.1906,9.0,201.0,-0.9335804264972017,-0.35836794954530043
fire_02269,660.2944,13.0,190.0,-0.984807753012208,-0.17364817766693047
fire_02270,320.649,2.0,339.0,0.9335804264972015,-0.35836794954530077
fire_02271,19.415415,1.0,89.0,0.0174524064372836,0.9998476951563913
fire_02272,32.069126,4.0,102.0,-0.20791169081775934,0.9781476007338057
fire_02273,542.93494,25.0,229.0,-0.6560590289905073,-0.754709580222772
fire_02274,458.88333,6.0,256.0,-0.24192189559966779,-0.9702957262759965
fire_02275,1923.5057,13.0,312.0,0.6691306063588578,-0.7431448254773946
fire_02276,188.82318,11.0,144.0,-0.8090169943749473,0.5877852522924732
fire_02277,147.1732,1.0,234.0,-0.5877852522924732,-0.8090169943749473
fire_02278,61.58963,0.0,254.0,-0.2756373558169989,-0.961261695938319
fire_02279,210.41867,6.0,200.0,-0.9396926207859084,-0.34202014332566866
fire_02280,538.712,2.0,149.0,-0.8571673007021122,0.5150380749100544
fire_02281,743.1058,2.0,186.0,-0.9945218953682733,-0.1045284632676535
fire_02282,1244.7318,6.0,64.0,0.43837114678907746,0.898794046299167
fire_02283,576.49316,7.0,72.0,0.30901699437494745,0.9510565162951535
fire_02284,29.59775,0.0,20.0,0.9396926207859084,0.3420201433256687
fire_02285,177.22801,1.0,233.0,-0.6018150231520483,-0.7986355100472928
fire_02286,523.14856,11.0,212.0,-0.8480480961564261,-0.5299192642332048
fire_02287,607.2984,1.0,207.0,-0.8910065241883679,-0.45399049973954664
fire_02288,1874.1018,6.0,279.0,0.15643446504023067,-0.9876883405951378
fire_02289,755.683,8.0,266.0,-0.06975647374412558,-0.9975640502598242
fire_02290,1264.9492,4.0,201.0,-0.9335804264972017,-0.35836794954530043
fire_02291,363.44775,16.0,122.0,-0.5299192642332048,0.8480480961564261
fire_02292,456.87387,21.0,245.0,-0.42261826174069916,-0.9063077870366502
fire_02293,47.887886,0.0,40.0,0.766044443118978,0.6427876096865393
fire_02294,437.15482,4.0,235.0,-0.5735764363510464,-0.8191520442889916
fire_02295,839.1252,12.0,253.0,-0.2923717047227371,-0.9563047559630353
fire_02296,1049.1648,5.0,308.0,0.6156614753256585,-0.7880107536067218
fire_02297,126.656944,3.0,193.0,-0.9743700647852352,-0.22495105434386498
fire_02298,411.54355,4.0,251.0,-0.32556815445715664,-0.9455185755993168
fire_02299,393.06213,8.0,233.0,-0.6018150231520483,-0.7986355100472928
fire_02300,739.4772,2.0,145.0,-0.8191520442889919,0.5735764363510459
fire_02301,586.6951,13.0,15.0,0.9659258262890683,0.25881904510252074
fire_02302,869.63226,2.0,50.0,0.6427876096865394,0.766044443118978
fire_02303,54.054924,1.0,166.0,-0.9702957262759965,0.24192189559966773
fire_02304,32.98374,2.0,50.0,0.6427876096865394,0.766044443118978
fire_02305,98.52343,7.0,249.0,-0.3583679495453007,-0.9335804264972016
fire_02306,1003.0634,8.0,51.0,0.6293203910498375,0.7771459614569709
fire_02307,60.205425,0.0,24.0,0.9135454576426009,0.4067366430758002
fire_02308,471.69437,15.0,285.0,0.2588190451025203,-0.9659258262890684
fire_02309,317.74924,6.0,290.0,0.342020143325669,-0.9396926207859083
fire_02310,6.4834514,2.0,216.0,-0.8090169943749475,-0.587785252292473
fire_02311,348.1611,1.0,118.0,-0.4694715627858909,0.8829475928589269
fire_02312,229.45895,11.0,18.0,0.9510565162951535,0.3090169943749474
fire_02313,127.87458,1.0,158.0,-0.9271838545667873,0.37460659341591224
fire_02314,173.3376,1.0,126.0,-0.587785252292473,0.8090169943749475
fire_02315,39.73319,2.0,319.0,0.7547095802227719,-0.6560590289905074
fire_02316,131.71512,1.0,70.0,0.3420201433256688,0.9396926207859083
fire_02317,59.378597,0.0,198.0,-0.9510565162951536,-0.3090169943749473
fire_02318,355.60876,5.0,327.0,0.838670567945424,-0.544639035015027
fire_02319,-62.598946,0.0,154.0,-0.898794046299167,0.4383711467890773
fire_02320,257.87305,4.0,236.0,-0.5591929034707466,-0.8290375725550418
fire_02321,949.4288,10.0,54.0,0.5877852522924731,0.8090169943749475
fire_02322,249.77184,12.0,178.0,-0.9993908270190958,0.03489949670250114
fire_02323,609.5446,1.0,214.0,-0.8290375725550417,-0.5591929034707467
fire_02324,935.7837,15.0,200.0,-0.9396926207859084,-0.34202014332566866
fire_02325,364.0245,3.0,130.0,-0.6427876096865394,0.766044443118978
fire_02326,2256.3052,5.0,246.0,-0.4067366430758001,-0.913545457642601
fire_02327,889.0361,21.0,298.0,0.4694715627858904,-0.8829475928589271
fire_02328,450.85898,12.0,120.0,-0.4999999999999998,0.8660254037844387
fire_02329,265.75388,2.0,234.0,-0.5877852522924732,-0.8090169943749473
fire_02330,456.65137,14.0,211.0,-0.8571673007021123,-0.5150380749100542
fire_02331,836.757,4.0,146.0,-0.8290375725550416,0.5591929034707469
fire_02332,106.75705,0.0,235.0,-0.5735764363510464,-0.8191520442889916
fire_02333,101.10558,0.0,286.0,0.2756373558169994,-0.9612616959383188
fire_02334,995.829,7.0,171.0,-0.9876883405951377,0.15643446504023098
fire_02335,19.840897,0.0,83.0,0.12186934340514749,0.992546151641322
fire_02336,1640.3024,1.0,257.0,-0.22495105434386525,-0.9743700647852351
fire_02337,1268.4686,2.0,125.0,-0.5735764363510462,0.8191520442889917
fire_02338,228.19012,8.0,296.0,0.4383711467890774,-0.898794046299167
fire_02339,515.085,9.0,201.0,-0.9335804264972017,-0.35836794954530043
fire_02340,1047.6587,3.0,323.0,0.7986355100472928,-0.6018150231520483
fire_02341,1281.5634,2.0,256.0,-0.24192189559966779,-0.9702957262759965
fire_02342,533.8107,5.0,352.0,0.9902680687415703,-0.13917310096006588
fire_02343,1196.7478,3.0,182.0,-0.9993908270190958,-0.0348994967025009
fire_02344,530.57007,9.0,170.0,-0.984807753012208,0.17364817766693028
fire_02345,459.0166,7.0,39.0,0.7771459614569709,0.6293203910498374
fire_02346,660.072,6.0,277.0,0.12186934340514768,-0.992546151641322
fire_02347,708.27545,6.0,266.0,-0.06975647374412558,-0.9975640502598242
fire_02348,492.76398,2.0,271.0,0.01745240643728313,-0.9998476951563913
fire_02349,620.5736,2.0,208.0,-0.8829475928589269,-0.46947156278589086
fire_02350,77.586266,2.0,249.0,-0.3583679495453007,-0.9335804264972016
fire_02351,12.51595,0.0,125.0,-0.5735764363510462,0.8191520442889917
fire_02352,205.46042,10.0,211.0,-0.8571673007021123,-0.5150380749100542
fire_02353,241.52678,2.0,277.0,0.12186934340514768,-0.992546151641322
fire_02354,233.43698,1.0,270.0,-1.8369701987210297e-16,-1.0
fire_02355,56.615158,3.0,242.0,-0.46947156278589075,-0.882947592858927
fire_02356,25.098036,0.0,165.0,-0.9659258262890682,0.258819045102521
fire_02357,1320.954,4.0,102.0,-0.20791169081775934,0.9781476007338057
fire_02358,250.54239,8.0,221.0,-0.7547095802227721,-0.656059028990507
fire_02359,50.17311,1.0,288.0,0.30901699437494723,-0.9510565162951536
fire_02360,244.17262,3.0,99.0,-0.1564344650402308,0.9876883405951378
fire_02361,582.5726,2.0,234.0,-0.5877852522924732,-0.8090169943749473
fire_02362,134.78879,5.0,124.0,-0.5591929034707467,0.8290375725550417
fire_02363,275.42874,4.0,257.0,-0.22495105434386525,-0.9743700647852351
fire_02364,1287.4059,9.0,212.0,-0.8480480961564261,-0.5299192642332048
fire_02365,799.8582,3.0,207.0,-0.8910065241883679,-0.45399049973954664
fire_02366,412.3624,11.0,174.0,-0.9945218953682733,0.10452846326765373
fire_02367,84.00902,3.0,161.0,-0.9455185755993168,0.3255681544571566
fire_02368,85.14149,2.0,6.0,0.9945218953682733,0.10452846326765347
fire_02369,71.92716,1.0,130.0,-0.6427876096865394,0.766044443118978
fire_02370,816.608,11.0,330.0,0.8660254037844384,-0.5000000000000004
fire_02371,294.44626,2.0,246.0,-0.4067366430758001,-0.913545457642601
fire_02372,88.035385,12.0,180.0,-1.0,1.2246467991473532e-16
fire_02373,861.11414,5.0,76.0,0.24192189559966767,0.9702957262759965
fire_02374,235.29306,1.0,203.0,-0.9205048534524404,-0.39073112848927355
fire_02375,214.25734,12.0,279.0,0.15643446504023067,-0.9876883405951378
fire_02376,2775.1687,39.0,80.0,0.17364817766693041,0.984807753012208
fire_02377,733.66907,8.0,111.0,-0.35836794954530027,0.9335804264972017
fire_02378,59.729855,3.0,236.0,-0.5591929034707466,-0.8290375725550418
fire_02379,144.16458,6.0,278.0,0.13917310096006547,-0.9902680687415704
fire_02380,941.92926,4.0,268.0,-0.03489949670250076,-0.9993908270190958
fire_02381,3291.82,10.0,161.0,-0.9455185755993168,0.3255681544571566
fire_02382,160.21835,3.0,93.0,-0.05233595624294384,0.9986295347545738
fire_02383,1254.7913,3.0,52.0,0.6156614753256583,0.788010753606722
fire_02384,144.83122,7.0,76.0,0.24192189559966767,0.9702957262759965
fire_02385,182.57619,4.0,55.0,0.573576436351046,0.8191520442889918
fire_02386,392.51224,5.0,337.0,0.9205048534524403,-0.3907311284892739
fire_02387,295.05048,4.0,181.0,-0.9998476951563913,-0.017452406437283637
fire_02388,142.68637,6.0,334.0,0.8987940462991668,-0.4383711467890778
fire_02389,101.30187,2.0,135.0,-0.7071067811865475,0.7071067811865476
fire_02390,72.26565,0.0,254.0,-0.2756373558169989,-0.961261695938319
fire_02391,89.32998,1.0,79.0,0.19080899537654492,0.981627183447664
fire_02392,87.63615,1.0,35.0,0.8191520442889918,0.573576436351046
fire_02393,108.440445,0.0,267.0,-0.052335956242944306,-0.9986295347545738
fire_02394,259.96313,6.0,249.0,-0.3583679495453007,-0.9335804264972016
fire_02395,333.24408,7.0,327.0,0.838670567945424,-0.544639035015027
fire_02396,206.15929,4.0,81.0,0.15643446504023092,0.9876883405951378
fire_02397,155.79738,9.0,212.0,-0.8480480961564261,-0.5299192642332048
fire_02398,776.5846,3.0,90.0,6.123233995736766e-17,1.0
fire_02399,423.27603,1.0,321.0,0.7771459614569706,-0.6293203910498378
fire_02400,299.88077,4.0,29.0,0.8746197071393957,0.48480962024633706
fire_02401,827.35724,4.0,47.0,0.6819983600624985,0.7313537016191705
fire_02402,88.94954,0.0,356.0,0.9975640502598242,-0.06975647374412564
fire_02403,72.070854,0.0,19.0,0.9455185755993168,0.3255681544571567
