gridmet_id,UniqueId,Name,StartedDateOnly,Latitude,Longitude,AcresBurned
fire_00000,3135c367-1274-4cc4-9152-661f6fd7707e,Creek Fire,2016-10-10,38.40958,-122.43172,65.0
fire_00001,7106ba43-100b-41f9-acbf-9fb9e9ab9ef7,Taglio Fire,2016-04-24,37.2171,-121.08036,30.0
fire_00002,ffec404e-dea9-4175-8c50-8f2b0ca3efdd,Tulloch Fire,2016-05-30,37.927613,-120.528836,85.0
fire_00003,55fa95e6-f09e-42c4-889b-a4b5b63dccf2,Metz Fire,2016-05-22,36.38123,-121.20059,3876.0
fire_00004,ace1f464-7a70-4dcc-b8c5-d64fb1021d0e,Wheatland Fire,2016-05-23,34.276,-118.354,156.0
fire_00005,09ab0430-7679-494c-96d4-d7d938351cf4,DeWolf Fire,2016-05-25,36.88286,-119.654,278.0
fire_00006,648cfdd4-f3f5-4faf-8ab1-a6f2cb5d9a6c,Coe Fire,2016-06-07,37.17072,-121.42238,120.0
fire_00007,5080eb51-53e5-4338-95ec-618efe2bd7d1,Dunstone Fire,2016-05-27,39.33035,-121.78973,91.0
fire_00008,6227f4ad-3e40-4f3b-b210-3e55483e1e84,70 Fire,2016-05-29,39.624017,-121.595093,30.0
fire_00009,1d76ca50-aa10-4f90-bd99-a80bcf2eacce,Shedd Fire,2016-05-10,35.61961,-120.39993,150.0
fire_00010,afaa2efe-d946-4ff9-93c2-459aad31b908,Bryson Fire,2016-05-12,35.8378273,-121.0381507,25.0
fire_00011,f1769b9d-c522-4a0d-92a7-f9c8321b9f1d,Avocado Fire,2016-05-15,36.78769,-119.38248,132.0
fire_00012,e0de216a-9544-43ad-9b9f-bc05247f0550,Athens Fire,2016-05-17,38.8390117,-121.3090268,169.0
fire_00013,c88af25d-aff4-4b20-9c58-0b819c8ae99a,Pala Fire,2016-05-31,33.41639,-117.08829,70.0
fire_00014,5f422963-a30c-4cda-9427-7a0e028b6039,Coal Fire,2016-06-20,39.595,-121.6008,112.0
fire_00015,42fbaa73-e3c8-44ac-bf83-a576be6a804f,Frazier Fire,2016-06-27,35.70821,-120.82266,86.0
fire_00016,2225d427-97d7-4d71-a83a-814f38a1c947,Campo Fire,2016-06-27,38.22017,-120.8678,33.0
fire_00017,b1b2a50c-c131-4be2-9398-8adee38c1c19,Paskenta Fire,2016-06-21,39.93965,-122.40142,43.0
fire_00018,d570e949-a098-4af0-84a4-d70c4a0e89c9,Moore Fire,2016-06-21,38.86804,-121.37704,88.0
fire_00019,f2b5faf1-9ff0-48b7-8151-25880262bec1,Aukum Fire,2016-06-03,38.64107,-120.6955,25.0
fire_00020,a757d4f9-2aa1-44c8-b986-ac00ca2fafdd,Hidden Fire,2016-06-03,36.80296,-121.40304,30.0
fire_00021,c5d590f0-97fe-4ac3-987d-ebceed6dbfc2,Clay Fire,2016-06-03,38.3131,-121.06452,32.0
fire_00022,403e6185-c0e1-4b8f-a290-b50553a47b67,Temecula Fire,2016-06-04,33.476894,-117.140883,139.0
fire_00023,b8cf80c7-b617-4fe4-91b0-43b40d38c7f6,Coleman Fire,2016-06-04,36.01542,-121.25029,2520.0
fire_00024,20e4887c-b772-460d-98be-d60f39171aeb,Keswick Fire,2016-06-11,40.61388,-122.46777,24.0
fire_00025,fef2ab8a-20d7-4dc3-b5c9-363aa1debef3,Camanche Fire,2016-06-17,38.26874,-120.90265,210.0
fire_00026,33099cdd-ccfc-454e-b5a3-770a69a30bd3,Border Fire,2016-06-19,32.60729,-116.63028,7609.0
fire_00027,ae6a40fa-c0f3-460b-8e19-fbf4b5803bb8,Arroyo Fire,2016-06-18,36.2833,-121.3306,70.0
fire_00028,10a8344d-e2c6-4585-8094-bbb30e48db8c,Hoag Fire,2016-06-11,39.7947,-121.857,80.0
fire_00029,bae93037-2a91-4189-b256-3325cd2b6979,Cotton Fire,2016-06-11,35.77135,-120.251,61.0
fire_00030,fb7d6492-444e-420c-9111-0f8999d3af04,Old Fire,2016-06-12,36.49914,-121.04993,83.0
fire_00031,103e1cb6-0a02-4ca8-8739-4cf77b5d1c98,Pony Fire,2016-06-07,41.623,-123.557,2860.0
fire_00032,ffb3293b-3349-49c5-a7cb-c488391e8a72,Sherpa Fire,2016-06-15,34.776,-119.643,7474.0
fire_00033,eb0fe9ad-f9f5-4bde-ad34-527ffd647669,Creek Fire,2016-06-26,38.69971,-122.15457,277.0
fire_00034,6b542aff-fa1b-46fc-b3da-26c1afdbc446,70 Fire,2016-06-21,39.43351,-121.6051,49.0
fire_00035,91816ff6-d4ec-4f31-8d40-bf2538aca09b,Erskine Fire,2016-06-23,35.6115,-118.45628,48019.0
fire_00036,61556003-7789-4b9e-8f16-5563624b4621,Lowe Fire,2016-06-23,36.1934,-120.9293,52.0
fire_00037,ec90eb29-e776-43da-a814-0c41463ae3c9,Dinosaur Fire,2016-06-25,37.07147,-121.20155,1246.0
fire_00038,c27c5212-1891-4105-86ee-9f97016ef159,Laguna Fire,2016-06-26,33.57872,-117.77395,47.0
fire_00039,3822b8a2-1a89-40e8-b239-840cfcda7a1c,Grant Fire,2016-06-25,37.74369,-121.58677,211.0
fire_00040,1bc85249-0d96-42d7-a23f-db99bdce17a4,Marina Fire,2016-06-25,37.97,-119.14,650.0
fire_00041,489cea9f-b3cb-4615-b412-5ac5724c3976,Reservoir Fire,2016-06-26,39.12366,-122.50373,215.0
fire_00042,b604ffa7-8cee-4724-bb82-f1f4553a192f,Trailhead Fire,2016-06-28,38.96741,-120.9375,5645.0
fire_00043,5689b708-61e8-4451-8ad6-68d9684704c6,Rancho Fire,2016-06-28,38.385,-121.003611,372.0
fire_00044,4cfb8712-1b45-4a2e-b0c9-6ed6ddde5657,Big Fire,2016-07-11,36.92244,-119.39619,188.0
fire_00045,79b446a4-d809-4aa2-9f30-091a05ed697d,Sage Fire,2016-07-09,34.36763,-118.57245,1100.0
fire_00046,67c0a269-05bb-4b4f-af22-68a1c5ac3adf,Fiddler Fire,2016-07-08,40.36873,-122.72913,303.0
fire_00047,69eaa890-889e-4be9-810d-3dcee8d55981,Colyear Fire,2016-06-30,40.0353,-122.56939,464.0
fire_00048,140def53-175c-4f5d-b8e3-de0643781ff7,Deer Fire,2016-07-01,35.20993,-118.72272,1785.0
fire_00049,8653f541-d3ca-44b4-9edd-5a4a57349f2f,Pine Fire,2016-06-30,34.701,-119.144,2304.0
fire_00050,f88a7291-9122-49fa-864d-b807fa360393,Flores Fire,2016-07-01,40.07846,-122.2071,88.0
fire_00051,423df2bd-4464-44e0-8b8a-74f953613287,Curry Fire,2016-07-01,36.0749,-120.452041,2944.0
fire_00052,6f07d935-7d64-4be8-8e96-d34384686bf8,Lone Pine Fire,2016-07-01,36.58972,-118.15589,30.0
fire_00053,902a3085-e518-4090-a2e5-20d0482b4dc2,Appaloosa Fire,2016-07-02,38.02845,-120.61153,310.0
fire_00054,fbe85bec-6399-442f-8a3f-ca4a25bb2b3b,Scott Fire,2016-07-10,38.517772,-121.103642,87.0
fire_00055,e55dd16e-1712-4b97-a2f3-add0877b98cd,Frame Fire,2016-07-04,36.14161,-120.62048,145.0
fire_00056,8e920d15-72f4-4e76-a3b4-22a364d6cf19,Broken Fire,2016-07-04,37.25601,-119.65776,103.0
fire_00057,174608a2-14fd-4278-9811-cb7e5e5a3883,Kuehner Fire,2016-07-01,34.27619,-118.63264,45.0
fire_00058,7ebdcc3e-f402-4ab7-88d4-82d99d59b019,Shelter Fire,2016-07-11,33.11645,-116.58542,15.0
fire_00059,85832754-5848-4454-84fc-8b0a9abbff40,Pacheco Fire,2016-07-12,38.08056,-120.81394,341.0
fire_00060,eb9d05b5-7578-44bf-9eb1-3ddba425ff20,Stagecoach Fire,2016-07-12,37.96311,-120.67335,35.0
fire_00061,b6b6ef56-0d7f-4c97-b072-74b712aa1e65,Dunnigan Fire,2016-07-15,38.8866,-122.04726,84.0
fire_00062,0dc19167-07b3-45e6-9bad-ad070934616a,Onyx Fire,2016-07-13,35.68313,-118.21793,221.0
fire_00063,69b7a19e-7be7-43c1-8779-c7110b22f552,Sherwood Fire,2016-07-13,36.92244,-119.39619,78.0
fire_00064,73083049-8bc2-4444-911b-f3d0812fb70c,Famoso Fire,2016-07-15,35.60748,-118.94811,138.0
fire_00065,a32de567-3d32-434a-9128-7947deaec3bb,Green Fire,2016-07-15,37.0099,-119.5792,123.0
fire_00066,d96a2f4f-8e4d-4534-abe2-d90530e2bbc3,Feather Fire,2016-07-18,32.9612,-116.7945,100.0
fire_00067,6a75dc36-9f37-4c3a-870d-345f94a8104c,Foothill Fire,2016-07-19,39.0863,-122.7891,69.0
fire_00068,be2805af-a801-4ca9-b9e7-14f3b896097e,Bailey Fire,2016-07-19,41.96191,-122.59328,26.0
fire_00069,bd2b7bdc-0f92-451a-a3a5-03569d27c952,Goose Fire,2016-07-30,37.01591,-119.50507,2241.0
fire_00070,2dae3029-2d17-445a-9fac-e95345b179e0,Baker Fire,2016-07-21,37.98171,-120.64241,57.0
fire_00071,dc7637b2-fa97-47c7-bbce-c0fd1a015592,Oak Fire,2016-07-22,38.33475,-122.02564,57.0
fire_00072,78eccd24-9fe2-4ccd-90fa-a1e0fdc19b41,Roblar Fire,2016-07-21,33.393,-117.35093,1245.0
fire_00073,5d276af0-17d5-47d5-8f0e-86756d91b5c6,Table Fire,2016-07-21,41.71847,-122.36924,23.0
fire_00074,947aab39-3d8a-4841-8fc3-d129d8bbf6a3,Bradley Fire,2016-07-22,35.85093,-120.81081,100.0
fire_00075,977ac7ce-4204-4cd3-9f89-727142165261,Soberanes Fire,2016-07-22,36.45994,-121.89938,132127.0
fire_00076,d045584a-8838-4d64-91dc-3ebfbcd8e708,Holy Fire,2016-08-31,33.6542,-117.5221,150.0
fire_00077,383c3df6-a1eb-40fd-b798-41481dff679a,Ken Fire,2016-09-03,34.25858,-117.4415,20.0
fire_00078,c94fda40-ab7a-42d1-bfc9-ca5f39fb6e7d,Saddle Fire,2016-09-05,39.6871,-121.571,800.0
fire_00079,2a2e0af5-24d7-4903-bab4-3705f5d788fb,Ruff Fire ,2016-09-10,39.7299,-123.5044,50.0
fire_00080,324a3c48-efcc-4385-ab87-baf0b5e29b5d,Spring Fire,2016-09-07,34.3183,-117.3189,50.0
fire_00081,af8f8070-a3d6-4ca2-8e2b-6da1049a5bea,Phoenix Fire,2016-09-07,39.39051,-120.51887,38.0
fire_00082,47ee7239-2bc9-4794-8582-982a92fdda9f,Lake Fire,2016-09-10,40.68192,-122.4096,75.0
fire_00083,f273dffb-e1eb-48dc-b0f9-908857e78095,Storksbill Fire,2016-07-22,38.79549,-121.00299,50.0
fire_00084,0b655a9d-94b3-4095-acfd-d40ac8347318,Rock Fire,2016-07-22,33.00056,-116.9571,28.0
fire_00085,416155ea-f8ff-43cf-abf0-e888584bf5bc,Franklin Fire,2016-07-24,38.01264,-122.1885,40.0
fire_00086,7066c984-1420-4c59-b175-9536da4c5d14,Fork Fire,2016-07-29,37.24006,-119.4741,38.0
fire_00087,f4026428-ad5a-42c7-b68e-959554a31343,Frymire Fire,2016-07-30,37.81434,-120.69521,32.0
fire_00088,4c88252e-34a5-4912-a590-2c4539866c62,Sierra Fire,2016-07-30,37.41896,-121.79669,114.0
fire_00089,4f623d67-d74b-4e8f-92f4-ed728970e20e,Gopher Fire,2016-08-10,33.22558,-117.14547,35.0
fire_00090,140161a1-ca06-448a-87f2-27e688b2d922,Baker Fire,2016-08-03,40.19611,-122.26736,80.0
fire_00091,e5122d1e-2bfc-4fa6-8152-da309e02c004,99 Fire,2016-08-02,39.6708,-121.7192,520.0
fire_00092,057fd4e2-7400-4fc4-9b23-3daf67fc8610,Cold Fire,2016-08-02,38.52513,-122.06788,5731.0
fire_00093,f645bf93-57a3-4fdf-9544-d255f8311dc9,Hart Fire,2016-08-04,35.24504,-118.60344,100.0
fire_00094,8505d2db-7c6f-445e-9bff-407e99cac614,Grub Fire,2016-08-04,37.3228,-119.7738,85.0
fire_00095,38fe21ed-2019-4be9-abdf-bf46ac5f59e3,Deer Fire,2016-08-05,38.2581,-120.8657,26.0
fire_00096,b82b0e22-4155-43dd-ac33-1da015b6d3d2,Oak Fire,2016-08-12,37.06531,-121.68577,25.0
fire_00097,69c7b8cc-061e-4ca6-b5e8-83c6ae9d8a25,Pilot Fire,2016-08-07,34.28771,-117.27338,8110.0
fire_00098,28b9dc5f-f9c0-41fb-81d6-8db562122f00,Kugelman Fire,2016-08-09,36.09974,-120.51057,45.0
fire_00099,ef4185e8-9b3a-421f-9fae-a0b954b0b3c0,Knoxville Fire,2016-08-09,38.68403,-122.26015,36.0
fire_00100,346c59b1-375e-4d42-876a-d97b769c939f,Mineral Fire,2016-08-08,36.09974,-120.51057,7050.0
fire_00101,ea5193a1-69bc-4684-bfcd-235c17d36756,Blue Cut Fire,2016-08-16,34.30372,-117.49342,36274.0
fire_00102,93995926-26b0-4158-9f93-fec263f40b47,Mountain Fire,2016-08-09,40.61213,-122.47091,35.0
fire_00103,861bfbd3-ce1c-46bd-a32b-2848b7399119,Summit Fire,2016-08-12,40.9878,-123.77832,21.0
fire_00104,040d03d0-fbdd-438c-8174-f81e4a1bba57,Chimney Fire,2016-08-13,35.70595,-120.98316,46235.0
fire_00105,a0950d5e-6f35-4023-bb60-6737146ba7bd,Clayton Fire,2016-08-13,38.89741,-122.60664,3929.0
fire_00106,e247e423-6171-4184-9dca-b373de703885,Cedar Fire,2016-08-16,35.7506,-118.5678,29322.0
fire_00107,bc2fd9c2-da5c-4cd7-bbec-9daf2143a196,Stafford Fire,2016-08-11,40.4572,-124.05804,23.0
fire_00108,2d2aa30d-5c3f-4f46-97eb-54b63bec7f3a,Boys Fire,2016-09-11,38.558,-121.1309,40.0
fire_00109,63643257-f082-4928-bf0e-77a0417a4613,Sunny Fire,2016-09-03,36.84479,-119.34487,158.0
fire_00110,e935ecb3-5eba-43f8-ae02-624b3d5bc03a,Oak Fire,2016-09-01,37.11831,-121.69784,25.0
fire_00111,822c934f-11be-48a9-8e60-f3f6802ef24d,Beale Fire,2016-08-18,36.16965,-121.38775,389.0
fire_00112,b44c3b1e-b243-455e-9ca9-9a1b5570e003,Mina Fire,2016-08-30,39.8748511,-123.4267011,36.0
fire_00113,fa457abb-66d2-4f82-80fd-452e824e871f,Havilah Fire,2016-08-28,35.4976,-118.5097,304.0
fire_00114,85683fd7-b507-4ec7-8bbd-fb7033a42665,Gap Fire,2016-08-27,41.851,-123.118,33867.0
fire_00115,86166c24-3a85-42e3-a53a-ebb1d935fb8a,Bird Fire,2016-08-20,37.62215,-121.36665,147.0
fire_00116,da72b0c2-835d-42a5-8fa8-4de5442610cc,Tully Fire,2016-08-22,41.28486,-123.82268,599.0
fire_00117,1243f711-c29f-4bc3-a7e7-c705a6fc40f2,Willard Fire,2016-09-11,40.3915,-120.7845,2575.0
fire_00118,c55cc099-43f6-4a55-81b4-59ee03618511,Santos Fire,2016-08-26,39.79547,-121.71662,88.0
fire_00119,db833182-22df-44cc-ba10-0901e74222bc,Willow Fire,2016-08-28,38.1874,-120.6381,450.0
fire_00120,954fb899-decb-461b-a0dd-76442e3370d3,Tule Fire,2016-08-22,36.1648,-118.73906,395.0
fire_00121,a2a6199c-704a-4826-a51b-23e6ee123349,Grade Fire,2016-08-24,41.7813,-122.611,710.0
fire_00122,97772dc4-7fde-4412-982c-974b3316e22b,Howard Fire,2016-09-11,41.4657,-120.9066,380.0
fire_00123,2656ad63-b3e1-467f-9982-0229fd31c0f5,Range Fire,2016-08-26,35.2013,-118.7212,600.0
fire_00124,1780f987-76f9-4a82-81bd-6cb914758eec,Mockingbird Fire,2016-08-30,39.1408865,-122.9148951,20.0
fire_00125,ed16bf52-f886-4384-b841-2e755234aa29,Moffett Fire,2016-09-12,41.6314,-122.7933,32.0
fire_00126,69e1a36d-21ab-4feb-b31c-dbfac4bf62d1,Old Fire,2016-09-16,39.8851,-121.6998,30.0
fire_00127,060ef833-2d3f-47d4-a1d4-146d1b9a5928,Hog Fire,2016-09-13,40.30594,-122.1295,321.0
fire_00128,f66ae0d0-837d-4ea9-a7ed-6a78d9bde940,Old Fire,2016-09-13,37.75972,-120.029626,150.0
fire_00129,1f8b3267-c3bd-43f5-9733-2b30c97d45ee,Auburn Fire,2016-09-17,39.20427,-121.05948,47.0
fire_00130,821c040d-a17c-4934-990f-ca7d441a303a,Owens River Fire,2016-09-17,37.75985,-118.95309,5443.0
fire_00131,92c20948-6ff6-4a2c-b13f-32c75e71b16c,Soup Complex,2016-09-17,41.2649,-120.3178,2652.0
fire_00132,f6afb8c4-32dc-4e6d-8d30-e6b7ccd4a62f,Canyon Fire,2016-09-17,34.63445,-120.54421,12518.0
fire_00133,686e1300-65d3-4e07-8a88-e5952418649b,Washington Fire,2016-09-22,34.75134,-120.55297,215.0
fire_00134,b4940174-75d0-4f5e-b505-4a66c17a9157,Bangor Fire,2016-09-22,39.4403,-121.42647,130.0
fire_00135,f669c502-b400-4ad9-ae95-bfd9c31f903c,Butte Fire,2016-09-20,39.188321,-121.78003,300.0
fire_00136,0bf08653-1441-4e73-b24b-1296afb12b45,Bell Fire,2016-09-23,38.5212,-120.8416,45.0
fire_00137,3a4871dc-2299-4934-8a31-b92780fe31a3,Marshes Fire,2016-09-26,37.79635,-120.32484,1080.0
fire_00138,2e8eb057-1d9a-41a7-ab9f-9b85ce3374c4,Newmark Fire,2016-09-23,36.6543,-119.5327,70.0
fire_00139,8a4c92b3-c1aa-41e0-aaed-999d73f0a418,Cow Fire,2016-09-25,40.0,-121.93923,100.0
fire_00140,8d9b87e4-6fdb-49e4-ba6d-be85ffd6b222,Sawmill Fire,2016-09-25,38.80017,-122.82895,1547.0
fire_00141,abd0a296-217d-4a6a-9da0-5eb05f56f863,Tobin Fire,2016-09-26,39.92,-121.32,248.0
fire_00142,2dfac408-d2ab-4ff9-94aa-91be9d07bb59,Loma Fire,2016-09-26,37.10632,-121.85318,4474.0
fire_00143,59084c8f-904c-42cb-9aa8-cae4a1f8c6ef,Sacata Fire,2016-10-11,36.94536,-119.25959,2100.0
fire_00144,81ef7517-ab3c-4d1a-8ddd-b5d69404676f,Emerald Fire,2016-10-14,38.93449,-120.10744,176.0
fire_00145,6f600260-2bdb-4f53-9d1a-eab8afb3a11a,Gopher Fire,2016-11-13,33.254355,-117.158475,28.0
fire_00146,ca1227b3-1458-44c9-b32e-2994e309f940,Marek Fire,2016-11-14,34.31,-118.335,4824.0
fire_00147,2458cd6c-82d6-43ef-b509-706e3af69451,Jacobson Fire,2016-10-20,36.217,-118.551,10.0
fire_00148,89c304db-e288-4582-90d4-884d57fd71f9,Meadow Fire,2016-10-29,35.984,-118.551,4347.0
fire_00149,2ca11d45-8139-4c16-8af0-880d99b21e82, Bridge Fire,2017-10-31,40.774,-122.309,37.0
fire_00150,95960fa6-58ba-4b4e-aeb2-ada97d699908,Grace Fire,2017-04-03,40.48712,-121.85645,45.0
fire_00151,31b0e75c-b0e2-4796-b8a7-efc49e4c59a5,West Fire,2017-04-03,41.16716,-120.58342,380.0
fire_00152,b12ae71e-c6c8-4eab-9aab-d17d1879a639,66 Fire,2017-04-13,33.56777,-116.08003,15.0
fire_00153,0cacf259-1ba3-4e8c-a938-feaab2655c4b,Jayne Fire,2017-04-20,36.07228,-120.26561,4532.0
fire_00154,b8bdbd12-e3a2-49e0-8d65-7c18b8d584bf,Soledad Fire,2017-04-24,36.44141,-121.34695,10.0
fire_00155,17a7d561-bee7-454d-a0aa-ac450907f6fd,El Dorado Fire,2017-04-28,36.530836,-120.206592,750.0
fire_00156,d804eebf-71de-46de-90c2-cdf0694d27e3,Tumey Fire,2017-04-29,36.5355,-120.6585,126.0
fire_00157,45699833-fa34-4eed-9520-8c8019426122,Tower Fire,2017-04-30,34.30104,-117.45646,150.0
fire_00158,c254df3f-a241-4983-a880-e12944a9f7b2,Opera Fire,2017-04-30,34.00566,-117.30693,1350.0
fire_00159,7fc71135-ee3b-443c-a859-90672936e0c1,Jameson Fire,2017-04-30,33.7866,-117.5048,12.0
fire_00160,f5237d47-f15b-4f4b-8b1c-6f11235f954d,Fay Fire,2017-05-01,35.71704,-118.30601,19.0
fire_00161,87d7fb46-00f9-4bae-ba35-a7ef8e58a70e,Olive Fire,2017-05-02,35.78286,-120.22647,130.0
fire_00162,c7e3bcbf-1065-4e45-a4a3-bf0b5ac6aa23,Shandon Fire,2017-05-07,35.6879,-120.3317,12.0
fire_00163,eca1021e-dfea-4dec-8470-c0eb7e4d479b,Sonoma Fire,2017-05-10,36.45491,-120.2445,400.0
fire_00164,5115a26e-e8e8-42cd-9aeb-f5c41efd770a,Hub Fire,2017-05-12,35.60001,-118.4683,31.0
fire_00165,63a81990-8521-409d-9c22-92d1c33e0353,Wright Fire,2017-05-12,36.96655,-120.89261,1733.0
fire_00166,1423af4f-16d5-4f19-a01d-fc3ebc124201,Nacimiento Fire,2017-05-14,35.77082,-120.92482,20.0
fire_00167,48c4b519-eaf5-4ae8-9470-31e8770a70ac,Canyon Fire,2017-05-14,33.88466,-116.99229,17.0
fire_00168,9f416f37-a8ca-4127-a6b7-02626fd32e06,Feed Fire,2017-05-14,35.05076,-118.90004,41.0
fire_00169,5b3329f4-1e37-4b5a-9ed6-6f8d74f495c3,Arrow Fire,2017-05-15,35.21177,-119.87525,225.0
fire_00170,0fc2a05e-689f-4c7c-b2b4-a987840b4f2c,Bravo Fire,2017-05-15,35.41283,-118.84466,288.0
fire_00171,75bb079a-1de8-4824-a933-e19f69948438,Pine Fire,2017-05-16,36.1727,-120.86682,18.0
fire_00172,2d12b95c-3f4e-41bc-a771-8ae2cb80b99e,Lonoak Fire,2017-05-17,36.2771,-120.94328,17.0
fire_00173,9a555129-982b-486f-a333-c96b3f9c4d2e,41 Fire,2017-05-17,36.90967,-119.79315,150.0
fire_00174,048c085b-3162-4906-beef-7aa2ba1b868d,Camp Fire,2017-05-18,35.34541,-120.76464,225.0
fire_00175,65062933-27cf-48d7-8e4c-9a7ac78e65ff,Elm Fire,2017-05-18,36.12089,-120.37116,10000.0
fire_00176,3fce8146-ff21-4399-9a94-f37124b34331,City Fire,2017-05-18,35.983,-119.91508,20.0
fire_00177,9348a031-c7b3-4165-890a-37a7eb7405db,Moraga Fire,2017-05-18,33.97155,-117.44148,14.0
fire_00178,b3fc6dff-f13a-41c4-b7f3-e9e960a941d5,Manning Fire,2017-05-19,36.60736,-120.5828,70.0
fire_00179,3d595f75-d59e-4453-b25c-48207b02f529,Deluz Fire,2017-05-19,33.3906,-117.32348,486.0
fire_00180,c4d0a25f-02f6-4877-a944-8f5d50bf2335,Gate Fire,2017-05-20,32.65597,-116.80527,2056.0
fire_00181,fbc11fc4-573b-465f-a9ac-a879ee2cdda2,Rocky Fire,2017-05-20,35.556667,-120.474,17.0
fire_00182,39967485-2cf1-4f0e-9cf1-ccfd25f6e2bf,Ming Fire,2017-05-20,35.4605,-118.85896,506.0
fire_00183,fccf2545-cab8-452e-829c-8379054831f0,Moreno Fire,2017-05-23,33.94673,-117.17773,10.0
fire_00184,06b43461-94d0-4379-a1d6-fd26ba93ceea,Wasioja Fire,2017-05-20,34.9465,-119.8036,190.0
fire_00185,9b9bf8b4-8378-46e5-a760-67e89e2279e2,Ribbonwood Fire,2017-05-24,32.679,-116.29296,25.0
fire_00186,f5ef2d0f-66a7-4d75-a9e8-03c42524d723,Bitterwater Fire,2017-05-22,36.35578,-120.99552,21.0
fire_00187,54ddf2ef-28b0-4c34-bfe0-1d084f4f57e2,Smiley Fire,2017-05-21,33.96419,-117.20507,35.0
fire_00188,bd671dbd-dd3c-413e-b453-4002e382325d,Range Fire,2017-05-25,33.34988,-117.39818,1000.0
fire_00189,45a205f4-bcd2-44bd-886b-26260c686ce7,Lamb Fire,2017-05-25,33.88287,-116.99651,120.0
fire_00190,6fa64139-e5d1-4134-b012-5c1b272ac89a,Champagne Fire,2017-05-28,34.87128,-118.35296,10.0
fire_00191,7272decf-0ae8-47aa-b46c-00fc4cd04816,Rusty Fire,2017-05-28,36.96642,-119.58292,16.0
fire_00192,2db503da-a7b2-47a6-92a6-697799eb63f1,Serenas Fire,2017-05-28,33.58577,-116.07429,48.0
fire_00193,42f21a81-e0a3-4b4d-b837-2e6e2efd75a4,Lombardi Fire,2017-05-28,38.19906,-120.83484,15.0
fire_00194,21e9f99a-35a5-41cd-a44b-92363fbf5081,Panoche Fire,2017-05-28,36.61332,-120.7109,18.0
fire_00195,524b1e23-8921-4195-812d-7ec8ee5020b7,Matz Fire,2017-05-29,34.04412,-116.55326,16.0
fire_00196,92d70dc0-19af-4c87-ab01-8c7051caab73,Fountain Fire ,2017-05-31,35.89423,-119.00334,79.0
fire_00197,67d31514-620f-49d1-b4bd-a3a92efd48ca,Twenty Fire,2017-05-29,39.23205,-121.376,10.0
fire_00198,bf3148c5-75dd-4f79-8b3b-c5b483065b47,Clay Fire,2017-06-01,38.33707,-121.11113,68.0
fire_00199,663d291c-7ba8-415d-9cab-58d41a886cfd,Fairview Fire,2017-06-01,33.94788,-116.59719,26.0
fire_00200,adf741f6-5416-41c5-af26-01240cc361cf,Elk Fire,2017-06-02,35.188,-119.2877,16.0
fire_00201,7967c729-4693-47a1-b1bc-1d82825ca8db,Jones Fire,2017-06-03,41.38247,-120.53443,42.0
fire_00202,b0ffe2e4-ae61-4ad9-b1cc-bf31ff254d8d,Vernon Fire,2017-06-03,33.82165,-116.96079,27.0
fire_00203,14e249f0-f21c-4d2f-bc5f-68d5d177e849,5 Fire,2017-06-03,34.29931,-118.37539,25.0
fire_00204,46c4f0c2-6760-4e42-ac2f-ec25c2486628,Creek Fire ,2017-06-04,35.60633,-118.4642,33.0
fire_00205,80f2c7d1-d28d-43d0-97a3-ff53cc991a8c,Spring Fire ,2017-06-04,40.38944,-122.13088,78.0
fire_00206,b02f2513-9359-45e2-9971-08f7b1f0dc0f,River Fire,2017-06-04,40.03392,-120.1064,67.0
fire_00207,7ea6269d-6ba3-41e1-aff6-b4da1c6611d1,Shirleon Fire ,2017-06-04,33.87107,-116.88097,10.0
fire_00208,304c7c4c-140e-40f4-ac9f-36926c07e5fc,Fish Fire,2017-06-05,37.86549,-122.2102,20.0
fire_00209,8bba8daf-8d47-43e7-8593-fdfa2dea5228,Pine Fire,2017-06-05,35.564124,-118.796513,10.0
fire_00210,549222c5-1be6-4453-896a-caebd19b0bee,Wilbur Fire,2017-06-06,39.52499,-121.64897,91.0
fire_00211,f8b61fab-bd14-4e92-960a-d512693ea8e5,Whitepine Fire,2017-06-06,41.8721,-122.4571,46.0
fire_00212,6802ed2f-5a5a-4a38-a236-e5a688639b6f,Dinely Fire,2017-06-07,36.45809,-118.87676,339.0
fire_00213,f62bd692-7aae-4e46-8284-239150acced0,26 Fire,2017-06-07,37.12759,-120.0193,157.0
fire_00214,2ef06870-3602-4f1a-878d-962f7259ad46,Bodfish Fire,2017-06-10,35.59804,-118.47939,206.0
fire_00215,b11adfe0-b74d-4321-b1bd-3fc0b8f0929b,Breckenridge Fire,2017-06-09,35.37351,-118.84134,35.0
fire_00216,b9142a59-e3dd-4797-b6ed-c5c847b16f67,Hog Fire,2017-06-09,35.80375,-120.52508,14.0
fire_00217,d11a4f65-9523-40d8-989a-6603705e9638,Oakwood Fire,2017-06-10,37.0825,-119.8011,1417.0
fire_00218,a8e4aa40-5e2a-4fd8-a858-d673576cda73,Wild Fire,2017-06-11,36.704679,-120.405077,186.0
fire_00219,7d9de7fd-f95d-4edb-bda6-804b734eedc8,Refuge Fire,2017-06-13,38.68347,-122.2654,22.0
fire_00220,f32d4562-5032-4645-ac8f-afb3fab4c704,Pleyto Fire,2017-06-11,35.902149,-120.983684,32.0
fire_00221,a9d270c5-aacb-4dad-a34e-ab28a7192248,Monterey Fire,2017-06-11,36.616986,-120.369347,450.0
fire_00222,0956bfcb-8915-4163-b4ed-4f3a6ab32895,Tivy Fire,2017-06-11,36.8005,-119.35901,76.0
fire_00223,5d521085-d92f-4664-b17b-732783658daa,Red Fire,2017-06-11,37.85137,-120.45268,38.0
fire_00224,67ba6e61-b5ca-48f4-8e56-9cedeaeb65ea,Valley Fire,2017-06-13,33.584036,-116.972036,33.0
fire_00225,3fc7de4e-3a0f-45e9-be1f-801f88770883,Douglas Fire,2017-06-13,33.23281,-117.29509,50.0
fire_00226,5f0c7697-7be3-49af-b98c-f5789e3ca6f9,King Fire,2017-06-13,35.8556,-118.74542,135.0
fire_00227,338af3e2-098b-4d1b-8f98-6020b212b68f,Reed Fire,2017-06-13,33.52584,-116.85226,20.0
fire_00228,1c51deff-5b43-4f54-8acc-a682f830815a,Lucy Fire,2017-06-14,35.6871,-120.3187,150.0
fire_00229,1dfae538-fd95-4454-865d-3d74e4b56665,Westfall Fire,2017-06-15,37.36914,-120.0088,63.0
fire_00230,380df891-161a-44c7-a244-d7dda9d5fd32,Canyon Fire,2017-06-15,33.950382,-116.884446,105.0
fire_00231,57b7776f-bae7-4b14-b94c-65806e002a88,Nuevo Fire,2017-06-15,33.79925,-117.11659,28.0
fire_00232,a2d42b3a-32a4-4b57-a8c2-91e5d046bbb6,Skyway Fire,2017-06-16,39.69717,-121.75417,134.0
fire_00233,7cae5704-9ba2-487c-a48b-bb440c95da6e,Shore Fire,2017-06-16,35.90092,-120.93371,32.0
fire_00234,c982daaa-a785-4dfc-a366-1950974028af,Lake Fire,2017-06-17,34.55607,-118.60703,850.0
fire_00235,ffb57bcc-80f7-4299-bfcf-c9be3b66d5ff,Bolla Fire,2017-06-18,40.32063,-122.83208,60.0
fire_00236,294c531a-3299-4038-baa8-c2a92d38d10a,Lambs Fire,2017-06-18,33.90965,-116.9669,10.0
fire_00237,54bad310-3a96-4019-b64d-61d00c559e6c,Smiley Fire,2017-06-18,33.98639,-117.21314,153.0
fire_00238,b3695ebc-e761-4577-8439-6330bed36594,Road Fire,2017-06-18,37.02081,-119.95136,25.0
fire_00239,1b01181e-fbcb-4dc4-86ec-cfddc864cc34,Highway Fire,2017-06-18,35.53456,-118.66733,1522.0
fire_00240,bfa879b5-b526-4114-9137-51d3ea3ad336,Trellis Fire,2017-06-18,33.71025,-117.31924,26.0
fire_00241,f173524a-ae01-47f5-942d-5e90c2b96469,Bogus Fire,2017-06-18,41.93006,-122.36545,56.0
fire_00242,949e577d-86c2-4def-b25a-c24aa014f4d9,Toll Fire,2017-06-22,38.07481,-122.23004,39.0
fire_00243,b5dd68e2-ec95-47cd-a126-d5f6f0f2b49a,Holcomb Fire,2017-06-19,34.2976,-116.826,1503.0
fire_00244,5882937b-ffce-43af-9e0a-00dcddde214a,Evans Fire,2017-06-19,39.71101,-120.02325,168.0
fire_00245,8740caa0-f86c-4103-b830-0435b9933a2b,Orange Fire,2017-06-21,37.82934,-120.68992,65.0
fire_00246,d515cbcc-376e-4bc7-adea-189eff5a7735,Quimby Fire,2017-06-21,37.33454,-121.76323,54.0
fire_00247,981484d0-711c-4a7b-9adc-23c9b29f9fae,Highway Fire,2017-06-22,39.364,-121.4143,21.0
fire_00248,1b1ba02e-9db3-4224-9d8d-06d5df529f16,Lone Fire,2017-06-22,39.38416,-121.5786,111.0
fire_00249,0ed54526-1296-4863-ae40-613ee456899d,Creek Fire,2017-06-23,36.27306,-120.65185,357.0
fire_00250,982c81ca-ebe5-4591-986d-1f3e2e4cc13c,Paskenta Fire,2017-06-24,40.10282,-122.27379,42.0
fire_00251,c940ef85-44ce-4684-bce3-7cbbf180cefb,Placerita Fire,2017-06-25,34.37443,-118.49343,760.0
fire_00252,49a9074c-c30b-4042-9ffd-1a10f9d9bf1d,Black Fire,2017-06-25,33.1683,-116.77342,36.0
fire_00253,ca0c9a5f-7a1a-4903-b790-6eb3e85e7e64,Manzanita Fire,2017-06-26,33.530045,-116.594422,6309.0
fire_00254,91d07ea9-cf5f-489c-aa4f-97fa6c0fb8a4,King Fire,2017-06-26,40.703775,-122.645079,19.0
fire_00255,81b37451-57b5-4050-a54d-e9750f84a567,Hill Fire,2017-06-26,35.4025,-120.4992,1626.0
fire_00256,4f0ff7c1-7c96-4f68-87e8-be4466945c2b,Latrobe Fire,2017-06-27,38.45822,-120.92162,35.0
fire_00257,243567d6-2692-4978-88f5-1bbfc7b818a6,Pine Fire,2017-06-27,37.9775,-122.65749,38.0
fire_00258,7696644d-0908-4149-8d6e-aa50c1233d67,Sloane Fire,2017-06-27,32.7789,-116.8516,25.0
fire_00259,a3159a43-d38c-4655-9acf-371bc9a6213b,Mart Fire,2017-06-27,34.14575,-117.17813,670.0
fire_00260,2c00a509-af87-418f-b888-edc8ec450f1f,Shore Fire,2017-06-26,41.93323,-124.19629,28.0
fire_00261,5da65d7f-cc75-4c0c-b221-1a1e3000a120,Ranch Fire,2017-06-29,37.3344,-121.71752,85.0
fire_00262,c171dc75-9d35-4c58-b787-032067b16ae7,Alvarado Fire,2017-06-28,35.947,-120.87492,15.0
fire_00263,a0ba8679-406a-491b-a20b-bba55d63bc5b,Battle Fire,2017-06-28,41.85763,-121.29581,562.0
fire_00264,d36387df-af2a-4b20-a94f-589fdccf67cd,Ben Fire,2017-06-28,37.3762,-119.9646,558.0
fire_00265,4ac3161f-79e7-494f-88e4-72a69ef1d96b,Tarina Fire ,2017-06-30,35.38298,-118.80123,1200.0
fire_00266,abe2311a-4ce6-4300-9716-4fb3fe538c75,Lockwood Fire,2017-06-29,35.96275,-121.08753,42.0
fire_00267,d1ec9e43-04bd-4926-8362-5e04afe39c90,Topanga Fire,2017-06-29,34.03941,-118.58624,55.0
fire_00268,6f2f8dc0-b930-435e-a622-d3585dcac067,Stokes Fire,2017-06-29,34.10446,-118.70294,41.0
fire_00269,2b043a7e-234c-43f7-852c-21fcb9ddc200,Oak Fire,2017-07-01,40.69554,-122.0122,128.0
fire_00270,c99fe9af-6d6b-435a-9084-2248905ad251,Brewer Fire,2017-07-02,39.08382,-121.06656,10.0
fire_00271,64ef64a3-c8b0-48f1-8fec-9cacf8dfcd34,Lisa Fire,2017-07-02,33.913089,-117.096233,11.0
fire_00272,97d63e17-e546-49ae-add6-e3b5fa71cb4c,Desabla Fire,2017-07-02,39.8629,-121.6268,14.0
fire_00273,3980fbbb-d17b-4deb-83a4-9af2290b5272,Spring Fire,2017-07-02,37.4591,-119.921,225.0
fire_00274,e3e75be1-8dea-4022-975b-34a0f25b57c0,Derrick Fire,2017-07-02,36.269125,-120.620791,1562.0
fire_00275,b51d7a8d-f768-453e-abb4-665b74998b21,Timber Fire,2017-07-03,33.96896,-117.25411,30.0
fire_00276,d4f1fc5e-b877-41ee-b491-8e92ded4984f,Canyon Fire,2017-07-03,33.91806,-116.99321,10.0
fire_00277,2f97537a-1333-4dfc-b7a3-b7bf9400ffdd,Lago Fire,2017-07-03,33.87739,-117.16215,50.0
fire_00278,9668cfe5-b636-4147-bce1-da8e8b3fb5c2,Valley Fire,2017-07-04,36.85596,-121.30983,34.0
fire_00279,ed40ce35-7338-4f8b-a5ab-e94af6fa7e55,Silver Fire,2017-07-04,34.304722,-117.3125,13.0
fire_00280,36d953e8-265f-4b05-831e-42eb2298b208,Freedom Fire,2017-07-04,36.81476,-119.51592,57.0
fire_00281,252345dd-886b-4bd2-90b9-161727a2fc2d,Jurupa Fire,2017-07-04,33.99316,-117.48405,35.0
fire_00282,6ae3d56e-0258-49f5-9e71-5b5abe141479,Lakeland Fire,2017-07-04,39.53944,-121.54722,18.0
fire_00283,f6970f10-0498-4f4c-8e0c-d4b7e4fbf888,Grade Fire,2017-07-04,34.20599,-118.98603,50.0
fire_00284,60770d23-70db-46f1-a19a-a23eaa409125,Eagle Fire,2017-07-04,33.85323,-117.48195,205.0
fire_00285,0a664214-c090-4889-8439-06836f89d830,Globe Fire,2017-07-05,36.10858,-118.81979,21.0
fire_00286,b383e4bd-6815-4624-936c-be57715ce50e,Fay Fire,2017-07-05,41.3975,-122.8428,496.0
fire_00287,f75027cb-2526-4524-989f-71d0d56353ec,Axel Fire,2017-07-08,38.7803,-120.97111,74.0
fire_00288,b3a6b47f-105b-4f66-b12a-76c563457a5d,Lake Fire,2017-07-08,37.64898,-120.4925,62.0
fire_00289,89f34aa8-eaf3-4d19-8ef0-005102e82831,Auberry Fire,2017-07-05,36.95104,-119.65621,91.0
fire_00290,7d77d3d1-40b5-40ab-8a53-2550f2001094,Gold Fire,2017-07-05,38.20176,-120.67848,22.0
fire_00291,a7509e35-3083-4306-bcce-ebf6d101b62a,Winters Fire,2017-07-06,38.49521,-122.0251,1700.0
fire_00292,ea019efb-52d2-4f08-8d04-20b680e2361b,Quail Fire,2017-07-06,35.59904,-119.08312,1626.0
fire_00293,5a43b164-04d0-46ea-992e-ea5aa283305f,Alamo Fire,2017-07-06,35.0179,-120.3223,28687.0
fire_00294,1652d79a-f4fc-4151-a0d1-1b7366730f47,Hawk Fire,2017-07-07,35.77896,-118.89627,2940.0
fire_00295,eeef101a-3a50-4407-8e6d-cd80d0d07599,Daulton Fire,2017-07-07,37.09773,-120.02027,90.0
fire_00296,bc89aab5-5f30-46a2-9881-6dbae22893b6,Christmas Fire,2017-07-07,33.763304,-117.314994,33.0
fire_00297,8816f0da-0818-499a-9ff6-ba4fd56ca7c8,Wall Fire,2017-07-07,39.45352,-121.41222,6033.0
fire_00298,67c20627-e6cb-4900-9f40-01e8da154a53,Bryant Fire,2017-07-07,34.07612,-117.06765,74.0
fire_00299,effeee13-51d7-4cf2-a62f-93b47b34605a,Tower Fire,2017-07-07,35.346,-120.62825,58.0
fire_00300,932a3f2f-6c0e-42a6-b357-f333774b4ea8,Banderilla Fire,2017-07-07,37.65963,-120.34802,36.0
fire_00301,248bba19-4fdf-4285-a210-1334454ad80a,Deer Complex,2017-07-08,37.87808,-121.78677,231.0
fire_00302,2ec4e814-477b-47e7-a36b-4da26f94e277,North Fire,2017-07-15,40.48972,-122.38619,10.0
fire_00303,dfd1e0d9-42b5-436a-aa83-ffcbbb7a6145,Whittier Fire,2017-07-08,34.55096,-119.9494,18430.0
fire_00304,f09f75ff-d9fe-4a25-89d0-75dc98d1fe30,Dode Fire,2017-07-13,41.72163,-121.30451,410.0
fire_00305,51bf0e2a-7f1f-4fe1-aeaa-70510ad42d0e,Orleans Complex,2017-07-26,41.59,-123.501,27276.0
fire_00306,743b2276-742e-4d25-be9b-60364ca880f6,Stone Fire,2017-07-09,35.42433,-120.47322,340.0
fire_00307,2adaf964-e996-4e55-a616-ac42375ee156,Willow Fire,2017-07-08,38.02929,-122.25544,370.0
fire_00308,5a52750e-30a0-4d26-a75b-58f79e1e24f4,West Fire,2017-07-08,39.06308,-121.303,50.0
fire_00309,fd82cbd0-ec25-461c-aef1-4c0c92060348,Rosado Fire,2017-07-12,38.67474,-121.06088,13.0
fire_00310,a21faf4f-3628-4e24-ac64-8471d9d12560,Parkfield Fire,2017-07-08,35.86949,-120.57894,1816.0
fire_00311,de1788c0-2996-40cf-9f76-2920b210d6a9,Benson Fire,2017-07-08,40.29118,-122.42606,29.0
fire_00312,6ee351a7-9382-48bc-a161-b417f7560ff9,Garza Fire,2017-07-09,35.93273,-120.20014,48660.0
fire_00313,79fd7b45-381a-4819-9dc7-f80a98010809,Honcut Fire,2017-07-10,39.37192,-121.53865,166.0
fire_00314,61cc4072-7db6-4fd2-bc9a-652728780c67,Farad Fire,2017-07-10,39.439722,-120.027222,747.0
fire_00315,9a1a4247-479d-46ff-99cc-4251c5e333fa,Felipe Fire,2017-07-10,37.25014,-121.68562,70.0
fire_00316,1be14ce2-5e9c-4cc2-89bf-f36cb1d1ccbd,Rebie Fire,2017-07-12,39.50475,-121.33785,10.0
fire_00317,a26038b9-df04-4ade-b918-0c4fb9a8dbcf,Mesa Fire,2017-07-17,34.72379,-120.13249,50.0
fire_00318,1348f32a-510f-4ad3-971f-b75b9cf9f0c0,Bridge Fire,2017-07-14,34.09773,-117.10567,460.0
fire_00319,04b54dc3-10a2-4fdf-bfa6-60a1fe2b0f7d,Jennings Fire,2017-07-11,32.84796,-116.85396,400.0
fire_00320,f7b03fae-de58-4674-9f4f-d3e9d2762d84,Long Valley Fire,2017-07-11,40.07045,-120.14013,83733.0
fire_00321,580ce9d9-b8dc-4dc1-9f10-11bf48df9492,Lariat Fire,2017-07-11,37.39801,-121.8179,101.0
fire_00322,6f9581fa-7c8a-45d1-988d-0a299fc15d62,Quail Fire,2017-07-12,38.18303,-120.85322,59.0
fire_00323,bfa2d3e8-2ede-423f-b7db-f8e6f44a3c82,Washington Fire,2017-07-13,33.62613,-117.07975,32.0
fire_00324,826b4661-020b-425d-84ec-9426c39839e7,Hidden Fire,2017-07-12,34.149,-117.189,46.0
fire_00325,bf2e0a34-e600-4e21-9135-168e28c2893d,Spaletta Fire,2017-07-12,38.08055,-122.77846,35.0
fire_00326,e6626b0a-428c-442f-9ec5-591effef172d,Navajo Fire,2017-07-13,33.77896,-117.24091,10.0
fire_00327,13dedbc3-8b85-4f64-b3db-89ed81ed4f1d,Reservation Fire,2017-07-16,36.66684,-121.74826,40.0
fire_00328,95cd2f17-1278-4cc9-90f4-000e4eba415a,Grade Fire,2017-07-16,39.30125,-123.28825,900.0
fire_00329,9feb25c4-d3ae-4f78-9fc9-a1ad2b308e42,Detwiler Fire,2017-07-16,37.61757,-120.21321,81826.0
fire_00330,7f742021-ea49-4de5-89a2-f5b9d05d6bbb,Range Fire,2017-07-17,39.13207,-123.10227,20.0
fire_00331,f44aec62-5d1d-422f-9ff9-dbef80e4e27f,Park Fire,2017-07-17,35.95911,-120.55579,1649.0
fire_00332,0726d9f7-2baa-4652-b1d6-cbab45783f64,Sand Fire,2017-07-17,39.01224,-122.20127,70.0
fire_00333,2f9f1bf9-6188-46a2-b91f-f212cdd21528,Maria Fire,2017-07-17,38.29113,-120.62177,117.0
fire_00334,f568b94d-f388-4231-8aac-ac2572ca872d,Centerville Fire,2017-07-17,41.45589,-120.56933,15.0
fire_00335,1ba1f29a-5281-4f53-857d-106ae5e7db84,Murphy Fire,2017-07-17,38.86056,-122.62382,40.0
fire_00336,80844950-65c8-44ec-b63a-7e51412fea0c,Fox Fire,2017-07-17,36.18815,-118.78928,59.0
fire_00337,2f2a4afd-06f1-4b57-b3f2-db8e3d9ac05c,I-5 Fire,2017-08-24,36.05187,-120.05404,2312.0
fire_00338,82689e99-9158-4403-b8c5-bababc3c81f6,Sway Fire,2017-08-01,40.39799,-123.57562,19.0
fire_00339,27759042-9df3-4d57-951e-f5727bcf013f,Hudson Fire,2017-07-18,34.94373,-119.44751,1083.0
fire_00340,3c61a039-cf71-40da-89e9-bcc5a62e2c1a,Laverne Fire,2017-07-18,40.47106,-122.43608,180.0
fire_00341,244961af-65d5-472b-972f-e02df96e9ccb,Ellis Fire,2017-07-18,33.75526,-117.25075,72.0
fire_00342,7a317400-8838-4fd4-8c2f-b8c12add5d6a,Hogback Fire,2017-07-18,36.64404,-118.99944,58.0
fire_00343,eff9d678-293f-43aa-96af-c5cf3203b31f,Roadrunner Fire,2017-07-30,36.0226,-118.94252,2289.0
fire_00344,1f8c73d1-2cb8-4e98-bd44-d6dccd601c7e,Twist Fire,2017-07-30,37.90014,-120.36005,124.0
fire_00345,ce6fb2ba-9799-4b36-a64f-8bf02392d6ee,Gorman Fire,2017-07-28,34.792882,-118.851943,135.0
fire_00346,ee20b421-06cd-40d2-a22c-0f9e8ddeee71,Placentia Fire,2017-07-28,33.81976,-117.18552,63.0
fire_00347,1eef0c21-122b-4522-80d1-edf08c82c777,Willms Fire,2017-07-18,37.81827,-120.65764,19.0
fire_00348,510c877d-b80b-423f-b7e0-4276ce646f4a,Humboldt Fire,2017-07-19,39.76243,-121.74121,103.0
fire_00349,a95302d3-8574-4900-9d2a-daa33c55b70e,Minerva Fire,2017-07-29,39.9034,-120.9761,4310.0
fire_00350,51e42770-97b4-4204-af57-8ab56992eb71,Jacksonville Fire,2017-07-29,37.905545,-120.408135,675.0
fire_00351,7dd19215-986b-4365-a40d-2267b4a05de0,Zenon Fire,2017-07-20,35.06472,-120.5634,47.0
fire_00352,d9f83833-30c4-448d-b2ca-c5a63791b83d,Grizzly Fire,2017-07-21,39.36902,-120.97586,10.0
fire_00353,2fd950a8-fadb-467c-ab59-88e7ea007738,Ranch Fire,2017-07-26,38.559707,-120.70013,140.0
fire_00354,0d93e84b-8460-4d5d-946c-630ade76747d,Elephant Fire,2017-07-20,36.22265,-119.06598,416.0
fire_00355,8cf9e7dc-74b9-4b97-9a03-f523f3eff56f,Latrobe Fire,2017-07-26,38.5181,-121.104,1268.0
fire_00356,7b95ce91-9581-4fe6-887d-ab1bf6420205,Weller Fire,2017-07-26,37.44485,-121.84108,51.0
fire_00357,be5275b7-1472-4423-a9c8-0f2491179150,Marble Fire,2017-07-19,41.478,-123.506,319.0
fire_00358,84c8a735-9e8f-4310-84ab-39079ad1ea14,Dollar Fire,2017-07-22,34.20152,-117.14466,85.0
fire_00359,918e4e6c-7814-42ed-9cd5-aa11d29367da,Lost Fire,2017-07-22,33.34659,-116.66107,255.0
fire_00360,a441e39a-1be1-4be5-8c07-b32bc6f07df0,Seine Fire,2017-07-22,34.139,-117.199,20.0
fire_00361,855e28e2-753b-4c36-bf39-27ace518776d,Woodland Fire,2017-07-25,38.69775,-120.73757,13.0
fire_00362,907cd7cd-cc26-4529-a9f8-cee1e1560086,Olive Fire,2017-07-24,35.7751,-120.23656,150.0
fire_00363,ebcee501-5709-4382-8eab-d8595ba6606d,Spenceville Fire,2017-07-24,39.06522,-121.3519,39.0
fire_00364,e8ebb6f2-16f5-4342-bce1-d36ff9c9422c,Castro Fire,2017-07-23,36.96607,-121.55552,78.0
fire_00365,1d8a8aaf-f294-46e1-8224-6ea3e8c39634,High Fire,2017-07-23,34.41204,-117.03031,170.0
fire_00366,a3bd6249-555a-4ee1-99c0-69333d71bdfb,Live Fire,2017-07-28,40.1583,-122.3209,57.0
fire_00367,77ab4672-c61f-488f-a165-acb40eeac713,Greenhorn Fire,2017-07-27,39.16826,-120.95498,15.0
fire_00368,09f55a45-f261-492f-b496-8744d878ef57,Falls Fire,2017-08-01,37.65986,-120.31157,20.0
fire_00369,00a13d84-415e-4106-aa31-2e664ed9eabf,Sky Fire,2017-07-29,40.69259,-122.17384,17.0
fire_00370,e9862c12-da9f-4205-9993-91a3b1437de4,Hill Fire,2017-07-29,41.9808,-121.9741,155.0
fire_00371,fd0a69a3-91d5-422b-bab4-dc6a4b0de134,Largo Fire,2017-07-30,38.538332,-121.039267,236.0
fire_00372,0f4499f5-846c-4791-994e-81df04fe691a,Garden Fire,2017-07-30,35.543,-118.654,1350.0
fire_00373,75fb489f-1e3e-4929-a6fb-a288416b96e0,Independence Fire,2017-07-31,38.70289,-122.90217,11.0
fire_00374,32a79e9b-8ce3-477e-b698-2eb16ef66aac,Mile Fire,2017-07-31,34.19076,-117.26969,100.0
fire_00375,3dcf54bc-89f5-41b3-b797-5dcdf0e629e8,Rose Fire,2017-07-31,33.689092,-117.396404,200.0
fire_00376,5367822f-b489-4da5-b90e-c5b2c8abf318,Sandy Fire,2017-08-02,40.79902,-123.39253,32.0
fire_00377,47dd7f12-4141-473e-b2c1-2e625df3b784,Camatta Fire,2017-08-02,35.4403,-120.2913,70.0
fire_00378,a1554868-0f98-41d4-9132-1f0bbf10b22c,Red Fire,2017-08-02,35.40357,-120.28037,460.0
fire_00379,dd6c5dfb-e5f5-4c1b-ab7f-aa9f3a4f60fc,Saw Fire,2017-08-03,40.11794,-123.76099,85.0
fire_00380,093bdb67-4c14-402d-a034-3714b7125c49,Bryant Fire,2017-08-03,34.08492,-117.03826,325.0
fire_00381,9705ad0d-5bf1-4221-a7c3-3af6d99be3d0,Rincon Fire,2017-08-03,34.23925,-117.85182,10.0
fire_00382,e1582691-805c-4627-b20b-e5e8ba110f20,Blocksburg Fire,2017-08-03,40.27582,-123.64281,30.0
fire_00383,21714c67-dc5a-4d86-8794-79d85f87b71b,Bottle Fire,2017-08-08,38.94599,-122.81135,62.0
fire_00384,58d62aeb-29f5-45f5-93ac-a657b0708149,Stewart Fire,2017-08-04,34.009026,-117.239099,122.0
fire_00385,e4834d78-fd4a-44b4-8669-52cbdc41113d,Calgary Fire,2017-08-05,35.70639,-118.47307,50.0
fire_00386,d3213d2a-4b10-4eef-b8df-bdebc5cd948f,Chilcoot Fire,2017-08-06,39.75371,-120.1397,1020.0
fire_00387,93fe220b-0458-4e26-827c-93883093681e,W-2 Fire,2017-08-06,41.11989,-120.74968,530.0
fire_00388,06664fe1-c56c-4a00-833c-f9f3f6d6d18f,Poslin Fire,2017-08-06,39.888,-120.066,859.0
fire_00389,ab009bd1-6784-4fda-a931-532520742a8b,Reed Fire,2017-08-07,33.57139,-116.8247,92.0
fire_00390,e65c3e0b-08d9-43cf-b1ac-8e57d5f407fc,Country Fire,2017-08-07,35.86596,-120.64584,82.0
fire_00391,9eb07177-e62a-4f5a-adeb-e95508e31959,Ruth Complex,2017-08-07,40.17598,-123.36882,4736.0
fire_00392,09e74687-85e7-488f-a5c8-8a11f75ab7d8,Rose Fire,2017-08-10,34.92907,-118.9267,338.0
fire_00393,a8ab00de-6074-45a0-9e3d-f43b090e8346,Tilton Fire,2017-08-11,37.14653,-121.68165,100.0
fire_00394,a43d0b54-a91e-40ba-b121-2e0f067201b6,Paskenta Fire ,2017-08-10,39.87983,-122.5415,15.0
fire_00395,4b885d8c-8951-46c5-a3d1-520cfd0ac964,Canyon Fire,2017-08-11,38.49336,-122.2483,114.0
fire_00396,bae69034-3bf6-48c3-a642-d0242cf090f9,Nuevo Fire,2017-08-13,33.797216,-117.124538,19.0
fire_00397,e6308517-0b7c-4efb-9369-b9aa3fe3ad14,Yankee Fire,2017-08-11,35.7908,-120.77485,775.0
fire_00398,f0dbf1f5-9f21-4d11-a432-d32f7f18c412,Ward Fire,2017-08-13,41.99279,-122.9401,41.0
fire_00399,c57ff6c2-e5df-48c5-831c-1dbad73df5ef,Blaine Fire,2017-08-13,33.98212,-117.30819,1500.0
fire_00400,8779fe43-665b-4643-a730-6344c44018c7,Coronado Fire,2017-08-13,37.62823,-120.30046,125.0
fire_00401,2995e2b3-f18d-44ec-952f-9f148b8354d9,Empire Fire,2017-08-01,37.644,-119.618,8094.0
fire_00402,b02ec4f1-ac5c-4b22-b7fa-5834af16d807,South Fork Fire,2017-08-14,37.538,-119.598,7000.0
fire_00403,c3ad74dc-6842-463f-8808-05161a8ba570,Mias Fire,2017-08-14,33.95036,-116.88066,600.0
fire_00404,1b49e4e3-7506-4bf4-b86f-fd3ca93fd85b,Corner Fire,2017-08-17,40.92602,-121.5935,17.0
fire_00405,a1b6ff5e-0533-408c-b02a-3061f60fb263,Hills Fire,2017-08-19,33.87679,-117.00258,168.0
fire_00406,f31a117a-572a-4956-9797-ad08e3933bb7,Beale Fire,2017-08-20,39.1234,-121.32957,867.0
fire_00407,3becdf3e-b110-41ab-86ce-645e041d296f,Toll Fire,2017-08-20,39.9864,-120.89746,186.0
fire_00408,490ae25d-c3d8-4a90-9e75-0ad85e0f629f,Eclipse Complex,2017-08-15,41.841,-123.474,78698.0
fire_00409,345f6faa-9946-418e-8a60-d5cb9efb3af4,Indian Fire,2017-08-02,36.257,-118.296,2295.0
fire_00410,2f1b8cff-f7d6-4459-866b-7c84bd531dcc,Eclipse Fire,2017-08-21,32.65003,-116.42907,200.0
fire_00411,687e2987-2306-477b-bbaf-0d5465eb1e7c,Young Fire,2017-08-07,41.853,-123.676,3142.0
fire_00412,3e005fd9-11a4-4145-a71f-8a4cf9a1341a,Parker 2 Fire,2017-08-03,41.466,-120.321,7697.0
fire_00413,89b5d4db-ce4e-43b9-8618-f89088d35ee1,Range Fire,2017-08-22,37.72543,-121.90516,200.0
fire_00414,83d87ff0-be6c-46fa-ab96-b9845d5d4edc,Juniper Fire,2017-08-23,36.099681,-120.443545,31.0
fire_00415,1f8d9fe1-e644-4f53-88ae-4418cc0b4451,Montezuma Fire,2017-08-26,33.20988,-116.46989,62.0
fire_00416,bfc6b8e4-8021-44ca-8f92-58c724682ba1,Peg Fire,2017-08-26,40.80968,-120.48641,157.0
fire_00417,becd0762-0e22-4c54-a1c5-3ecd3660dd70,Vestal Fire,2017-08-26,40.29831,-122.70449,40.0
fire_00418,90473f02-6572-4a9b-9451-1a18a4bee1ed,Flat Fire,2017-08-26,36.93332,-119.43376,111.0
fire_00419,399dba2c-02c1-4756-a76d-1198d0e838ed,Mines Fire,2017-08-27,37.56181,-121.56425,44.0
fire_00420,d83bfb8a-f1e6-4213-b514-89fc16d2eb72,Bodega Fire,2017-08-27,38.26294,-122.71998,18.0
fire_00421,78754c68-2800-4c5d-aff0-ab0b399ab5ce,Canyon Fire,2017-08-27,33.6444,-117.3968,46.0
fire_00422,386b7562-fe70-490b-a92c-a3c21eece0c2,Hill Fire,2017-08-27,36.7279,-119.28241,69.0
fire_00423,18a2b3d6-d86e-4147-ab42-d45b8792e98a,Translator Fire,2017-08-28,41.02705,-123.63721,40.0
fire_00424,f3c1f59e-b0d5-4c14-976f-ae6c583b2224,Sandra Fire,2017-08-28,38.34421,-120.72274,10.0
fire_00425,c8ebf0c1-e560-4e22-a946-129af8699dfb,Pier Fire,2017-08-29,36.15356,-118.74103,36556.0
fire_00426,f8cd3b44-ec6b-4338-9edc-ebd879a8aafc,Bradley Fire,2017-08-28,41.222,-122.27499,54.0
fire_00427,7c9253af-4c43-41bb-b1de-44af15e0d83e,Ponderosa Fire,2017-08-29,39.57701,-121.30209,4016.0
fire_00428,9989e07d-5125-472d-9601-0d7158b13073,Railroad Fire,2017-08-29,37.44663,-119.64622,12407.0
fire_00429,b77ff66d-d8ee-49c9-bd0f-92a4350a095a,Mud Fire,2017-08-29,40.43962,-120.22215,6042.0
fire_00430,62b8a6af-700a-4c93-85d5-a9b85a30faf5,Owens Fire,2017-08-29,41.99483,-121.90077,55.0
fire_00431,71ea2924-bc37-44f4-b454-47eff22e426c,Slinkard Fire,2017-08-29,38.655,-119.55425,8925.0
fire_00432,5e01dba8-3d59-41a6-ba60-d78d874eba42,4-4 Fire,2017-08-30,41.4844,-120.36659,28.0
fire_00433,f571f91e-bc07-450c-8822-3ecc61a27863,Pleasant Fire,2017-08-30,39.34292,-121.12004,392.0
fire_00434,182f71e9-0f85-4cb0-8711-ee14c0b6b8f8,4-10 Fire,2017-08-30,41.64469,-120.31814,27.0
fire_00435,4adae6c4-71c9-46d1-9743-e04f186b2c3e,Coalinga Fire,2017-08-30,36.36113,-120.32685,102.0
fire_00436,62a6c794-97db-4b57-9033-958bcf2e5a99,Miller Fire,2017-08-31,40.03697,-123.64214,34.0
fire_00437,220a986e-6d2c-4893-9473-232d1e1abf0c,Helena - Fork Fire,2017-08-30,40.76025,-123.10003,21846.0
fire_00438,1e9d7aca-8862-4dff-a8af-5f687afdfda0,Castaic Fire,2017-08-31,34.52055,-118.62882,30.0
fire_00439,10a447c8-708f-44a3-8679-251500c761d6,Border Fire,2017-09-01,32.6001,-116.76997,130.0
fire_00440,68328f20-5aed-404d-8c29-81b4b69e8439,Summit Complex,2017-07-31,38.329,-119.782,5247.0
fire_00441,99a7ed51-e64a-4aa9-b8ba-6a9ae4752db0,Ellie Fire,2017-09-10,33.73547,-117.33364,34.0
fire_00442,7f33fd28-9a93-438b-84ca-0e57e7c441f4,Creek Fire,2017-09-03,38.12,-119.941,1749.0
fire_00443,406e30d2-2ac0-4c0b-998c-761adde20177,Hopper Fire,2017-09-01,40.71923,-122.02525,25.0
fire_00444,340e471a-a37e-47dd-90da-6c9f35b7eb3b,Caldwell Fire,2017-09-01,35.76,-118.406,1319.0
fire_00445,c2bf9820-7e90-43c4-bd3d-1b26ef7ada51,La Tuna Fire ,2017-09-01,34.22957,-118.2674,7194.0
fire_00446,297d6516-ce4f-407d-93f8-9669dc6fd392,Mission Fire,2017-09-03,37.21616,-119.48067,1037.0
fire_00447,a983c540-b47c-4250-a65d-c5d3d76c9b3b,Parkfield Fire,2017-09-03,36.09486,-120.52189,100.0
fire_00448,cfa04438-152b-4f4b-a712-4343af8c7fcf,Palmer Fire,2017-09-02,33.97471,-117.09984,3800.0
fire_00449,17cd878b-0d5d-49ff-b205-7e0203908f4c,Margarita Fire,2017-09-03,35.31886,-120.50886,120.0
fire_00450,180ea977-b5c2-483d-b9f4-c2f8b8b05ebe,Mule Fire,2017-09-05,39.01748,-122.49327,21.0
fire_00451,ba20d998-185c-48ac-8006-15aadf4d3106,Mills File,2017-09-03,40.13278,-120.9204,79.0
fire_00452,7b02d757-4f96-4616-99d5-04e4eaa34440,Bally Fire,2017-09-03,36.99092,-121.59899,100.0
fire_00453,c7a0a280-17c9-409b-85f9-fdda301b6ede,Peak Fire,2017-09-03,37.37397,-119.83556,680.0
fire_00454,49757269-445f-4525-8698-858d8e0a5398,R-4 Fire,2017-08-30,40.69573,-119.93499,18618.0
fire_00455,92fc9725-ac49-4632-8bbf-e299483940b8,Cove Fire,2017-09-23,35.76343,-121.04445,25.0
fire_00456,59fae761-fd49-4f06-a2e9-1495c00eb7e9,Bradley Fire,2017-08-28,41.222,-122.292,54.0
fire_00457,5ef75bbf-adba-424a-bef3-a5efed5b5e2c,Sandy Fire,2017-08-02,40.804,-123.375,32.0
fire_00458,38c666cb-6545-428f-985d-a2589dfb3700,Table Fire,2017-09-19,37.896778,-120.504134,39.0
fire_00459,d0b51e42-5558-47c9-8617-34f6f977ab79,Border 9 Fire,2017-09-07,32.59252,-116.61609,25.0
fire_00460,98bf51ea-bf23-40a3-b95e-4b795baced3e,Linne Fire,2017-09-26,35.5956,-120.56068,74.0
fire_00461,ed4e06ba-6d17-459a-831a-9b15a9bd116e,Pine Fire,2017-09-11,36.17297,-120.87609,43.0
fire_00462,47988f74-d4bd-4ddd-814e-22ebc2ca5ccf,Eureka Fire,2017-09-05,39.75312,-120.75485,2575.0
fire_00463,e1a5b757-2bc1-440f-b3d1-06cd41171775,Shaver Fire,2017-09-11,37.10067,-119.32109,10.0
fire_00464,089f95f8-8834-4cc6-87c7-15cb1aeca7b8,Skeleton Fire,2017-09-12,39.44543,-122.85194,200.0
fire_00465,01202971-a157-41f8-91cc-cf7c3b8f9473,Soda Fire,2017-09-28,40.07613,-121.56858,143.0
fire_00466,81b26bc7-7d65-4591-9d27-4e698cab4f12,Skeggs Fire,2017-09-11,37.41591,-122.3001,50.0
fire_00467,4a015862-8ac1-4c91-aa4c-c9831630b75a,Berry Fire,2017-09-11,40.98352,-121.81623,900.0
fire_00468,59d6fc84-0d58-4e29-b910-1993dba51b3a,Hole Fire,2017-09-12,41.98128,-124.01168,40.0
fire_00469,ea832344-b0c6-4443-b5f0-457c462d911c,Pacific Fire,2017-09-12,39.44257,-121.60683,12.0
fire_00470,ab08cb64-67c4-4e7d-8081-b5574131f755,Slides Fire,2017-09-12,39.42604,-123.03344,58.0
fire_00471,7cc06465-bf2a-4df2-a68d-5f330e1cea42,Buck Fire,2017-09-12,40.2275,-123.03583,13417.0
fire_00472,f7a51800-b219-428c-aef0-ee5fa5de4d64,French Fire,2017-09-17,38.5758,-120.915,136.0
fire_00473,32d7eab5-d948-4be0-af69-b233e311d2b9,Eastman Fire,2017-09-18,37.14624,-120.015509,483.0
fire_00474,efa1dc61-85e3-4fb6-b6f6-04c3845d9ca6,Grape Fire,2017-09-19,39.02482,-123.1362,146.0
fire_00475,19ada70e-4932-449c-8483-d65685995487,Corral Fire,2017-09-19,37.63358,-121.49925,155.0
fire_00476,a8567989-a0c5-4c31-9012-82f99d76129f,Murphy Fire,2017-09-19,36.24653,-120.31598,237.0
fire_00477,e7cb239e-7d9e-440d-ba5a-c6881406ce95,Power Fire,2017-09-20,36.94652,-120.90462,48.0
fire_00478,c64e288e-d258-45e0-8357-b7a7289c0b92,Huasna Fire,2017-09-20,35.12269,-120.39387,245.0
fire_00479,04b4caff-a62d-465b-b9a7-81986f91c0c3,Dexter Fire,2017-09-20,37.76888,-120.15846,10.0
fire_00480,cf38fe5e-29ca-498d-bc9c-d3f2fd8ff883,32 Fire,2017-09-25,39.8255,-121.7127,28.0
fire_00481,c9009967-c0c1-47d3-b2eb-47b2d7a5da0e,Estate Fire,2017-09-23,38.4446,-122.0041,55.0
fire_00482,ab42234a-7930-4636-8af5-3fc11ca8b34d,Jasper Fire,2017-09-26,39.03168,-121.40947,26.0
fire_00483,c4f61042-d1ef-4d00-956d-785368ee34ca,Edwards Fire,2017-09-26,37.77982,-122.169,22.0
fire_00484,cb3599f6-751d-4072-8db1-6e366ac603c9,Poly Fire,2017-09-26,35.3024,-120.65279,105.0
fire_00485,0176a674-c102-4854-92af-7d09aa3e1430,Canyon Fire,2017-09-25,33.8668,-117.68598,2662.0
fire_00486,f2e55878-e387-412b-a067-dadc649bed43,Lion Fire,2017-09-27,36.27138,-118.48555,18900.0
fire_00487,f839c34f-de3b-4e79-9b4f-e3502557d32b,Rucker Fire,2017-09-29,34.67403,-120.4393,444.0
fire_00488,62a5257e-a841-4f7a-ae19-52aa89570bd9,Lakewood Fire,2017-09-29,35.59302,-118.46734,40.0
fire_00489,58533f37-ed81-4ac4-89e9-b4088684d9e7,Melba Fire,2017-09-29,33.74925,-117.10301,35.0
fire_00490,03d74bbd-627c-47af-a2e9-5351e6e16f6a,Timm Fire,2017-10-02,38.43658,-121.97233,100.0
fire_00491,273d1f78-c432-46c0-8969-26c3f936cc65,Ramblin Fire,2017-10-03,37.41231,-119.87465,17.0
fire_00492,bc12dbf6-db36-4dcf-86d6-84d3beb14cad,36 Fire,2017-10-03,40.20077,-122.24731,20.0
fire_00493,2049dbb6-1a87-4d9d-abde-092d35072934,Ridge Fire,2017-10-06,39.15016,-122.576,87.0
fire_00494,6ab80358-cb3c-4e2a-85da-0cd77003fc12,Jones Fire,2017-10-08,40.70627,-122.24199,40.0
fire_00495,fc87e089-36dc-4314-8321-7d91e7eead21,Fort Fire,2017-10-07,38.51937,-123.24713,20.0
fire_00496,e3ed6829-5211-436a-8e32-ec617c3ebc83,Freeway Fire,2017-10-08,40.24789,-122.255,10.0
fire_00497,e2c1718a-40e5-4139-a379-011c77f021bd,Blue Fire,2017-10-08,40.88516,-123.96844,20.0
fire_00498,adf929a5-d508-4f69-8845-8fa1df8d4f95,Cherokee Fire,2017-10-08,39.62496,-121.52966,8500.0
fire_00499,676946dc-1b38-4a09-9bbe-9ce638cfed52,Atlas Fire (Southern LNU Complex),2017-10-09,38.39206,-122.24367,51624.0
fire_00500,82c2aafa-ef04-49f0-a172-0dfa8a15582e,Tubbs Fire (Central LNU Complex),2017-10-08,38.60895,-122.62879,36807.0
fire_00501,be79d28c-767d-4a0d-b168-e86a5842004f,Nuns / Adobe / Norrbom/ Pressley / Partrick Fires / Oakmont (Central LNU Complex),2017-10-09,38.4041,-122.5209,44573.0
fire_00502,36d55b1a-a2f4-4f40-b57c-48341bb2ace5,Partrick Fire (Central LNU Complex),2017-10-08,38.31802,-122.39052,8283.0
fire_00503,4ca0e06c-4e6e-4e00-a4a4-6813e3200bd5,LaPorte Fire (Wind Complex),2017-10-09,39.39455,-121.40613,6151.0
fire_00504,608ed849-d1ec-4b0d-a477-d1b8e9c7e6dd,Cascade Fire (Wind Complex),2017-10-08,39.32198,-121.4021,9989.0
fire_00505,9a2b8ac1-41f4-4f98-a4e1-9b5ddee37251,McCourtney Fire (Wind Complex),2017-10-09,39.19325,-121.08406,76.0
fire_00506,c229ea5c-2ebd-4f80-892e-fc5da8a1eeea,Redwood Valley Fire (Mendocino Lake Complex),2017-10-08,39.24873,-123.16635,36523.0
fire_00507,f30518d1-83ef-440c-8058-d4189bfedab7,Point Fire,2017-10-09,38.40234,-120.52953,130.0
fire_00508,fe6e94d7-7b47-4992-9a52-787e1fad8171,37 Fire,2017-10-09,38.14242,-122.47301,1660.0
fire_00509,f8ce12e2-e7c1-4922-b584-63e4421d0598,Pozo Fire,2017-10-09,35.28738,-120.44448,45.0
fire_00510,fb042e0f-1aab-4ac4-9d09-947c9b9f14b6,Tank Fire,2017-10-26,35.21556,-118.56578,50.0
fire_00511,0f32c2db-7d28-4cf6-85b8-44b53899c8eb,Sulphur Fire (Mendocino Lake Complex),2017-10-09,39.01387,-122.64543,2207.0
fire_00512,29c37ab7-3af9-458f-b6d3-72023a8c1046,Lobo Fire (Wind Complex),2017-10-08,39.24549,-121.12792,821.0
fire_00513,579d5d2a-0e51-4058-92c7-37abd7fe4aad,Honey Fire,2017-10-09,39.74679,-121.67261,150.0
fire_00514,969c721c-5f27-41d4-9a94-ffa12e351204,Canyon 2 Fire,2017-10-09,33.87041,-117.70975,9217.0
fire_00515,561d4f1b-0827-48a9-8034-e783d2761945,Wildomar Fire,2017-10-26,33.60247,-117.34192,866.0
fire_00516,09425074-8348-4fbc-b95d-4939750f9345,Tehama Fire,2017-10-26,40.02261,-121.91425,194.0
fire_00517,46d1ec10-be8e-474a-b98f-ba7cd3521ccd,Silver Fire,2017-10-11,36.7528,-119.2288,58.0
fire_00518,0de36981-b31f-45c7-befd-1596f982e7db,Pocket Fire (Central LNU Complex),2017-10-09,38.76549,-122.90939,17357.0
fire_00519,b3627eac-9f2f-482a-81a6-681e60b5b24a,Bear Fire,2017-10-16,37.18356,-122.07012,391.0
fire_00520,dcd7fb2e-3a4f-427e-9b13-1d2bcb0e8ac6,Wilson Fire,2017-10-17,34.22551,-118.05545,50.0
fire_00521,eb8b50ba-b6bc-4668-b3f1-dcdbfbe71b17,River Fire,2017-10-14,40.46836,-123.51619,148.0
fire_00522,ec27a3bd-959b-48f3-872e-2c87047dbae2,Quarry Fire,2017-10-12,35.19008,-118.76152,183.0
fire_00523,d720af5d-af7c-4052-92b3-fced863cb675,Wilson Fire,2017-10-15,33.18716,-116.50897,25.0
fire_00524,11392e98-1571-4405-8f9c-d347caca28ce,Garden Fire,2017-10-10,39.06414,-121.13737,19.0
fire_00525,0e9f14ae-01d5-4fbe-85a0-d0967233dc90,Ice Fire,2017-10-10,38.77921,-120.46234,29.0
fire_00526,61e9a1f4-a263-47a0-93ee-64b52ebd92a9,Portola Fire,2017-10-10,33.50488,-117.02132,23.0
fire_00527,c5783ba0-227e-4ff6-9d7d-61532ccd469b,Meyers Fire,2017-12-05,34.21829,-117.40625,34.0
fire_00528,eb87224a-f7da-4432-84ca-03a706ee3bac,Little Mountain Fire,2017-12-05,34.16564,-117.33334,260.0
fire_00529,33bf7f90-edd9-4bf7-a079-561d5dad25c9,Extension Fire,2017-10-23,33.8826,-117.00589,50.0
fire_00530,50bd55cc-7c58-462d-a919-923b4bdcca15,Freeway Fire,2017-10-24,34.13534,-117.4982,40.0
fire_00531,733028fc-bf0a-4737-878b-78a29c9ee2ee,Rolling Fire,2017-10-15,35.3091,-118.701,184.0
fire_00532,92a8a466-061b-430a-87f9-3b5192947578,Lynch Fire,2017-10-13,35.78616,-120.96514,73.0
fire_00533,2725461a-6ad1-43fd-8b83-5e219df4d558,Table Fire,2017-10-13,38.848,-120.287,426.0
fire_00534,a7ecc679-7fbc-4370-9a55-8e17bf262a2e,Long Fire,2017-10-14,39.0199,-122.57487,100.0
fire_00535,3f481060-1106-4857-8ac3-374a68763922,Oakmont Fire (Central LNU Complex),2017-10-14,38.46123,-122.58152,100.0
fire_00536,c58da6fd-a2e2-4706-9a2e-ee03884c714d,York Fire,2017-10-15,36.5858,-121.80377,31.0
fire_00537,e8c7f247-bc31-4e5b-bf71-fe903366d9e5,Fallon Fire,2017-10-17,37.7393,-121.85663,116.0
fire_00538,081c7307-b328-4b64-869a-dce8718bab11,Buffalo Fire,2017-10-17,33.402411,-117.402445,1088.0
fire_00539,6418a3f5-8f76-4b47-9a46-64af91838857,Milton Fire,2017-10-18,37.89532,-120.84748,13.0
fire_00540,1e11fa40-e850-45d2-b65e-05aadc9f02f1,Rye Fire,2017-12-05,34.45283,-118.58188,6049.0
fire_00541,a245b55b-3eb7-49dd-9a5e-909d53854055,Creek Fire,2017-12-05,34.31283,-118.35863,15619.0
fire_00542,d28bc34e-73a8-454d-9e55-dea7bdd40bee,Thomas Fire,2017-12-04,34.41521,-119.09124,281893.0
fire_00543,c425ed8d-1aab-44c8-bc03-39675ad2b0d2,Riverdale Fire,2017-12-04,33.96514,-117.4764,40.0
fire_00544,eadd73be-51ab-4078-91cc-04784be3f17f,Roser Fire,2017-11-02,39.81517,-122.28165,43.0
fire_00545,23353f29-33d4-4a7b-b78e-66bc761a55c8,Chris Fire,2017-11-13,38.46111,-119.48284,370.0
fire_00546,d12bbce8-5acb-43ef-a259-4fbaf90d32ff,Loma Fire,2017-10-13,33.38613,-117.46709,81.0
fire_00547,60d9b4f4-7b48-4820-9adc-5be0b4353a5c,Palm Fire,2017-11-14,33.90327,-116.50151,40.0
fire_00548,fc8f89b5-988a-4a23-b9e3-333cc690363e,Vista Fire,2017-10-24,34.34949,-119.30918,86.0
fire_00549,494792db-3107-4323-b176-fde4c58cd647,Soda Fire,2017-10-20,35.41112,-120.00353,21.0
fire_00550,c265dfe8-6217-4a0d-9ea9-37be3b38baef,Bitterwater Fire,2017-11-25,36.38109,-121.00391,47.0
fire_00551,773795d8-5801-4f7c-a2fe-3f8d0ae18f51,Church Fire,2017-10-21,32.64962,-116.37345,100.0
fire_00552,666b3951-76ce-4351-abc6-3e0518d44901,Oak Fire,2017-11-29,34.035344,-116.940661,99.0
fire_00553,fc4fcd00-8eee-43e5-b77f-bbd0c1669744,Lilac Fire,2017-12-07,33.3237,-117.163,4088.0
fire_00554,e1a8e4f1-ba7c-431a-a8c4-069fa3d3d36c,Liberty Fire,2017-12-07,33.59257,-117.14979,300.0
fire_00555,d3f8db86-9947-4a4e-9113-0d7e4806417f,Longhorn Fire,2017-12-13,33.88994,-116.91023,19.0
fire_00556,2aad53ef-d6c3-43dc-92e6-b2f9881ff161,Skirball Fire,2017-12-06,34.09454,-118.48178,422.0
fire_00557,64779f92-8353-4187-ae56-2b83eb66d7ca,Drum Fire,2017-12-16,34.71796,-120.27077,14.0
fire_00558,2fa6f5ce-1c5b-4147-9f1f-9beb01c499af,Coast Fire,2017-12-14,34.605358,-120.414875,14.0
fire_00559,e32c7957-8f4f-4ec1-a0f6-98085a2a7e89,Riverbottom Fire,2017-12-21,33.9885,-117.38417,45.0
fire_00560,d20645f2-81b9-450f-abc1-433b81bd7fea,Holiday Fire,2017-12-28,38.869036,-119.61865,80.0
fire_00561,a97e2077-2013-459a-baa7-276781503e3c,Aqueduct Fire,2018-04-12,35.92436,-119.94083,30.0
fire_00562,9d0be6f9-d61b-467d-be68-c8a48c0cf930,Haycamp Fire,2018-02-07,35.96689,-121.28185,50.0
fire_00563,3d866877-330a-4a14-b5bd-48675955af64,Pleasant Fire,2018-02-18,37.40208,-118.50235,2070.0
fire_00564,f78b2acd-fff2-413a-93d6-8479e138120b,Grant Fire,2018-05-14,37.73835,-121.6039,12.0
fire_00565,693a86e6-8985-4e70-8ba8-869786ff538b,Patterson Fire,2018-05-17,33.62924,-117.05992,1261.0
fire_00566,8b34406c-93b7-4a40-a832-2fc525876e59,Tyler Fire,2018-04-15,33.711263,-116.164058,15.0
fire_00567,f87005f7-c31b-4135-989a-ee5611626b3c,Santa Cruz Fire,2018-03-27,34.0232,-119.76576,258.0
fire_00568,958c8ac0-6111-4d29-b5ac-8ca0e7a2f484,Rock Fire,2018-03-27,40.4635,-121.77419,11.0
fire_00569,9a49cf24-0e41-4817-b0d0-966e7b5c7e77,Meadow Fire,2018-04-09,33.86439,-117.48144,21.0
fire_00570,81cf4d22-336d-4035-b2c3-5b5a8cf2fcc2,Volcan Fire,2018-05-10,33.12213,-116.58759,12.0
fire_00571,e84f2881-743c-4e36-863d-ddb37c2540d3,Shastina Fire,2018-05-09,41.65935,-122.48556,127.0
fire_00572,fb8c9354-384c-45ab-b209-4a0f6d234516,Lago Fire,2018-04-22,33.88744,-117.16232,18.0
fire_00573,508b3f52-3a8e-4572-99a9-73c28bbdfbef,French Fire,2018-04-26,39.89075,-120.18499,20.0
fire_00574,1a08a7d9-47b2-42ba-94c1-a2e15415b887,Happy Fire,2018-05-17,34.74245,-120.18236,60.0
fire_00575,f96cf1fb-78d6-4763-a754-23aac25a3b96,Jacques Fire,2018-05-09,33.40178,-117.27467,18.0
fire_00576,32708961-025a-4bf7-88c1-8cd91bbc3cce,Alpha Fire,2018-05-04,33.389425,-117.502405,300.0
fire_00577,92c441f3-4729-4ba5-890f-fb7693725275,Nees Fire,2018-05-02,36.85156,-120.77206,1756.0
fire_00578,57ef80d4-4674-4a3a-9fd6-3f1d792a1953,Tornado Fire,2018-05-04,33.504964,-117.148204,70.0
fire_00579,08a9481d-8742-4256-a419-2a59196e0a8d,Woodchuck Fire,2018-05-04,33.467999,-117.003829,15.0
fire_00580,a339b368-ec58-463e-9a26-9af37c938f49,Moffat Fire,2018-04-19,36.71537,-118.08449,1065.0
fire_00581,8e840df1-b34b-44fd-8ade-0350a0113a81,Main Fire,2018-04-28,33.67815,-117.32281,73.0
fire_00582,0d030a31-8531-4172-88f1-08ac34c3d805,White Fire,2018-05-18,35.826333,-118.9821,26.0
fire_00583,e1ab6577-7ce9-4b19-bb29-68b5bdd699b6,Jelly Fire,2018-05-18,40.31759,-122.21032,103.0
fire_00584,454ed7a0-3e17-47a6-9ff1-7a629471df5c,Ager Fire,2018-05-19,41.791859,-122.513883,27.0
fire_00585,d77a050b-9928-49bf-92de-1159edddd07c,Plaza Fire,2018-05-20,37.056944,-121.01638,88.0
fire_00586,03b0e3c2-7b65-4a7b-b061-d297ebd267f4,Bellagio Fire,2018-05-21,38.16303,-122.23059,12.0
fire_00587,b9cd9a90-1983-4a0a-aad4-9c286382f158,Agua Fire,2018-05-22,33.35505,-117.03134,59.0
fire_00588,f163aa10-1dd9-4fd0-9e5b-fda78ef5bcc6,Experimental Fire,2018-05-23,37.0979,-119.75307,56.0
fire_00589,31c47bb9-1913-463e-95e4-86e48fadfda6,Water Fire,2018-05-24,35.56922,-120.12441,100.0
fire_00590,737f9bb2-5a43-4730-94c1-4031bce6d626,Cobble Fire,2018-05-26,36.75581,-119.42172,108.0
fire_00591,7f775329-242f-4211-b564-92f90062c227,Keeler Fire,2018-05-27,37.21803,-121.76828,16.0
fire_00592,79dee087-3393-473f-aaa9-5d253cc5e1fa,70th Fire,2018-05-28,33.53924,-116.10231,10.0
fire_00593,09f22e57-6058-4a87-972a-ece08f4527d4,Chrome Fire,2018-05-28,39.65578,-122.58666,75.0
fire_00594,e596a67e-177f-4db9-a2d6-dda7da1678fb,Stuhr Fire,2018-05-29,37.32744,-121.10903,63.0
fire_00595,4b641aa9-e8b4-492e-a181-f1bad47c4d6d,Vineyard Fire,2018-05-29,35.71859,-120.64028,25.0
fire_00596,503cf916-4f56-4be7-8083-730122f686dc,Grant Fire,2018-05-30,37.75375,-121.57918,484.0
fire_00597,4235f934-ed24-425d-821c-46363dcb16e8,Madison FIre,2018-06-01,38.64953,-122.01762,14.0
fire_00598,3db90629-694f-43d7-b46a-6378f6bc1472,Open Fire,2018-06-01,39.46543,-122.65582,127.0
fire_00599,b48e83d3-eb05-47df-a198-185912d8190e,Plymire Fire,2018-06-01,40.201826,-122.29388,23.0
fire_00600,abe0e447-8977-406f-9e13-5514f4e954bc,Glen Fire,2018-06-02,37.99113,-121.86473,23.0
fire_00601,105b65f3-7e99-4cd6-8b0a-f78004c041eb,Aliso Fire,2018-06-02,33.55132,-117.72044,175.0
fire_00602,c88bdcbd-2592-44d2-b44d-1c5a37593ffb,Jardin Fire,2018-06-02,33.45014,-117.22215,10.0
fire_00603,af8fe898-e4a6-4b9f-86a5-e6fc3226832b,Coldwell Fire,2018-06-02,36.10499,-120.55324,13.0
fire_00604,2d27a570-a8b0-4332-a40a-3afb8f2a575c,Black Fire,2018-06-03,39.80827,-122.3307,10.0
fire_00605,a0b7fa30-74d0-419f-927b-de29b0d00018,Grande Fire,2018-06-03,33.47413,-117.31468,11.0
fire_00606,368fb83d-2660-4d9f-b6ad-0a2ef5de1e52,Ethanac Fire,2018-06-03,33.742,-117.28189,17.0
fire_00607,39ace715-e375-4083-a05c-7fb7448e17b9,Fairview Fire,2018-06-03,36.83036,-121.36446,35.0
fire_00608,0fd4a4af-b243-4e88-b983-648d0c127f47,Resort Fire,2018-06-03,35.75737,-120.91793,12.0
fire_00609,a9d772ae-90d9-4f8e-9fe7-342b4266dd52,Martin Fire,2018-06-03,41.58233,-122.33769,37.0
fire_00610,8efb9edc-dbe7-4824-9027-22993569f794,Adobe Fire,2018-06-03,32.78031,-117.06782,38.0
fire_00611,60041942-db7c-4c3d-8a94-151addbd9d20,Green Fire,2018-06-03,32.75072,-116.92404,10.0
fire_00612,5340807b-1be1-4894-b446-c81c46456641,Stone Fire,2018-06-04,34.5486,-118.31138,1352.0
fire_00613,c48eaae5-afb4-472c-be65-7dfbb3c82f4d,Meamber Fire,2018-06-04,41.64805,-122.98442,12.0
fire_00614,df2538f9-20c9-4d40-9a64-9d6334b6f7d6,Airline Fire,2018-06-04,36.40755,-120.99322,1314.0
fire_00615,5228fabc-64f6-4ccf-aedc-dc1e781277a6,Eastern Fire,2018-06-04,36.378333,-120.901167,513.0
fire_00616,9662b158-b17f-4386-867a-3afa5ea28929,ONeals Fire,2018-06-04,37.10181,-119.623981,300.0
fire_00617,9f926d66-2cfa-4e3d-b4a3-4ea3b4b23698,Panoche Fire,2018-06-04,36.64832,-121.03253,64.0
fire_00618,6eed6c93-14f3-450a-80c8-65c5450a8cbd,Pallet Fire,2018-06-05,38.245151,-122.44408,10.0
fire_00619,a43a2839-d85f-4152-ac07-4a29c31723cf,Vista Fire,2018-06-05,33.40769,-117.22974,12.0
fire_00620,9ededdf0-b250-49ec-999d-eb988dab08a9,Recycle Fire,2018-06-06,32.63046,-116.46674,265.0
fire_00621,7278467f-ca4a-47f1-b876-a6722b546f30,Liberty Fire,2018-06-11,38.24033,-121.09199,62.0
fire_00622,cdd46073-0336-4003-8a06-161947985987,Bear Fire,2018-06-07,37.33924,-120.24315,200.0
fire_00623,22fc8e84-ae8e-4a10-a9f3-828464616253,Apple Fire,2018-06-09,39.94355,-122.3571,2956.0
fire_00624,1d926fc4-0f23-47dd-a750-5e7fac4ad416,Chrome Fire,2018-06-09,39.64978,-122.58218,2290.0
fire_00625,5adaf6fa-0c4a-43e4-bd32-baa089a7f0b2,Mission Fire,2018-06-09,37.97638,-122.5275,12.0
fire_00626,d6d4d085-1c3b-4ee5-bd2a-dd3779797e97,South Fire,2018-06-09,37.97638,-122.5275,175.0
fire_00627,63e41793-2c9c-4dda-98e0-62b5069514a7,Sam Fire,2018-06-09,35.9352,-121.11936,96.0
fire_00628,b3ab43c4-6f73-4ccc-a3ca-f2c54959f8b1,Beaver Fire,2018-06-12,36.37532,-120.862579,215.0
fire_00629,d886d8aa-00b7-41d7-b48f-665f5c6cf01e,Vista Fire,2018-06-13,35.663607,-120.670311,60.0
fire_00630,96781eb8-6146-4b96-a5cb-7457defea461,Santiago Fire,2018-06-11,33.787838,-117.746625,155.0
fire_00631,e1c9dae5-a2d8-4c97-8e6d-65937ade5e79,Euclid Fire,2018-06-12,33.925862,-117.654299,154.0
fire_00632,7307857b-b127-4b3a-bf11-ee19d07e0736,Portola Fire ,2018-06-12,34.110516,-118.427886,20.0
fire_00633,994876ff-2369-4a13-9642-d2dfbd372ac9,Spring Fire,2018-06-13,40.394073,-122.135924,70.0
fire_00634,764b9aac-411e-442d-a045-1bd02ec773c2,Bridle Fire,2018-06-14,33.524412,-116.821724,20.0
fire_00635,59b452f4-04fe-4251-8cf9-70dfc53ada0c,70 Fire,2018-06-14,39.602703,-121.617698,20.0
fire_00636,f3d3e61e-4ab4-4155-a882-4e27de976659,Creston FIre,2018-06-14,35.58354,-120.624135,60.0
fire_00637,b307b3b5-529a-4dd0-ad30-e678180a6174,Tumbleweed Fire,2018-06-14,40.3768,-120.36403,646.0
fire_00638,3de50f18-061e-40f4-8ee4-8a3d3ef25fb1,Planada Fire,2018-06-15,37.39339,-120.34207,4563.0
fire_00639,06ccdd6b-fd15-4cba-a9ed-6cb7c70327d9,Raymond Fire,2018-06-15,37.14663,-119.91223,60.0
fire_00640,42bd7e44-5bfa-4e25-961d-941a18bc00d0,Boyer Fire,2018-06-15,37.47677,-119.84299,53.0
fire_00641,9b6b1707-4342-4b38-b4a2-1056c202a32a,Oregon Fire,2018-06-16,39.549167,-121.521111,40.0
fire_00642,af251be5-4fa6-4ced-954c-a0e0aa34a517,Creek Fire,2018-06-16,38.886518,-122.476381,32.0
fire_00643,0ffbb118-8070-4220-95a7-cdef27b0a7ae,Willow Fire,2018-06-16,38.015323,-121.998967,25.0
fire_00644,43d24c96-7841-423f-9e14-bc9a7ff49416,China Fire,2018-06-17,38.265645,-120.892404,17.0
fire_00645,bd149eaf-5a3e-4eac-9973-243e78862b35,Upper Colony Fire,2018-06-17,38.834395,-119.416746,1202.0
fire_00646,1f49d4b1-f08f-4fce-8b55-48ff0e521a2f,Vallecitos Fire,2018-06-17,37.627119,-121.806775,20.0
fire_00647,fc911680-49a8-454b-be0f-d78cd957bd29,Dinosaur Fire,2018-06-17,37.05876,-121.176354,185.0
fire_00648,8f98a50c-fac6-4dcd-844f-76c49891f0f6,Wheeler Fire,2018-06-18,37.707234,-120.199162,115.0
fire_00649,2bee561f-fd8f-44ad-9c25-ccdc671029bc,Iron Fire,2018-06-19,37.779209,-121.908976,40.0
fire_00650,b2adde70-a40e-4b81-9f5f-8f6b96042af2,Ranchita Fire,2018-06-19,35.77017,-120.57833,10.0
fire_00651,d963ff00-9c98-4bc6-a3b3-4856d8192e87,Yankee Fire,2018-06-20,35.73629,-120.75593,1500.0
fire_00652,d752892a-9bdf-4b91-83f0-2d3f94c3f370,Creek Fire,2018-06-21,35.05747,-120.39295,10.0
fire_00653,9fe34773-10d3-419a-a6f5-4ddb2d43a145,Bascom Fire,2018-06-23,40.52909,-122.17457,328.0
fire_00654,299d84d9-ff65-4669-bcd7-cb5abb191c75,Lane Fire,2018-06-23,40.35068,-121.77867,3392.0
fire_00655,75ad696c-b094-4919-89e3-f879361f5151,Sierra Fire,2018-06-23,40.12791,-122.19792,170.0
fire_00656,72999057-198b-4cd2-a316-2e854ef9a7f8,Stoll Fire,2018-06-23,40.18395,-122.27574,268.0
fire_00657,25574325-cf1d-4191-bc3d-c50ed0a15f9c,Pawnee Fire,2018-06-23,39.0674,-122.59848,15180.0
fire_00658,c8c8905e-4ff4-4563-8ad8-3838a8d0a3bb,Canyon Fire,2018-06-23,34.53765,-118.75495,62.0
fire_00659,b4377461-c17b-41b1-8dc2-9722f8ead519,Stony Fire,2018-07-04,39.2976,-122.512012,75.0
fire_00660,d7365a2a-a113-4693-92d3-152f52b0d743,Sheep Fire,2018-06-29,35.1234,-118.72905,95.0
fire_00661,b900fe52-8900-4578-9745-58036920a1ab,Creek Fire,2018-06-24,40.50318,-122.42308,1678.0
fire_00662,28d55249-7c63-4213-a7b4-c0796dbb18ca,Flat Fire,2018-06-24,37.80785,-120.30187,163.0
fire_00663,f2d02439-f682-47e7-b6e9-6e51ca068c86,Horse Fire,2018-06-24,37.95766,-120.68902,80.0
fire_00664,bda69d0e-716e-439e-9a18-49f44d449086,Romero Fire,2018-06-24,37.08529,-121.09354,68.0
fire_00665,eabc7fc2-d02b-480a-9472-7c7677e812cb,Peach Fire ,2018-07-05,39.038859,-123.38493,90.0
fire_00666,4efc7855-ecbf-4507-8435-399e23a91fef,Waverly Fire,2018-06-29,38.052055,-120.945482,11789.0
fire_00667,465ed1e1-89be-4556-b616-834b65746005,Llano Fire,2018-06-29,39.6139,-121.954098,10.0
fire_00668,70ff3ebc-0d1f-43eb-ab56-1ff13fe9c9e3,Flat Fire,2018-06-28,40.60402,-122.9144,300.0
fire_00669,8811a5f8-b99a-454a-9af5-6753579c8d45,San Ardo,2018-06-26,35.95515,-120.86256,375.0
fire_00670,b17eb5bf-c44a-4e13-99d0-bbdf5e8f8f67,Lions Fire,2018-06-11,37.571,-119.118,4064.0
fire_00671,595f6f52-a55b-40e7-8aa6-b409ff9a7a5b,Anchor Fire,2018-06-27,36.696879,-119.304499,76.0
fire_00672,a3ba8fc0-37f7-4c1a-9386-627d3369a03e,Shippee Fire,2018-06-26,39.59872,-121.78208,460.0
fire_00673,91b94b02-cd05-471a-a4e7-5168d56c46ba,Fox Fire,2018-06-26,35.33916,-120.71488,260.0
fire_00674,218619b5-ad0c-4238-8e31-ab6d98932a73,Hyatt Fire,2018-06-27,40.316137,-120.45053,383.0
fire_00675,5aa13874-fb24-44f0-969a-d12dbc7edca8,Cherry Fire,2018-06-27,41.83359,-122.99272,63.0
fire_00676,cbf84797-7cc2-40a4-8157-d74c89792e9e,Par Fire,2018-07-04,39.491737,-121.637759,191.0
fire_00677,c8060137-4a83-479b-9f36-429a698aac06,Grant Fire,2018-06-29,38.595865,-121.17693,30.0
fire_00678,53770321-4d20-4db9-bfad-754f9eeabc2b,Valley Fire,2018-06-29,37.94714,-121.9921,268.0
fire_00679,a4d4923c-cf9e-43a9-b62e-dc9c04f0ec24,Tesla Fire,2018-06-29,37.66074,-121.67144,70.0
fire_00680,d4618db6-e417-4590-8c1f-9b5ace341bb3,Creek Fire,2018-06-30,34.17711,-117.15381,33.0
fire_00681,97ff14e8-6d08-4214-ad3b-847fa3a0e84a,County Fire,2018-06-30,38.80583,-122.18183,90000.0
fire_00682,28599f05-c64d-49a5-be59-23879eecb980,Benton Fire,2018-07-04,33.56349,-116.732032,63.0
fire_00683,15d8c9e7-7029-4027-85d8-95f308f83790,Lariat Fire,2018-07-14,40.00293,-122.44008,33.0
fire_00684,f5d14543-5d98-41ca-99f5-09c1197161b2,School Fire,2018-07-10,37.22791,-119.50461,12.0
fire_00685,6103c099-a3eb-481e-8a76-1296f5fdb25d,Petersburg Fire,2018-07-01,41.085,-123.051,215.0
fire_00686,2a1c14d1-2a88-4564-bd09-585e09ffc9a7,West Fire,2018-07-06,32.833674,-116.7311,504.0
fire_00687,f7bacdf4-ba33-436a-ad94-549395286fc2,Buckingham Fire,2018-07-02,37.86339,-122.12351,45.0
fire_00688,59c697e4-5083-4f45-b03a-ef580f6618dd,Building Fire,2018-07-06,32.619855,-116.764733,10.0
fire_00689,29a5f777-bea5-411e-9139-fe0d094616b0,Shingle Fire,2018-07-04,38.539806,-121.059979,316.0
fire_00690,d7e7eaca-5716-48b3-bd34-37acea282634,Klamathon Fire,2018-07-05,41.893332,-122.534655,38008.0
fire_00691,be804253-e994-4f40-9e07-5c215533231c,Irish Fire,2018-07-06,38.42623,-120.95408,825.0
fire_00692,b90be7b6-e9ec-4a18-a910-957f700c6ed6,Valley Fire,2018-07-06,34.095568,-116.958806,1350.0
fire_00693,656c37d9-6876-47ba-bf8e-ec6c351c3595,Eagle Fire,2018-07-13,41.29363,-120.11461,2100.0
fire_00694,76725105-a814-4e8d-bd5b-d0f2f1879dae,Holiday Fire,2018-07-06,34.463889,-119.831389,113.0
fire_00695,8d5856ff-4cd4-4b88-afb0-c6df08f548a8,Bridle Fire,2018-07-06,37.06367,-121.53586,116.0
fire_00696,3c17be70-66f8-4df2-97be-873fe924d99c,Stoney Fire,2018-07-12,39.77124,-121.76859,962.0
fire_00697,8ff78ab4-378d-4e1b-9ba0-b90d8be07a06,Gray Fire,2018-07-13,34.171786,-117.35606,12.0
fire_00698,29d15973-a999-409e-adf4-486854df44ed,Ferguson Fire,2018-07-13,37.6549,-119.88581,96901.0
fire_00699,22171870-baaf-480f-902a-45ec9282df35,Lebec Fire,2018-07-08,34.86022,-118.87881,62.0
fire_00700,c2dc8734-e165-4fa1-9a1a-f393516bd5a5,Dark Fire,2018-07-10,39.66492,-121.51772,11.0
fire_00701,01018620-8f10-4de0-a7e6-78cc9a77cc9a,Curie Fire,2018-07-10,37.22545,-121.79189,70.0
fire_00702,a125058d-abfe-4593-bd53-503ceea3f4f0,Hale Fire,2018-07-10,37.163594,-121.702547,51.0
fire_00703,20495cc8-cb22-4fd1-9bc3-0b9c654d12a0,Kelley Fire,2018-07-14,41.50105,-120.61108,52.0
fire_00704,68957772-711e-4874-99f2-2b9267dbe725,Panoche Fire,2018-07-11,36.65351,-121.0454,278.0
fire_00705,09395db0-1c76-43c3-a3db-d18081b31a35,Georges Fire,2018-07-08,36.6734,-118.21881,2883.0
fire_00706,9636bdf4-8754-4745-80c8-90a5fcd90ec2,Vista Fire,2018-07-08,40.62693,-122.23449,31.0
fire_00707,7e24911d-5dc9-4449-ba08-f718c094ac9e,Bruce Fire,2018-07-08,37.79718,-121.85311,56.0
fire_00708,d0e1cdc0-9dea-467a-8ae8-040e0f94178d,Grant Fire,2018-07-08,37.75646,-121.60646,480.0
fire_00709,a9386b8b-8d40-44ea-ab84-1593ced5f9fb,James Loop Fire,2018-07-09,39.05391,-119.82242,280.0
fire_00710,1a4aeaa6-7f90-420f-ad6b-6942658a7fee,Box Fire,2018-07-06,34.22526,-117.40967,100.0
fire_00711,dc55524d-c29f-4990-8f73-2974348c7fc7,Cornerstone Fire,2018-07-09,37.19817,-119.80414,11.0
fire_00712,78eabcbb-32b9-4438-ab84-8eb65c044db7,Spring 2 Fire,2018-07-09,39.06715,-122.59789,80.0
fire_00713,3b576efa-90b7-4b87-983d-b38630e10576,Dale Fire,2018-07-09,40.33682,-121.93908,856.0
fire_00714,a0b16523-d6f9-4a21-809d-4f2bdbc2bea7,Idria Fire,2018-07-12,36.59036,-120.82355,116.0
fire_00715,b89ae0bb-4b8b-47f6-b7c6-5e689a265288,3-2 Fire,2018-07-14,39.99309,-120.02137,14.0
fire_00716,052acbfd-0552-47ac-8be7-6f79b4aecf0e,Steamboat Fire,2018-07-15,41.70877,-122.47293,224.0
fire_00717,8d7302b1-605f-404d-9641-a890720e8657,3-10 Fire,2018-07-15,40.95234,-121.21597,56.0
fire_00718,8c94a8f0-1d63-4ea7-88af-52fee196a9a6,Johnson Fire,2018-07-15,41.34453,-123.85404,16.0
fire_00719,f141dba0-ae4b-4972-b926-81d1595d0917,3-18 Fire,2018-07-15,41.08583,-121.05722,32.0
fire_00720,62b14189-aea8-4dcb-8702-a1dfc11abda7,3-16 Fire,2018-07-15,40.94666,-121.27049,89.0
fire_00721,02ebd2cc-c4da-4508-92f6-30446d041ae9,Tuscan Fire,2018-07-15,40.27754,-122.11375,50.0
fire_00722,d3ead5e1-12bb-4d27-8c1d-c723c0747265,Mill Creek 1 Fire,2018-08-16,41.07944,-123.688056,3674.0
fire_00723,0194a44a-0c12-4e47-a053-f3b9b2382858,Camp Fire,2018-07-17,35.70086,-120.97339,14.0
fire_00724,1dad019f-12c1-47a0-a20c-2408d942f1c4,Border Fire,2018-07-17,32.557566,-116.8663,28.0
fire_00725,14207c18-f9a3-4a69-9f3a-d778d2f6960f,Lott Fire,2018-07-17,41.632373,-122.37985,10.0
fire_00726,756cceab-80e1-47af-8c85-9e650352b48e,Cruces Fire,2018-07-18,34.54305556,-120.31805556,77.0
fire_00727,e51ff5f0-09d5-42f3-8bed-c1c6eb85d245,Eighty Eight Fire,2018-07-18,38.59694444,-121.99388889,822.0
fire_00728,d56aeb11-09a3-4854-b422-9a1e41f18a51,Simmons Fire,2018-07-19,39.57202,-121.43131,43.0
fire_00729,e4c8aa24-e396-46d1-ae6e-bc9c7889967a,Ben Fire,2018-07-19,37.28365,-119.97546,40.0
fire_00730,05fb81ea-7e85-4d0d-9587-64c907a45561,Cinnamon Fire,2018-07-20,33.04898,-116.78928,13.0
fire_00731,022bee6b-1559-4792-a2d2-014d3adfecad,Skyline Fire,2018-07-19,33.836101,-117.607577,282.0
fire_00732,9626db35-9c2a-4431-8c91-00e0bba794fa,Highland Fire,2018-07-20,40.741186,-122.649626,63.0
fire_00733,389e3075-51b9-45a8-ab9a-a75b03225c8d,Windmill Fire,2018-07-20,34.62412,-120.22298,110.0
fire_00734,d7745759-07bd-40a7-a66c-003b174851b2,Carder Fire,2018-07-21,38.91152,-122.86854,50.0
fire_00735,5b5274df-2cb7-402e-b002-778cce00ac1d,Rock Fire,2018-07-21,35.68539,-120.95157,30.0
fire_00736,a710f41c-aa03-41e1-813f-a98812aea01b,Mustang Fire,2018-07-21,35.64917,-120.71907,37.0
fire_00737,0dd9bca6-35b9-4a75-8f3b-a5e57e1b90e7,Country Fire,2018-07-22,37.449425,-121.88807,320.0
fire_00738,fb7f7795-ede7-40cc-acf6-3ee6e761d0a9,Heart Fire,2018-07-21,39.279833,-123.258319,67.0
fire_00739,f6693336-817b-4424-8aea-1c966fae5e23,Horse Creek Fire,2018-07-19,36.42638,-118.70443,34.0
fire_00740,240b1f55-0f4e-448d-a4ce-3ecfec7a6c9d,Carr Fire,2018-07-23,40.65428,-122.62357,229651.0
fire_00741,6e0b516c-9da1-4ff7-a0ce-3251b2cbabb9,Pico Fire,2018-07-23,34.38039,-118.60441,128.0
fire_00742,e18c9556-706f-4bb7-b908-e7b44293923d,Martinez Fire,2018-07-23,33.56921,-116.154398,40.0
fire_00743,9b9b6d81-9590-48a0-a750-fc7da05bfecc,Ridge Fire,2018-09-02,38.981389,-122.97222,36.0
fire_00744,2fdf2c14-77b4-458c-96fc-bd883dec3ad3,Crestline Fire,2018-07-24,40.824,-121.90215,51.0
fire_00745,a18ed51c-1083-4f48-ab1b-6ae0c5454073,Roxie Fire (Formerly 1-1 Fire),2018-07-24,40.34822,-120.82497,167.0
fire_00746,655b2bde-09c6-43b8-9cdb-43096bcf1155,Church Fire,2018-07-25,37.07793,-121.600023,20.0
fire_00747,df681456-a50e-4400-a95a-77533a0978ba,Marsh Fire,2018-07-25,37.89612,-121.85847,247.0
fire_00748,708b3dde-3f1a-4813-8501-8a52bf3b1d9c,Hidden Fire,2018-07-25,36.796,-121.40604,39.0
fire_00749,f306893c-d6b5-4d68-a2a3-4a306822e041,Patterson Fire,2018-07-25,37.71173,-121.55604,34.0
fire_00750,9d63cbd8-7dbf-4b2d-918d-036e3a282d2d,Western Fire,2018-08-01,38.8802,-123.0496,106.0
fire_00751,2b56b06d-46d6-43f2-b474-2598dd163e82,Pasqual Fire,2018-07-27,33.07892,-116.91845,365.0
fire_00752,1f942827-c242-49a1-bccd-f2375be91ad9,Ribbon Fire,2018-07-26,33.571763,-116.500058,205.0
fire_00753,190306eb-357b-40d2-9871-92cdd8784332,Parrots Fire,2018-08-05,38.08424,-120.46078,136.0
fire_00754,deb9364c-ab73-4661-b287-2ffc1797296e,Wagner Fire,2018-08-04,37.69965,-120.0545,22.0
fire_00755,6bc7ef6f-2d81-4bdc-ab41-9db6af9d4abb,Creek Fire,2018-08-04,37.533026,-121.79733,30.0
fire_00756,676aa48b-d962-4026-a354-db047f14233f,Tarina Fire,2018-08-03,35.37444,-118.83556,3156.0
fire_00757,90b0daf7-5d84-42d9-bb35-bb78d4faf950,Ranch Fire (Mendocino Complex),2018-07-27,39.243283,-123.103367,410203.0
fire_00758,e775e724-0a1b-4156-a477-623031c09b0e,Balch Fire,2018-07-27,36.21634,-118.82989,100.0
fire_00759,af30fe23-6cfd-4fd6-b2d9-91648eeae814,River Fire (Mendocino Complex),2018-07-27,39.04786,-123.11971,48920.0
fire_00760,53a9be88-6d10-483e-8dc7-59cb84326ab8,Breckenridge Fire,2018-07-27,35.387408,-118.817934,993.0
fire_00761,684ded31-5a60-4c05-bbdb-2fb913ca0041,Whaleback Fire,2018-07-27,40.633536,-120.868091,18703.0
fire_00762,9bc283c4-6011-4488-b8ec-a85db51dc137,Natchez Fire,2018-07-15,41.95113,-123.54642,38134.0
fire_00763,c62fc5e2-2340-49b7-b3d8-b883a266827f,Donnell Fire,2018-08-01,38.349,-119.929,36450.0
fire_00764,574b0b35-4c66-44ac-8797-3eadf09e495d,Owens Fire,2018-07-31,37.735461,-118.970443,338.0
fire_00765,45845135-0abc-4964-9038-db1e26fa9b22,Sobrante Fire,2018-07-28,33.85852,-117.43521,30.0
fire_00766,e3406861-3e7f-4a4b-b16d-6004f3edc5e6,Rock Fire,2018-07-28,33.41476,-117.24044,207.0
fire_00767,ea58640a-7837-4d93-a145-96e48b7df8ee,Butte Fire,2018-07-31,39.186144,-121.792885,1200.0
fire_00768,2410754e-b988-4f4f-b7ee-21f954c2bbf2,Steele Fire,2018-07-28,38.51943,-122.18353,135.0
fire_00769,fa745e18-be7a-42e0-b3c7-30333ddcf3aa,Eel Fire,2018-07-31,39.82877,-123.08489,972.0
fire_00770,46f35b6b-9c64-41e3-a7e2-f76dc6719145,Corner Fire,2018-07-29,40.95673,-121.6002,35.0
fire_00771,6832f18a-6515-4436-bf3b-553bf6302de4,Reservoir Fire,2018-09-16,35.30151,-120.64398,51.0
fire_00772,775494c3-ae61-40aa-82b0-667a3ddcbdcc,Casner Fire,2018-08-06,33.05737,-116.77154,14.0
fire_00773,d8de1c4a-9b2c-46ad-aab4-3b2012571e4a,Bumper Fire,2018-08-01,38.645,-120.874167,67.0
fire_00774,6e4ecf7a-2864-4fc6-85cb-9b2a0ac324df,Omega Fire,2018-08-01,38.82128,-121.03918,66.0
fire_00775,4f3f4f66-871c-4d50-bd3f-f641210552c9,Sunset Fire,2018-08-01,38.82426,-121.451307,695.0
fire_00776,c7152819-8f07-489c-a219-b58bed82733e,Turkey Fire,2018-08-06,35.847778,-120.343056,2225.0
fire_00777,5b9e5ea7-1f63-46dd-aabd-8cf407c6f4ba,Holy Fire,2018-08-06,33.69888,-117.52055,23136.0
fire_00778,dd114f40-6fcb-487b-931e-7a9107371daa,Terra Fire,2018-08-06,33.759722,-117.460278,35.0
fire_00779,a1e73f5c-68e2-4109-b741-046eb7349265,South Fire,2018-08-06,38.061298,-120.872244,290.0
fire_00780,b9f703f7-18bb-4845-a480-ce7d63b5f57a,Murphy Fire,2018-08-07,39.996944,-121.27,117.0
fire_00781,0ba9a90d-6615-4fa8-9a10-3efb660437ca,Five Fire,2018-08-06,35.97896,-119.98329,2995.0
fire_00782,471980a3-9ffb-4b1f-8e51-eabb9736b51b,Pine Fire,2018-08-16,35.56888889,-118.80138889,114.0
fire_00783,cb647b06-1772-4d65-8087-0b841fcfb502,Hirz Fire,2018-08-09,40.896,-122.219,46150.0
fire_00784,f81830b2-ece2-4f59-87c7-fd43193bd996,Land Fire,2018-08-22,33.946896,-117.066643,23.0
fire_00785,8dddf572-84de-4b20-b740-f5c7847cec3b,Rangeland Fire,2018-08-09,33.076239,-116.902985,250.0
fire_00786,ce93c72c-eb9c-4176-a2b6-7750a4a6bb20,Hat Fire,2018-08-09,40.99344,-121.52225,1900.0
fire_00787,1bdf7030-adc6-442f-ab31-d182e53b4a73,Syar Fire,2018-08-09,38.27229,-122.26389,10.0
fire_00788,f012f0ea-4102-47dc-9c6d-609ebac85142,Alhambra Fire,2018-08-17,37.99618,-122.14097,30.0
fire_00789,db2344ac-f195-4f94-8999-e8c8ebb4a7a2,Snell Fire,2018-09-08,38.69601,-122.44468,2490.0
fire_00790,2ce8de99-7e66-4de8-9426-48a4fc8500ac,Nelson Fire,2018-08-10,38.431278,-122.043747,2162.0
fire_00791,b03ec37e-8596-4e7e-8826-729957a794f8,Marcel Fire,2018-08-17,35.17156,-118.51651,34.0
fire_00792,b2695350-87ea-49f4-a579-ce0c4cf7f926,Oak Fire,2018-08-12,39.10494,-121.07039,16.0
fire_00793,791a3a00-2c51-4679-b4b7-27cc77ec699d,Cloverdale Fire,2018-08-13,33.0971179,-117.0242529,100.0
fire_00794,3bb731cc-eb21-421f-b5f5-4949346dc316,Gulch Fire,2018-08-11,36.00912,-120.82226,700.0
fire_00795,b83feee5-a799-4481-bd25-1d4cc3befd7d,River Fire,2018-08-15,35.79012,-118.7393,496.0
fire_00796,58e6dde2-eeae-4a9e-be1e-bfd654d4405b,Stone Fire,2018-08-15,41.38544,-121.04386,39387.0
fire_00797,a2fbfcae-d658-41f4-88c6-98239d08ff29,Castro Fire,2018-08-26,37.69926,-122.02805,48.0
fire_00798,5eab06a3-5deb-4934-98a7-7c42eb86cbf9,Call Fire,2018-08-18,35.51777778,-118.6525,367.0
fire_00799,5dbbbc9f-deec-4c33-a172-19614492d860,Gorge Fire,2018-08-19,40.36888889,-122.89055556,155.0
fire_00800,8dd81979-48ba-48db-bb24-e4f1bf85d262,Front Fire,2018-08-19,35.11416667,-120.09222222,1014.0
fire_00801,23f8d2d9-0e9e-4f07-b830-8c02cf74b5d0,Keller Fire,2018-08-19,33.627006,-117.171731,10.0
fire_00802,eeb859ef-dc44-48e2-a2d7-dce44bc47d01,Eastman Fire,2018-08-23,37.197039,-120.002619,289.0
fire_00803,2bdeaf01-fe98-4f63-b2e8-4857815bc87c,Country Fire,2018-08-25,33.97902,-117.20534,32.0
fire_00804,f6555118-f01e-4524-a14d-e01303a482db,Redinger Fire,2018-08-27,37.179167,-119.431667,88.0
fire_00805,ef9c8f82-8607-4c53-9bdd-5196e6a1071c,Cache Fire,2018-08-26,39.02017,-122.57496,103.0
fire_00806,e69be637-e9e9-4964-96ed-4d6a1a1c159d,Winchester Fire,2018-08-27,33.640051,-117.085354,36.0
fire_00807,9bffc947-2f15-4486-98df-9a632b2038a7,Fork Fire,2018-09-09,34.2325,-117.846111,166.0
fire_00808,c203606a-d2eb-4ba2-97cc-2ee7403432b1,Grade Fire,2018-08-30,38.8275,-122.3625,60.0
fire_00809,c9001401-a2b0-4cae-9e03-e60509342a53,Ogilvy Fire,2018-09-01,34.576944,-119.61416,172.0
fire_00810,e9d48e43-940e-4151-9ffb-20881d03c151,Essex Fire,2018-09-02,41.52123,-120.72362,15.0
fire_00811,0683b4a7-6a8c-4339-abc1-dfbe64dcb5a1,Sterling,2018-08-31,34.15475,-117.244366,125.0
fire_00812,ba818380-4001-46a2-ac04-d5f322cdf3b9,Delta Fire,2018-09-05,40.9425,-122.43,63311.0
fire_00813,1a3ccacd-e743-4a0b-97ab-4d99a133654e,Kelsey Fire,2018-09-03,38.91842,-122.85276,24.0
fire_00814,d8235a76-7b43-4e23-8f60-dc308c250fab,North Fire,2018-09-03,39.268611,-120.658333,1120.0
fire_00815,94e0a869-04f6-4265-9c1f-c53fbdde98ad,Sliger Fire,2018-09-04,38.94388,-120.92611,150.0
fire_00816,20b57ee7-b0b7-47db-8a12-e5fcdb114459,Ranchera Fire,2018-09-04,40.678889,-122.400556,13.0
fire_00817,849ad1a0-472b-4cc6-a513-030491fa1ffb,Tulloch Fire,2018-09-08,37.83388,-120.61746,573.0
fire_00818,3506eaf5-e815-4a7f-9c52-816fe5eee7d5,Kerlin Fire,2018-09-04,40.616251,-123.52019,1751.0
fire_00819,a81f5149-5ac2-48de-a189-609e46f5fad8,Boot Fire,2018-09-04,38.347395,-119.45186,6974.0
fire_00820,7fc0b9c8-dec7-430d-9790-1bbebae404eb,Metz Fire,2018-09-13,36.35502,-121.1563,411.0
fire_00821,65689d5f-910c-4e00-9bf3-e5626cd1361c,Irving Fire,2018-09-10,38.02447,-122.727,152.0
fire_00822,f694c74c-adad-459c-b357-4cd2f10f16df,Water Fire,2018-09-12,34.91482,-118.92485,200.0
fire_00823,d5885e9d-1310-4f84-a658-d972d17ecad9,Soboba Fire,2018-09-14,33.80406,-116.93188,25.0
fire_00824,9ea41d38-ee7c-4394-9ea8-cbf33e788f13,Meyers Fire,2018-09-20,38.7448,-120.65672,12.0
fire_00825,4fa2e1e0-a920-4991-beb6-3c080b6c1500,Charlie Fire,2018-09-22,34.48229,-118.60858,3380.0
fire_00826,6b6dff76-8fab-4852-a71c-e735f87bd6fa,Oak Fire,2018-09-22,37.38789,-119.68912,360.0
fire_00827,b9d64431-d96d-413f-84df-ef3b381d3002,Copper Fire,2018-09-22,40.33642,-120.93005,53.0
fire_00828,d0ae0a7f-dd7b-4cb1-8f4a-2a784a17d6d4,Wilson Fire,2018-09-28,40.34256,-121.43025,261.0
fire_00829,b181e69a-5864-44c1-b5b4-f4c5832a4539,Silver Fire,2018-09-28,40.5939,-122.17173,76.0
fire_00830,04100255-b014-4a69-92c2-5388c7f9b9d6,Quimby Fire,2018-09-23,37.33563,-121.75815,30.0
fire_00831,9856efb8-4d41-4276-9d4e-a5b29d912996,Nimshew Fire,2018-09-24,39.84151,-121.62168,33.0
fire_00832,2c41731e-1e13-494c-b7f7-928b89bb7d32,Keenbrook Fire,2018-09-26,34.24138,-117.42431,53.0
fire_00833,9d69b6cb-1dee-43df-83ca-b2b5485006d7,Nacimiento Fire,2018-10-02,35.97677,-121.24898,150.0
fire_00834,8c4b830f-be4f-4469-9448-f0e98ea1d189,Eagle Fire,2018-10-02,36.938674,-119.3127769,32.0
fire_00835,8f633ae7-b5f0-455f-a60e-13d9566e5844,Sun Fire,2018-10-07,40.22027778,-122.18,3889.0
fire_00836,f19a49b4-9d0f-4c61-83ea-9b4a741b0bef,Park Fire,2018-10-07,37.1769444,-121.68694444,63.0
fire_00837,28725d54-51bc-41f9-99ed-aca0396be12a,Iron Gate Fire,2018-10-10,41.94046,-122.43933,15.0
fire_00838,e9c8c0aa-4d21-4f09-9858-890ea163d580,Winters Fire,2018-10-12,38.45673,-121.94658,160.0
fire_00839,8a79c31d-0df0-4448-a855-b04cfc384825,Priest Fire,2018-10-13,36.18401,-120.69955,167.0
fire_00840,a8f54d41-fc8c-476c-9122-f1357aa166a0,Tower Fire,2018-10-14,40.49618,-122.51597,12.0
fire_00841,83c539f5-64c1-4156-86e5-ac6cf4c947d5,Masonic Fire,2018-10-14,40.60866,-122.38366,38.0
fire_00842,b8dc21be-0807-4434-9536-45a4a660ed83,Powellton Fire,2018-10-15,39.93427,-121.54103,10.0
fire_00843,a728d915-1c00-43b6-bd5b-228be34a38fe,Camino Fire,2018-10-19,35.17693,-120.48861,58.0
fire_00844,87760805-5b1a-486e-91c4-590557929182,Market Fire,2018-10-24,36.47766,-119.10433,120.0
fire_00845,7ee82e4f-f5e8-4278-b4e7-e82c390b395e,June Fire,2018-10-30,39.36529,-121.51707,550.0
fire_00846,7d1f523d-6940-4b64-bc5a-7ecb5a63538a,Rincon Fire,2018-11-03,37.0125,-122.046,17.0
fire_00847,10d67079-faa9-4034-a4d7-8346b450e7de,Brushy Fire,2018-11-08,39.62194,-123.28774,35.0
fire_00848,75dafe80-f18a-4a4a-9a37-4b564c5f6014,Camp Fire,2018-11-08,39.8134,-121.4347,153336.0
fire_00849,8030a870-0453-48e0-b243-86dbae075434,Adams Fire,2018-11-05,40.346652,-122.308479,60.0
fire_00850,79968306-21a9-465e-acbe-4ea715c70ab5,Horn Fire,2018-11-08,40.83116,-120.19336,88.0
fire_00851,b8fe54be-15a8-4088-b0bb-16992df93a7e,Nurse Fire,2018-11-08,38.21396,-121.9424,1500.0
fire_00852,bc95da49-28a0-4e56-88d9-72e7455063c0,Hill Fire,2018-11-08,34.22685,-118.93444,4381.0
fire_00853,92d7aeea-7abf-47a4-bf76-a4fe0fac65c6,Woolsey Fire,2018-11-08,34.235,-118.70128,96949.0
fire_00854,e83e7346-5b83-4e3a-845c-867fd84d17f0,Morgan Fire,2018-11-15,37.81111,-121.7944,20.0
fire_00855,116fabb6-7440-4d6d-aa89-668989c028db,Green Hill Fire,2018-11-12,40.888785,-124.001849,10.0
fire_00856,d18da394-5ed4-4004-8dea-600e15d398e4,Sierra Fire,2018-11-13,34.18075,-117.43184,147.0
fire_00857,03f49769-b928-44a5-be82-236d3d341eba,Niles Fire,2018-11-14,37.61158,-121.94182,20.0
fire_00858,c003df4f-d19c-4e21-a90f-81d3f14aaf99,Briggs Fire,2018-11-15,34.30166667,-119.09916667,150.0
fire_00859,c3b66e33-ef00-4874-a29b-b36640c16122,Peak Fire,2018-11-12,34.26734825,-118.64381589,186.0
fire_00860,b6fb27e6-073c-4092-b8a8-51e96be987a4,Bear Fire ,2018-11-16,37.12857,-122.12036,10.0
fire_00861,6004d3e5-66f8-487a-80a4-689d3852378c,Pilot Fire,2019-01-01,40.61805556,-123.67555556,30.0
fire_00862,31cbc968-6d9d-412b-8bc3-6846ca398fe2,Scott Fire,2019-06-25,39.24678,-121.32399,80.0
fire_00863,85bdd89a-4ce5-4539-a274-23fa2b030e7d,York Fire,2019-04-28,35.81778,-120.09715,161.0
fire_00864,34abbc65-5bbe-474b-85c8-16d07bb5b503,Cana Fire,2019-04-30,39.83958,-121.957,10.0
fire_00865,d3beabf6-63e9-4cad-a17c-58bb36abd7ac,Woody Fire,2019-04-30,35.65189,-118.92545,115.0
fire_00866,398bb669-190d-4dbf-9af0-6ccb27817c13,Meridian Fire,2019-05-01,39.85484,-121.905,50.0
fire_00867,ee290ec6-3815-4c44-a96a-edb331fcc925,Vulcan Fire,2019-05-03,35.03855,-119.19454,172.0
fire_00868,6f329208-5aa0-45fc-a4ec-db9caf865ca7,Refuge Fire,2019-05-07,35.72057,-119.62762,2500.0
fire_00869,0888bb9d-0d9b-4a49-bf3d-a55a7c40a707,Sugar Fire,2019-05-10,39.11536,-120.76088,65.0
fire_00870,a81e03a3-de18-48e4-93bf-f8da83a17927,Border Fire,2019-05-13,32.557566,-116.8663,22.0
fire_00871,e98603d2-f44e-4a9e-b83d-5e9f94766b53,Shady Fire,2019-05-18,33.650237,-116.172534,130.0
fire_00872,aed86291-4631-4d79-ba5f-6b2c8ca399c9,Paskenta Fire,2019-05-20,39.98097,-122.30737,63.0
fire_00873,9d7c5ad0-6682-430a-b4d1-d39cfea73a29,Foothill Fire,2019-05-20,33.81678,-117.18194,26.0
fire_00874,e2d77e59-b831-4267-a50b-89ede499a885,Belmont Fire,2019-05-29,35.30759,-119.96498,835.0
fire_00875,72cb3684-c194-4180-bdfe-22775f86a594,Hill Fire,2019-05-29,36.66909,-119.3046,121.0
fire_00876,e354cde8-d0e6-4150-9f6b-1c12045e77d0,Diversion Fire,2019-05-30,33.69078,-114.57265,45.0
fire_00877,329ac0b8-a2c1-4a72-bd09-dd86c477162b,Canyon Fire,2019-05-30,37.45899,-121.22093,144.0
fire_00878,b4616173-5807-4c04-a416-5374139f3fcc,66 Fire,2019-05-29,33.57039,-116.1466,55.0
fire_00879,812a492e-35cb-4bb0-9e5a-1ec181d8b97e,Spruce Fire,2019-06-01,36.28001,-119.10974,155.0
fire_00880,11e0324e-e8ff-4591-b592-9e704ade60d6,Citrus Fire,2019-06-02,36.18479,-118.99229,257.0
fire_00881,db2a5b4c-260b-4888-aeb3-663b8bf41106,Yokohl Fire,2019-06-03,36.23012,-118.85712,33.0
fire_00882,e1f34f39-beea-4a6d-9ba6-64b6b55ff567,Bear Fire,2019-06-03,36.14246,-118.80582,25.0
fire_00883,107dd529-31b8-4b5f-ab09-4aa79c770d4b,Boulder Fire,2019-06-05,35.343761,-119.913717,1075.0
fire_00884,2e71d51a-49f1-4e86-82e2-054637efd1a5,Willow Fire,2019-06-06,38.02503,-121.9763,23.0
fire_00885,b433dceb-f5b4-4b46-8eb3-2aae9fc2d45a,Nelson Fire ,2019-06-07,38.21416,-122.12214,24.0
fire_00886,24997ef5-a558-4ea6-8a96-b3cdff79fe2b,Watt Fire,2019-06-07,38.75263,-121.39259,27.0
fire_00887,8edf51ea-1e4f-4e73-8e04-e168417ed39b,Stuhr Fire,2019-06-07,37.25988,-121.09375,581.0
fire_00888,3fd43a39-4e82-4b7e-a642-be86b5c73522,Levee Fire,2019-06-08,39.15641,-121.56363,70.0
fire_00889,1760d7f8-57a2-4a04-b7e5-0861cc0ee963,Sand Fire,2019-06-08,38.88978,-122.23922,2220.0
fire_00890,78c1dacb-653a-42fe-b025-ab80ec4996bd,Ink Fire,2019-06-08,38.63047,-122.47282,50.0
fire_00891,23cee99c-662f-4409-80d0-b9eb3a6287b3,West Butte Fire,2019-06-08,39.28926,-121.85906,1350.0
fire_00892,88a285bc-0dc7-4c51-a35a-5026850b0a6d,McMillan Fire,2019-06-12,35.66318,-120.41128,1763.0
fire_00893,6f509c42-9d2b-45df-b705-02dcb9147dde,Malech Fire,2019-06-09,37.21638,-121.70768,210.0
fire_00894,0cd5a369-2f91-4786-9df1-98ece3e9e78c,Calaveras Fire ,2019-06-10,37.44422,-121.84082,35.0
fire_00895,20ccd7ec-de69-4967-9877-db5e143fe99a,Ardo Fire,2019-06-12,35.97059,-120.88241,43.0
fire_00896,b671965d-2369-4107-98fe-432eab6ffdc0,Springs Fire,2019-06-10,35.89593,-118.94106,47.0
fire_00897,e1e4dad4-7ea6-48ec-b34d-3128cf55cc43,Bitter Fire ,2019-06-10,35.57376,-120.11738,120.0
fire_00898,77671ac0-0868-4cc9-a699-26f0131cd493,Pauma Fire,2019-06-10,33.30267,-116.97772,15.0
fire_00899,921a69d2-ddde-4fd8-a874-f5ba15a4edd2,32 Fire,2019-06-15,39.76242,-121.73659,17.0
fire_00900,45cad03f-97e7-4301-92e2-e63a0040913a,Rocky Fire,2019-06-14,41.64895,-122.35962,17.0
fire_00901,fe63d965-9069-4a96-b9da-99d5fefdaa19,IronGate Fire,2019-06-16,41.94622,-122.40157,10.0
fire_00902,779c4b9a-19bf-487f-ba65-6589aea27420,Weisgarber Fire,2019-06-20,33.39684,-117.29665,120.0
fire_00903,48d3b3c4-fcf5-47d9-920f-3b3c1b0f6fb1,Lumgrey Fire,2019-06-17,39.28926,-121.85906,207.0
fire_00904,8c666963-1f9d-43c6-bc3a-cab623d81f27,Jerry Fire,2019-06-21,33.919507,-117.103765,500.0
fire_00905,bc5d73ab-3100-4117-9978-a99b8e3daf5c,Mountain Fire,2019-06-21,37.75427,-121.57382,30.0
fire_00906,50328016-5e03-4e90-bff0-95d36942728f,Paskenta Fire,2019-06-22,39.97083,-122.48277,46.0
fire_00907,937f9f26-8d23-4ee7-a0f3-61313dcc63f3,Scott Fire,2019-06-24,39.24678,-121.32399,80.0
fire_00908,4edb5c7c-08d6-4ae0-b8b3-7bb471e26d8e,Rock Fire,2019-06-25,37.46577,-121.28312,2420.0
fire_00909,35ba5eb8-520f-4660-af60-9e0e00e7b42b,Lonoak Fire,2019-06-25,36.28426,-120.94771,2546.0
fire_00910,2f3e47bb-8595-4c9f-bfa6-6fd76e465c12,Trinity Fire,2019-06-26,40.41404,-122.66779,90.0
fire_00911,7a0029c7-64c8-442d-8c7a-080a553e2b8e,Mines Fire,2019-06-26,37.494136,-121.534827,17.0
fire_00912,ac723863-413e-43f8-b4b6-2311e81e36ae,Dyer Fire,2019-06-26,38.73817,-121.39419,148.0
fire_00913,c6e38284-336a-4435-a3a1-b2b91ee84a91,Nuevo Fire,2019-06-27,33.80493,-117.15738,20.0
fire_00914,b38c0563-b321-431b-9174-6336c5a0d449,Long Fire,2019-06-28,39.40972222,-121.00055556,2.0
fire_00915,c51a2db5-6d0b-4b4a-8692-a6d73714829f,Otay Fire,2019-06-29,32.62305556,-116.91416667,28.0
fire_00916,24d9c2ae-8b11-4536-9b9c-5f4e0d476af0,Wolf Fire ,2019-06-29,33.911,-116.980528,214.0
fire_00917,cc06431a-5153-4f66-8ada-07af53c175c3,Merced Fire ,2019-06-29,37.312877,-120.242411,210.0
fire_00918,42e2b6f0-2d63-4fbf-bbb4-4fc2eda4805d,Mayberry Fire ,2019-06-29,39.32889,-121.23431,12.0
fire_00919,be4489fb-f51f-4109-8132-c7a28e0d9995,Coyote Fire,2019-07-02,37.18904,-121.694968,74.0
fire_00920,89db8bb4-6e3b-4de7-b7d9-287c1a9032c0,Hollow Fire,2019-07-03,37.63206,-121.538382,283.0
fire_00921,65e8fbe1-5300-4c90-9f48-0e7bfe55b1bc,Bikeway Fire,2019-07-05,37.469,-121.3697,25.0
fire_00922,bc3e7037-5022-4e6a-8a1f-925c7e9aafc8,Fellow Fire,2019-07-05,37.99837,-122.16201,24.0
fire_00923,65330473-c21f-446b-a6f4-7bd76bf0ebdc,Ranch Fire,2019-07-05,40.41741,-122.767256,30.0
fire_00924,0f965f2f-3977-4ba5-bf7c-29feef27ee82,Snowstorm Fire,2019-07-05,40.679318,-120.392768,263.0
fire_00925,2d3b577c-7b58-4ee3-9e21-cbec5abd8ce4,Far Fire,2019-07-06,39.06066,-121.35014,38.0
fire_00926,6be8378d-9a89-40a3-bc66-4fc0ab22ebc2,Lake Fire,2019-07-08,37.524378,-120.296551,244.0
fire_00927,1fd11e53-a132-4b89-bc8f-f7061f685ad3,Gillis Fire,2019-07-08,35.6311111,-120.2691666,1010.0
fire_00928,f32eaf92-82dc-4c31-8a05-76c21845f078,Sargent Fire,2019-07-09,35.95191,-120.8092,190.0
fire_00929,6564081d-5ce7-4330-8ad7-2d1d976d778a,Gibbel Fire ,2019-07-11,33.69055556,-116.953889,20.0
fire_00930,8c46fde6-7a1c-482b-97cc-afff1bc5d27c,Border Fire,2019-07-12,32.566389,-116.7525,100.0
fire_00931,6311a921-f8e9-45c1-b10d-fee8be8dae29,Lincoln Fire,2019-07-12,33.56938,-116.07896,80.0
fire_00932,3fc9ae75-8844-43a5-8330-6956cdb6e3a7,Mid Fire,2019-07-12,37.093243,-121.586846,22.0
fire_00933,ab6d9c8e-5fbb-4a0d-a206-30e83ab51877,Horse Fire,2019-07-12,40.463936,-122.435492,30.0
fire_00934,777caabb-3850-4db2-ba02-2d95fda38db6,Orange fire,2019-07-13,33.8128372,-117.1228851,96.0
fire_00935,3086ac2b-bbb3-4321-81e3-3cfdb9e571e9,Jasper Fire,2019-07-13,39.631945,-119.769881,1165.0
fire_00936,0ab090de-1ec9-41db-b6cf-c7acd370626a,Doyle Fire,2019-07-14,40.072739,-120.158273,193.0
fire_00937,c1574fd4-92ca-400f-84cb-b10f18ebb4bd,South Fire ,2019-07-14,34.366111,-118.96,131.0
fire_00938,a03c52ec-7366-43c5-965e-52e2b73df452,Milton Fire ,2019-07-15,37.944751,-120.84372,202.0
fire_00939,42dab7c3-458f-4838-b70f-d5bb3d0f0b80,Aborn Fire,2019-07-15,37.32555556,-121.76444444,47.0
fire_00940,f2629bc3-1c8c-4a97-95fa-7d08566dc246,Madera Fire ,2019-07-15,37.016944,-119.934167,213.0
fire_00941,72384606-035c-4d00-8887-84a9da7d0e57,Meadow Fire,2019-07-16,33.514658,-116.7884,81.0
fire_00942,12528e0f-03e0-4598-8df0-e3017fa7382a,Whiskey Fire,2019-07-16,37.962557,-121.468074,90.0
fire_00943,d5ebf295-49d5-4a6a-ae13-47a921355e19,Goose 2 Fire,2019-07-17,41.909,-120.306,128.0
fire_00944,06fa2750-afea-4f88-b1c4-48b9bc21f4eb,Vista Fire,2019-07-17,32.794768,-116.839743,25.0
fire_00945,900997e0-f30a-48bf-9358-971ca2afa1d6,Rains Fire,2019-07-18,37.420988,-121.371276,35.0
fire_00946,17596a7a-31fc-4270-8aaf-efe1df3ba848,Whiskey Fire,2019-07-18,38.115224,-120.78068,27.0
fire_00947,f8a2fd4a-286e-4688-8a5c-fa2ad98751ab,Valley Fire,2019-07-21,37.241427,-120.027731,149.0
fire_00948,49dbe286-1cfe-4e03-a872-13185aae767a,Tejon Fire,2019-07-21,34.9008333,-118.9183333,208.0
fire_00949,26676376-4e61-4d68-a28f-5fd8b4501acd,Canyon Fire,2019-07-22,38.481258,-122.143942,64.0
fire_00950,9e6b72f0-5f8a-41fe-a60d-40d7bc2f5637,Milpas Fire,2019-07-22,34.42386,-117.10318,81.0
fire_00951,7955a367-99da-4047-9f69-cc60ad3208e6,Moms Fire ,2019-07-23,39.423833,-121.579738,10.0
fire_00952,f0577ec6-5504-4460-83ce-d9bd91624e0a,Marshview Fire,2019-07-24,38.158333,-122.118889,183.0
fire_00953,a8c2bf1e-bb0f-4eec-a435-36d7723dfda6,Sweigert Fire ,2019-07-24,37.433192,-121.807258,80.0
fire_00954,63b69be6-bd39-4bb4-aee1-7b59dbf7c360,Thompson Fire ,2019-07-24,35.004722,-120.435278,95.0
fire_00955,4ba68199-b45d-49da-91e8-bee9921b621b,Tree Fire,2019-07-27,41.834366,-122.656569,83.0
fire_00956,ee681e0b-54a3-48ad-900c-8037eeb88159,Community Fire,2019-07-27,41.838,-122.845,35.0
fire_00957,5edb4ec4-615c-45fb-a236-9a4225eedaff,Usal Fire,2019-07-27,39.831762,-123.846013,130.0
fire_00958,d79e71f2-d827-465d-95a8-d80b6e54456e,Star Fire,2019-07-28,33.997528,-117.769766,156.0
fire_00959,2939928b-0308-4d76-b232-246f064ddd11,Tucker Fire,2019-07-28,41.79591,-121.260305,14217.0
fire_00960,5a633180-7b70-4fb6-b859-b5826775b5fc,Dehesa Fire,2019-07-28,32.767649,-116.796032,150.0
fire_00961,bc2edb86-fb4b-4dba-a9e0-5339f27d9bce,Range Fire,2019-07-28,34.665699,-119.94974,100.0
fire_00962,540b19a4-b84c-4d9c-9cb3-746b53a094b7,Lake Fire,2019-07-29,35.908333,-120.984167,306.0
fire_00963,233708cc-ed2d-4b85-ba8c-60cf71c912c8,Mill Fire,2019-07-30,36.008889,-121.466944,280.0
fire_00964,6ac64fee-1420-420c-bff1-1d4908b059be,Carson Fire,2019-07-30,38.757636,-120.75664,13.0
fire_00965,1f0d1a35-bf41-45d8-b3b8-26cca8d2d83e,Mesa Fire ,2019-07-31,35.60989,-118.41204,448.0
fire_00966,ca65fae0-e6d7-4600-890c-62da03753131,Caliente Fire,2019-08-01,32.575556,-117.026667,448.0
fire_00967,12e44df4-d425-4f09-96b9-25256ffbdcb2,Browns Fire,2019-08-02,38.3525,-121.123611,84.0
fire_00968,a0d95805-48db-467e-8dd5-db761eb5ae74,Prairie Fire ,2019-08-02,38.622058,-121.114095,50.0
fire_00969,2f735b66-c275-4557-a8ad-0ff60e0552f3,Meadow Fire (Not a CAL FIRE incident),2019-08-02,41.43783,-120.23976,103.0
fire_00970,1f576988-2ad0-4a7b-afed-f650caafc579,Marsh Complex,2019-08-03,37.908362,-121.872941,340.0
fire_00971,ed5e111d-e34a-42c0-9ce7-818270037c2c,Five Fire,2019-08-03,34.677864,-118.752395,156.0
fire_00972,4433d477-a962-4ad9-a306-71f0f79fff65,La Barisa Fire,2019-08-03,34.202883,-116.4449,26.0
fire_00973,0f3326bd-4a0f-4351-b978-38eb29f4d490,Gilbert Fire,2019-08-04,40.55924,-122.25409,30.0
fire_00974,fbe088d0-2a17-4d04-aac7-0e32ac8a1ef7,Caliente Fire,2019-08-05,35.287373,-118.623651,29.0
fire_00975,0089d3c4-c554-46e1-8eb9-af95e4dfae0c,Toro Fire ,2019-08-05,33.740219,-117.333728,94.0
fire_00976,e338f506-b9fa-44c0-ae64-324ed0e590d4,Sellers Fire,2019-08-07,37.968494,-121.678172,58.0
fire_00977,5f7b19a6-5f22-49ac-bf0e-ecef96385d37,R-1 Fire,2019-08-07,40.886677,-120.336977,130.0
fire_00978,9a9bc21f-36f5-4092-b98e-c0d584d198db,3-2 Willow (Previously H-1 Fire),2019-08-07,40.900458,-121.320838,107.0
fire_00979,280f9652-7843-4275-9016-b95296fbf571,Golf Fire,2019-08-08,38.99174,-122.7751,20.0
fire_00980,3e020c0d-e35b-4e01-96b7-a3c8e40fd281,Preston Fire,2019-08-08,37.949747,-120.420058,21.0
fire_00981,94cdd032-ea04-4713-b54a-dc3476635684,W1 McDonald Fire,2019-08-08,40.943799,-120.275298,1020.0
fire_00982,4affde91-31a9-4588-bf14-7201fc5c548b,Harte Fire,2019-08-09,37.708743,-121.841879,240.0
fire_00983,f044a406-06ab-457d-8a93-c52bb1930604,Heavy Range Fire,2019-08-10,39.171091,-121.423281,33.0
fire_00984,073d3328-3d8c-459a-8ac8-5dc6095511ec,Radio Fire,2019-08-12,33.909792,-117.004667,20.0
fire_00985,618ca03c-28fd-4d66-abf3-d065d72d8cb4,Lower Fire,2019-08-12,40.46968,-122.54364,46.0
fire_00986,c8f94c30-d0ee-450a-8501-30678aa37c0f,Moose Fire,2019-08-12,39.005262,-123.195306,225.0
fire_00987,eb975e90-a689-40fc-8f44-b13c774de0e8,West Fire ,2019-08-13,34.91,-118.254,1575.0
fire_00988,ce97fe6d-a635-45f1-bc18-cdd1698673c2,Timm Fire ,2019-08-13,38.455,-121.969167,81.0
fire_00989,22c3cb30-55b1-4fcd-9606-6a0dcedce4ef,Greenstone Fire ,2019-08-14,38.703889,-120.890556,16.0
fire_00990,f2a78d1c-66be-40f8-a2d8-5756eb265162,Spring Fire ,2019-08-14,39.088333,-122.309167,20.0
fire_00991,0deca389-4481-4d91-8765-40caba3ea31c,Bayliss Fire,2019-08-15,37.219717,-121.761974,60.0
fire_00992,2443f637-15d7-4cf9-a405-133cf1748300,Cottage Fire,2019-08-15,40.484329,-122.159393,156.0
fire_00993,852f3058-ccaa-4877-8e8e-f5b8a9649936,Hunter Fire,2019-08-15,37.532028,-120.208019,433.0
fire_00994,e094035d-ac9c-4ea9-a23b-bb55321a64d6,Border 9 Fire,2019-08-15,32.57394,-116.760465,80.0
fire_00995,2760040b-e17b-430f-b581-a81694b450ac,Patterson Fire,2019-08-15,38.652475,-120.826165,35.0
fire_00996,74b94fe9-3524-40ce-ac18-ee637bf66f15,Border 8 Fire,2019-08-16,32.573437,-116.658735,1507.0
fire_00997,547b7d19-9b75-4c11-8b88-56adb6460a3c,Gaines Fire,2019-08-16,37.536069,-120.177018,1300.0
fire_00998,d35fa87b-0f19-4dd8-8739-4bdbc92d1361,Patterson Fire,2019-08-21,37.71734,-121.55867,139.0
fire_00999,1bf3e829-5fb3-43d2-9179-6c337709df19,Mountain Fire,2019-08-22,40.715556,-122.241944,600.0
fire_01000,46896a04-8502-403c-b362-e4adc9e7ad4d,Yucca Fire,2019-08-22,33.4506,-116.857817,34.0
fire_01001,97c4d72f-c1e9-425e-9dcf-44150047af92,Horse Fire,2019-08-24,40.562,-120.544,131.0
fire_01002,2ce810c9-88f1-4efe-9254-8cbd339d2397,Long Valley Fire ,2019-08-24,39.892222,-120.029722,2438.0
fire_01003,cb87a6f4-a560-41a5-81c0-1064d0c368b6,Ivy Fire,2019-08-25,33.77777348,-117.487578,80.0
fire_01004,19343958-2921-41d2-a3f8-501badcd0bee,Jamieson Fire,2019-08-25,37.034183,-121.45597,35.0
fire_01005,808c34bb-4e64-4eb5-9c3e-2a1e58195074,Border 10 Fire,2019-08-25,32.557546,-116.873955,25.0
fire_01006,faf6064e-fc50-4289-8486-1235f20289d7,Sage Fire,2019-08-27,33.463991,-116.914799,12.0
fire_01007,4ee8f023-1c92-4266-bb79-d41fdb3a5826,R-1 Fire,2019-08-28,40.593,-120.581,3380.0
fire_01008,40ce99a7-fbca-4b41-b3bf-e2f863fdcc7e,Carroll Fire,2019-08-31,37.718636,-121.657011,19.0
fire_01009,8faaa845-634f-4f94-b25e-f5ae78703da6,Creek Fire,2019-08-31,36.40193,-119.030621,756.0
fire_01010,954bfbe7-424c-49e0-9611-23e9f7a475a2,Jolon Fire,2019-09-01,35.906482,-120.992914,66.0
fire_01011,1b6cdbc8-4ab9-49e9-b6ed-e38d55e263cc,Snail Fire,2019-09-01,34.71011,-119.3547,279.0
fire_01012,de9cacb4-0be2-47d1-8cf2-7a25aabacfae,Mines Fire,2019-09-02,37.545167,-121.596667,11.0
fire_01013,ebdceb89-fa30-486a-94f8-3eff8eedbd67,Antelope Fire,2019-09-02,36.600167,-120.8405,167.0
fire_01014,a5331bf6-d695-4309-a846-96808e41d757,Telephone Fire,2019-09-02,34.353667,-117.343833,15.0
fire_01015,89008310-149d-480f-946f-4ce5a2a71c3f,Country Fire,2019-09-03,38.898915,-120.946657,85.0
fire_01016,23f65de3-bf4d-4edf-a5eb-b21299195b0f,Deer Fire,2019-09-03,37.178353,-122.07743,10.0
fire_01017,3a48b649-8714-433d-9952-ff2bf9e8c90a,Walker Fire,2019-09-04,40.061389,-120.680556,54612.0
fire_01018,f68808fb-a705-4083-a136-1a45c61c7f74,Tenaja,2019-09-04,33.528469,-117.273157,1926.0
fire_01019,da7fa4d6-cbf3-4cf9-babf-1cc79aa2f536,Glass Fire,2019-09-04,38.910498,-122.642572,28.0
fire_01020,d8c705d2-2820-43d2-bee4-8335354bcab0,Foster Fire ,2019-09-04,36.732866,-121.39478,17.0
fire_01021,14ad161c-bfc6-41ae-af84-a464084a4142,Red Bank Fire,2019-09-05,40.12,-122.64,8836.0
fire_01022,3d4c2809-cd37-4f07-b86e-68dcd52c7434,Flood Fire ,2019-09-05,38.017138,-120.945044,44.0
fire_01023,791059a2-b50f-4ab0-924a-bfdac001e4b9,Henthorne Fire,2019-09-05,40.062304,-123.222196,244.0
fire_01024,38d46a2f-d1f6-4ed8-a502-e57e393844ea,South Fire,2019-09-05,40.109,-122.789,5332.0
fire_01025,226da8c8-26c0-49d7-b5ef-952cd969f918,Springs Fire,2019-09-06,37.826,-118.872,4840.0
fire_01026,81977367-45ad-4962-92f3-ae30f22ef723,Lone Fire,2019-09-06,41.748,-121.056,5737.0
fire_01027,c3b236b9-3a1d-481d-b1eb-b0aa77c5b462,Cow Fire,2019-09-06,36.284,-118.228,1975.0
fire_01028,737ef617-abaa-44a1-9bbc-f46240468b8f,Broder Fire,2019-09-06,36.151,-118.185,381.0
fire_01029,e7ea56c5-4290-4406-b0a5-c9d1718e9700,Taboose Fire,2019-09-06,37.034,-118.345,10296.0
fire_01030,2de3ab6b-60c5-4400-9bff-74c79ed7d553,Forbestown Fire,2019-09-06,39.470333,-121.412333,58.0
fire_01031,5c74d3fc-eaeb-4a75-9a07-5f8af961237b,Lime Fire,2019-09-07,41.862237,-122.662258,1872.0
fire_01032,69b0cca6-c0c6-4a96-8f61-07ebb0ff9dc7,Kidder 2 Fire,2019-09-07,41.4929742,-123.2129356,227.0
fire_01033,b24dc89c-632d-46a1-8984-2ce037e37834,Rams Horn Fire,2019-09-07,41.150392,-122.634108,280.0
fire_01034,25e65946-2e28-453b-bcb4-617b623be750,Oak Fire,2019-09-07,38.955024,-122.833831,53.0
fire_01035,63a43984-64ce-40aa-bbc3-98330a46353f,Swedes Fire,2019-09-07,39.45296,-121.412619,496.0
fire_01036,efba4d61-2027-4b05-8506-04d9858154ca,Duzel Fire,2019-09-07,41.512917,-122.740333,15.0
fire_01037,a14c1f49-8e49-4709-a21b-6c06471a1002,Sycamore Fire,2019-09-07,33.9369,-117.3063,250.0
fire_01038,4cebaf5a-70a7-4262-864b-fb3fe3b1d84d,McMurray Fire,2019-09-09,34.630919,-120.187368,200.0
fire_01039,5a4639e4-0d1d-4cee-8215-0aa1d53a5160,Bailey Fire,2019-09-10,33.496633,-116.631106,10.0
fire_01040,8f6c8f60-1daf-4c04-8507-dcc81656b8c5,Stuhr Fire ,2019-09-11,37.32585,-121.110146,190.0
fire_01041,b277af3b-3785-44c1-bdfb-c5a5ba766d2b,Redwood Fire,2019-09-12,33.854597,-117.270144,34.0
fire_01042,a8b79d35-dab7-4513-ac65-25fd99541662,Bridge Fire,2019-09-13,37.492002,-120.401028,11.0
fire_01043,c9327432-b3d3-4ea1-b810-d339dc9e25c3,Horseshoe Fire ,2019-09-14,33.4853,-117.043723,503.0
fire_01044,8b4a5b95-3f51-4038-a7ea-b5ed3c73c2e5,Bar Fire,2019-09-15,41.749667,-123.000833,91.0
fire_01045,980c4c7d-dcc9-45b3-b5c1-181c1cd445e9,Bautista Fire,2019-09-15,33.635,-116.801111,167.0
fire_01046,ebc468e3-c2ec-43ff-95e9-c319a7ec3d40,Baseline Fire ,2019-09-20,38.751648,-121.432636,640.0
fire_01047,3934f762-ba99-471a-b1d9-dc064276c383,Reservoir Fire,2019-09-21,37.467744,-121.842751,128.0
fire_01048,840010ca-aef0-4f91-b771-3bf196317d03,Lopez Fire,2019-09-21,35.214364,-120.455883,220.0
fire_01049,7b283f4f-c613-4840-aa90-1f6e9fa1573a,Kennedy Fire,2019-09-21,33.900994,-117.170588,98.0
fire_01050,9fc12331-47f4-4d79-bffe-914f13658993,Lynette Fire,2019-09-22,38.20177,-120.827386,67.0
fire_01051,e7910549-a5ca-4712-bd04-349c49c1ba15,Tulloch Fire,2019-09-23,37.838333,-120.625556,83.0
fire_01052,f24e0e23-63ee-4038-a04d-41fe70cac747,Cow Fire,2019-09-24,40.612556,-122.039167,16.0
fire_01053,94cd8534-defa-4a82-b1be-42a2704c13d2,Dehesa Fire ,2019-09-24,32.787656,-116.806941,200.0
fire_01054,755df0b3-ad02-406b-af5d-738b67d8c755,Electra Fire,2019-09-25,38.332083,-120.67131,10.0
fire_01055,abdb011f-15d8-475b-b08e-4df583700411,Willow Fire,2019-09-25,32.87833333,-116.88,52.0
fire_01056,178b2af3-340c-409d-80e6-21ac119969f0,Mare Fire,2019-09-26,38.07944444,-122.25611111,30.0
fire_01057,b8e5a940-0fb5-4c63-93ab-a855cfdc4e0c,Hwy Fire,2019-09-28,39.622137,-121.693472,300.0
fire_01058,48f89096-4641-42cc-8ec4-9cba635e79a1,Chaparral Fire,2019-09-29,38.538467,-120.965105,22.0
fire_01059,1e85b2a3-0d55-4c3a-9fbb-5208d615cccd,Warren Fire,2019-09-30,33.703546,-117.033598,19.0
fire_01060,05b9432b-a5cf-4a8f-bf0e-9b95a04bbdde,Frame Fire,2019-09-30,36.154184,-120.634179,25.0
fire_01061,e2a0252b-2da9-4967-ba33-7abe3ced1efa,Ranch Fire,2019-10-01,35.189783,-120.1755,52.0
fire_01062,2e4017ba-5c18-4de6-8098-54b2a6caf5bd,Del Fire,2019-10-03,37.429506,-121.336465,18.0
fire_01063,082bd2d3-457b-496b-a469-0d2550aac7ef,Elk Fire,2019-10-04,41.70611111,-123.4375,63.0
fire_01064,1dd6f339-956d-4ec5-bac5-713ba3cd53d4,Wilson Fire,2019-10-04,39.613783,-123.458782,10.0
fire_01065,e7aeb204-15af-4a2a-8f2a-bfd2c8dbe411,Briceburg Fire,2019-10-06,37.604638,-119.96606,5563.0
fire_01066,74c3d01f-8809-40bc-a0e2-b1cc24bf1a7d,American Fire,2019-10-06,38.165873,-122.211671,526.0
fire_01067,25e80e7d-5790-4192-9cf0-a190f36158f0,Point Fire ,2019-10-07,37.066483,-121.219163,29.0
fire_01068,a4bd4cbb-53de-47c8-972f-cca4c36aaf74,Dales Fire,2019-10-07,40.314187,-122.070055,11.0
fire_01069,a87ab8be-3da9-4cb0-a72c-5125acc001ef,Little Fire,2019-10-08,37.606,-121.853,12.0
fire_01070,207f72f7-1453-40dc-919e-3551f7041b22,Cross Fire,2019-10-09,35.79069,-120.73102,289.0
fire_01071,18fe1e24-799d-4aa9-a7ec-fa8e331ae3e9,Corning Fire ,2019-10-09,39.847708,-122.1604,68.0
fire_01072,d6114db7-8a39-4b86-92a5-5c3dea1f348f,Inghram Fire,2019-10-09,39.847708,-122.160416,10.0
fire_01073,19578ef2-6101-45b0-a82e-db3004c3a8a5,Merrill Fire,2019-10-10,37.828267,-122.103867,40.0
fire_01074,6e93b252-99a3-4214-9921-238373b17535,Eagle Fire,2019-10-10,33.827979,-117.499619,9.0
fire_01075,8739a46c-9d9b-464c-87d0-31738601d96f,Reche Fire,2019-10-10,33.975405,-117.207068,350.0
fire_01076,7ff84b11-c3fb-4f5c-8a00-07243d4a4e33,Sandalwood Fire,2019-10-10,33.9925,-117.059167,1011.0
fire_01077,f20ba27e-4c6c-4ca9-a356-ef88c4f788bb,Plains Fire,2019-10-10,40.4988,-122.19911,42.0
fire_01078,d37acb3f-94c8-47ef-b3da-6eb0d7353aa7,Wolf Fire,2019-10-10,33.8615,-116.897333,75.0
fire_01079,fd21c9dc-a89f-4a29-990b-33b95ae2adc9,Wendy Fire,2019-10-10,34.156389,-118.950833,91.0
fire_01080,c52717d6-0297-4c5b-a0f1-f17abcd7ac27,Saddle Ridge Fire,2019-10-10,34.32988,-118.48161,8799.0
fire_01081,fd1bc30a-4377-45f6-ba2b-b4e1c7e65ee7,Bitter Fire,2019-10-11,35.709176,-120.312856,30.0
fire_01082,451c3012-2831-44c1-8fc7-146fd02d2ce0,Caples Fire,2019-10-11,38.724,-120.145,3435.0
fire_01083,02e6023e-d306-4a67-a09c-b9224b98661e,Olivas Fire,2019-10-11,34.23955,-119.20187,200.0
fire_01084,72c6a0db-a014-4cd9-9788-926707ef839c,Horse Fire,2019-10-13,40.387772,-120.304341,55.0
fire_01085,8bf75401-999f-42bd-8c0a-8db508591545,Johnson Fire ,2019-10-14,33.45148,-116.05898,75.0
fire_01086,0baff961-3ce3-45ec-80f1-a72957f2f3f4,Nustar Fire,2019-10-15,38.045866,-122.245186,15.0
fire_01087,2a516d14-36ce-43b0-b34c-7483759a9c84,Fairmont Fire,2019-10-15,32.762706,-117.097441,10.0
fire_01088,baa2a51c-40bc-420c-9f88-db4783872d65,Real Fire,2019-10-17,34.484722,-120.190833,420.0
fire_01089,df7805d1-682e-4a3d-b917-1bbab5e078ef,Grove Fire,2019-10-17,38.88913,-122.604425,25.0
fire_01090,ff8701f0-a12a-4b40-baa9-b58c4e2e31f3,Mud Fire ,2019-10-18,36.319291,-120.460189,137.0
fire_01091,6ad5dc4a-bd52-4cb4-9664-2ab606289d21,Beaumont Fire,2019-10-21,34.033117,-117.21545,11.0
fire_01092,24eb323e-b97f-4087-886b-7efae8937bae,Palisades Fire,2019-10-21,34.055768,-118.554091,42.0
fire_01093,809d101c-8aa3-4a53-bf20-f38ae7ec7941,Kincade Fire,2019-10-23,38.792458,-122.780053,77758.0
fire_01094,956f8cd5-f4fb-43d7-8a34-1bb5db551995,Old Water Fire,2019-10-24,34.183624,-117.274276,145.0
fire_01095,16b1921b-f753-4a36-85bc-d903555f0af4,Muir Fire,2019-10-24,37.896231,-122.636471,67.0
fire_01096,6890469e-78d7-4dac-b162-6c23498fabcc,Nelson Fire ,2019-10-24,39.551423,-121.800538,80.0
fire_01097,020310d3-7834-4f57-a125-eff0eb3f54e5,Tick Fire,2019-10-24,34.472778,-118.368056,4615.0
fire_01098,ab8109fd-e8eb-4690-9f5c-3a8c9c47ff48,Cabrillo Fire,2019-10-24,37.166674,-122.361112,62.0
fire_01099,87404846-bc30-41b8-82fe-31c9aedb9ef7,Mines Fire,2019-10-24,37.62782,-121.68598,35.0
fire_01100,a6701bb9-7086-4dbc-ac5f-8c98eeb0279a,Sawday Fire ,2019-10-25,33.055124,-116.742508,97.0
fire_01101,7ff229e4-be94-4319-8916-19eb43753843,Miller Fire,2019-10-25,33.259861,-117.027333,37.0
fire_01102,828b2492-fc44-4fc0-97fa-f0b439e6fa0d,Rawson Fire,2019-10-27,40.00171,-122.25421,605.0
fire_01103,d299dec7-b09f-47f7-80c9-859ddd1ecef3,Cypress Complex,2019-10-27,37.99136,-121.64118,200.0
fire_01104,64104ca2-a187-4b11-bb43-e22253bbcb52,Sky Fire ,2019-10-27,38.03545,-122.2241,150.0
fire_01105,c9f9ded3-170f-4b04-a50e-2c03153c663f,Glencove Fire ,2019-10-27,38.07205,-122.22463,140.0
fire_01106,9cc1af36-29f2-4af5-afa7-23b9ce17630e,Burris Fire,2019-10-27,39.22431,-123.12887,703.0
fire_01107,b36ed23e-a3de-4aff-bdbc-d6ebf8d8f077,Forest Fire,2019-10-27,37.97911,-122.11092,50.0
fire_01108,e693477a-37d2-4aba-9e73-a63421a2b3a6,Getty Fire ,2019-10-28,34.098191,-118.478717,745.0
fire_01109,00e6d6d5-f168-45fa-817a-f7758a5170b7,Easy Fire,2019-10-30,34.282179,-118.803389,2375.0
fire_01110,8f23653c-1a4c-4609-bfb3-72b1665eab69,Hill Fire ,2019-10-31,34.01778,-117.4625,628.0
fire_01111,e59fa47f-0f47-49a9-a2c5-092cfaf68ed5,46 Fire,2019-10-31,33.985972,-117.414111,328.0
fire_01112,e471b23c-f00c-44bc-afc1-6ab02b0af4c3,Copper Fire,2019-10-31,32.564583,-116.834583,50.0
fire_01113,dfc32e06-b88e-4d30-ae3d-22bc18792f5e,Hillside Fire,2019-10-31,34.183,-117.285,200.0
fire_01114,31852a71-e639-496f-9e7d-0968d1c218b3,Maria Fire ,2019-10-31,34.302212,-118.997115,9999.0
fire_01115,305f30f5-622d-4c55-8813-45ffbc15aed0,Sobrante Fire ,2019-11-01,33.849906,-117.461363,19.0
fire_01116,69d98a94-4980-4dc0-b388-61c37c635f32,Ranch Fire,2019-11-03,40.036379,-122.637837,2534.0
fire_01117,600d608d-6279-435d-bc9b-99aacaa5e80f,Eagle Fire,2019-11-05,39.100408,-122.496548,75.0
fire_01118,77d64e4c-a50f-4f4d-a750-e6a6f0ddadc9,Foothills Fire,2019-11-25,38.838992,-121.325842,308.0
fire_01119,7555692b-f672-4660-8f15-d0dab068a193,Cave Fire,2019-11-25,34.5025,-119.785,3126.0
fire_01120,94f20083-2412-4058-bc16-afa6b45c3935,Bear Fire ,2020-02-15,40.511092,-123.6378411,15.0
fire_01121,c9bb59f7-be32-4296-8c11-3f1233116827,Antelope Fire,2020-02-17,39.6923001,-120.3291855,102.0
fire_01122,f6e7a62d-4796-452d-8e41-66ed1aef6d63,Beegum Fire,2020-02-23,40.33583333,-122.84722222,75.0
fire_01123,edd2012d-0574-46a1-97d5-9ca42e7c5912,Wood Fire,2020-02-23,40.62155,-120.49392,57.0
fire_01124,ad9ab6b9-53ed-417c-a490-6b594974f110,Baseball Fire,2020-02-25,39.75638899,-122.94111111,211.0
fire_01125,405d5f3f-66c9-4b69-8660-82780fa582b5,Grizzly Fire,2020-03-02,39.774968,-122.384532,154.0
fire_01126,e1298aaa-1337-412e-ba09-7b29e87dad8b,Mann Fire,2020-03-03,33.96957,-117.51793,180.0
fire_01127,083f1638-4369-410f-9b57-d53cfaa938f7,South Main Fire,2020-03-06,33.65263,-117.40906,20.0
fire_01128,a87d4713-817a-47ac-9fa5-427c474cf9a5,Carter Fire ,2020-04-04,32.93432,-115.5865,275.0
fire_01129,3eff88c0-89ee-4abe-8f6d-f74b90c42f30,Red Fire ,2020-04-23,40.09554,-122.43905,26.0
fire_01130,4b1b0f5b-a4f9-4965-ad6a-029c9d89c68c,Bar Fire,2020-04-25,40.63442,-122.97693,55.0
fire_01131,18b88d88-2c76-41cb-9b07-5c9dda8f56d9,Byron Fire,2020-04-27,37.82066,-121.595225,47.0
fire_01132,2dac9fb4-1c2a-405a-93be-92ed7788a1d2,Interstate 5 Fire,2020-05-03,36.075003,-120.106407,2060.0
fire_01133,d0dbf515-0e04-42d9-a46b-8ea21d18374a,Hollister Fire,2020-05-07,34.47438,-120.29379,156.0
fire_01134,9a8425a9-f3ba-4afe-82d2-d9a9776959aa,Candy Fire,2020-05-08,39.42208,-121.47273,17.0
fire_01135,3788f0dd-0d61-4458-95a2-ebda03b815b2,Gilman Fire,2020-05-18,33.861054,-117.024114,20.0
fire_01136,0fa5653a-c3c8-4aad-84ce-8d1dd74f211b,Acres Fire,2020-05-21,37.11715,-119.982359,152.0
fire_01137,adbbc326-9f9a-434d-b18b-67a44f3906e5,Spanish Fire ,2020-05-22,38.697834,-122.403634,20.0
fire_01138,53d70cde-ef0f-49c1-80a9-dc306a8cc043,Range Fire,2020-05-27,35.34237,-120.70524,5000.0
fire_01139,57f40970-22b5-4d75-a8f2-2482a18f5bca,Harley Fire,2020-05-28,33.83167,-117.34934,60.0
fire_01140,7a979a96-aeab-4afd-b55f-532882f36a6b,Scorpion Fire,2020-05-31,34.01389,-119.74577,1395.0
fire_01141,8ad07f5d-c8eb-43c3-94d5-547ee9c0e5cd,Acres Fire,2020-06-01,37.11806,-119.93221,237.0
fire_01142,a47ae21e-d488-4978-ade9-aeed0db63fa6,Amoruso Fire,2020-06-01,38.824371,-121.390862,670.0
fire_01143,0b723ec6-680d-464b-ba30-b444506ceb44,Nash Fire,2020-06-01,39.1296,-123.48018,10.0
fire_01144,0eca3343-e9f9-4d09-9fc3-95ab90b153ae,Horn Fire ,2020-06-02,40.809323,-120.288882,37.0
fire_01145,94b147a7-68ac-4e60-ba42-81fce8facd30,Smoketree Fire,2020-06-02,33.782532,-116.524014,129.0
fire_01146,2672d8d0-6523-40da-ae4e-6ae6d48e810a,Wildlife Fire,2020-06-03,38.232281,-122.042199,300.0
fire_01147,0416a81f-0a17-4835-b05e-fe59a6e7379a,Silver Fire,2020-06-04,37.329163,-121.726223,19.0
fire_01148,a5085c95-252d-4d1c-9e8a-6657a74b7ed5,Brock Fire,2020-06-04,40.837885,-122.097933,15.0
fire_01149,3837f75a-208d-41d0-8d89-5719a11912ef,Colleen Fire,2020-06-04,37.229703,-121.851895,126.0
fire_01150,57a6f6b7-eba1-4ed7-ba7b-6b078b06731d,Karchner Fire,2020-06-05,38.98487,-121.340239,39.0
fire_01151,db5ad2e7-dc3d-41f2-91b4-4019857ee51e,Lakeville Fire,2020-06-05,38.224849,-122.549816,141.0
fire_01152,5698ae57-d61f-421b-8b75-623e9aa6debb,McGary Fire ,2020-06-05,38.196893,-122.156313,79.0
fire_01153,e3e89516-4647-44bf-bd24-3293303f0776,Gulch Fire,2020-06-06,38.216134,-122.536406,107.0
fire_01154,74b04a44-7cc1-4c8e-bd9e-9f3efa631df4,Quail Fire,2020-06-06,38.470809,-122.038208,1837.0
fire_01155,b5527f83-ebbe-4b09-a701-4b4fe6d37b45,Willow Fire ,2020-06-06,37.994368,-122.002811,100.0
fire_01156,9247b89a-38f0-4e14-ac4a-59386cf867b4,Bitterwater Fire,2020-06-07,36.2644,-121.0781,211.0
fire_01157,876b63ff-62a2-4584-8aa2-d99f027c0e9f,Hunters Fire,2020-06-07,37.61955,-120.215454,85.0
fire_01158,5a6e0c14-2906-4547-8024-e7b33071104b,Sperry Fire,2020-06-08,37.463636,-121.16483,80.0
fire_01159,8a4b6636-55b6-4999-9de4-7b0cb22390a2,Grand Fire,2020-06-08,33.638067,-117.37581,27.0
fire_01160,6b50bab1-7dcf-43c8-b4d1-afada595dd32,Bradley Fire ,2020-06-08,35.94979,-120.81509,230.0
fire_01161,125e30fa-37fb-46ea-86ab-13058518aab6,Sierra Fire,2020-06-08,33.82925,-117.46036,100.0
fire_01162,fdd59b55-6aa2-442f-b788-e1291bb49cb1,Oak Fire,2020-06-08,33.78275,-116.89655,20.0
fire_01163,d77e9eeb-a4ed-41b8-adff-9dd99aac5971,Cronan Fire ,2020-06-09,38.827755,-120.988571,29.0
fire_01164,dc1f8080-9c95-40e3-859b-71f6a080f05b,Vineyard Fire ,2020-06-09,38.89695,-123.21318,151.0
fire_01165,21f49b4c-a5cd-4f17-90fd-b9f464b823c1,India Fire,2020-06-09,33.37579,-117.47166,1100.0
fire_01166,c3c10b8f-a073-4ca6-bb7f-fdc57cf82b4c,Elizabeth Fire,2020-06-10,34.29475,-119.17808,300.0
fire_01167,3e6e0977-3563-442d-8bf3-d87c97b49880,Soda Fire,2020-06-10,35.35146,-120.00521,1680.0
fire_01168,4561c1c7-f447-4450-9ea8-f9717ee19f8d,Lime Fire,2020-06-10,34.46182,-118.77347,803.0
fire_01169,36e3b13b-c2d3-44f5-ba9f-23c1e9f73878,Skyline Fire,2020-06-11,32.73044,-116.7862,100.0
fire_01170,203115aa-8ef9-436c-9d18-32613f9fa286,Border 7 Fire,2020-06-11,32.580882,-116.690712,90.0
fire_01171,e86309b6-2223-4448-a7a2-bb83d4bc8352,Watt Fire,2020-06-11,38.733421,-121.378879,40.0
fire_01172,86e91f38-4e2e-406f-ad97-5a3b47a9ce76,Grant Fire,2020-06-12,38.520981,-121.201927,5042.0
fire_01173,50adb8e9-d672-49fa-95d0-657879169302,Hog Fire,2020-06-12,36.82276,-119.36572,533.0
fire_01174,44bf7479-689e-4203-9f38-8b05917db66b,Cornetts Fire,2020-06-13,37.40827,-120.08522,191.0
fire_01175,90d7bf99-5b46-4a48-a07c-7468829e50b3,Dawson Fire ,2020-06-13,33.776033,-117.461925,10.0
fire_01176,b19c7e40-eac0-4c33-9414-590752f5c100,Drum Fire,2020-06-14,34.63309,-120.28867,696.0
fire_01177,4382036a-3c19-479e-9a78-325007c1de3b,Avila Fire,2020-06-15,35.17977,-120.69959,445.0
fire_01178,2190e4db-2b64-4d98-a5f9-00cc6221eec8,Bitter Fire ,2020-06-16,36.3011,-120.92925,813.0
fire_01179,2250dea8-20a0-4e5e-b86e-bfe7821892c2,Riata Fire ,2020-06-16,35.40953,-120.56823,18.0
fire_01180,55a8e286-c088-45dc-8010-5c604dba3b69,Walker Fire,2020-06-16,38.07741,-120.72958,1455.0
fire_01181,fc3411f0-f9e0-4d0c-86a3-71afbac23f4a,Nelson Fire ,2020-06-17,39.52408,-121.60037,95.0
fire_01182,7fc52805-21d4-4a56-b711-859d8c39e704,Liberty Fire,2020-06-17,38.23432,-121.20828,89.0
fire_01183,5a06793f-5f95-411b-9cce-b340ddd72061,Gyle Fire,2020-06-17,40.000132,-122.205628,68.0
fire_01184,0cb8b199-ab94-42a5-a441-db7f272b170c,Ridge Fire,2020-06-17,35.9497,-121.42113,83.0
fire_01185,c276a99a-8208-4402-b538-1e50aae50d63,Baker Fire,2020-06-17,35.27678,-118.6894,165.0
fire_01186,2a79a833-693d-4dff-a199-c93b5a3ebe39,Nelson Fire,2020-06-18,38.89178,-121.33956,110.0
fire_01187,0fc1bc5b-7ac5-4a2c-8048-9ed74623b838,Fork Fire,2020-06-18,36.37085,-118.845123,130.0
fire_01188,036cc8f1-ab4e-488c-8c46-86ebbb176d3e,Teddy Fire,2020-06-18,39.37577,-121.45372,13.0
fire_01189,0413caad-a48e-447b-8ed8-1c8933360f21,Springs Fire,2020-06-19,35.89133,-118.8613,217.0
fire_01190,a1959cb6-24e4-45e6-bcca-b792abe932ce,Honcut Fire,2020-06-20,39.36894,-121.53976,89.0
fire_01191,d7f02c71-a8b5-440a-b4a8-b8e011e214e3,East Fire,2020-06-20,41.5017,-120.54161,11.0
fire_01192,641c7a44-b74a-4dce-bd7d-44078847003b,Quarter Fire,2020-06-21,38.08264,-120.20316,10.0
fire_01193,c50ced87-e83c-406c-b349-49cad87e680f,Hunter Fire,2020-06-21,35.90835,-121.08753,195.0
fire_01194,d0e31652-2b1e-4316-a1e0-c18ecb4ddbd7,Stage Fire,2020-06-21,36.69845,-121.57407,52.0
fire_01195,e7d05a34-0fdc-4db2-b713-0e10119d105d,Grade Fire ,2020-06-22,36.5537,-119.19677,1050.0
fire_01196,cf392ebe-9c69-4a28-b52b-3772c06b493c,Rico Fire ,2020-06-22,35.9789,-120.87858,348.0
fire_01197,58e5665a-7aff-4f14-8ebe-490e73d3d37a,River Fire,2020-06-22,35.62906,-120.68326,15.0
fire_01198,c5071feb-80ec-4fbb-9d2f-eee1f1cea68a,Sycamore Fire,2020-06-23,36.97511,-119.33439,19.0
fire_01199,7d7f682a-0266-4758-93e6-795488af0687,R-2 Fire,2020-06-23,40.43203,-120.28147,563.0
fire_01200,54364494-e201-476a-8dc7-fbf2e0f94f60,R-3 Fire,2020-06-24,40.44793,-120.04635,210.0
fire_01201,5b8b9b63-9cc6-4d55-9502-87009d75732c,58 Fire,2020-06-24,33.27665,-115.96594,12.0
fire_01202,64b9cf19-314a-4986-ae35-cf89f1f8bc2a,Diablo Fire,2020-06-25,37.46265,-121.18355,202.0
fire_01203,d10cd103-f627-497d-a338-6430438ed7fb,Bend Fire,2020-06-25,35.30742,-119.88048,263.0
fire_01204,5b2b1489-ad5b-4104-b267-fdd61c0c48e9,Aurora Fire,2020-06-26,38.22554,-119.00289,280.0
fire_01205,b13b3fea-fd2f-4c14-925b-63737df97f2e,Indian Fire,2020-06-26,33.565093,-116.750925,59.0
fire_01206,4db7101a-8097-4211-ab16-544f136dd35c,Poeville Fire,2020-06-27,39.32596,-119.81098,2975.0
fire_01207,a9397846-b830-4a42-a7e6-d2be9684a989,Pass Fire,2020-06-28,37.06641,-121.21912,2192.0
fire_01208,a6c54f7f-20f5-4c3b-a27b-745d7274def6,Gage Fire,2020-06-28,35.69993,-120.96759,33.0
fire_01209,58a3d354-a532-440e-bfa8-aca414cf4cd0,Muck Fire ,2020-06-29,41.0336731,-121.2199939,12.0
fire_01210,fd24cc01-1057-4572-a83b-1775d49f42f7,Avacado Fire,2020-06-30,39.3784,-121.4319,136.0
fire_01211,49378c25-ecdb-406d-829b-755f2b248fcd,Flat Fire,2020-06-30,40.791509,-123.437051,62.0
fire_01212,14042a79-1fd0-4e82-b17d-1b201306de22,Bena Fire,2020-07-01,35.310132,-118.702732,4000.0
fire_01213,ba60e1c4-d812-4b33-9a2e-b240a1b29408,Rowher Fire,2020-07-01,34.542742,-118.324601,648.0
fire_01214,f969420f-82a1-4edd-b7d3-28672e9d74b3,Bonadelle Fire,2020-07-02,36.9678542,-119.9252132,500.0
fire_01215,ac5dad8d-89f2-4f3f-b710-34661754ebb6,Soda Fire ,2020-07-03,35.393889,-120.053275,157.0
fire_01216,b564196f-6499-4e1e-b896-7b6211d97f90,Mount R Fire,2020-07-03,34.182436,-117.124353,62.0
fire_01217,43289809-2636-4d90-8ed2-0012575d9e1d,Sheridan Fire,2020-07-04,37.536015,-121.876277,108.0
fire_01218,90f61641-f44c-4180-bb82-9238b1effeb7,Lake Fire,2020-07-05,35.351065,-120.00485,583.0
fire_01219,7f3042f1-3e76-4c3e-82c9-a0761c1c8b90,Park Fire,2020-07-04,37.166733,-121.567505,353.0
fire_01220,a7138f52-b933-4054-ae63-5f8e1e950be3,Cotton Fire,2020-07-05,37.091637,-121.086625,100.0
fire_01221,cd2e7a3b-7b00-4da4-8612-a19a22c88fca,Kings Fire,2020-07-05,36.750186,-119.116536,67.0
fire_01222,304a6ef7-53f6-4d2d-8d11-be431a7d75e8,Crews Fire,2020-07-05,37.034839,-121.501532,5513.0
fire_01223,2102ace4-f67b-4060-8795-f3cea12917e3,Soledad Fire,2020-07-05,34.467915,-118.328877,1525.0
fire_01224,fc988bbb-4f93-478d-8a6c-b1be51d436c7,California Fire,2020-07-06,38.02996,-122.25471,298.0
fire_01225,ce7dddd1-7a79-4aa4-b6bc-f4181aa2ac05,Patterson Fire,2020-07-06,37.71984,-121.53524,150.0
fire_01226,deaaf3fb-e0b2-4430-97cc-10d6d626df27,Mountain Meadow Fire ,2020-07-06,38.21614,-122.12447,75.0
fire_01227,f398ee10-0c99-4096-be61-7c1611035ce1,Brandon Fire,2020-07-07,38.58488,-120.941267,32.0
fire_01228,a378ae17-9133-433f-8b63-23a1a7c6a4c6,Nail Fire,2020-07-07,39.35498,-122.65813,25.0
fire_01229,b4413d75-dc78-4810-9db3-c644a1afc5f3,Tripp Fire ,2020-07-09,33.551838,-116.7464168,10.0
fire_01230,49be3366-f2b6-4ff5-8541-a25ad9bdc607,Alum Fire,2020-07-11,37.37731,-121.79349,31.0
fire_01231,1d6a3faf-2e35-4c7e-9efd-54339ad56ed6,Power Fire,2020-07-11,37.1487,-119.50307,108.0
fire_01232,2865a54c-f7c1-4595-b4b9-1c8082df22ce,Elliot Fire,2020-07-13,33.623968,-117.108421,2.0
fire_01233,dd705c7f-d18b-49a5-be60-c828d5c047fb,Robinson Fire,2020-07-13,39.43227,-121.37994,33.0
fire_01234,777f38a7-7d43-4641-998f-8524c692980c,Casino Fire,2020-07-13,33.48429,-116.83552,91.0
fire_01235,ef5e4d08-bf3f-4df1-90b7-92e4e2a2fc91,Mineral Fire,2020-07-13,36.09493,-120.52193,29667.0
fire_01236,03459423-a538-4952-ba0c-c020face9151,Coyote Fire,2020-07-15,36.653,-121.04401,1485.0
fire_01237,79575aba-0ca4-446e-a28e-39bafbad368e,Ben Fire,2020-07-15,37.42319,-119.95807,48.0
fire_01238,d268fd6c-a177-47b2-b13c-2ac26a02289e,Valley Fire ,2020-07-15,39.10112,-121.33589,500.0
fire_01239,a417d993-c3bf-4c5b-a01a-7d56a209a12d,Hollow Fire,2020-07-16,37.64044,-121.59374,253.0
fire_01240,4035078f-8136-447e-8daf-3a63462a73d9,Pitzer Fire,2020-07-17,34.39464,-116.97557,119.0
fire_01241,9520d0cb-1a4f-4dc0-bd38-967f5ee353f0,Badger Fire,2020-07-18,41.79319,-122.69296,557.0
fire_01242,fc0b7761-54a3-4275-a550-313d2b604f5e,Hog Fire,2020-07-18,40.420886,-120.86375,9564.0
fire_01243,c4d60e70-ee95-41f1-9e6e-4df4bdae3748,Platina Fire,2020-07-19,40.462621,-122.792645,333.0
fire_01244,9d4f56ae-b319-49b0-9a77-10088a2defda,Gold Fire,2020-07-20,41.11037,-120.923293,22614.0
fire_01245,1c0e692a-8afc-41e9-8ac7-d27b977f0cdd,Milepost 21 Fire,2020-07-20,41.1849445,-123.6986222,100.0
fire_01246,64390cd6-42d4-4e9e-8dd9-1077f5191243,Feather Fire,2020-07-20,39.506597,-121.604579,30.0
fire_01247,cac8f4bf-d269-4f13-b59c-07670b34f81f,Holland Fire ,2020-07-20,37.977309,-121.620238,75.0
fire_01248,f66fb4e4-cd4c-4410-9c00-43fed5882fb4,Easton Fire,2020-07-20,34.135626,-117.192142,71.0
fire_01249,8146a328-05df-4b38-b11e-1c6fcedb1df7,Rabbit Fire ,2020-07-20,37.118075,-119.932391,135.0
fire_01250,1505ac89-a71c-4c77-9ae4-fb3eb34dbc66,Iris Fire,2020-07-21,37.518879,-118.711135,120.0
fire_01251,c002a55a-95ef-4286-b358-daa8fd3ad086,July Complex,2020-07-24,41.699,-121.477,83261.0
fire_01252,22bb346a-660e-46cb-8c54-dbcda18fc4d6,Jack Fire,2020-07-24,33.93327,-117.033124,145.0
fire_01253,0364a8dd-0971-4f24-a020-6f4e97ccbace,Hill Fire,2020-07-24,39.013591,-122.359663,138.0
fire_01254,4d799b0d-240a-40fa-9ca7-f64aa1cd4002,Karen Fire,2020-07-25,34.028116,-117.429598,250.0
fire_01255,1cffff17-9678-4f17-837a-e4e11ae77c1b,Ione Fire ,2020-07-26,38.420382,-121.044895,51.0
fire_01256,9810b7b8-b865-4413-a60c-5f47e8945eda,Cottonwood Fire,2020-07-27,37.083806,-121.101634,788.0
fire_01257,dfc476d5-b274-4bfb-bf55-4af5ef611f5e,Ridge Fire,2020-07-27,34.75844,-118.72004,321.0
fire_01258,4751b58f-771f-4d9c-b742-4aad10ef45eb,Lincoln Fire,2020-07-27,40.78804,-124.19954,25.0
fire_01259,66f80cfd-55ff-4f8b-b971-708bef8c6d87,Border 11 Fire,2020-07-28,32.62212,-116.77048,100.0
fire_01260,b7cf91b3-e441-46c7-8214-a2ce84a21a3d,Branch Fire,2020-07-28,35.35146,-120.00521,3222.0
fire_01261,71cf5cd0-78c3-482c-b0d3-148bb24c4853,Brook Fire,2020-07-29,34.25143,-117.45479,185.0
fire_01262,3481e6e5-c6e8-4891-9e65-fdc3147ae579,Clay Fire,2020-07-29,38.40329,-121.17197,741.0
fire_01263,aa193e22-7d46-42fa-8638-8ee1e1cbaa2c,Rabbit Fire,2020-07-30,33.934137,-117.034461,104.0
fire_01264,2806bdb9-c1d2-4ace-b602-734e24282852,Dam Fire,2020-07-30,34.17363,-117.889503,220.0
fire_01265,04013e6f-d207-4043-8d3d-00aa5d332d85,Sheep Fire,2020-07-30,35.14357,-118.7933,233.0
fire_01266,8b9ae457-96ea-4041-912c-6b33e8498d98,Apple Fire,2020-07-31,33.99139,-116.9617,33424.0
fire_01267,eeb8174a-f5a7-4fb1-b611-45e85c858326,Stump Fire,2020-08-01,40.34659,-121.6415,684.0
fire_01268,00f6ca27-183c-4c2d-99f4-0362ddb522ae,Castaic Fire,2020-08-01,34.51853,-118.59699,178.0
fire_01269,5f88019a-39cf-43ff-921f-d5442e47f98d,Pond Fire,2020-08-01,35.43128,-120.47346,2005.0
fire_01270,dddf569c-7540-4822-8bf4-bd15d5c4473e,Sophia Fire,2020-08-02,38.686478,-121.103299,36.0
fire_01271,f05306b4-6281-4140-9d63-ea077c080ce9,Water Fire,2020-08-02,33.924086,-116.641846,52.0
fire_01272,91f3f77d-6b4a-47fb-bc79-a0250cded29a,North Fire,2020-08-02,40.36764,-120.44811,6882.0
fire_01273,7482a8eb-a31c-4556-b8d5-e6f86c4f3904,Sites Fire ,2020-08-02,39.31313,-122.48525,560.0
fire_01274,8d4fb3c6-8522-491b-a388-afad50660bfb,Post Fire,2020-08-02,34.04447,-118.21608,120.0
fire_01275,8b1c928f-99e8-4778-a988-445e154a00e3,Beale Fire,2020-08-02,39.11307,-121.38178,600.0
fire_01276,e2d97d53-bcff-4f0d-8b94-0ccfeb100f15,Elsmere Fire,2020-08-03,34.3428,-118.49731,200.0
fire_01277,e2334135-81c5-44a5-b20d-c3a9b1301531,Stagecoach Fire,2020-08-03,35.43044,-118.53361,7760.0
fire_01278,2b313120-5794-40d5-aa39-c7e621856d14,Trimmer Fire,2020-08-04,36.90933,-119.2439,594.0
fire_01279,7ece0a57-ab39-4d98-83bd-2a09f32b5242,Pass Fire,2020-08-04,35.61521,-120.40457,322.0
fire_01280,a79536eb-5ceb-4219-9b96-fa0632c4a289,Fort Fire,2020-08-06,34.93929,-118.92967,277.0
fire_01281,c4e48556-0c23-45e6-aebe-d1bcda4e52c5,Mina Fire,2020-08-10,39.82454,-123.262437,177.0
fire_01282,56e82924-7e7b-4cd0-9221-7f299718b493,Duluth Fire,2020-08-10,38.81111,-121.318472,65.0
fire_01283,3d5e2cbc-f2f3-4cd3-b6cc-0b2483940f8d,R-1 Fire,2020-08-11,40.590714,-120.549595,285.0
fire_01284,14e1721e-3907-4b2f-b9f9-3842a7d7106e,Soda Fire,2020-08-12,34.962524,-119.444977,424.0
fire_01285,49ef4e59-6a57-4219-a29b-d75f1297e356,Lake Fire,2020-08-12,34.679,-118.452,31089.0
fire_01286,d6ac2ead-0f03-4c79-bda7-a7a2f11050b6,Carrizo Fire,2020-08-12,35.308259,-119.987565,183.0
fire_01287,5258de73-6c10-44ac-99e0-88602a8a83f5,Meiss Fire,2020-08-13,38.474502,-121.172572,512.0
fire_01288,5671f6fd-7689-48e6-b792-03e3cfe95ff2,Ranch 2 Fire,2020-08-13,34.160265,-117.910498,4237.0
fire_01289,0707e044-ba48-42eb-9263-6e2aff583b33,Clark Fire,2020-08-14,39.647686,-121.633994,110.0
fire_01290,ab24840f-90e8-460c-bc88-d25091d7b61f,Loyalton Fire,2020-08-14,39.702438,-120.143473,47029.0
fire_01291,36aa4641-bb29-4b34-baad-e96406b4f702,Whale Fire,2020-08-15,35.472114,-120.856731,320.0
fire_01292,3a48ec04-0297-4561-bb64-e6461acde361,Hills Fire,2020-08-15,36.09876,-120.427342,2121.0
fire_01293,f6f24a2c-2072-4736-bca7-9a615af3156d,3-2 Fire,2020-08-16,35.519723,-120.801074,20.0
fire_01294,119469ac-fe6b-4934-ac17-36a73cefe958,Elk Fire,2020-08-16,39.52452,-122.427358,727.0
fire_01295,ff4d7735-a5d6-452f-8775-3b208eb046b2,River Fire,2020-08-16,36.60239,-121.62161,48088.0
fire_01296,b8f267be-9911-44ee-8a73-7a0537fbd6fa,August Complex (includes Doe Fire),2020-08-16,39.776,-122.673,1032648.0
fire_01297,a7b2fc4a-18ce-4a89-b192-24c1389c014c,Jones Fire,2020-08-17,39.29241,-121.100352,705.0
fire_01298,625e0c82-b8a2-4acc-8ff5-19787ca65b69,4-8 Fire,2020-08-17,39.555943,-122.5012461,275.0
fire_01299,f5d17ece-121c-4426-8235-d898b6aa1fa6,Holser Fire,2020-08-17,34.438759,-118.758965,3000.0
fire_01300,1b0a862b-8fd9-4aa9-8ac7-f6ca6b3cbd39,Murphy Fire,2020-08-17,38.840068,-120.876546,14.0
fire_01301,d19ac7c7-c899-4600-82c9-fe24dc29f3c9,CZU Lightning Complex (Including Warnella Fire) ,2020-08-16,37.17162,-122.22275,86509.0
fire_01302,22c6ea3c-304c-4b3b-bfba-7c9dfc63d9da,SCU Lightning Complex,2020-08-16,37.439437,-121.30435,396624.0
fire_01303,06f4e066-b0d2-4af9-91a3-518aef4d0197,Carmel Fire,2020-08-18,36.4463,-121.68181,6901.0
fire_01304,c387f9ae-a783-4dab-b9b7-12866c8a6a34,3-19 Fire,2020-08-18,39.276,-123.013667,62.0
fire_01305,ef9d3424-5838-466e-bb92-ac5dc23be5c5,Salt Fire,2020-08-18,38.027921,-120.763258,1783.0
fire_01306,1eadad68-344e-4728-8390-b0d31b96333d,Creek Fire,2020-08-18,39.8174372,-123.2111007,820.0
fire_01307,9645c55f-2b11-40ab-9ae7-df424d685a2d,LNU Lightning Complex,2020-08-17,38.48193,-122.14864,363220.0
fire_01308,f6aba342-3b28-460b-a88a-96ccbdcb3c14,Butte/Tehama/Glenn Lightning Complex (Tehama/Glenn Zone) ,2020-08-17,40.09571,-122.4393,19609.0
fire_01309,7486c76a-019a-496f-9d5c-f4b962906fe4,Flint Fire,2020-08-19,38.03106,-120.85258,55.0
fire_01310,c57a1d32-216b-443e-bb67-87be3232bf8b,Moc Fire,2020-08-20,37.813779,-120.312565,2857.0
fire_01311,d09da426-ed85-4909-892b-2505c4813d93,Volcano Fire,2020-08-20,33.454896,-117.328234,45.0
fire_01312,a453303f-cb87-430a-9a3c-d9b2f0b7ceb2,Coyote Fire,2020-08-21,37.18725,-121.68465,143.0
fire_01313,6edfd658-def5-451c-86bd-83cb2280e34f,Sheep Fire ,2020-08-22,40.274,-120.757,29570.0
fire_01314,60c2ba16-9296-4fb9-aba2-1331c25129c6,Woodward Fire,2020-08-18,38.018089,-122.836701,4929.0
fire_01315,354cbed0-3717-411f-b95b-c26137b4a2a4,Placer Fire,2020-08-25,35.4335197,-120.1243296,53.0
fire_01316,a89673de-1c0d-43cc-9a96-bd83f632bf65,R-8 Pinecone Fire ,2020-08-26,40.773,-120.536,567.0
fire_01317,3826c0d8-e78d-4608-889c-b7c4f6c37a25,Perry Fire,2020-08-26,38.8825,-121.10411,9.0
fire_01318,1a62a4b4-ad1a-4e12-b8ed-a3a50e3d1722,Johnson Fire ,2020-08-28,34.65979,-118.36411,290.0
fire_01319,5937fad1-a332-4d92-ba83-c8022173b5ba,Hensley Fire ,2020-08-30,37.08053,-119.88673,400.0
fire_01320,44276cce-9fe4-472d-aac6-4d08e9d01365,Catholic Fire,2020-09-01,39.012743,-122.637037,13.0
fire_01321,7e359448-0344-4407-a289-e4fb7823ac3c,Creek Fire,2020-09-04,37.19147,-119.261175,379895.0
fire_01322,5367d20e-b24c-40ef-acd1-93c05e4b73b9,El Dorado Fire,2020-09-05,34.08056,-116.98669,22744.0
fire_01323,9277ab02-734d-4b01-ac35-c27ba62c2af3,Valley Fire,2020-09-05,32.765615,-116.692705,16390.0
fire_01324,6fd76607-08af-4c44-9e40-edde0bc9d6cf,Oak Fire,2020-09-07,39.4935,-123.3965,1100.0
fire_01325,7442faa1-3681-4b85-8ed7-229e34ee3011,Willow Fire,2020-09-09,39.3637,-121.32361,1311.0
fire_01326,a7f3e6f3-3e15-4350-a0f7-2a5392e0708d,Sperry Fire,2020-09-08,37.46377,-121.18018,45.0
fire_01327,2cdf609e-de06-4e0b-a2bc-527ffde51064,Schoolhouse Fire,2020-09-09,41.68229,-122.84057,45.0
fire_01328,8ffb7148-7668-452a-8fbc-3a2b49b753ea,Shackleford Fire,2020-09-11,41.575549,-123.021635,50.0
fire_01329,aab65b54-103c-4101-a70b-5983533d49e9,Bullfrog Fire,2020-09-12,37.135474,-119.027309,1185.0
fire_01330,4f2c2a0b-d187-4e11-8841-3a014cadd739,Fox Fire,2020-09-16,41.211022,-122.847359,2188.0
fire_01331,55684e7d-4312-408d-8538-51e2006581b0,San Antonio Fire ,2020-09-16,34.773809,-120.491594,111.0
fire_01332,0e83ff21-5cb8-4f2f-b059-58a77d39b502,Snow Fire ,2020-09-17,33.88831,-116.68386,6254.0
fire_01333,d6b00a56-682d-4908-bf07-45eef54c9198,Glass Fire,2020-09-27,38.56295,-122.49745,67484.0
fire_01334,f0a3f022-0d5a-4d47-93c7-2a73cb081740,Zogg Fire,2020-09-27,40.53927,-122.56656,56338.0
fire_01335,26f0d1c5-8df4-4201-810f-0b136677e4c6,Martindale Fire ,2020-09-28,34.563,-118.4,230.0
fire_01336,eef565af-d64a-4c72-a4a2-6a9d13e6211c,Candy Fire,2020-09-29,33.764357,-117.374419,454.0
fire_01337,fdae8b5d-95f3-4eaa-bd71-35cd402a94f9,Copper Fire ,2020-09-30,38.49375,-121.003602,48.0
fire_01338,745a276b-488e-40e6-b62d-065111a98139,Pony Fire,2020-10-03,38.464074,-121.039236,20.0
fire_01339,8b25feb1-9eb7-433d-8abf-d6ab554c9fe3,Lambert Fire,2020-10-04,38.424016,-121.006635,21.0
fire_01340,b341b09d-2024-4b2a-a439-f39409abb432,Fields Fire ,2020-10-07,39.181047,-121.450982,56.0
fire_01341,65b0ce28-b5e6-4dfc-b569-96716e556c90,Irvine Fire,2020-10-11,37.821737,-122.104314,30.0
fire_01342,4a85b108-3756-4b00-9767-56591a517c8d,Diamond Fire,2020-10-13,37.98337,-120.64541,21.0
fire_01343,45c76674-7d01-4fff-bb00-a08013019a86,Bruder Fire,2020-10-15,34.014728,-117.138078,170.0
fire_01344,cbd8fd0c-8d0f-4df3-aea3-1355a685bb96,Cameron Fire,2020-10-18,38.659387,-120.964726,15.0
fire_01345,64ea3d93-de8b-41fc-b5eb-af37e8ac1f95,Ferry Fire,2020-10-22,39.51694,-121.54475,6.0
fire_01346,673a098f-d4f2-43c6-96c7-7712dafd20ec,Redwood Fire,2020-10-23,40.55823,-123.88658,102.0
fire_01347,67cd9b6f-a40b-4f0d-8efc-2dbe4fd9d990,Pope Fire,2020-10-23,38.56184,-122.37828,61.0
fire_01348,f6e28549-a711-429d-a4ed-9df6530a9a2a,Point Fire (Shasta and Tehama County),2020-10-25,40.38869,-122.39033,275.0
fire_01349,18a15a5f-ddde-48e9-92bc-1d40813a7794,Dersch Fire,2020-10-25,40.47646,-122.18102,133.0
fire_01350,fb6cb221-c303-4573-bd63-0c8b1468d4a2,Olinda Fire,2020-10-25,40.41486,-122.342,5.0
fire_01351,a2b27cff-5d89-423a-853e-3a78e63f79ef,Silverado Fire ,2020-10-26,33.73614,-117.65719,12466.0
fire_01352,21b0622c-8b4d-439b-8175-d4ba20507d02,Blue Ridge Fire ,2020-10-26,33.877257,-117.675067,13964.0
fire_01353,4be72b8c-5aeb-426d-9af5-2acebca88fb0,Cypress Fire,2020-11-01,34.03343,-117.51476,150.0
fire_01354,e9482561-8193-48a9-a152-2ff8d993ce06,San Dimas Fire,2020-11-06,34.146195,-117.778561,131.0
fire_01355,c5b45f76-3b72-4f3d-b651-7c7bb0f156b7,257 Fire,2020-11-17,41.4435,-120.87054,49.0
fire_01356,2b6aedb5-87fe-447c-a772-bec58abb8820,Airport Fire,2020-12-01,33.893351,-117.62109,1087.0
fire_01357,14c21ef6-b5b7-44a3-858b-666b57b750f3,Cerritos Fire,2020-12-03,33.773754,-117.051463,200.0
fire_01358,a2665121-7dd7-4a4c-8c6e-0731ed9e1888,Bond Fire,2020-12-02,33.743842,-117.674967,6686.0
fire_01359,ad807579-4f4f-4a5a-a17a-7ca299aca978,Thomas Fire,2020-12-03,41.591948,-120.374514,24.0
fire_01360,e8721404-3d22-4b27-b152-8a7f4a97a8e5,Cornell Fire,2020-12-07,34.33622,-119.078,174.0
fire_01361,0dad0a68-239b-41b5-bfe0-033e6a216fac,Sanderson Fire,2020-12-13,33.93244,-117.03459,1954.0
fire_01362,2347b6fb-8468-46bb-9917-d5cea3f1efdd,Erbes Fire,2021-01-14,34.20955,-118.83967,250.0
fire_01363,68c11904-f38b-4aa0-ab90-b3c805c4e8cd,Manzanita Fire,2021-01-19,37.25086,-119.51982,23.0
fire_01364,929a21bc-65a0-49b4-bc90-bfa5457987e4,Bonny Doone Complex (Previously Fanning Fire),2021-01-19,37.08931,-122.10509,20.0
fire_01365,2657090b-ec47-4fbe-bc4e-400cd50a8d55,North Butano Fire,2021-01-18,37.18259,-122.28823,15.0
fire_01366,9b2b5a16-52cf-4f2e-bc8a-a3af75b28522,China Grade Fire,2021-01-18,37.17749,-122.1756,22.0
fire_01367,75711186-5792-4c41-9309-48dbac8e667d,Wolf Fire,2021-01-19,34.99432,-119.185309,865.0
fire_01368,b38fdc2c-3108-4273-8a67-8d69bdbfb6bb,72 Fire,2021-01-19,33.52871,-116.10723,43.0
fire_01369,79aca6f4-ee40-44e8-9dff-069c36c36fc1,Towsley Fire,2021-01-19,34.3585229,-118.5553174,184.0
fire_01370,7be84564-edf7-4724-99ba-5c1ee7f86e30,Panther Ridge Fire,2021-01-19,37.18381,-122.13372,20.0
fire_01371,1ebddf4e-0190-4363-a858-ac789206b5fd,Freedom Fire,2021-01-19,36.98767,-121.83627,37.0
fire_01372,21a360ea-3a4e-4267-986e-3bb1416ca05b,Grapevine Fire,2021-03-14,35.5819816117628,-117.5910734433329,86.0
fire_01373,762d7abb-ec4e-4e50-9137-617c8445b0d1,Refuge Fire,2021-03-27,41.927772,-121.627082,873.0
fire_01374,0c3c5916-b391-4916-ad16-059c094da426,Line Fire,2021-03-28,37.813464,-120.131236,23.0
fire_01375,da35c08b-9f0a-42b2-9e1f-b6e9a545d3fb,Woodman Fire,2021-04-01,40.6758842,-122.0536419,35.0
fire_01376,1f31ac02-436e-4555-b7d1-32b636c11c17,Westwood Fire,2021-04-04,34.30277328465364,-118.70009500551254,25.0
fire_01377,02ba1be4-fecc-49a6-927d-8da38d215851,Paso Fire,2021-04-12,32.958961,-116.582369,28.0
fire_01378,6a7cee19-fc90-4f87-a306-48ccd9cee200,Turnout Fire,2021-04-18,38.99914,-123.35838,200.0
fire_01379,81d9dc1d-9cff-4a22-a6c6-2a4f94cf30ed,River Fire,2021-04-19,38.9743823,-121.5896697,80.0
fire_01380,92aa05b8-83d8-45ec-b079-86d7698086a5,Luis Fire,2021-04-24,37.0953436,-121.143154,93.0
fire_01381,4f4775e4-cd91-4f78-a1de-9c15213ebed2,North Fire,2021-04-28,34.449686,-118.616276,650.0
fire_01382,5f8ebcac-e1f0-4659-9f38-f3e862a3a440,Sky Fire,2021-04-29,38.88437128468346,-122.51771555326388,65.0
fire_01383,4567cb5b-ef86-4630-81ef-f442fc07dc3e,Campo Fire,2021-04-29,38.223179,-120.856628,160.0
fire_01384,63892d1b-fd0d-4120-be74-242857e211ee,Salmon Fire,2021-05-01,38.773294,-121.034998,32.0
fire_01385,89467f5f-2562-47dc-99b6-cb8ec90c3a12,Southern Fire,2021-05-02,32.987532,-116.443391,5366.0
fire_01386,fb63695d-fd59-47dd-9247-e5a7099b5fce,Creek Fire,2021-05-04,33.532246,-116.767011,32.0
fire_01387,c3f573fc-ece2-4b19-a67e-069bf3fc0c16,Bridge Fire,2021-05-05,33.86972,-117.044072,226.0
fire_01388,25d0bdd9-c422-459a-bc12-d9cae4843518,Gunnison Fire,2021-05-08,39.85479,-121.91936,550.0
fire_01389,baef627e-c3ba-4c3c-8a55-a168839aa2c8,Granite Fire,2021-05-08,38.03106,-120.85258,118.0
fire_01390,0b59568a-ab13-4acf-965a-18e9b18ae223,Dillard Fire,2021-05-08,38.28328,-121.45965,44.0
fire_01391,ee1dc476-97d4-4da9-a2ba-d3e9f5116309,Quail Fire,2021-05-12,39.2510745,-121.361339,35.0
fire_01392,3bd5d90f-8131-48a0-a02f-1677e5394ce1,Pine Fire,2021-05-12,34.454231,-117.663815,442.0
fire_01393,5afc3e64-eb8a-4aad-9bb5-1f9a20f84bb0,Fields Fire,2021-05-14,37.560209,-120.419624,97.0
fire_01394,0c1abd92-b131-40f4-bcf7-f6d1871af6a1,R-1 Fire,2021-05-14,40.971612,-120.094517,29.0
fire_01395,8c1bfb66-4002-498a-ae39-62b584718519,Palisades Fire,2021-05-14,34.079046,-118.558938,1202.0
fire_01396,1882364c-9710-47ab-9871-349a76a60173,Davis Fire,2021-05-18,33.8948,-117.1116,300.0
fire_01397,e8b4ee36-20b5-4d20-93a4-831ef2e5c659,Parkside Fire,2021-05-19,33.50994,-115.917099,17.0
fire_01398,aefbc94c-63b5-4767-aa12-a8bc8ed80d87,Settlers Fire,2021-05-19,38.56101,-121.01365,45.0
fire_01399,a5bcf6ba-3e09-49f8-b4c4-1b134aa5c83f,WeeVill Fire,2021-05-20,34.7591895,-118.5044868,300.0
fire_01400,8e8900a0-814f-425a-8b37-bd5098222959,Bluff Fire,2021-05-21,41.23106,-123.66003,25.0
fire_01401,53d124c0-3cc9-436a-8c35-87a9019a3d24,Tomki Fire,2021-05-21,39.384319,-123.23205,18.0
fire_01402,9116b7e9-66c8-417b-a1f6-b9b078e240d6,Lake Fire,2021-05-24,33.965596,-117.471517,115.0
fire_01403,4f6bdd52-abdc-4c93-a48b-7d7adae05cfc,Live Oak Fire,2021-05-27,37.45646,-120.00392,197.0
fire_01404,cfdab623-d2b2-4d61-a227-be32ebb3fac4,Mile Fire,2021-05-27,37.89346196853137,-120.8391587117288,508.0
fire_01405,6cdd3c1b-2ef3-4a77-aef2-82ff170cd227,Sargents Fire,2021-05-30,35.932852,-120.854096,1118.0
fire_01406,81777c5a-cf1d-4161-a261-97c55a8393c0,Slope Fire,2021-05-31,36.86201725309289,-119.3484121800294,25.0
fire_01407,033ee676-f2f0-4ea8-bbc9-b0bb02de3462,Smalley Fire,2021-05-31,37.1619216,-119.5166045,45.0
fire_01408,c8ae5d37-89ac-4d57-904e-720ef7012edc,Scott Fire,2021-06-01,33.631955,-117.089849,28.0
fire_01409,760bd55e-7296-44c7-a8ea-917e1751d811,Coyote Fire,2021-06-02,33.895007,-116.90145,43.0
fire_01410,1a1a9275-f16f-4a06-abe6-3ba18e5e9b33,Buck Fire,2021-06-06,37.24484944019164,-119.86047836209606,50.0
fire_01411,63d1e4af-4112-4d67-8db0-4dec23b3674f,Intanko Fire,2021-06-08,39.084872,-121.333346,939.0
fire_01412,1eea5329-95c3-4a41-974f-7b3693441b1e,Farm Fire,2021-06-09,34.383247203440405,-117.41835464122236,250.0
fire_01413,b6391e06-889a-4d69-ba3e-8491af004029,Sierra Fire,2021-06-09,33.315711565249096,-117.34832277422022,1000.0
fire_01414,09996c3f-3186-4c5d-8006-ced791b3ff40,Creek Fire,2021-06-09,38.899722,-122.238889,34.0
fire_01415,ddcef5cf-9417-4c41-b64b-910e096522fc,Flats Fire,2021-06-13,33.5812044,-116.4518615,341.0
fire_01416,0e78a6e0-9315-4b29-8a1c-894d4b06a64e,Goose Fire,2021-06-13,38.3046414,-120.9608439,67.0
fire_01417,92fd111b-2d3a-48c8-bc43-d505eaceb423,Beale Fire,2021-06-13,39.1956433,-121.3587065,150.0
fire_01418,8d9ee304-6918-4f74-b7f1-ec8441020bf9,Silicon Fire,2021-06-14,37.24042,-121.76309,35.0
fire_01419,08a000bd-2c35-4409-abe9-961da323bbe2,Kathryn Fire,2021-06-15,33.67127,-116.94956,15.0
fire_01420,2b42f885-f296-4659-98e0-c33585215fa9,Rock Fire,2021-06-15,40.61468,-122.49164,108.0
fire_01421,e86265b9-2ac9-471e-bff4-deb2f46b7b7d,Dairy Fire,2021-06-15,40.10806,-122.16025,165.0
fire_01422,26ec9c89-912e-4c23-a6c9-04b5dcb31970,Equestrian Fire,2021-06-16,38.79988,-121.01273,10.0
fire_01423,83e251e4-196f-4db5-b5ba-bed8e300380c,Pomo Fire,2021-06-17,39.16338,-122.916,42.0
fire_01424,6672b6ad-981e-43e8-b4ad-a75285ab9f90,Park Fire,2021-06-17,39.77144,-121.76629,402.0
fire_01425,2947b64d-5835-411b-a603-afcbaf8d53d8,Alabama Fire,2021-06-18,36.59717,-118.20355,560.0
fire_01426,587e51fd-ad97-4894-b53e-300a78e4dc80,Antelope Fire,2021-06-18,36.47887,-119.10788,11.0
fire_01427,8e8e1a5e-0855-4751-8ad1-70730007657c,Success Fire,2021-06-18,36.03223,-118.85799,800.0
fire_01428,ecdd77c3-2919-44d8-9ee9-c176271b04d0,Nettle Fire,2021-06-18,36.03887,-118.76857,1265.0
fire_01429,961a9b24-0bad-4c53-9809-14fe98d515c4,Willow Fire,2021-06-18,36.151231,-121.558858,2877.0
fire_01430,f5d44748-ed74-4660-ab1a-b94f483ab5df,Crane Fire,2021-06-18,34.83498,-118.86258,48.0
fire_01431,8992a229-a245-431d-9a61-11f8d545d93b,Overland Fire,2021-06-19,32.903917,-116.233056,515.0
fire_01432,cfcf1a2b-e358-4dc0-ab39-93ebe94fc843,Bautista Fire,2021-06-19,33.551747,-116.707967,95.0
fire_01433,68b1630c-10e7-4d99-9c61-baa592f1dd83,Inyo Creek Fire,2021-06-19,36.6000177,-118.1420738,592.0
fire_01434,37385589-19f2-43fd-96fb-6a5cd28c607c,Cow Fire,2021-06-20,40.53297,-122.12107,761.0
fire_01435,c9ccf962-449a-4fe8-a1ec-42672f023868,76 Fire,2021-06-20,33.499081,-116.1147496,20.0
fire_01436,32ea3306-088d-4779-9009-2763c7f8a38c,Clevenger Fire,2021-06-20,33.09183,-116.9543,53.0
fire_01437,1702e4de-4414-4604-a70d-e0f54df154bd,Watt Fire,2021-06-21,38.728881,-121.39247,42.0
fire_01438,4c9c4b27-d45d-453d-82f9-39da5ccfe176,Antelope Fire,2021-06-22,41.583949,-120.729446,580.0
fire_01439,348304a5-5d65-46bb-a9f6-4e8ce6ca985b,Panoche Fire,2021-06-23,36.63228,-120.987172,145.0
fire_01440,691ca75a-6419-40ab-87d7-bbe92796307c,Pine Fire,2021-06-23,40.475558,-122.481055,50.0
fire_01441,9bacadf6-c7e2-43c9-b8e6-41be7a79579b,Mesa Fire,2021-06-23,33.337282,-117.095858,350.0
fire_01442,e9761340-1808-42f6-b773-fb7047a2a638,4-3 Fire,2021-06-24,41.562302,-120.497502,134.0
fire_01443,909624c0-d36c-4b9a-8f34-a9e02961b883,Paseo Fire,2021-06-25,37.118582,-121.584194,37.0
fire_01444,b3136d0f-6ef3-46ea-9342-6d6b0d82d274,Steins Fire,2021-06-26,38.659971,-120.876096,11.0
fire_01445,9d7c19c4-f146-4b3e-a4c3-5ea9c3247208,Lava Fire,2021-06-24,41.459,-122.329,26409.0
fire_01446,eddffab0-51af-490d-b60e-640300fe6085,Canyon Fire,2021-06-26,35.442533,-118.793912,220.0
fire_01447,62f7b39d-1213-47c2-8118-88eb98908af7,Shell Fire,2021-06-27,34.919,-118.891,1984.0
fire_01448,9128e6fe-a114-479a-a43c-64ea56411eb5,Sky Fire,2021-06-27,40.039,-121.406,76.0
fire_01449,4376d68e-4093-4d4c-aa6f-e0df6d50e9fb,Vulcan Fire,2021-06-27,36.932,-119.735,140.0
fire_01450,d6b89198-5fd8-498f-8429-3d2994f496f9,Peak Fire,2021-06-28,34.20849,-117.280416,35.0
fire_01451,2aaf4aba-1155-4f25-a5a6-fd6ee8d66f8c,Stowe Fire,2021-06-28,33.740058,-117.050236,122.0
fire_01452,0794cd0a-12e3-4576-8692-45603ad6b246,Lilly Fire,2021-06-28,41.665191,-122.054254,35.0
fire_01453,3a83c4bc-28cc-4792-849b-fedb5629e4bc,Tennant Fire,2021-06-28,41.665191,-122.054254,10580.0
fire_01454,9692e02d-4a87-48b7-b261-f83f4a951642,Beswick Fire,2021-06-28,41.917209,-122.374848,118.0
fire_01455,ac0c072d-d926-49f2-8a3d-c18ea5d32010,Blue Fire,2021-06-30,37.02865766813302,-119.25484409482164,277.0
fire_01456,b07cd929-6dde-4ad9-b845-a2fdc5ba3f97,Salt Fire,2021-06-30,40.860525,-122.348956,12660.0
fire_01457,dd8d424d-e416-48a4-87e0-ddc26d4fdcb3,Ysabel Fire,2021-07-03,33.119448,-116.677511,173.0
fire_01458,421fd9f2-1fbb-4bec-bf19-3318fa4830dc,Main Fire,2021-07-03,36.10007,-119.017899,384.0
fire_01459,882f419d-ff9e-4533-b8da-a428ffcfec6e,Beckwourth Complex,2021-07-04,39.83203,-120.3415,105670.0
fire_01460,a7d2c14e-66e8-4ac6-9538-ad9612dce2d5,Tumbleweed Fire,2021-07-04,34.808751,-118.87933,868.0
fire_01461,be285500-c0c4-4f7e-83ae-1f9a991578b1,Fish Fire,2021-07-04,36.802809,-119.393795,75.0
fire_01462,5eaaed19-b38a-49f1-84f8-78d9f8c76656,Juniper Fire,2021-07-05,41.80728,-120.638464,1011.0
fire_01463,8c512c44-7ddb-44b4-bf03-bab00c0c0c98,Broiler Fire,2021-07-07,39.253647,-123.224377,80.0
fire_01464,82af1b59-858c-43c4-9f4f-842605e6c0c1,Basalt Fire,2021-07-09,37.06047,-121.05758,92.0
fire_01465,3a4d4c77-ff87-458d-b906-e203fc098aa5,Coyote Fire,2021-07-09,41.28523,-121.77593,110.0
fire_01466,f4c4de41-d8d4-4c66-9d9f-4f1ba285bf59,Road Fire,2021-07-10,32.82731,-116.6253,86.0
fire_01467,215529d8-6c0a-4dfa-8d6f-342a5666e1f2,Diablo Fire,2021-07-11,37.865193,-121.667665,128.0
fire_01468,4fde57bd-089f-4c24-b224-b60306e1648d,Bear Fire,2021-07-11,34.85178,-118.81448,71.0
fire_01469,2acb95c8-7a0b-4bfc-9174-6da944037bf2,River Fire,2021-07-11,37.350823,-119.869785,9656.0
fire_01470,a191b2bc-5dee-4511-b34b-ca06ef62b5ab,Bradley Fire,2021-07-11,41.25272,-121.82403,357.0
fire_01471,4b66f232-6ab8-4e00-9f8b-957296920ed9,Dexter Fire,2021-07-12,37.8024,-118.8745,2965.0
fire_01472,00016d5d-1647-49e4-a02a-abf46b8480ae,Dixie Fire,2021-07-13,39.871306,-121.389439,963309.0
fire_01473,925dcb5b-1885-407d-b441-10765a31ce97,Cannon Fire,2021-07-14,40.1703,-122.64768,43.0
fire_01474,f62a9df9-8661-46de-88de-0b76128e0673,Dolicini Fire,2021-07-14,38.0975072,-122.7418335,35.0
fire_01475,511f1793-96a5-4866-a993-1d271e03b076,Henry Fire,2021-06-25,38.4504695,-119.7512546,1320.0
fire_01476,354a2576-907f-43a2-b152-46355e2bf94a,Border 13 Fire,2021-07-15,32.578481,-116.634023,30.0
fire_01477,3a281cd5-4d2b-47a7-89b7-1194e921805a,Tamarack Fire,2021-07-04,38.6280042,-119.8591887,68637.0
fire_01478,396abb9e-a291-4183-b0f6-798a5438868c,Fork Fire,2021-07-17,39.999396,-122.55195,43.0
fire_01479,35d04cb5-0455-4d36-b857-d7952670aef0,Chicken Fire,2021-07-18,40.86955,-120.45187,55.0
fire_01480,3989e25c-3790-44d5-bf6d-50ca3fd04d95,Quail Fire,2021-07-20,33.889516,-117.070814,50.0
fire_01481,fc8bd27a-c3c8-405d-b13a-d9a1396206e3,Peak Fire,2021-07-20,35.41153,-118.46461,2098.0
fire_01482,8f768137-0c58-45e5-a8dd-1df9ecc7870f,Frenchtown Fire,2021-07-20,39.383922,-121.24684,45.0
fire_01483,c8991faa-8d15-4d4c-b3a1-92f58f784420,Mountain Fire,2021-07-23,39.976,-123.505,25.0
fire_01484,caf0f448-cdb3-4dc2-a247-35f6f4b41cb3,Park Fire,2021-07-26,36.199833,-118.722167,100.0
fire_01485,200d07c4-0457-4421-875b-4140d482a03e,Pinnacles Fire,2021-07-28,36.476664,-121.224797,171.0
fire_01486,ef12ac40-d6fb-4871-97ec-c06d0ce51efd,Evans Fire,2021-07-29,40.183504,-120.8468224,85.0
fire_01487,d0174b70-8652-4242-bf7f-b00e98a48319,McFarland Fire,2021-07-30,40.35,-123.034,122653.0
fire_01488,47070a62-2ef3-44a9-8b98-a20e0e574f97,Robie Fire,2021-07-30,38.054116,-120.867498,153.0
fire_01489,161f6906-6799-45ae-b6ca-c1d470050d81,Hungry Fire,2021-07-31,34.7479248,-118.8217926,340.0
fire_01490,f9322f4b-03e1-4558-a920-f7318909de93,Tobin Fire,2021-07-31,35.65927,-120.560856,75.0
fire_01491,dc3380c7-ff32-4062-a4e8-be99b655f2c6,Antelope Fire,2021-08-01,41.5289901,-121.9154934,145632.0
fire_01492,61f3264e-f89f-42cc-820d-0e0a5ee29cdd,Hiding Fire,2021-08-01,40.466364,-122.482826,50.0
fire_01493,1d1bb813-5955-438a-a2cd-0e2d46074f1a,Monument Fire,2021-07-30,40.752,-123.337,223124.0
fire_01494,9284625d-a9bd-447b-b215-a40fe4a52697,River Complex,2021-07-30,41.389,-123.057,199359.0
fire_01495,bd71d34c-3ce0-419d-a2fe-2ef46a750e06,Antonio Fire,2021-08-03,34.23604,-117.65989,50.0
fire_01496,1704f47a-b2bc-43fc-8c49-e62ffaf6021e,House Fire,2021-08-04,40.604986,-122.506112,60.0
fire_01497,178aba5f-4c67-4830-891d-b8fec84706da,River Fire,2021-08-04,39.08805,-121.01468,2619.0
fire_01498,2ea37798-e198-4f1c-92c6-81c42beff3de,Hambone Fire,2021-08-06,41.68499,-121.53946,55.0
fire_01499,0249ff45-1a71-4a4f-88a7-6c1fc7a9aa20,Nelson Fire,2021-08-07,41.034362,-121.89008,20.0
fire_01500,a26becf4-249f-451e-b8a3-e55032e6df61,Glen Fire,2021-08-11,39.403918,-121.30845,184.0
fire_01501,262f815e-e1b4-42d8-8889-6bb4638703e4,Middle Fire,2021-08-13,38.250596,-122.727542,22.0
fire_01502,e8842a17-4f53-4803-9350-838ec34e66e9,Coyote Fire,2021-08-13,38.826123,-122.581257,127.0
fire_01503,3657f103-fe9f-4bfc-a09e-9aa291301266,Bell Fire,2021-08-14,39.834099,-123.637032,50.0
fire_01504,a21c4d1f-87ed-4db1-85ea-eae41c90a0ac,Caldor Fire,2021-08-14,38.586,-120.537833,221835.0
fire_01505,2eae3252-74cd-4e96-b25a-20ed828395e2,Walkers Fire,2021-08-16,36.268,-118.555,8777.0
fire_01506,8e3e3fe1-669f-4cf8-80ee-c8df14929a22,Cache Fire,2021-08-18,38.928133,-122.601395,83.0
fire_01507,87b59fb2-01f9-4469-8578-87c55b090eac,McCash Fire,2021-08-18,41.564,-123.404,94962.0
fire_01508,46498648-eff1-492f-b88f-1826ecd224a6,Rock Fire,2021-08-24,33.474823,-116.659688,295.0
fire_01509,f19d2b70-1d83-4abc-a173-7b00584e1c49,Mule Fire,2021-08-25,40.616416,-122.514391,10.0
fire_01510,7b6a10b8-58fb-4906-ad11-dc88fe5b7872,Airola Fire,2021-08-25,38.038795,-120.454797,639.0
fire_01511,4cfd11fa-b33f-4de6-8d17-bbaa27b2c9cb,South Fire,2021-08-25,34.186147,-117.440263,680.0
fire_01512,8cfa988a-cf5d-418c-8d4d-e0be072e397c,Westward Fire,2021-08-25,33.918089,-116.877776,160.0
fire_01513,69c42b3f-a4ec-47d2-a856-e4f8bc71c6cc,Bennett Fire,2021-08-25,39.216752,-121.040771,59.0
fire_01514,726eeb97-b91c-4555-a180-be16e599466f,Washington Fire,2021-08-26,37.962933,-120.402221,100.0
fire_01515,9f0d7a3b-ae47-42a5-b360-ea2f4141cad4,Roadside Fire,2021-08-28,34.25145,-117.4546,50.0
fire_01516,64a7c61a-5634-410a-a1c4-aeb97b2283e0,Chaparral Fire,2021-08-28,33.484721,-117.39309,1427.0
fire_01517,cd7d799d-cc81-4ffb-9d55-4e2b18b92d34,Railroad Fire,2021-08-29,34.34,-117.466,61.0
fire_01518,d7b908db-7184-4f9e-923f-f811688cf4eb,Knob Fire,2021-08-29,40.8652,-123.6744,2421.0
fire_01519,af05ba27-9105-4776-83a8-8ea786117476,K-Rail,2021-08-30,41.03877,-123.52733,16.0
fire_01520,254e4d5c-a750-41e0-bea3-9eb4597b0a13,Lassen Fire,2021-09-01,38.0591827,-122.6131992,44.0
fire_01521,5ddee2f6-f32b-4664-a416-5cf4996290a5,Lawrence Fire,2021-09-05,38.529123,-120.731748,46.0
fire_01522,ff71cd3b-2261-4248-92fa-f24733cfdcfe,Bridge Fire,2021-09-05,38.921239,-121.036613,411.0
fire_01523,257ee7b8-fe14-45ac-ba58-4fae7003f6de,Aruba Fire,2021-09-05,33.380079,-117.111157,54.0
fire_01524,6a36efca-0cb1-465f-be4d-06b3e3b528c1,Caballo Fire,2021-09-06,34.6776,-120.09009,70.0
fire_01525,d3668f70-4e85-4962-8e8a-a0b8f1465500,Route Fire,2021-09-11,34.569383,-118.688821,464.0
fire_01526,b7a4e6df-7cef-4920-a585-031324b404f4,Hopkins Fire,2021-09-12,39.232362,-123.202039,257.0
fire_01527,f4be7c50-4b42-4534-90c7-82c52e4fa3cb,Childrens Fire,2021-09-19,36.89365,-119.792528,42.0
fire_01528,e208c4a4-1477-4bfd-9fcd-c2d10271e617,University Fire,2021-09-22,34.164501,-117.333215,71.0
fire_01529,460ab87e-07e7-4931-8390-bd3fe60677b2,Fremont Fire,2021-09-22,38.269863,-122.416983,116.0
fire_01530,1052ac46-526c-4ca1-a75c-7e91920ee6cb,Fawn Fire,2021-09-22,40.729811,-122.320243,8578.0
fire_01531,ffb98e82-9a8a-44fe-9d91-45ce3db74ef5,Maxwell Fire,2021-10-05,40.649917,-123.02375,80.0
fire_01532,66eaca2a-9aa7-41cf-a850-88f963cbf723,View Fire ,2021-10-11,40.287225,-122.436754,24.0
fire_01533,23a7e559-d8b9-4333-bddc-ccf7cb2e7b3e,Kettle Fire,2021-10-11,35.983649,-119.960099,447.0
fire_01534,8622a38c-551f-4ef0-9b25-0d0280ace921,Newell Fire,2021-10-11,38.170366,-122.241128,132.0
fire_01535,de52a8d2-2c0e-4481-8d6c-9e4b7c2b9428,Alisal Fire,2021-10-11,34.553,-120.136,16970.0
fire_01536,16f4a871-6b4e-493c-ada9-cff37913e521,Canal Fire ,2021-10-14,39.986836,-122.277441,59.0
fire_01537,55df2f9c-3232-4643-970b-0286a1039507,Gravel Fire,2021-10-15,41.862388,-120.358206,200.0
fire_01538,5f34e7bc-b627-4baf-9e6e-ded2eec3c77a,Estrada Fire,2021-10-15,37.013464,-121.752106,148.0
fire_01539,8e7dcc1b-718b-4388-9e20-bef4b9b94385,Hollow Fire,2021-10-24,37.62879,-121.52692,150.0
fire_01540,24117f47-d8e6-4f62-8077-d5bb6742eb9c,Arlanza Fire,2021-11-21,33.952633,-117.487947,24.0
fire_01541,f3558310-247c-4913-a08b-68d568abdf4b,Colorado Fire,2022-01-21,36.396461,-121.880533,687.0
fire_01542,83db2882-a7c1-4e62-86f8-c9470e8a0c87,Emerald Fire ,2022-02-10,33.558085,-117.805666,154.0
fire_01543,0261dfa0-f1c5-401b-abf3-91184cd2ac2c,Airport Fire,2022-02-16,37.369355,-118.371813,4136.0
fire_01544,ee27ed9e-44fb-4133-a2c9-f16a90fbeb46,Alpine Fire ,2022-03-01,38.46234,-123.015106,21.0
fire_01545,719127a0-5d9b-42e6-985f-ce3e6a718c0e,Flanagan Fire ,2022-03-04,40.67671,-122.4073,88.0
fire_01546,d9f40570-e594-457b-bf33-9bb2eec13d50,Hollister Fire,2022-03-12,34.4687419,-120.2770391,120.0
fire_01547,264c5249-6933-4d8f-a270-25462d14a407,Gulch Fire ,2022-03-12,41.9525087,-121.9015432,113.0
fire_01548,09f9ff54-30ba-48d7-a8f3-9dd6a627fafd,Evergreen Fire ,2022-03-12,41.4455854,-122.3685584,12.0
fire_01549,55b09ba6-f06c-41fa-b940-2438100bb452,Whitlow Fire,2022-03-25,41.234712,-121.692093,10.0
fire_01550,4a03c163-2598-4adf-aec1-5c3dac41fa23,Platina Fire,2022-04-27,40.44412,-122.690559,10.0
fire_01551,f904489b-0488-4764-9a98-bd3b818d1756,111 Fire,2022-04-30,33.510716,-115.916687,15.0
fire_01552,05a22a51-f594-41d7-8cfa-ff8811b145c5,Pyrite Fire ,2022-05-06,34.018021,-117.462367,60.0
fire_01553,09a71f96-1215-4fc6-8b9a-da44930af8c4,House Fire,2022-05-11,36.974622,-119.443013,171.0
fire_01554,b81c84b9-bde4-49c8-aded-914d170ba9ae,Coastal Fire,2022-05-11,33.509464,-117.744398,200.0
fire_01555,93c25ae3-115d-465b-8994-c15b1b81b466,Coyote Fire,2022-05-15,33.886637,-116.900635,46.0
fire_01556,c20ca686-9666-4f4e-861e-bb6085d0e889,Poplar Fire,2022-05-16,36.051411,-118.98167,25.0
fire_01557,56efbe7f-664a-42f7-b9b0-5c290d8ce3cf,Edmonston Fire,2022-05-19,34.935583,-118.873889,682.0
fire_01558,b211e55a-9b50-4e22-b014-55a6e4b27001,Willow Fire ,2022-05-20,38.015611,-121.998735,28.0
fire_01559,5947bdd0-c00a-49a3-bea2-c0208cbd7e6f,Dunnigan Fire ,2022-05-20,38.824462,-122.049621,120.0
fire_01560,6dc17c08-d206-4ca5-a53c-cf26d2d7cfd3,Owens Fire,2022-05-20,38.8733747,-123.6641833,36.0
fire_01561,c87b3af5-8bb8-4e20-8b8b-0e035635f8ea,Quail Fire,2022-05-21,38.467322,-122.051923,135.0
fire_01562,3564711f-73f7-4aae-b550-e2c51f81b780,Wilder Fire,2022-05-24,40.150329,-122.275649,90.0
fire_01563,98953233-d2bd-4704-a6dc-122d14e388f6,River Fire ,2022-05-24,39.2333948,-122.0246463,595.0
fire_01564,b22cb518-4c4e-439b-a8e8-5597fe45789e,Bull Fire ,2022-05-24,35.0155237,-120.3564497,48.0
fire_01565,61c7f0a0-3f9e-4665-92b0-3f135987907a,Elk Trail Fire,2022-05-26,34.090619,-116.447636,431.0
fire_01566,e0d1fd77-071f-4892-9738-49baba9658f3,Lost Lake Fire ,2022-05-26,34.010838,-114.484173,5856.0
fire_01567,51a14af6-7c52-4666-8805-da3f0d07923d,Old Fire,2022-05-31,38.370078,-122.270417,570.0
fire_01568,ab7f7bfd-8c3d-4199-8caa-bfc192dc29a4,Range Fire,2022-06-03,35.199501,-118.721683,93.0
fire_01569,4c22250d-5076-4a2a-aaf8-58565c49f314,62 Fire,2022-06-04,33.59823,-116.23339,60.0
fire_01570,34303301-ad09-441b-a2e5-91d206a66218,Eagle Fire,2022-06-06,35.72373,-120.56019,36.0
fire_01571,968e2f0c-5255-4a21-b166-c9a06a645825,Hesperia Fire,2022-06-06,34.31267,-117.34635,95.0
fire_01572,d63827d6-1fa3-4a9d-8a21-a5d2549adc5a,Marsh Fire,2022-06-09,37.895892,-121.696808,159.0
fire_01573,9e92e949-1e1c-47b7-9a46-71664466a15c,Park Fire,2022-06-09,39.385829,-121.431372,54.0
fire_01574,58ba3463-14d8-4ac7-86c3-aaeb920de442,Graham Fire,2022-06-10,40.05,-121.776,100.0
fire_01575,f7f9f401-e8b5-423f-b0da-13011200b213,Plant Fire,2022-06-11,34.9324042,-118.9253809,517.0
fire_01576,cc000d68-f79b-447c-b67f-976d820ec702,Brandie Fire,2022-06-11,39.319804,-121.392285,72.0
fire_01577,d0c68cde-731a-4409-a810-32c7d326ce54,Sheep Fire,2022-06-12,34.355593,-117.61508,865.0
fire_01578,3eb84741-bc4e-4beb-aeb3-6f485fca145c,Barrett Fire,2022-06-12,32.8134303,-116.5882585,65.0
fire_01579,954eef2a-0cff-404d-a2b4-d0acbcf8d3de,Border 13 Fire ,2022-06-13,32.614832,-116.737119,577.0
fire_01580,2c095f28-ae55-4a23-9378-2a74989e889f,Rancho Fire,2022-06-13,40.00919,-122.45621,593.0
fire_01581,f8587978-ae8b-409d-8540-0c4aaa952d54,Border 16,2022-06-21,32.567333,-116.750667,70.0
fire_01582,eb1d79f9-a00a-4fc8-b979-5fb00e24da0b,Edgewood,2022-06-21,37.459222,-122.27742,20.0
fire_01583,49ce10fd-94f9-48ee-890f-3b63b1aa84ea,Thunder Fire ,2022-06-22,34.936618,-118.889446,2500.0
fire_01584,78bea37e-7334-4f49-a8dd-1c9a593b47d1,99 Fire,2022-06-22,39.37879,-121.68694,66.0
fire_01585,5fa0ad1e-4624-4257-bb31-3eb5af1e6116,Scenic Fire ,2022-06-23,38.046255,-122.191103,120.0
fire_01586,974e000a-7b64-4542-aba7-e0c33117870a,Canyon Fire ,2022-06-23,37.642217,-121.903018,71.0
fire_01587,769b01fc-2018-420a-92b2-5e2ccb296894,Tesla Fire,2022-06-23,37.365652,-121.556086,552.0
fire_01588,3f3fd217-c2b6-444c-bf90-a2168bf9b40e,Timm Fire,2022-06-23,38.42619,-121.97785,26.0
fire_01589,13541b69-799a-4a8b-ade9-0bdefc254f73,Romero Fire,2022-06-23,38.42619,-121.97785,349.0
fire_01590,88867d1f-eb64-4966-b86d-115c913cae39,Kirker Fire ,2022-06-24,37.97689,-121.908735,90.0
fire_01591,06deb062-3940-44f0-a984-f9cb80ed1e4b,Union Fire,2022-06-25,33.968307,-117.462524,110.0
fire_01592,78fccf47-afdf-4e7a-bcd3-10c574b5dad2,Ridge Fire,2022-06-26,41.317476,-122.359698,12.0
fire_01593,2ea11a5a-70bd-4cea-bddc-466de28b4a8d,Roblar Fire ,2022-06-27,38.323263,-122.796221,63.0
fire_01594,5316b89a-f041-498b-8ff9-af00c89c2979,Redwood Fire,2022-06-27,38.163521,-122.574563,113.0
fire_01595,b3b6407b-cafa-4f42-bc9e-6e0e286717c4,Burrows Fire ,2022-06-28,39.713372,-122.55002,317.0
fire_01596,5d545430-bff5-4c5e-befa-d3139e19da30,Camino Fire,2022-06-28,35.136141,-120.437395,387.0
fire_01597,de8403a1-4f40-499e-a83e-de3261c57b37,Rices Fire,2022-06-28,39.319145,-121.192271,904.0
fire_01598,d87c11f9-0995-4802-91c5-f99f7e97d75f,Nelson Fire,2022-06-30,39.524038,-121.650851,328.0
fire_01599,90b3f3dc-c374-4376-876e-6aad196a05f3,Sandra Fire,2022-06-30,39.480813,-121.366789,34.0
fire_01600,b57e64d6-701c-475e-a048-b81d21bef97d,Table Fire,2022-07-01,37.013878,-119.576797,52.0
fire_01601,8877e37e-7656-47ef-9881-dfd9653f36a4,Garrison Fire,2022-07-04,35.8640822,-120.819059,138.0
fire_01602,9e30ecfb-a068-4935-a67b-bf52337f1dfd,Electra Fire,2022-07-04,38.334802,-120.665415,4470.0
fire_01603,157977a9-25b9-4550-883e-13847244b92f,Jan-Dar Fire,2022-07-04,39.42972,-121.430071,30.0
fire_01604,67d518ac-2edf-4809-bb0e-748ebe27f9a7,Nome Fire,2022-07-05,39.8166571,-123.2055576,20.0
fire_01605,39d88789-80ba-4a50-b96a-bddefd6593a3,Bay Fire,2022-07-08,39.300253,-121.372749,30.0
fire_01606,776de6ba-3e3c-4388-b257-44e8c9231a95,Washburn Fire,2022-07-07,37.499,-119.614,4886.0
fire_01607,6835535e-9016-4297-a743-c657e76e39d3,Porter Fire,2022-07-09,39.020051,-121.344587,166.0
fire_01608,7a9b1646-9b86-4721-b99d-9cfe02ba1fec,Harbison,2022-07-12,32.7947379,-116.8460273,37.0
fire_01609,d52a1e49-8d6b-4982-b931-29032439e870,Herman Fire,2022-07-13,38.0936839,-122.1347757,115.0
fire_01610,0539f658-3625-4601-a3d3-9f0e887c2415,Peter Fire ,2022-07-14,40.4411992,-122.3182313,304.0
fire_01611,aa364bd9-d718-4583-97f3-18d0fcd0ce4a,Grant Fire,2022-07-14,38.5570067,-121.1183895,74.0
fire_01612,632bea0c-612e-42fa-8b27-b3514c734da2,Rainbow Fire,2022-07-16,40.010233,-122.433855,60.0
fire_01613,a1c796a1-d98d-4420-acb5-f30924c7966d,Riosa Fire,2022-07-17,38.9848309,-121.340201,38.0
fire_01614,6a5cd16b-55a8-4104-aa28-0e0490b4aca9,Border 27 Fire,2022-07-17,32.6077664,-116.6077664,100.0
fire_01615,398d0989-c034-4da7-854c-79e392d081b2,Bell Fire,2022-07-17,39.90557,-123.598273,43.0
fire_01616,5e02c4ff-003c-42a9-a3c5-6e104ecabb02,Agua Fire,2022-07-18,37.481701,-120.02107,421.0
fire_01617,7fbd8cd4-bd0d-432e-910d-a8c353667946,Winding Fire,2022-07-18,39.314076,-121.27693,82.0
fire_01618,50a7f34c-aa67-4227-bc71-238e85a3ff85,Meadow Fire ,2022-07-19,39.058043,-123.33756,17.0
fire_01619,f83fad03-336e-4edb-afc6-c77b5f924506,Flynn Fire ,2022-07-19,37.719206,-121.656106,121.0
fire_01620,2786397c-0bd0-46f8-bdf8-3f749d061593,Slate Fire ,2022-07-21,37.935092,-120.4422218,64.0
fire_01621,367d210d-571c-4066-a078-44f3e162d8f4,Anzar Fire,2022-07-21,36.8927679,-121.604728,104.0
fire_01622,fec1972c-dcdf-4a1c-a6ae-5c26a0b82815,Oak Fire ,2022-07-22,37.5509366,-119.9234728,19244.0
fire_01623,d3415864-268a-4304-ac6a-02714a23f2cb,Cable Fire ,2022-07-26,38.75794,-120.63742,20.0
fire_01624,487f18a9-7af4-4702-ba36-78aaef812e80,Casner Fire,2022-07-27,33.0819687,-116.7626279,174.0
fire_01625,c7cb91c5-4423-4965-8f6d-ad9c711a376d,Apple Fire,2022-07-27,39.323167,-121.304167,39.0
fire_01626,deef1971-c9d4-4070-ae37-1a3ad350e977,McKinney Fire ,2022-07-29,41.833813,-122.894782,60138.0
fire_01627,1445f422-faa3-4a74-84db-bb3e6b3526b2,Highway Fire,2022-07-29,34.312437,-117.3463886,28.0
fire_01628,5a71b67d-308f-4767-9f10-7cab21332ae4,Mesa Fire,2022-07-30,35.5745007,-118.4125811,222.0
fire_01629,4d357743-0767-467c-9d27-585e4466bcce,Shackleford Fire,2022-07-30,41.5734543,-123.0213226,31.0
fire_01630,974cf91d-0e78-4aa7-b7d3-99e4834fcbc2,Pebble Fire,2022-07-31,36.6760553,-119.1902259,55.0
fire_01631,64cc517f-a935-4abb-b35a-b40516174f3b,Kelsey Fire,2022-07-30,41.6430162,-123.1193265,85.0
fire_01632,f4b5f0c0-4b3f-4715-93c8-eae87b2cab17,Meamber Fire,2022-07-31,41.640867,-122.988315,63.0
fire_01633,3d3dc0a6-0c44-4786-a543-896e3c0e1b59,Marmot Fire,2022-08-02,36.378236,-118.853671,127.0
fire_01634,bb08947c-f887-4538-bb5e-1d5750b54249,Springs Fire,2022-08-03,37.84349,-120.50806,51.0
fire_01635,e17479af-0314-4162-9c57-bbbf602b6f64,Smokey Fire ,2022-08-04,41.9708541,-122.7825581,34.0
fire_01636,136a1828-ec7f-487f-9aa1-7f378e51322a,3-8 Fire ,2022-08-08,41.060445,-121.211449,14.0
fire_01637,0f52278a-7102-48c5-a904-c9153187a3a2,Sam Fire,2022-08-10,34.765322,-118.732882,149.0
fire_01638,b2407838-9dd2-45b8-a956-899bf6891b98,Rail Fire,2022-08-14,35.2882644,-118.6292243,250.0
fire_01639,ad465a00-5520-4188-9f91-3c5568adb40e,Oak Fire,2022-08-15,39.04941,-120.9526,19244.0
fire_01640,606930f2-4368-4e78-bb43-4ba33db70f11,Wishon Fire,2022-08-15,36.17768,-118.71829,325.0
fire_01641,9416f961-c5f3-40ec-805f-87bb8b09c5f6,Eden Fire,2022-08-15,37.70049,-121.97822,58.0
fire_01642,baa65866-c909-42c4-a414-63c31d1bb3cb,Quail Fire,2022-08-17,34.48202,-118.60811,53.0
fire_01643,8d4e0591-dd62-4c04-82f3-10eb76556cde,Pleasant Fire,2022-08-20,39.2805,-121.1329,48.0
fire_01644,1e84bb2e-0fd6-4002-bcd2-3cb2f622be6a,Point Fire,2022-08-20,38.9494,-122.6556,14.0
fire_01645,092ae456-6322-4f6d-b9f1-ed2c55a1fbc6,East Fire,2022-08-25,34.2338842,-117.8004523,150.0
fire_01646,4612ddda-90b6-4733-a0a5-6bdeb622614b,Still Fire,2022-08-27,39.0543,-121.1103,44.0
fire_01647,68202561-738b-4e30-a004-7ed156939fe8,McCovey Fire,2022-08-29,41.4672,-123.9277,25.0
fire_01648,2632aae9-5451-4021-b9ec-3c68909133a7,Ranch Fire,2022-08-29,41.4626,-123.9477,26.0
fire_01649,599c4952-beda-4ec6-a636-47c92444a443,Gulch Fire,2022-08-29,34.2026,-117.8608,113.0
fire_01650,40b5cdc9-57db-40da-b52d-6f4c53375bc1,Route Fire,2022-08-31,34.5255,-118.6479,5208.0
fire_01651,68dceec6-55b8-4c87-bfa8-f80e4d7118f4,Border 32,2022-08-31,32.612181,-116.707395,4456.0
fire_01652,1a839916-324c-4106-b32e-753ff8a0b048,Branstetter Fire ,2022-09-01,40.5336,-122.3975,34.0
fire_01653,80ceeedb-4349-44c9-b061-2f9855d6efd6,Walker Fire,2022-09-01,39.3669,-123.3159,124.0
fire_01654,f0e786a2-78d4-411a-b55a-b756c4189ffa,Woods Fire,2022-09-01,37.968,-120.4013,21.0
fire_01655,47bfc3f3-04f7-49ab-a901-77770b85a7cc,Mill Fire,2022-09-02,41.4303,-122.3852,3939.0
fire_01656,bb24457a-d2ad-4efc-b816-e5df69ce8e71,Tower Fire,2022-09-02,38.0182816,-120.7489517,73.0
fire_01657,0f74249b-6f78-4266-b3f0-c61b5626d6af,Mountain Fire ,2022-09-02,41.459009,-122.627469,13440.0
fire_01658,a30a1a3f-e586-4351-a177-109e2108bf9c,Sandia Fire,2022-09-04,33.432924,-117.246996,30.0
fire_01659,555f187c-f8af-4a8c-87b1-2a849cf34b7f,Caesar Fire,2022-09-05,33.064629,-116.811345,50.0
fire_01660,7a58bd4b-886d-40ee-b895-03e6473be505,Fairview Fire,2022-09-05,33.717062,-116.893227,28098.0
fire_01661,d90dcd39-baef-4d4c-8774-16a02ca557df,Hill Fire,2022-09-06,39.1252,-120.816083,11.0
fire_01662,d78ddcad-57ab-4cc4-8910-6f55da123bc1,Radford Fire,2022-09-05,34.177,-116.882,1079.0
fire_01663,90ff8cb6-8361-4442-8646-b8846bf2f7ea,Rosa Fire,2022-09-06,35.580125,-121.012313,16.0
fire_01664,00b88ee4-06ed-4f40-81ac-3e23fcb1bc64,Power Fire ,2022-09-06,37.080478,-119.485927,130.0
fire_01665,a305c68d-db56-4c9f-ab9c-5089c25f3fba,Mosquito Fire,2022-09-06,39.00591,-120.7447,76788.0
fire_01666,2497d2b3-31a4-4dc5-a628-2a059036e6c2,Fork Fire ,2022-09-07,37.21945,-119.50881,819.0
fire_01667,899421c1-661c-44c1-a988-a0fe5043e6bd,Coyote Fire,2022-09-07,41.8739166,-121.839853,297.0
fire_01668,6a1d129f-e302-41b0-90ce-a0fafd6e2503,Barnes Fire,2022-09-07,41.87117,-120.29122,5843.0
fire_01669,0f669596-90b2-4625-ba6b-f2bd1ab59f3b,Forward Fire,2022-09-09,40.44109,-121.81822,160.0
fire_01670,e97ebb75-7d6d-4925-a27b-2bb9daec9fbf,Dutch Fire,2022-09-13,39.1902,-120.8266,48.0
fire_01671,4b8ffb4c-e539-4cfa-82a0-2aa148b43ee9,Garden Fire,2022-09-17,39.9929,-121.2122,29.0
fire_01672,a5373b17-81bc-4a24-a844-148cb5de6b10,97 Fire,2022-09-27,41.4987,-122.3414,30.0
fire_01673,866407b4-2434-4d13-8a43-fa61f2d6a38d,Pleasant Fire ,2022-10-23,37.38939,-118.50091,50.0
fire_01674,48cc8ca5-b512-4dc9-bea2-a7bce86009a0,Summit Fire,2022-08-03,36.319167,-118.650278,1400.0
fire_01675,a56115f1-5eca-4dc1-b576-cbeb67ed4b5b,66 Fire,2023-05-15,33.569342,-116.092746,127.0
fire_01676,c2deabb9-7935-4a0a-8fba-4d4005e4bf1c,Point Fire,2023-05-21,40.417676,-122.47542,10.0
fire_01677,e44f5b6b-c6e6-461a-a9ab-d442e08de3ea,Ramona Fire,2023-05-22,33.823424,-117.033714,338.0
fire_01678,8b46c737-a036-4e58-9d8c-4de0b9879e68,Pistol Fire,2023-05-30,36.9466,-119.6801,123.0
fire_01679,9f20e88a-c95e-494f-bc38-7708bac1b7a6,Sicard Fire,2023-05-30,39.2349,-121.3475,13.0
fire_01680,4511ebf3-f3d7-4c2d-9299-ec8ff974582e,Orange Fire,2023-06-01,36.678,-119.2971,108.0
fire_01681,cc8b9e35-5e0f-48e0-81da-15fab9bfaee2,Panoche Fire,2023-06-03,36.7536,-120.8991,65.0
fire_01682,a788f3ff-73ff-49e0-b65c-95bbb851df2e,Valley Fire,2023-06-03,36.0322,-118.8582,135.0
fire_01683,bbfed8a2-9c91-4e38-92cd-374d6fdee02a,Range Fire,2023-06-04,36.4647,-121.3319,72.0
fire_01684,5907b233-4523-4bdf-aef2-e02c1f8c4d68,Rodeo Fire,2023-06-09,36.70984,-119.304258,15.0
fire_01685,17f58280-2631-440e-9bca-cbdea1e5e373,Gulch Fire,2023-06-10,37.4404,-120.1499,25.0
fire_01686,c6d831a8-19e0-40a0-807c-26e542c8f43b,Geology Fire,2023-06-10,33.896,-116.0533,1088.0
fire_01687,7634b4c2-6a78-4aed-9e5b-d11c26faf384,Henderson Fire,2023-06-14,39.023,-122.7145,21.0
fire_01688,7b626e88-ef6d-4669-b7b7-d36e0ecaaf14,Frank Fire,2023-06-15,40.2869,-122.5955,32.0
fire_01689,f37b0f27-4097-482c-a948-71c62940911e,Scott Fire,2023-06-15,39.3256,-121.3686,115.0
fire_01690,6b4212c5-b9c5-4813-9b45-50620406071e,Snell Fire,2023-06-16,38.6994,-122.4379,103.0
fire_01691,c57a1ed5-5b24-41ed-aca4-703339726e05,Rocky Fire,2023-06-18,36.3002,-119.0828,141.0
fire_01692,5bdb8a5f-58a5-4fb3-b1d3-5487a7acdc05,Slough Fire,2023-06-18,36.5737,-120.188,640.0
fire_01693,4898fc42-90a5-4d10-8c7d-f21150e6f0c9,Black Wood Fire,2023-06-20,32.734788,-116.34461,37.0
fire_01694,03aa73f8-24a4-49f7-a634-a705d1632a21,Garbani Fire,2023-06-20,33.656034,-117.201092,43.0
fire_01695,bc067439-ea43-4ce0-b4ec-66d20bae7804,Viper Fire,2023-06-21,33.984167,-117.138268,25.0
fire_01696,d9778b37-9886-453d-a5ea-0772b1b33073,Harney Fire,2023-06-21,37.8558452,-120.3728742,37.0
fire_01697,cdc613c3-c746-4f0d-b295-f15fc7e67277,Peoria Fire,2023-06-23,39.258,-121.3801,59.0
fire_01698,fa24f204-d45e-479f-8437-4ce009874df9,Balfour Fire,2023-06-25,37.9143,-121.7676,74.0
fire_01699,417b7148-f644-4919-880f-8d529e1f8b95,Crane Fire,2023-06-27,36.8675,-119.0137,24.0
fire_01700,1c823bea-8d80-4560-9888-91fe81366451,Juniper Fire,2023-06-27,33.787329,-117.330286,68.0
fire_01701,c56682cd-d6d6-47fe-bcaa-e0f77339f604,Nice Fire,2023-06-27,34.0568,-117.0957,90.0
fire_01702,7ee1424d-3aab-465e-9094-280e5cd5b83e,Champagne Fire ,2023-06-30,34.9516,-118.4252,25.0
fire_01703,5d6d342e-3696-4de4-a730-a89de03df378,Gann Fire,2023-07-02,38.114444,-120.798285,105.0
fire_01704,f20ef989-476d-4e60-8b32-b61d9f211e1a,Peter Fire,2023-07-03,34.516944,-118.193056,14.0
fire_01705,67943cd3-69db-40b5-ad6f-64eff64cbb1e,Roundup Fire,2023-07-04,34.38695,-117.186767,34.0
fire_01706,8c3a32c0-30c7-4837-94ef-cc27f9783df4,Bernasconi Fire,2023-07-04,33.838928,-117.153554,18.0
fire_01707,7452e778-443b-4a4d-8cfd-8972832332f2,Lincoln Fire,2023-07-05,33.583941,-116.078906,39.0
fire_01708,1c29b20c-8287-49e7-88da-a057174c5b25,Day Fire,2023-07-05,33.837311,-117.278984,56.0
fire_01709,155dba26-11cd-4f55-8cc5-09c93ce7155e,Frog Fire,2023-07-06,33.479,-117.0575,33.0
fire_01710,ef08a1c3-8626-4881-b25c-64b7a913d174,District Fire,2023-07-07,34.8866,-118.9033,1044.0
fire_01711,1d1c4ff0-544e-425a-b558-f5e3ca586bea,Park Fire,2023-07-09,32.6003,-116.5836,64.0
fire_01712,5fedc370-e53e-4751-b259-1f52dc429ab3,Vineyard Fire,2023-07-09,35.8,-120.8169,391.0
fire_01713,93936963-a4c7-406a-9d8e-8ee11aa68e40,Rider Fire,2023-07-11,33.8302,-117.2616,12.0
fire_01714,13c0aa67-6f1a-4471-8f05-0d8810bd55e4,Carbon Fire,2023-07-11,38.43948,-120.98731,58.0
fire_01715,d2ced711-9481-45ca-9d1b-943352d05fac,Snake Fire,2023-07-11,33.7505,-117.348,30.0
fire_01716,a62c68f5-5a19-4dec-87f5-215a97726276,Spring Fire,2023-07-11,33.9364,-117.124,35.0
fire_01717,9d067cfd-3688-464f-916f-95cb7793169b,Liberty Fire,2023-07-11,38.2387,-121.0089,71.0
fire_01718,d8c6de46-8d1b-4e04-b3fe-c9212ce92fd3,Avocado Fire,2023-07-12,33.505725,-117.300098,10.0
fire_01719,bbd4db04-faef-41c7-9422-ee1393ca1b1f,Pulsar Fire,2023-07-13,33.821929,-117.068009,12.0
fire_01720,e8f155bc-20c6-4344-b5dc-69ce1d0b8613,Highland Fire,2023-07-14,33.907342,-116.946498,105.0
fire_01721,472e88dd-7121-4fb6-825c-91af4d5ed373,Rabbit Fire,2023-07-14,33.889467,-117.070916,8355.0
fire_01722,e013877e-7837-435f-8bb1-692b68a37f8e,Gavilan Fire,2023-07-15,33.817004,-117.358124,336.0
fire_01723,b57f434d-f307-4055-b47b-e49337374dd9,Lodoga Fire,2023-07-16,39.2694,-122.466,22.0
fire_01724,471a442e-3c6c-49d3-a1da-c6539336f975,Stony Fire,2023-07-18,39.6685,-122.5259,89.0
fire_01725,33f3bc95-bab6-445a-95d0-58b7cd247431,Juniper Fire,2023-07-18,36.1132,-120.5689,15.0
fire_01726,eb2196cc-8ecb-49f6-ae21-a832da54a663,Reche Fire,2023-07-14,33.9835,-117.2169,436.0
fire_01727,8e5b1375-7f14-4731-aa73-86e5db2e7f70,Idria Fire,2023-07-19,36.490487,-120.801732,296.0
fire_01728,4882ca86-e46f-429b-bc3c-194654bfb01f,Oak Fire,2023-07-19,34.0182,-117.4261,137.0
fire_01729,3501b740-d8be-4b0b-a0c8-cf6c923ee810,Wonder Fire,2023-07-24,40.7316228,-122.3232056,162.0
fire_01730,9e60d69f-373a-45db-b23f-cebb88b82aaf,Long Fire,2023-07-25,36.6932792,-119.1521739,33.0
fire_01731,44518f29-7ba2-45c1-b6f6-13e3556ee941,Victor Fire,2023-07-25,34.356691,-118.507954,70.0
fire_01732,287f3a55-d3a6-4273-ad3c-c66910a12cb9,Agua Fire,2023-07-25,34.438333,-118.326389,421.0
fire_01733,6401556e-3e19-467b-8c26-af4a20864672,Turkey Fire,2023-07-26,39.446994,-121.399989,65.0
fire_01734,9140903a-8dd4-45f9-aac7-70921d3f1948,Bonny Fire,2023-07-27,33.4769,-116.7247,2323.0
fire_01735,6444fb86-d180-4a36-98fe-e2959a14965d,Sunset Fire,2023-07-27,33.9372,-116.9081,103.0
fire_01736,3e418d3a-f64b-48cf-9a0a-f6f893ddf75c,Scodie Fire,2023-07-28,35.6967,-118.2148,20.0
fire_01737,09e1c7bf-e40b-4843-b245-917cb162130b,Flynn Fire,2023-07-29,37.7356,-121.6065,80.0
fire_01738,6550e4e3-ef7f-4ebd-87ca-4a4244fdffd2,Shell Fire,2023-07-30,35.458459,-120.334625,100.0
fire_01739,44335201-1bda-408e-8bed-ec84b650c770,York Fire,2023-08-01,35.191889,-115.317389,93078.0
fire_01740,1df129dd-265c-450d-a605-b46d82ca0436,Haberkern Fire,2023-08-01,36.7611111,-119.988888,35.0
fire_01741,5b23e547-15ae-4b24-a9dd-6d8a8298c0cd,Beale Fire,2023-08-01,35.403564,-120.181725,61.0
fire_01742,55585f3b-648c-476d-bccb-e2939fd1a670,Nuevo Fire,2023-08-01,33.7995,-117.11938,20.0
fire_01743,e9755bce-f853-4b18-82b7-cdf0921d62a5,RV Fire,2023-08-01,36.9648,-120.8839,29.0
fire_01744,29d92f74-bbef-483e-9cf5-4f45aa82a8ba,East Fire ,2023-08-01,35.490591,-118.875657,1291.0
fire_01745,e595da7d-9cd4-48a3-9b11-5363cfd066e1,Almond Fire,2023-08-02,33.91436,-116.76111,95.0
fire_01746,08b36383-406f-49a5-bf71-0c629c3c0010,Stanley Fire,2023-08-02,33.602019,-116.84334,16.0
fire_01747,b76fe4cb-c4c1-423a-a62c-49a9686033c3,Clayton Fire,2023-08-03,37.368648,-121.464716,68.0
fire_01748,8ae10edc-77d0-4df3-a398-846bea7acac0,Ridge Fire,2023-08-04,40.735974,-122.624538,28.0
fire_01749,c19ca405-6810-4097-b078-13fa9a7a6119,Boulevard Fire,2023-08-04,35.0990626,-118.2951023,88.0
fire_01750,128eaf5b-0947-44d0-9df9-fd7975d0fe9d,No Name Fire,2023-08-05,35.78611,-117.8875,1120.0
fire_01751,ac1b69c8-652d-428a-90eb-008eff0029d7,Almond Fire,2023-08-06,35.614674,-119.835808,5228.0
fire_01752,9f0e025e-d6d3-482c-81e4-d3e0f50c9e41,Pass ,2023-08-06,32.68535,-116.3017,36.0
fire_01753,bdbc6903-5fea-4b29-9ddf-874bfd7174c8,Bunnie Fire,2023-08-09,32.994676,-116.855731,184.0
fire_01754,0a2ff66b-76bc-4671-9afe-a2023060b6d9,Rock Fire,2023-08-09,33.871189,-117.150639,531.0
fire_01755,4769737e-f0b5-48c0-9b39-90db40414a7d,Cemetery Fire,2023-08-09,39.377918,-121.68793,68.0
fire_01756,954a9ca6-3863-4a6f-b22f-fc6bb6fcef6c,Dry Creek Complex,2023-08-10,36.5323,-119.0113,301.0
fire_01757,21d01f9d-fc51-4a0a-88ca-06f934ea2cae,Hernandez Fire,2023-08-10,36.4392121,-120.9783812,75.0
fire_01758,2b5b710e-acec-4818-9d26-22062a75d793,Trotter,2023-08-14,35.1387962,-118.6027987,52.0
fire_01759,db55b282-4079-4a2a-beb8-e85f42b0491b,Bitter Fire,2023-08-15,35.4854,-120.0574,695.0
fire_01760,c9ed4253-40dd-4388-8988-d832d313a728,SKU August Lightning Complex,2023-08-15,41.2477,-121.5041,838.0
fire_01761,47a47e9a-ab8a-4f4c-91fb-3504843cdf45,Deep Fire,2023-08-16,40.93686,-122.94871,4198.0
fire_01762,b552934b-98f7-48dd-bbd5-33e1caf89817,Slide 1 Fire,2023-08-16,40.036944,-122.855,473.0
fire_01763,d9e259d7-24d5-4e15-b9df-0c23fac25f9c,Smith River Complex,2023-08-15,41.958269,-123.868447,95107.0
fire_01764,ffa56129-0d5e-4ec5-bfae-3440757d9deb,Cochrane Fire,2023-08-16,37.18725,-121.67208,72.0
fire_01765,1c3481f5-3d33-40a2-8f24-5edbebc17d6c,Thirty Five Fire,2023-08-17,39.6194,-122.3287,109.0
fire_01766,243c4ae4-f7eb-44f4-b5e8-ff8c4baaccd5,Coyote Fire,2023-08-17,32.6347,-116.6415,466.0
fire_01767,2b9ad272-c3c1-4de1-870d-d35b1e383912,Happy Camp Complex,2023-08-16,41.777554,-123.045093,21725.0
fire_01768,5608557c-4576-40ac-8f63-a8f428d62117,South Fork Complex,2023-08-15,40.623606,-123.662677,3929.0
fire_01769,e3297f9e-f753-49b6-9cdf-78700edde34f,Plant Fire,2023-08-19,34.9190169,-119.73328,5464.0
fire_01770,ad8025a3-0060-49db-a048-bce567ee0a57,SRF Lightning Complex,2023-08-20,41.017222,-123.611167,50198.0
fire_01771,4adc26cb-281f-44ef-b6e2-f3509f1c03be,Creek Fire,2023-09-06,38.903333,-122.601667,28.0
fire_01772,6d65a6f6-b12a-4ed9-94b9-7f90246c8615,Knoll Fire,2023-09-10,38.18291,-120.7942,32.0
fire_01773,81a42060-b157-40e7-bbb0-a9371a2435c3,Alta Fire,2023-09-12,38.3702,-122.1796,14.0
fire_01774,6c0acbd1-309a-4555-9161-3b757f38d2cc,Caliente Fire,2023-09-16,35.2674,-118.616,55.0
fire_01775,f9914d6e-0e0d-49ea-a754-5b380ce3cdf0,Meadow Fire,2023-09-26,33.753608,-117.279764,23.0
fire_01776,c5c1319d-b98a-4b1e-ac51-65d2f1c2de6f,Green Fire,2023-10-06,35.5421,-120.9739,243.0
fire_01777,28eb14f9-bffb-482a-bcec-fab0c149e6cb,Williams Fire,2023-10-06,36.0295,-121.07148,44.0
fire_01778,8cb88028-9b7f-49a9-be2d-6d81c7e06193,Wiley Fire,2023-10-07,38.265241,-121.981732,36.0
fire_01779,c577f6b5-b79e-4e61-b0da-f14fd1bc6dcd,Stanley Fire,2023-10-17,33.592915,-116.857302,5.0
fire_01780,e90b6420-76a9-424b-8e26-67422eadc6a0,Border 34 Fire,2023-10-29,32.598,-116.9196,24.0
fire_01781,de8dad71-4393-449f-874b-8a6ce378f5b6,Highland Fire,2023-10-30,33.438207,-116.82307,2487.0
fire_01782,87f3453c-ba4e-40dd-930d-c666ce049af1,Lizzie Fire,2023-10-30,35.2808,-120.644,124.0
fire_01783,1c646b82-e568-4051-a642-059744a09eab,Sun Fire,2023-11-09,34.55742,-120.32318,211.0
fire_01784,f5489c15-8095-4a6a-a3c1-76f78cb9cb18,Lamb Fire,2023-11-14,33.85008,-116.99867,13.0
fire_01785,7deacf45-3e46-48fd-b0ba-fdd89f65d574,Manzanita Fire,2023-11-14,33.839416,-117.003584,15.0
fire_01786,b7cb31c5-bc13-4655-ada4-80d16a36437c,Adams Fire,2023-11-19,33.809953,-116.246207,36.0
fire_01787,db81cfd7-c6f7-4fb6-9127-8d30939fcde2,Sierra Fire,2023-11-20,33.8438665,-117.46406,35.0
fire_01788,6ebb5e9c-a73e-4685-8e58-2aa653e922f4,Sage Fire,2023-11-23,32.723389,-116.891493,39.0
fire_01789,d372cad1-7e39-4973-87fc-3e400acc081e,Border 38 Fire,2023-12-05,32.5666,-116.7986,13.0
fire_01790,a17adb99-eed2-4669-91b2-aecc302fdab9,Elm Fire,2023-12-09,33.9007,-116.7635,65.0
fire_01791,55e9dd9a-0f62-4f5c-b3e3-3d63c0bfedec,South Fire,2023-12-09,34.327,-118.9938,2715.0
fire_01792,93dec295-6159-4227-8b85-4ae3a7abe6bb,Pine Fire,2023-12-15,35.5593,-118.8696,181.0
fire_01793,91e89644-a6fc-4216-a9bb-b7f52e8d3093,Border 42 Fire,2023-12-21,32.6036,-116.7718,50.0
fire_01794,35ef0b0b-5682-47f1-a9c7-b2258f072fc3,3-9 Fire,2023-08-16,40.636317,-123.5797,2840.0
fire_01795,8fd639fa-cdc5-4a0c-8b8a-7ee7887d30ad,Quarry Fire,2023-09-09,38.06095,-119.991667,9130.0
fire_01796,da0f58a2-b61c-4514-8439-c4ca4792718a,Palmas Fire,2024-02-20,33.5103795,-115.82784,239.0
fire_01797,c32fd360-9830-4ad1-9595-0b3a67257eba, Bryson Fire,2024-02-27,35.81148,-121.084104,11.0
fire_01798,22229c97-8035-4ba8-b1a2-1965107977ed,Cartago Fire,2024-04-03,36.316401,-118.026767,104.0
fire_01799,0563714f-e479-41f8-a2b0-59cfacdeffe1,Gardner Fire,2024-04-12,35.153062,-119.39529,241.0
fire_01800,df1a7e0d-7fc9-49af-be53-4e2d5b818411,Pendola Fire,2024-04-21,39.494086,-121.070752,18.0
fire_01801,3ea940e2-abab-41a3-b073-6aa3ce6f8f72,York Fire,2024-04-21,35.817759,-120.097738,181.4
fire_01802,ce64ef4a-565d-46db-b94c-b0436644cf7f,Refuge Fire,2024-04-26,36.730979,-120.360998,483.0
fire_01803,deffd3c6-f488-48d9-8ec0-43cf23d26e44,Billy Fire,2024-04-30,37.020145,-120.99063,12.0
fire_01804,9aeb7f9d-3672-400d-ba4e-2b490220f78d,School Fire,2024-05-02,35.04847,-119.33179,1479.0
fire_01805,b24e4e25-08ed-410b-87bc-4222a507158b,Dawn Fire,2024-05-04,34.9117,-118.23,12.8
fire_01806,4aad6061-4f7d-4a62-b441-255a9c53b43e,Tram Fire,2024-05-04,33.858369,-116.55819,13.8
fire_01807,af6e0e0e-af49-4dbf-98c9-c36b1028eed7,Virginiatown Fire,2024-05-02,38.902253,-121.201005,95.0
fire_01808,d9d67720-8b28-47d1-a05d-3033c70b73a3,Magnolia Fire,2024-05-07,33.9208,-116.807061,36.6
fire_01809,48e43173-82a0-4573-b842-06bec1d05ee5,Almond Fire,2024-05-07,33.903392,-116.774124,40.0
fire_01810,c4439647-cf64-4a5f-bec1-3a228d5249f2,Sherwood Fire,2024-05-10,35.7193,-118.9429,353.0
fire_01811,7f75a7b7-f2dc-4817-b321-bb570f6b4991,Dom Fire,2024-05-11,36.362559,-120.340061,23.8
fire_01812,6605381c-d5d9-4dde-866b-ac56c51dccb1,Jayne Fire,2024-05-11,36.137571,-120.192362,40.0
fire_01813,89242de3-daa9-449d-a350-36832b8579d7,Border 44 Fire,2024-05-11,32.571374,-116.711161,15.0
fire_01814,c137330e-e0b9-4d93-b22b-835a1fb547e7,Red Fire,2024-05-11,35.388107,-117.601135,148.0
fire_01815,3ee4788b-f658-415c-879a-a11f00d10d77,National Fire,2024-05-12,34.602884,-117.339379,80.0
fire_01816,dcf00ad9-98e6-44c8-b5f3-9693133814c5,Love 2 Fire,2024-05-13,32.7754088,-116.8004,18.0
fire_01817,0e7ec8f8-87e5-4a70-9369-08b96059d3eb,Janell Fire,2024-05-14,33.471139,-116.8539685,13.6
fire_01818,94509745-c6c6-412e-8767-2b511381fe84,John Fire,2024-05-14,37.244144,-120.652034,12.0
fire_01819,190200af-43ff-4874-8cd0-ea681b1582ae,Cow Fire,2024-05-15,35.4759526,-118.7503007,132.0
fire_01820,9c4b2458-d757-41c0-86cb-9cec1e9b4f83,Ranch Fire,2024-05-15,39.693268,-121.449913,10.0
fire_01821,75070ec5-7169-459d-a57e-cb39f1768062,Idria Fire,2024-05-15,36.490486,-120.801731,29.0
fire_01822,37e3db45-6b25-4f7b-a92b-84f10d197437,Petrol Fire,2024-05-17,36.2748148,-120.33456,186.0
fire_01823,49095c12-ea76-4ac6-8034-ff1da7b6c03f,Mission Fire,2024-05-18,33.984278,-116.583317,27.0
fire_01824,b7ca9cee-f5e3-4d5c-afd0-19ade7b24ba9,Wind Fire,2024-05-20,34.96545,-118.99692,121.0
fire_01825,d52efcc5-01bb-4f2e-b838-7599a1f17c14,Hall Fire,2024-05-20,40.014819,-122.129559,12.0
fire_01826,2578f6da-a787-4269-818d-c1616b35de18,Elk Fire,2024-05-21,39.598771,-122.476758,19.0
fire_01827,9967523f-061a-477c-9142-9660e9920a6b,Valley Fire,2024-05-21,41.2449,-120.31,536.0
fire_01828,9fdbe919-5581-44a9-aaf6-307037193995,Knolls Fire,2024-05-22,33.02113,-117.170895,17.0
fire_01829,198dd536-7be9-44ca-b300-763e8927737c,Seven Fire,2024-05-23,39.539678,-121.908346,11.0
fire_01830,72e46bd8-232b-45c0-a715-46fec070b9e1,Panoche Fire,2024-05-25,36.5097274,-120.8471351,191.0
fire_01831,f4fa469d-e2bd-41e7-bc84-86372acdcd44,Harford Fire,2024-05-25,33.812223,-117.340976,18.0
fire_01832,dd8e4500-bd34-4dea-acde-fd1b4ff00ca3,Shirleon Fire,2024-05-25,33.895775,-116.901498,34.0
fire_01833,159367fb-6bee-4914-8815-84f629994473,Holiday Fire,2024-05-25,34.8492868,-118.2554355,428.0
fire_01834,3dce248e-b14c-4816-aab1-3ceefc59b26a,Nees Fire,2024-05-25,36.850279,-120.771299,47.0
fire_01835,e9e95a19-489b-4a24-b0d8-2744f72dc605,Central Fire,2024-05-25,36.67799,-119.7858,12.6
fire_01836,3f03a89c-3bdd-4ef8-a89f-c68161ee84e4,Border 51 Fire,2024-05-26,32.57583,-116.76972,12.0
fire_01837,4ee5e062-f374-4790-819f-21a9c6aca2d9,Flood Fire,2024-05-26,38.017376,-120.944834,57.7
fire_01838,661cf1f8-a032-4812-96cc-ce45f8a0db31,Millerton Fire,2024-05-26,37.01741,-119.689804,47.0
fire_01839,85074131-29f7-435f-8f43-8c9cf067bbd2,Vince Fire,2024-05-27,34.50941,-118.05215,22.4
fire_01840,caaf80b4-1467-48b5-8517-5b55e75f5389,Five Fire,2024-05-28,36.43706,-120.393699,150.0
fire_01841,a8dbeeba-fe5a-4cc2-b1f5-c0f62d9c13a7,Hill Fire,2024-05-28,34.8936966,-119.5572279,1383.0
fire_01842,a4f1290c-c300-4ddf-a9c0-dcee4938e4eb,Pepper Fire,2024-05-28,36.68768,-119.158199,29.0
fire_01843,367bb551-c370-4dac-9ce5-7ee4999878a5,Dillon Fire,2024-05-28,33.925778,-116.600203,34.0
fire_01844,f1d428ec-c2be-4b9a-bd76-86bfd6193cdc,Clark Fire,2024-05-28,36.501499,-120.389098,35.0
fire_01845,dd4afe59-3fa5-4505-b519-ae21aaf822a0,Mocal Fire,2024-05-28,35.180776,-119.558308,116.0
fire_01846,82b3117e-68c8-4994-99e2-c863fe19f38e,Shirleon Fire,2024-05-28,33.896179,-116.917099,15.0
fire_01847,9090538e-dcd6-451a-9641-fd08a8606707,Watt Fire,2024-05-28,38.728881,-121.392475,19.5
fire_01848,a2d5f248-e4a3-4b3a-8327-83f2ba9b5be4,Mateo Fire,2024-05-29,36.734329,-120.314598,762.0
fire_01849,83e1720b-4a7e-4402-891c-13a834b15d6e,Zediker Fire,2024-05-28,36.617148,-119.520906,35.0
fire_01850,8b16b848-b0c4-4a65-87d7-7222b774a7fe,County Fire,2024-05-29,37.828925,-120.634375,13.0
fire_01851,7f2a842e-30da-4f04-9c47-7abf1847355c,Devil Fire,2024-05-29,35.85008,-119.915199,188.0
fire_01852,b5746d62-f66c-4bc2-a8a9-4b91bce936b2,Bank Fire,2024-05-30,40.089713,-122.398582,12.0
fire_01853,24ea1259-3db7-44bb-9d52-ec12666d7c14,Howard Fire,2024-05-30,33.56557,-116.718429,32.0
fire_01854,e7d90ab8-6031-4178-826e-69bbba7e8866,Great 3 Fire,2024-05-30,32.99611,-116.44756,187.0
fire_01855,20df953f-6209-4537-943d-be4061a6cdef,Canal Fire,2024-05-30,37.081421,-119.962104,827.0
fire_01856,28552125-1000-40d7-b0bd-f1433fe82de4,Hawk Fire,2024-05-30,36.842961,-119.601701,10.0
fire_01857,0262b8b8-a4cd-4dcf-a1e4-ad13c7569a0a,Firebaugh Fire,2024-05-30,36.87565,-120.25511,1300.0
fire_01858,74f2dc61-32ff-4e11-86e5-d19112203bc0,Valley Center Fire,2024-05-28,34.879647,-116.792378,10.0
fire_01859,2cedf02a-5a4b-4a3f-b8e6-bb5f9157c546,Yer1 Fire,2024-05-28,34.88011,-116.815632,10.0
fire_01860,6db79b13-4fbf-4f00-ae3c-f7da5e388a7a,Nby1 Fire,2024-05-28,34.812972,-116.663042,10.0
fire_01861,de3e7a5d-9f8d-4c72-b60a-d40b94ac83c2,Rosamond Fire,2024-05-30,34.72107,-118.25483,124.5
fire_01862,82165e58-8aeb-41a6-9416-8e08ccc11efe,Tesoro Fire,2024-05-31,37.01047,-119.7939,109.0
fire_01863,8f5c5e63-78a9-42d1-a3d9-57ddb6c6a0af,Limonite Fire,2024-05-31,33.975351,-117.505873,18.0
fire_01864,29be5ab1-03bc-46ca-b01b-5de2f4916c29,Red Fire,2024-05-31,35.601284,-118.4733,98.0
fire_01865,46d80e55-328e-4dd7-9563-41c794e34337,Field Fire,2024-05-31,34.9592,-119.698014,201.0
fire_01866,aeaaa127-7246-4a93-b7af-1a705002ada2,Fields Fire,2024-05-31,37.565014,-120.425878,22.0
fire_01867,aa660305-cefc-41ce-8d06-f77dec63a8e3,Ranch Fire,2024-05-31,35.442336,-118.82214,616.0
fire_01868,78c444a4-62f6-4a10-a6c5-82060428386c,Boyd Fire,2024-06-01,36.573169,-119.238103,36.0
fire_01869,6a5bdbfa-a78f-45dc-a3b2-e417abfd9f50,Corral Fire,2024-06-01,37.633908,-121.50259,14168.0
fire_01870,6d453d50-3d81-4ec5-a2b5-9b207a809fe3,Border 53 Fire,2024-06-01,32.577083,-116.806666,300.0
fire_01871,8272c94a-4757-4ee4-9395-69cf62f0d857,Raymond Fire,2024-06-01,36.974519,-120.044449,27.2
fire_01872,a952074a-0d98-4b47-a18e-f3265d778236,Park Fire,2024-06-02,33.790804,-116.927045,13.0
fire_01873,c1f2703e-94b1-4008-8f24-848ce731cf73,West Fire,2024-05-30,34.91,-118.254,1575.0
fire_01874,ef29e2fa-0e3b-4d2b-8a4d-710b4ba0c4b9,Shadow Fire,2024-06-03,35.619008,-118.401334,86.0
fire_01875,6fd967b4-ccbd-46c2-a039-e9d5ab8bf0b2,Patterson Fire,2024-06-03,37.714616,-121.568029,95.0
fire_01876,f9fafd72-6c1a-4a06-864f-dcd4ff15b5b7,Sorrel Fire,2024-06-03,34.68341,-117.118935,40.0
fire_01877,d88897da-5b31-475a-981f-6d8367809aef,Springs Fire,2024-06-04,37.842308,-120.524741,17.0
fire_01878,b56fbb47-fef4-4027-b4dc-fb908dd86088,Russell Fire,2024-06-04,36.916374,-120.657895,25.0
fire_01879,9c71fa25-b34c-44b2-82a9-ba8748df5822,Road Fire,2024-06-04,35.113531,-119.48669,1088.0
fire_01880,8dc8f472-8478-4acd-abcd-53cff119034a,Lotus Fire,2024-06-05,34.013717,-117.403656,30.0
fire_01881,3f7e4057-f059-4878-9da0-7ee294cd77ce,Bitterwater ,2024-06-05,35.37367,-120.094361,331.2
fire_01882,ea843ab2-4115-4cab-9ef7-3a2cb3af9a15,Crystal Fire,2024-06-05,38.55954,-122.494472,60.0
fire_01883,fd38093a-e9db-4603-99f0-e760d7c92e97,Little Fire,2024-06-06,36.777907,-120.729222,34.0
fire_01884,db080174-df55-40f9-b969-6f7c5109ece9,Devil Fire,2024-06-06,35.85594,-119.94084,210.5
fire_01885,687f0b9f-3685-46d1-953b-38540b363b8c,Relay Fire,2024-06-06,33.910994,-116.980503,47.0
fire_01886,5fbf1bfd-1767-4459-a8f7-eee8e83463e8,Gaskell Fire,2024-06-06,34.82333,-118.30848,405.0
fire_01887,e7293335-36b8-4f37-b809-7fc5e0d7b7da,155 Fire,2024-06-06,35.692183,-118.46771,55.0
fire_01888,2154a6a5-efaf-4c1f-a022-f9c9566a1a37,Lost Fire,2024-06-06,35.735279,-119.69294,3197.0
fire_01889,198d519a-12b0-455d-bae4-42f078683a31,Pan Fire,2024-06-07,36.786999,-120.764998,34.0
fire_01890,9ed61dc6-ca25-4cba-a9b5-f39c07a617b8,Albers Fire,2024-06-07,37.904572,-121.765839,22.8
fire_01891,8f3b0140-1a30-4433-a147-e8574581db2c,Garlock Fire,2024-06-07,36.991558,-119.514348,54.0
fire_01892,fa87ab64-243c-4b62-90b7-312c020e656c,Morgan Fire,2024-06-07,33.487833,-117.052745,14.4
fire_01893,591daf80-c234-485c-8d0e-38c9c6049980,Poleline Fire,2024-06-07,36.928296,-120.834941,30.0
fire_01894,6b829633-220c-4833-b6a7-f3bd61c5d97d,Koala Fire,2024-06-07,34.520882,-117.451094,25.0
fire_01895,f0c2d5f8-c9d2-41c6-81b0-9bef9d78b798,Springs Fire,2024-06-07,41.474683,-122.520453,11.0
fire_01896,66cf145e-229a-4100-b7be-7d6514e3d897,Greenville Fire,2024-06-08,37.72154,-121.702293,44.0
fire_01897,4cd301ff-b6a5-4615-b67d-d458beeefd6e,Cody Fire,2024-06-08,35.64995,-119.031458,1260.0
fire_01898,075f245f-4c62-4ff6-b1da-5ed9273da348,Aquaduct 2 Fire,2024-06-08,32.84445,-117.08492,110.0
fire_01899,bcf1cd5e-d4c8-49bb-9635-230e0b1057b5,Rock Fire,2024-06-08,35.774138,-120.772339,50.0
fire_01900,ed47f029-1282-4d6b-b00a-1abdc40418e5,Creek Fire,2024-06-09,35.346667,-118.386667,50.0
fire_01901,32d9aad1-a755-4e28-8697-c593e45472b8,John Fire,2024-06-09,38.00994,-121.91945,55.0
fire_01902,0059b627-3b2c-4f13-865d-246af0e62ee9,Forest Fire,2024-06-09,34.51346,-117.785551,41.1
fire_01903,ce63986b-174f-46e1-9e29-38e7c848783f,Rawson Fire,2024-06-10,40.111484,-122.232365,24.9
fire_01904,add17318-bcac-4a2a-b413-1e225d62812e,Spenceville Fire,2024-06-10,39.133016,-121.309465,23.0
fire_01905,24c4eb8f-5ee7-4fa9-ad87-b3c69d6580cd,Acorn Fire,2024-06-10,38.1179241,-120.79181,15.0
fire_01906,410327d5-b412-4a81-99f5-bd10c9e9c832,Cod Fire,2024-06-10,41.900664,-122.444022,28.0
fire_01907,d4696bb6-7e95-48ee-8573-477aa199a1c2,Flynn Fire,2024-06-11,37.719182,-121.660326,23.0
fire_01908,06a7fc2d-2bf7-4595-8449-04bb3bcc3d5e,Jellys Fire,2024-06-11,40.354308,-122.172379,17.0
fire_01909,ff39bc4c-ad87-412a-b9bd-542cf13e9fb5,Stoddard 3 Fire,2024-06-11,34.72209,-117.16739,472.0
fire_01910,2ee0c53b-1f9a-461e-918d-b8a6dedc1bf3,Carmen Fire,2024-06-11,33.91768,-116.75466,64.3
fire_01911,bb8c7694-46c8-4eb0-8fa0-0c9d4b45664f,Travel Fire,2024-06-11,36.074598,-120.102025,10.0
fire_01912,7860b848-c83b-4f45-9359-91836fc1d8c8,Lincoln Fire,2024-06-11,34.65729,-118.09927,17.0
fire_01913,408d5919-b681-4480-8fcb-634bd50494fe,Hinkley Fire,2024-06-11,34.89273,-117.188996,126.0
fire_01914,c0a1383e-6793-4916-a4a9-9c338ca92638,Oil Fire,2024-06-11,35.506667,-119.071667,214.0
fire_01915,4009f1e2-b3ff-407e-9aa1-a211930e6bff,Bear Fire,2024-06-12,35.293114,-119.953932,1404.0
fire_01916,deb14d04-54d8-498d-8f44-7e318d1a194f,Grant Fire,2024-06-12,38.59179,-121.17954,119.0
fire_01917,1e0cde32-bc40-4d78-a9cd-052f304f1103,Llano Fire,2024-06-12,34.498542,-117.686469,30.0
fire_01918,578b4cc5-a0b3-4d99-b06e-69ffc53a6220,Johnson Fire,2024-06-13,38.177683,-121.033739,19.5
fire_01919,cf71f1c1-3a96-4bc9-bb51-fe036b5c17c5,Peterson Fire,2024-06-13,39.879737,-120.028888,21.9
fire_01920,e493c4b8-5848-4f01-ac3a-d577c393eb12,5 Fire,2024-06-14,35.50256,-119.53449,30.0
fire_01921,03232795-7d5f-4998-b04b-98628cdb40db,Felipe Fire,2024-06-15,37.28197,-121.73844,19.1
fire_01922,c93f7495-a345-4416-80b1-fb91996fa7dd,Post Fire,2024-06-15,34.79208,-118.8521,15563.1
fire_01923,2e93fb95-8e13-4724-b358-ca3824e4a6ca,Junes Fire,2024-06-15,39.369439,-121.518592,1056.0
fire_01924,99234b51-ab68-4aac-978c-af52b5a2f575,Hernandez Fire,2024-06-15,36.400976,-120.986676,642.0
fire_01925,e25bfa39-b7c2-418a-9dd1-af0fa6677fab,Rocky Fire,2024-06-15,39.548761,-121.355159,17.7
fire_01926,b82bba9f-0d5e-44a4-9547-190c7b147ebc,Sioux Fire,2024-06-15,37.207647,-119.673538,15.0
fire_01927,520a9130-6e98-4f88-b654-0e77e33edb04,West Fire,2024-06-15,34.73279,-118.29017,300.0
fire_01928,d110b1b2-327e-43e9-9c26-d49a1fbcbf15,Hesperia Fire,2024-06-15,34.30769,-117.28811,1078.0
fire_01929,2aad2b91-45f7-42b9-8299-1cdf3aacf1c2,Excelsior Fire,2024-06-16,38.52658,-121.28408,877.0
fire_01930,38faf6b6-365c-45f8-9e45-a6d121a4178b,Lisa Fire,2024-06-16,33.943389,-117.06443,890.0
fire_01931,8cc1df77-db00-4f1e-a167-66941973a5b9,Point Fire,2024-06-16,38.705475,-123.012253,1207.0
fire_01932,b1c20387-c024-40d6-bb7d-ed46655c4222,Inkopah 5 Fire,2024-06-16,32.655183,-116.099983,30.0
fire_01933,e4775796-95cc-45ef-b47a-f07c84169590,Summit Fire,2024-06-16,34.369667,-117.335667,12.5
fire_01934,df73d9d0-1193-462a-836b-baca046bd399,Elgin Fire,2024-06-16,37.097775,-120.635371,86.0
fire_01935,b20598f6-8122-4d4f-bb49-1d9657b48916,Max Fire,2024-06-16,34.67529,-118.27108,516.0
fire_01936,cba02f77-7fd1-4870-b4b4-e25a1d30cfe8,Hidden Fire,2024-06-16,40.72052,-122.23967,45.0
fire_01937,b1345511-654e-48c2-a117-7c5c3322567e,62 Fire,2024-06-16,33.984079,-116.583039,12.8
fire_01938,2a44c40f-2777-488e-8830-bdb0c668b0b8,Tuscany Fire,2024-06-17,33.847642,-116.569117,126.0
fire_01939,4cc240db-5c8a-4833-a4c6-8757772a858f,Slough Fire,2024-06-17,36.996139,-120.383187,33.0
fire_01940,a172c94e-6352-456e-b2fd-424844667ec2,Railroad Fire,2024-06-17,37.010829,-120.056215,13.0
fire_01941,311ac02a-61aa-4a29-980a-998ce071f438,Sites Fire,2024-06-17,39.31646,-122.46934,19195.0
fire_01942,9f426988-5213-4e2c-931f-52517cb4d3e1,Stage Fire,2024-06-17,35.942249,-118.946399,81.2
fire_01943,84856109-00eb-410f-b86e-908b8788fbfb,Coast Fire,2024-06-17,36.311477,-121.855352,15.0
fire_01944,4c10216b-5a51-4a3d-ae55-700d44bd2bee,Douglas Fire,2024-06-17,38.54166,-121.24438,400.0
fire_01945,ea7c5069-2636-470b-bfba-5aa621fb8a98,Aero Fire,2024-06-17,38.031684,-120.684174,5351.0
fire_01946,a53fc171-b27f-4475-8968-4789becbf807,Ingomar Fire,2024-06-17,37.15858,-120.968478,12.0
fire_01947,120b981a-e8e9-45a9-aeee-f1f0d1aa2aaf,Spring Fire,2024-06-18,37.843349,-120.50804,51.3
fire_01948,cd7aebca-2b90-4953-a108-2a0cab35a196,Sky Fire,2024-06-19,35.32752,-119.462711,528.0
fire_01949,2d437393-53dd-43c7-93db-5822d65372b8,Scotts Fire,2024-06-19,39.118221,-122.984408,38.0
fire_01950,cd369e40-e1c3-48be-8ef4-4561980bd9b1,Daytona Fire,2024-06-19,35.382,-118.878444,123.0
fire_01951,5892dc0c-3c9e-481e-8be1-580a1f9c8bdc,Vista Fire,2024-06-19,36.960029,-120.653749,25.0
fire_01952,965204c6-995d-41ef-9df8-6e1ffa3f1538,Side Fire,2024-06-19,36.016118,-118.828001,137.0
fire_01953,ccba94f4-0300-45e6-9f9c-247ad68ef603,Kirk Fire,2024-06-20,38.220139,-122.234173,20.0
fire_01954,d379549a-4026-49d4-81f7-12eee7c3134c,Double Fire,2024-06-20,39.458459,-121.303342,12.5
fire_01955,f7853da2-4ea7-4d3d-8dcd-a032f1e68275,Pfe Fire,2024-06-20,38.728881,-121.392475,15.0
fire_01956,61fcca17-72ce-4d55-ab63-b476f513d46b,Basalt Fire,2024-06-21,37.060845,-121.057483,58.0
fire_01957,c393bae6-7c2f-49e0-8d83-e1bb77d887d7,Gulch Fire,2024-06-21,37.313117,-119.791537,11.0
fire_01958,bc72883a-cba7-40df-9188-54c801003b3b,Water Fire,2024-06-21,35.60366,-119.96709,543.0
fire_01959,dc7cec75-1f29-498e-9139-01644df3b418,Jolon Fire,2024-06-21,35.87405,-120.835545,10.2
fire_01960,3c562f83-c547-4567-a729-9cf73cdf83c4,Willow Fire,2024-06-22,37.154953,-119.91267,213.0
fire_01961,0aa93bff-3d1e-43af-9958-fa526cd40c31,Border 58 Fire,2024-06-22,32.58748,-116.894511,137.0
fire_01962,912ab9e0-9c07-47c9-8c02-c140d91722ee,Watts Fire,2024-06-22,36.91237,-119.419517,90.0
fire_01963,ad646835-4be4-466a-967e-7c6382f04bf6,Needles Fire,2024-06-22,34.85092,-114.61131,70.0
fire_01964,ba97837b-0723-465c-8782-4b5168dcbe94,Valley Fire,2024-06-22,36.274399,-119.090599,2.0
fire_01965,7dcfb7b4-7b93-4338-8969-ba1041ab9986,Oak Fire,2024-06-23,33.653953,-116.927015,13.3
fire_01966,112e618e-f612-405b-8908-5df603790f77,10th Fire,2024-06-24,34.974609,-118.137537,133.0
fire_01967,1d36aec9-c1bd-4049-a40b-096c6b7dc0b7,Serrano Fire,2024-06-24,33.89433,-117.55522,11.5
fire_01968,ef627541-e8c5-410d-80b4-d6216e4bbbcb,Muscat Fire,2024-06-24,36.68179,-119.35579,142.0
fire_01969,972ad75a-fadc-4018-945d-6f5e8b10db6b,White Fire,2024-06-24,37.42087,-120.00789,52.0
fire_01970,f2432688-2a7d-4030-b3be-94991c782cf5,Willms Fire,2024-06-24,37.814796,-120.656478,12.0
fire_01971,ce429295-7bae-4567-b520-77c78773ece3,Amoruso Fire,2024-06-24,38.82437,-121.3909,502.0
fire_01972,bda3e0c7-b52b-43ca-9459-54fc1a490bc5,1-2 Fire,2024-06-24,38.029246,-120.956888,215.0
fire_01973,31a75af9-c850-423f-9a3e-2d8be2bb5f07,Apache Fire,2024-06-24,39.418598,-121.482631,691.0
fire_01974,dbcdf92c-2be1-4f61-afa7-e0eae6cec5c3,Bear Fire,2024-06-24,37.557104,-120.171776,19.0
fire_01975,f4e5e8d4-2398-42c4-ac64-42750dca4e7f,Lavender Fire,2024-06-25,35.61181,-119.956633,110.0
fire_01976,26f3518d-8978-4220-b98b-42d51c89ef02,Preston Fire,2024-06-25,38.845861,-123.019703,11.0
fire_01977,220ed40b-e932-487d-a206-fa99fb194849,Fresno June Lightning Complex,2024-06-24,36.78113,-119.345863,10616.0
fire_01978,5da0884b-54c9-453c-9e71-54faa8ec0993,Anchor Fire,2024-06-25,36.631882,-119.3226,12.0
fire_01979,15fecb82-73d1-4cde-b30b-ce5e14cb8cab,Round Fire,2024-06-25,35.48989,-118.93111,93.0
fire_01980,3ad0f5ed-bb4e-4289-bce3-72a1a843ecb9,Crabtree Fire,2024-06-25,37.732422,-120.596351,53.9
fire_01981,99c744c7-b28d-48d4-a5ce-55fc82f942d4,Pass Fire,2024-06-26,37.744764,-121.596245,20.0
fire_01982,9226f0ee-ae1d-4ca7-8a21-9390b6215c85,Basin Fire,2024-06-26,36.868064,-119.110336,14023.0
fire_01983,9013c77d-b3dc-48c2-8169-5be382acd2e5,Columbia Fire,2024-06-26,34.72313,-118.325308,388.0
fire_01984,fd62ec6c-4c45-4f1e-a6ca-243c424490cd,Clear Fire,2024-06-26,41.884414,-121.239191,890.0
fire_01985,57c216a3-72ab-4647-970a-163b1267b33a,Empire,2024-06-26,37.933129,-121.777999,250.0
fire_01986,367eee05-f2fb-41ba-ac19-4a4f2a7784e2,Hollow Fire,2024-06-27,37.672148,-121.457333,210.0
fire_01987,aeec4240-3b0f-44b8-b8be-21da8e9b5acb,Veterans Fire,2024-06-27,40.477613,-122.544406,85.0
fire_01988,68755884-e4c5-4564-830e-94df1e45f9bf,Bar Fire ,2024-06-27,39.5281902,-121.533535,36.0
fire_01989,26de0e6c-5714-427c-a66b-d82d425f3842,Pizona Fire,2024-06-26,38.000167,-118.49,2160.0
fire_01990,18a08d2e-68bf-46af-84eb-40cdb3e20e87,Spring Fire,2024-06-28,40.402809,-121.994709,99.5
fire_01991,b12d1a65-9cf4-4706-af93-bed155dedb27,Lime Fire,2024-06-28,38.197384,-120.80076,27.0
fire_01992,4d1eb95c-6e27-4af4-9133-d053b8310cbd,Sheering Fire,2024-06-24,38.163167,-119.985167,528.0
fire_01993,c65eb4f5-33c6-4472-90e9-d286270fad66,Adobe Fire,2024-06-28,37.422757,-121.36663,41.0
fire_01994,0df347a3-2aa0-463d-bb06-2ecc2f5275c6,Cotton Fire,2024-06-28,35.782724,-120.202099,202.0
fire_01995,b626b2e7-7816-4152-9515-c8db804022ff,Frazier Fire,2024-06-28,37.06783,-119.50857,10.8
fire_01996,d6fdb527-4cdb-47c0-8c60-58bb42dd31e1,Lonoak Fire,2024-06-28,36.21923,-121.08223,255.0
fire_01997,e9b91c35-173f-4e81-a03a-cd63fac47e5e,Round Fire,2024-06-29,33.94343,-117.061943,344.0
fire_01998,537d9c10-45f0-4cef-b936-580e9f08775c,Mines Fire,2024-06-29,37.520283,-121.5458,5.0
fire_01999,86c8ff02-a1bd-4de9-80d6-a6cfefa224eb,Creek Fire,2024-06-29,38.895723,-120.930485,16.0
fire_02000,f64533e4-f034-4660-a6fa-31a36d5616e0,El Paso Fire,2024-06-29,35.486517,-117.74823,471.0
fire_02001,1a69fba3-9511-4978-b8ec-3392d6a64973,Indigo Fire,2024-06-30,34.45733,-118.64093,21.6
fire_02002,ca49af04-92e9-4e98-809a-8607939a4c2d,Sierra Fire ,2024-06-30,34.04119,-117.43441,400.0
fire_02003,3b60ebfe-2fd6-4f0d-9a88-22d1e0c0941a,Brentwood Fire,2024-06-30,35.279739,-119.95363,29.8
fire_02004,ca854fbb-92a1-4142-8155-4efd9c0f3906,Canyon Fire,2024-06-30,37.438803,-121.335653,80.0
fire_02005,60babd50-9806-43f4-abed-d2718bd70f7f,Kitchen Fire,2024-07-01,32.717444,-116.47191,43.1
fire_02006,99f2e9d4-f771-40d4-8eb2-d56ab49ef211,Kern Fire,2024-07-01,35.434012,-117.977028,15.0
fire_02007,b0bd7da9-58b2-405b-ab35-bfd931bf4a78,Mccain Fire,2024-07-01,32.660837,-116.231794,1595.0
fire_02008,4a98e8c8-7580-4a5f-b15d-4f7190db358e,Sunrise Fire,2024-07-01,34.432003,-117.834801,35.3
fire_02009,5bc3c8c8-d881-4455-8a7d-93811e70b0d9,High Desert Fire,2024-07-01,40.408993,-120.52602,10.0
fire_02010,a0512940-e935-452a-b4a1-bf8e6fbee93a,Toll Fire,2024-07-02,38.63744,-122.585297,41.0
fire_02011,dd88859f-53c8-41f4-b697-5e7623f8eeae,Thompson Fire,2024-07-02,39.53793,-121.5467,3789.0
fire_02012,2bce08e5-efea-409f-a8c6-bc8f9254432e,Yolla Fire,2024-07-02,40.386141,-122.760479,19.3
fire_02013,40dd06ef-4937-4646-8950-849397eba75f,Denverton Fire,2024-07-02,38.242509,-121.91466,25.0
fire_02014,4190d31c-2571-40cc-9f84-bbc320ff9b62,Border 60 Fire,2024-07-02,32.582559,-116.616755,22.5
fire_02015,ef4e05b7-9ca7-42a0-afbc-2c98accaf08c,Airline Fire,2024-07-02,36.65921,-121.22114,1295.0
fire_02016,b5803b5d-30ac-4638-8be4-b29eb4386d6d,Moccasin Fire,2024-07-02,38.63826,-120.774929,51.0
fire_02017,f56284c7-82cf-4384-a344-61e133842dcc,Bowman Fire,2024-07-02,35.608374,-117.899544,13.0
fire_02018,073a621b-0e81-4a52-9332-1b32a9400d21,Luken Fire,2024-07-02,33.79682,-117.264072,18.0
fire_02019,475bb3e7-2ff7-45dc-8a88-ad819f7c6d7e,Power Fire,2024-07-02,35.470889,-118.750959,200.0
fire_02020,6aa086da-4175-4eec-88a4-563e410f55a0,Sharp Fire,2024-07-03,34.294625,-118.742209,133.0
fire_02021,5a0d9121-cb79-420a-bc1b-e0a897674944,Olive Fire,2024-07-03,35.612809,-119.9569496,1310.0
fire_02022,2e65fe33-1053-4be1-8025-ea4116b7b60b,Berry Fire,2024-07-03,35.633333,-118.816667,59.8
fire_02023,798bb0b3-8d70-4d9c-a0b6-094c9013a4da,Shelly Fire,2024-07-03,41.465297,-123.057551,15520.0
fire_02024,3400d0b8-e3e2-40a1-928b-47e56e243937,Orchard Fire,2024-07-03,35.10995,-118.3970832,831.0
fire_02025,697597c5-38dd-4db4-8f1a-e9d53c56b2e5,Adams Fire,2024-07-03,38.91033,-122.607362,16.0
fire_02026,4d60a968-e916-483c-89b8-ae7991b191a2,Watt Fire,2024-07-03,38.736113,-121.392532,22.9
fire_02027,da951cd4-b460-4d36-a4c7-f914f12ac31f,Olinda Fire,2024-07-03,40.439362,-122.415486,98.0
fire_02028,4130ec76-340c-450d-996e-c4e2c71a2365,Little Fire,2024-07-03,36.786172,-120.757128,11.0
fire_02029,cfed11d4-8e8e-4d81-b373-f96c756ee12f,Grubbs Fire,2024-07-03,39.43511,-121.507399,10.0
fire_02030,2a21f77a-0db4-4cd9-b1a6-3af4ead89e8d,Slough Fire,2024-07-03,38.493205,-121.161253,11.0
fire_02031,4a8ced50-3e3d-412e-87cf-37ee5045ddeb,Adrian Fire,2024-07-03,34.573279,-118.1935,80.0
fire_02032,263df749-7279-4200-9c93-b36eb00526c7,Grande Fire,2024-07-04,37.46973,-121.23728,323.0
fire_02033,22d0590d-60a8-488c-9ca9-605e686473a5,Sotelo Fire,2024-07-04,33.72325,-117.23049,17.0
fire_02034,b60b3089-a801-462b-a3de-3ded5f8c72ea,Deer Fire,2024-07-04,40.2003,-122.30328,31.9
fire_02035,289f036a-eb92-4ae2-9d1a-0356a259dfda,Highway Fire ,2024-07-04,35.25322,-119.2071,75.0
fire_02036,12b846f3-b12a-477c-acb0-14a93a94412e,Meiss Fire,2024-07-04,38.483838,-121.074404,17.8
fire_02037,a96e7558-807f-481e-a8c5-ddadc9829be7,French Fire,2024-07-04,37.50959,-119.9771,908.0
fire_02038,bb10e33a-6f40-44f4-875b-1f87694e87a7,Nason Fire,2024-07-04,33.928252,-117.191529,65.0
fire_02039,86cbe59b-509f-4d16-bd7b-ac29e1145084,Sonora Fire ,2024-07-04,34.50711,-117.5124,5.0
fire_02040,94cb3aa5-ae82-4b57-8b25-b59309da9f23,Lumpkin Fire,2024-07-04,39.54992,-121.35037,7.5
fire_02041,3dddbc43-507f-4b3f-ace9-14342e2ea5af,Rd 18.75 / Ave 24 Fire,2024-07-04,37.09824,-120.206748,10.0
fire_02042,e829b726-f797-435e-85d5-fd2b4fa5b2cd,Storey Fire,2024-07-04,36.974414,-120.032252,10.0
fire_02043,c850a914-f9f2-4e3f-9605-45c3c871ac93,Paloma Fire,2024-07-05,37.396908,-120.460411,14.4
fire_02044,81fa266f-2ad8-4826-a316-faf872deae23,Dersch Fire,2024-07-05,40.494374,-122.04948,57.0
fire_02045,2a35910f-6546-4f86-9314-846774ae7776,Hills Fire,2024-07-05,33.757944,-117.113903,71.0
fire_02046,bd450df3-28c4-497b-aa53-6bb4cf72c9ca,York Fire,2024-07-05,35.82553,-120.05765,60.0
fire_02047,bc6db02b-254b-4857-9bd9-2ec52580960e,Lake Fire,2024-07-05,34.785,-120.044833,38664.0
fire_02048,a34d2d90-9bc3-4d2c-bf8f-66b01d3792c3,Plenty Fire,2024-07-05,34.4792756,-118.506107,77.0
fire_02049,1fee6b10-8868-412b-973d-9af87fd96c06,Rancho Fire,2024-07-05,34.173631,-118.853661,13.6
fire_02050,2b097232-3f87-4cf3-85de-169a64cddc14,Vestal Fire,2024-07-05,40.200879,-122.539089,19.1
fire_02051,5c70cc79-8ef5-4306-97fa-74093ab5bd89,Pocket Fire,2024-07-06,38.742834,-122.907373,11.0
fire_02052,e99e51fc-7eb4-40eb-82a0-22bc6989543f,Pay Fire,2024-07-06,38.7231,-120.7549,77.0
fire_02053,b7ae358d-2766-4f99-a677-f231fae07dd8,Cahuilla Fire,2024-07-06,34.5444065,-117.131163,75.0
fire_02054,7701bdad-0622-432c-a822-1d6bf6de8c2d,Lucern Fire,2024-07-06,34.45196,-117.03341,419.0
fire_02055,4377f847-6f0f-470b-8319-4cafd43eb902,Top Fire,2024-07-06,33.964275,-117.3048,48.5
fire_02056,47d84716-507a-4630-af90-8ecdf542bc9d,Granite Fire,2024-07-06,37.7133123,-120.325444,55.0
fire_02057,59096d89-7195-4b37-b4cc-6d02ab922848,View Fire,2024-07-06,34.19518,-118.90918,14.2
fire_02058,c709ed98-7c0b-4b1f-880b-ca435696b8fa,Blue Water Fire,2024-07-06,34.169517,-114.276308,150.0
fire_02059,3a6eccd0-40fa-4d68-97fa-e38f93f0458c,Vista Fire,2024-07-07,34.292101,-117.606101,2936.0
fire_02060,ac4229e1-c4aa-498e-b407-4c19021a5cee,Post Fire,2024-07-07,33.788907,-117.293584,11.0
fire_02061,f2edef16-123c-47df-8cfb-5822aaa4e6eb,North Fire,2024-07-07,41.256864,-120.503588,4685.0
fire_02062,fb03fcdb-e84c-4edd-8457-126b805119f2,Royal Fire,2024-07-07,39.2393,-120.4168,215.0
fire_02063,f500704e-ed06-4a63-8ac4-55dc34c688d2,Hilldale Fire,2024-07-07,37.081199,-120.998125,10.4
fire_02064,14837591-2b5d-43c0-bfa9-48d9ed8da226,Tesla Fire,2024-07-08,37.66504,-121.696665,27.0
fire_02065,f030fe29-09cc-4912-91ce-4c47048f6fb4,Sand Fire,2024-07-08,36.640352,-119.242623,31.0
fire_02066,d08b8b6b-585b-40c2-9b40-99ec5adf5513,Mina Fire,2024-07-08,39.970543,-123.38746,98.0
fire_02067,1d2f4147-5768-4f7a-b777-42f72c9d75b4,Bogus Fire,2024-07-08,41.884429,-122.392257,411.0
fire_02068,50cb3627-a575-44c7-b740-498a14c33a1f,Franklin Fire,2024-07-08,35.591462,-120.645939,53.0
fire_02069,6436e8b1-ccaf-427b-87f1-25334be1ab1a,Caliente Fire,2024-07-08,35.273067,-118.651434,60.0
fire_02070,704f4c46-c67f-4cd6-ad76-1bb893764f0e,Cow 2 Fire,2024-07-09,36.026333,-118.801528,509.0
fire_02071,8887929d-bf06-47d5-aa8b-c592cbe60134,Teresa Fire,2024-07-09,37.201128,-121.736403,20.0
fire_02072,16fd6b9b-95dd-4fac-a4bb-43af69c55401,Todd Fire,2024-07-09,34.7192091,-118.023431,35.0
fire_02073,24a84ad7-76f0-4880-94d6-15afe21ba92c,Panoche Fire,2024-07-09,36.6067,-120.8765,93.0
fire_02074,45612673-c1eb-4b45-823c-58ac4cd9bf04,Woodland Fire,2024-07-10,34.60698,-118.3211,20.3
fire_02075,095a04be-5c4f-46bc-a26d-afee87fe3013,Poppy Fire,2024-07-10,34.43725,-118.3404,87.0
fire_02076,fdb9b539-dbfe-4112-98b3-ce893d831e9e,Point Fire,2024-07-10,40.11416,-123.7729,85.0
fire_02077,c9814313-be52-4d48-a846-266c8b156c38,Breckenridge Fire,2024-07-09,34.400099,-118.783698,277.0
fire_02078,7c1116af-a5e8-4a35-95b6-6f46dddb7f7b,Ranch Fire,2024-07-10,39.803617,-120.03505,20.8
fire_02079,e7249ade-ad19-4caa-a763-a2181e9658f8,Railbridge Fire,2024-07-11,39.40436,-121.49395,130.0
fire_02080,56f348d1-578a-4495-afa9-045eb8d3181b,Carrizo 5 Fire,2024-07-11,32.636552,-116.165773,10.0
fire_02081,2987a61b-04b5-46f7-9d10-a44a98f2c906,Bluff Fire,2024-07-12,33.95319,-116.87638,50.0
fire_02082,1b0ccbca-742f-4831-a196-476252eaf7c1,Ranch Fire,2024-07-12,35.9001968,-120.433304,29.2
fire_02083,adb3cd9f-c3bb-45c6-8ee7-7de9728408fb,Athens Fire,2024-07-12,38.8364594,-121.332377,260.3
fire_02084,6ba3ef43-a6ad-486d-8df8-ec24dfdcbfff,Pauba Fire,2024-07-12,33.485557,-117.02173,101.0
fire_02085,60b87395-037e-4e90-be9d-00f555a2bf2b,Indiana Fire,2024-07-12,37.112938,-120.595644,20.0
fire_02086,b1e1dde9-05f4-46c8-b539-dccd6d54dbe5,Pilot Fire,2024-07-12,35.2928626,-119.242617,50.0
fire_02087,5d90917c-38cf-4ea9-86d6-e3a1d2728b0a,Hurricane Fire,2024-07-13,35.199333,-119.695667,12703.0
fire_02088,597e7925-6013-4b71-a67a-ddaeec31b92a,Soda Fire,2024-07-13,35.009077,-119.531779,161.0
fire_02089,277af290-74fa-4b77-9f74-58b232a4f098,White Fire,2024-07-13,34.963024,-118.533425,5563.0
fire_02090,bddf75c9-e5b6-4b7c-af80-a9f1dd57963b,2024 SQF Lightning Complex,2024-07-13,35.986772,-118.311422,33026.0
fire_02091,5c4423ff-da1b-4b58-a72b-1fbeb4522da9,Minor Fire,2024-07-13,34.67478,-118.253976,50.0
fire_02092,6092d73f-828a-4218-b723-0449fb456861,Rancho Fire,2024-07-13,35.10343,-118.746636,9950.0
fire_02093,61215509-76e2-409a-b3df-71cb588e3387,Packsaddle Fire,2024-07-13,35.9273945,-118.429923,47.0
fire_02094,5f6960bc-d915-41c0-8cf0-0a3b7f0af755,Horse Fire (Previously 3-7),2024-07-13,40.9067636,-121.179979,42.0
fire_02095,0c244aa0-4712-4a7c-93d6-42607825a950,Rim Fire,2024-07-13,40.90368,-121.160755,1262.0
fire_02096,8ff00a3e-f9a6-4c09-8aa0-5549f351312f,Quality Fire,2024-07-13,36.576457,-118.057587,51.0
fire_02097,085e88f6-33b7-4aef-adea-cda9dc7ef7f4,Mcnab Fire,2024-07-14,39.041985,-123.15297,10.0
fire_02098,e336a3ee-7318-4439-bb9d-b23f325782e8,Solar Fire,2024-07-14,35.856649,-120.278024,11.0
fire_02099,52f6d338-b396-418c-bff2-17c8ba9412fb,Laura Fire,2024-07-14,35.56702,-118.40739,77.3
fire_02100,8a0cf23b-e02c-476b-83e4-11bafd022142,Dewey Fire,2024-07-14,41.765149,-122.353169,109.0
fire_02101,cb115973-a1bd-4023-8445-3566116629e7,Pickett Fire,2024-07-14,40.3464,-123.362,22.0
fire_02102,60b0ba42-478d-4089-8a27-43b33accb9ed,Lost Hills Fire,2024-07-14,35.636093,-119.669093,4032.0
fire_02103,170e3b34-380c-4293-9b3e-d1bdd1763e6f,Holloway Fire,2024-07-14,35.6453,-119.76107,10.0
fire_02104,89fb8816-bcd5-48ef-8ecb-7d762731225e,Paradise Fire,2024-07-15,41.787938,-122.516407,101.0
fire_02105,d226687e-93d2-48ad-a17a-acbee0ac4efc,5 Fire,2024-07-15,35.784624,-119.779871,348.0
fire_02106,92340f74-78cc-4fe6-960b-eac31e21340c,Point Fire,2024-07-15,41.7975,-121.369,298.0
fire_02107,c9806a95-09ca-4b22-97ae-a9f822608e6d,San Joaquin Fire,2024-07-15,38.979194,-122.684661,8.43
fire_02108,915d22c2-22e8-4720-a486-196e23f31150,Hill Fire,2024-07-15,40.7721611,-123.63975,7224.0
fire_02109,f27ffd72-b167-4212-a4f9-a8f8099469e0,Willow Fire,2024-07-16,34.92221,-118.257558,174.6
fire_02110,d3a9b57f-dc1c-4640-ab42-727b3960b241,Sentinel Fire,2024-07-14,36.759833,-118.663333,258.0
fire_02111,2fedc823-b47c-4edb-8993-600bf99e2122,Sloane Fire,2024-07-17,32.773489,-116.803223,14.0
fire_02112,b952f0cd-8fc8-4877-bf93-a45d80474372,Ducor 2 Fire,2024-07-18,35.96289,-119.0507,142.0
fire_02113,dcfb3ac9-baa3-486e-885f-d15bf6e27afc,Tire Fire,2024-07-18,36.29538,-120.267799,16.0
fire_02114,888e269f-348c-47ce-8ed6-d95267d1dd9b,Dorado Fire,2024-07-18,36.29802,-120.211458,43.0
fire_02115,f6ef4321-1db2-479e-a658-09174fb579cd,Panoche Fire,2024-07-19,36.606754,-120.876583,37.0
fire_02116,fd9d5a58-d9d5-4904-90d0-0d85f3d6231e,Liberty Fire,2024-07-19,38.2391935,-121.0869519,104.1
fire_02117,d24167a5-911d-433a-a1ba-cef5dca6aeb0,Deer Fire,2024-07-19,34.5938959,-118.063529,272.0
fire_02118,73ee0e93-b35e-43a0-9475-8a45aacbae1c,Abbey Fire,2024-07-19,34.083439,-117.139626,10.0
fire_02119,d3a2cf16-c3b9-499d-a6c7-4b8875998bb9,Fork Fire,2024-07-19,34.239686,-117.76113,301.0
fire_02120,edcab1ce-ee89-4005-b636-4ec33a32bd3f,La Tuna Fire,2024-07-19,34.23514,-118.30239,43.0
fire_02121,903c80ce-5474-4a5a-95f9-e5862b2856f1,Lehi Fire,2024-07-19,38.8807773,-121.156605,9.0
fire_02122,e02d609f-2db6-42a9-b929-368c1ffe018c,Lookout Fire,2024-07-19,37.3137,-119.6859,11.0
fire_02123,01c86c23-8d70-4c4e-9775-1ca094dfbbc7,Ridge Fire,2024-07-20,39.0329124,-122.457217,2756.0
fire_02124,dec6ffd5-3d2f-4357-9711-dab662722c58,Tin Fire,2024-07-20,33.847742,-117.461546,125.0
fire_02125,008caaaa-8cea-4fb6-97a7-4cb95d750f0d,Rios Fire,2024-07-20,39.635533,-123.344954,6.4
fire_02126,59ae65d6-def2-4848-8cad-5ebec969cc16,Coyote Fire,2024-07-20,38.031044,-120.852597,203.0
fire_02127,ba712fe1-2523-473e-80ff-9bfbfdfa39dd,Peach Fire,2024-07-20,36.1933173,-120.777302,80.0
fire_02128,56cc02b3-4dfb-4509-b3d2-c5bdb7481abd,Eagle Fire,2024-07-21,33.824352,-117.502905,1609.0
fire_02129,130dd62c-2276-4356-9524-562236bfaff8,Hawarden Fire,2024-07-21,33.9278521,-117.3727011,588.0
fire_02130,ff69211f-e39d-4974-8396-c50a46821bb5,Canyon Fire,2024-07-21,37.47012,-121.24303,15.0
fire_02131,88190b2c-eb3e-4293-9a01-a18df2517dae,Wasioja Fire,2024-07-21,34.9842984,-119.782853,70.0
fire_02132,04939a1e-e735-4c6f-8148-4ca8a58e263c,Columbia Fire,2024-07-22,33.999524,-117.32122,57.7
fire_02133,683af4f3-37ca-4c1d-81f3-5348ffbfee2c,Tar Fire,2024-07-22,35.960403,-120.154889,32.0
fire_02134,8ef9f3d7-125c-42a3-8654-f11eacb30b9d,Gold Complex,2024-07-22,39.726014,-120.535158,3007.0
fire_02135,e3b62ab2-1900-45e2-a3c9-bbe45d96379a,Pencil Fire,2024-07-22,41.80078,-120.519727,396.0
fire_02136,55bd9617-c8cc-4062-b75b-8ed05328605d,Juniper Fire,2024-07-22,33.757839,-117.112942,15.0
fire_02137,5002319c-73be-49c6-bd3e-ee8a2275b437,Maria Fire,2024-07-23,38.2856696,-120.656662,71.0
fire_02138,1fb7abf0-6d39-4453-8507-4ba02c7489b3,Border 63 Fire,2024-07-23,32.59738,-116.568589,12.0
fire_02139,07237a37-5e0e-44f9-9255-7442bd596f77,Circle Fire,2024-07-23,37.152487,-119.65963,49.0
fire_02140,4f825f9d-08d2-4ad6-87fd-d5152ad6b4ce,Metz Fire,2024-07-23,36.3404047,-121.199629,1100.0
fire_02141,f7ed042a-a219-44ef-b856-a6ec000fc194,Oakdale Fire,2024-07-23,37.430142,-120.541611,96.0
fire_02142,852ed4e7-2505-41dc-9070-a71a0dce290a,Cow Camp Fire,2024-07-23,38.300167,-119.074167,292.0
fire_02143,46a2ab3e-8d76-4f30-8453-248c47b99624,Harry Fire,2024-07-23,41.673939,-122.369802,10.0
fire_02144,6c0ae648-b287-4a3f-9c12-2c5f26494e86,Beaver Fire,2024-07-23,36.362544,-120.802733,19.0
fire_02145,d524998a-1423-4088-a562-b5b511b6457b,Acres Fire,2024-07-23,37.081853,-120.074549,10.0
fire_02146,e35176e8-fbe8-451a-ba16-3bdddb7b83e0,Grove 2 Fire,2024-07-24,33.409448,-116.741601,863.0
fire_02147,da3ce6fb-d828-4f22-bff2-ca124a86db5b,Bullion Fire,2024-07-24,37.51019,-120.046081,50.0
fire_02148,b15dcd50-3ff0-4910-b004-2f6842ebc8fa,Scales Fire,2024-07-24,40.356228,-122.283667,59.0
fire_02149,d9a0045f-b30c-490b-b181-5be460544947,Park Fire,2024-07-24,39.7789,-121.76168,429603.0
fire_02150,55424dca-0bf0-48c6-a7d3-e892b8e7fafe,Horse Fire,2024-07-24,41.742143,-121.304529,13.0
fire_02151,763e1a5b-4887-40e0-8289-1b5deb8feb10,R-6 Fire,2024-07-23,40.914833,-120.0485,26.4
fire_02152,a40b4b2d-54ea-4aa7-8fa0-528c91bc8424,Flora Fire,2024-07-24,38.590922,-122.768983,36.0
fire_02153,c1545163-959e-4258-848c-3ffde697345a,Pentz Fire,2024-07-24,39.638817,-121.680996,40.0
fire_02154,20850293-7c71-4c60-8a88-678e79a05c7c,Hatchett Fire,2024-07-25,35.99271,-118.934596,18.5
fire_02155,c6511dca-4499-4bd1-9699-d7ae0ab5a588,Acorn Fire,2024-07-25,39.140133,-122.87667,151.0
fire_02156,1542dc82-a61e-40fe-b01b-33dc2dc26773,Lawton Fire,2024-07-25,34.042687,-117.26745,17.0
fire_02157,0b9dcedc-4ba1-41d3-bd28-e3f794253336,Macy Fire,2024-07-25,33.656742,-117.383235,145.0
fire_02158,2e22d229-d659-4405-ba5b-6218fa1d8e57,Flynn Fire,2024-07-25,37.724532,-121.69605,429.0
fire_02159,dd43c38f-a57b-496f-a935-d4b2c2cee574,Victoria Fire,2024-07-26,34.50523,-118.245656,10.0
fire_02160,87afc01a-76e9-4e5a-84d0-1b4aa0ee6808,Lammers Fire,2024-07-26,37.7146,-121.4764,20.0
fire_02161,531acd37-ef6b-4b48-a8fa-27d325ceeb0c,Point Fire,2024-07-26,38.02175,-121.99056,471.0
fire_02162,27b6f459-94a5-4f7e-953e-65ad6e5475eb,Creek Fire,2024-07-26,37.515462,-121.830534,744.0
fire_02163,058435b8-9372-466c-8073-fb8d34ba5ce0,Dockery Fire,2024-07-26,36.573716,-119.601794,20.0
fire_02164,7f2f64d4-8a53-44a3-b2fd-043ce5857574,Cosgrove Fire,2024-07-27,38.222987,-120.802822,12.0
fire_02165,3f6feca8-33d6-4a2f-ac4f-163cd64c2821,Riley Fire,2024-07-27,39.418982,-123.590238,12.2
fire_02166,c76f540e-925a-48a7-8451-ff02c3705b49,Museum Fire,2024-07-27,33.856642,-117.204108,21.0
fire_02167,85f2400b-f8c9-461b-9a89-8e90dccd5196,Walnut Fire,2024-07-27,33.826534,-117.257982,68.0
fire_02168,c3da896d-42a4-4fb1-abcb-cf17c701f03c,Walker Fire,2024-07-28,33.731572,-117.393766,65.0
fire_02169,a7788f97-1255-400c-95de-3f73d38eff78,Border 65 Fire,2024-07-28,32.576716,-116.699961,61.0
fire_02170,07012184-4968-49bf-af0b-5781e699efb6,Simpson Fire,2024-07-25,36.98268,-118.61484,47.0
fire_02171,c985d631-a65d-42f6-b4a3-5af4d804a21a,Sunset Fire,2024-07-28,40.368506,-124.362017,13.0
fire_02172,a899bdb4-c0c2-45d9-8310-39de98c4892a,Nixon Fire,2024-07-29,33.4773,-116.7805,5192.0
fire_02173,67dfa6fa-3981-43a8-bed6-038556f64840,Cougar Fire,2024-07-29,40.002008,-122.404759,9.1
fire_02174,ac21a214-0984-4fb9-98ed-0b812bd43bee,Carmen Fire,2024-07-29,33.910649,-116.782856,11.0
fire_02175,17e1886c-3b88-4b34-8e60-95fb5cd349de,Border 66 Fire,2024-07-30,32.5736,-116.6961,300.0
fire_02176,2174967f-fd0d-4114-b887-f9d87de74dcb,Italian Fire,2024-07-29,37.1336,-119.394,46.4
fire_02177,9962f124-7701-443e-97b3-d6f64f5e673d,Pedro Fire,2024-07-30,37.689773,-120.31848,3815.0
fire_02178,6a7b4fc4-4246-4629-a001-f0a5e3bac50d,Plantation Fire,2024-07-17,41.842269,-120.341894,31.2
fire_02179,5036da8f-717a-4a81-88b2-8d719d2c19e3,Eagle Fire,2024-07-30,35.7205881,-120.561774,11.0
fire_02180,cdbc2cd1-1679-4161-9235-df8e7137efa1,Borel Fire,2024-07-24,35.515,-118.6836,59288.0
fire_02181,a917a41a-20d6-4163-b82d-2568bcc94e8b,Pole Fire,2024-07-30,34.413261,-117.172494,300.0
fire_02182,4809d048-58f1-4e0e-af5e-59eaa93dc61c,Happy Fire,2024-07-16,36.850037,-118.738174,12543.0
fire_02183,e5bfa9bc-cd0f-4475-8a2d-f48c1373a94d,Dino Fire,2024-07-31,37.068124,-121.213195,15.0
fire_02184,382cdef0-e558-48b1-bccb-4997878962ff,Alamos Fire,2024-08-02,33.582198,-117.166941,72.0
fire_02185,d34989e6-3964-42c4-a25a-05d0530bb505,Tahoe Fire,2024-08-03,37.353634,-120.507495,22.0
fire_02186,59e1a0fb-d5df-4c79-b35e-ff9bb3823b16,Burbank Fire ,2024-08-03,34.172602,-118.475521,75.0
fire_02187,67cb1820-f2c6-4b7e-a172-c23a87e84f3a,Franklin Fire,2024-08-04,33.671261,-117.318087,11.5
fire_02188,c0cdfdc9-d5e1-44b2-b95b-a8a6d8f1686b,Bella Fire,2024-08-04,35.633966,-117.970987,500.0
fire_02189,04f84ac3-d09e-4cd3-a78f-1c3a8e44c0c3,Gover Fire,2024-08-05,40.393586,-122.176593,11.7
fire_02190,d4df6b62-f791-4b72-a376-ff33d5c33901,Kimtu Fire,2024-08-05,40.08453,-123.807764,14.2
fire_02191,ad2d133d-2af3-413d-9b4e-a916320b451e,Middle Fire,2024-08-04,37.862367,-119.704567,310.0
fire_02192,b213ec11-15c6-495e-9e4e-01555ab35215,Edgehill Fire,2024-08-05,34.1516679,-117.3043742,54.0
fire_02193,f4d1a569-fee6-466a-8973-ed1a3cb91966,Town Fire,2024-08-07,38.217239,-120.833961,10.0
fire_02194,8a183a23-b0ac-4edc-9892-821b96b40597,Silver Fire,2024-08-07,38.7027118,-121.020844,41.3
fire_02195,95290f3c-9c14-4249-9665-a14c14f29aab,Purple Fire,2024-08-07,39.46018,-121.35725,10.0
fire_02196,4d9c178d-e086-42f4-b6b1-a931b5b2b2a9,Morrison Fire,2024-08-04,37.9043,-119.615283,30.0
fire_02197,aad4f00a-f28f-414d-83d4-9e40976fea36,Valley Fire,2024-08-08,36.954837,-120.291882,55.0
fire_02198,f4b94fa8-a58e-4e0a-a566-71d35e3f8b6f,Canyon Fire,2024-08-08,37.978113,-120.21464,80.0
fire_02199,b09307d2-1a45-473c-9734-9af5171a3e6d,Boise Fire,2024-08-09,41.2522,-123.5113,12929.0
fire_02200,9d3c785a-73a3-4654-b0e9-b467a2b4252e,Blue Fire,2024-08-09,38.3073,-122.0501,60.0
fire_02201,32411b4b-22e3-442b-b783-dcacff114841,Cal Fire,2024-08-09,35.0307313,-118.364146,59.8
fire_02202,ae054933-c432-48fc-8842-23614a7a3139,Mack Fire,2024-08-10,33.822694,-117.282555,63.0
fire_02203,575b3dff-3c7e-4915-ac34-d7174ba7f555,Summit Fire,2024-08-10,38.324942,-120.427903,20.9
fire_02204,cc78abb3-6b9f-4285-93c4-0466946916d2,Lower Fire,2024-08-10,40.581893,-122.449341,110.0
fire_02205,d9b21406-7000-42b7-bed6-7bd26a8d64a7,Blue Fire,2024-08-10,35.33324,-118.419612,427.0
fire_02206,6cd5af98-a8ec-4d4b-aa64-ec6248c58096,Mission Fire,2024-08-10,33.640118,-117.292525,11.0
fire_02207,3e0f22ff-2ceb-4277-b4cc-cb5803cccea5,Meiss Fire,2024-08-11,38.427179,-121.054386,108.0
fire_02208,ef1fb5c1-e8f5-4445-a2bd-1979a652c897,Turbine Fire,2024-08-12,35.0200352,-118.3419912,329.0
fire_02209,1b90265d-3400-4b35-a684-378a3acbdba4,Oso Fire,2024-08-12,37.471329,-121.23737,10.7
fire_02210,379a65b6-ab70-44c9-bf5c-9e175516dddd,Reservoir Fire,2024-08-12,39.07015,-122.509941,68.0
fire_02211,4e768968-bce1-45ea-b5f1-a28d75679300,Anita Fire,2024-08-12,32.717599,-116.927749,20.0
fire_02212,198ef9d9-1f09-44fe-bced-8640414f3f5e,Queenstone Fire,2024-08-13,38.043415,-122.562044,18.0
fire_02213,5f07097a-1deb-44b9-bf44-4a7b78c54749,Papa Fire,2024-08-13,33.3073021,-117.368598,60.0
fire_02214,b50cc0ce-29f2-4300-9014-747d94b7a5e4,Moon Fire,2024-08-13,34.284624,-117.8406047,15.0
fire_02215,5366f40a-04c4-4dda-859a-17cba19fade4,Coffee Pot Fire,2024-08-03,36.38857,-118.768,14104.0
fire_02216,5e835ec5-e5aa-4fb7-bf45-0d437e73fcdf,Kahlon Fire,2024-08-13,37.181034,-120.32559,17.1
fire_02217,32a55d22-1435-4014-a3c9-9cdaaaadac9f,Bruns Fire,2024-08-14,37.809344,-121.604861,25.0
fire_02218,8acc2c5c-d96a-4197-8b87-354bb9a6915f,White Fire,2024-08-14,33.922735,-116.650391,12.5
fire_02219,6710ee55-96da-4c8d-9e8f-db171fbf0bf1,Zarzo Fire,2024-08-15,37.630738,-120.313718,103.0
fire_02220,a9a1a8e3-50af-4478-9190-48e0923623c3,Waltz Fire,2024-08-15,37.349442,-120.238125,85.0
fire_02221,4440cc32-aa1c-4cc4-ab03-69f38c10775a,Marco Fire,2024-08-16,34.475777,-117.463332,65.1
fire_02222,4ebbd415-254c-4963-85cd-3d7a82833785,Pendulum Fire,2024-08-16,35.4189737,-118.8709169,269.0
fire_02223,e78d33bf-bcc3-4312-8e67-75e226e7ad39,Cypress Fire,2024-08-17,35.578845,-120.901571,88.0
fire_02224,28fb4b10-eb02-4c62-ae6e-cd0a94816fb9,Marysville Fire,2024-08-17,39.468991,-121.561366,23.3
fire_02225,a79b5e83-a63d-4200-be50-3ebcada9298a,Hills Fire,2024-08-18,36.909429,-119.792619,172.0
fire_02226,e14709f8-b57c-4cb4-ab3d-1c8db55c1800,Grant Fire,2024-08-19,37.740555,-121.585729,16.0
fire_02227,4f0d65a1-d601-4eb6-bd6e-3da7b6b272e9,Interlake Fire,2024-08-19,35.8378,-121.038125,22.0
fire_02228,0cc5c422-569b-45ed-b166-cfd3cfa5f074,Livermore Fire,2024-08-19,37.665174,-121.740217,16.0
fire_02229,9adc01e7-b88e-4c83-9be7-90e1c87a4ea8,Green Fire,2024-08-19,37.7055278,-121.6971111,6.0
fire_02230,28e8a708-7f0c-48ed-a784-eba4e3b6d124,Railroad Fire,2024-08-19,38.193824,-121.8572856,60.0
fire_02231,63bee7bc-19c6-43d5-b004-563ffefa95dd,Quimby Fire,2024-08-19,37.333444,-121.7338333,33.0
fire_02232,7de63eaa-38b5-4afa-a845-429ff6a1b18a,Bishop Fire,2024-08-20,35.275553,-120.644048,15.0
fire_02233,91e1c5d1-1ff2-485c-9f5e-cf9925208700,Rancho Fire,2024-08-20,35.704967,-120.582252,9.0
fire_02234,a23de8e2-c318-48bb-8056-b0256fc21cf7,Grade Fire,2024-08-20,34.5337178,-120.195855,25.0
fire_02235,bc27ec48-5efe-4806-929e-abd03c053e57,Winchester Fire,2024-08-20,33.71271,-117.08414,10.4
fire_02236,740b2301-9651-4a38-baa1-1a1a0d64448f,Amaral Fire,2024-08-21,38.252807,-122.171501,11.0
fire_02237,2738e71c-0c75-42ae-b308-41237e5cd310,Turner Fire,2024-08-21,37.372385,-120.959582,15.0
fire_02238,5daa1233-03e4-4b8f-938c-ccfd3971bde5,Canyon Fire,2024-08-21,34.29046,-118.288398,25.0
fire_02239,578eabb5-afe7-4558-814d-040343bf69e2,Ace Fire,2024-08-21,38.190649,-120.828003,16.3
fire_02240,17437fdc-6fd9-4132-95bb-7503ef251af6,Beach Fire,2024-08-22,33.9689911,-117.49379,34.0
fire_02241,6ce41fb6-2d1a-41d1-abdb-678ada7d66b1,Edna Fire,2024-08-22,33.9009,-116.869456,33.0
fire_02242,e4cb8cca-8bc1-4b99-b442-2478d9ccc1f9,Walmort Fire,2024-08-22,38.3809,-121.251908,45.0
fire_02243,b7c8c806-ca83-4f94-b343-6af19a3dac15,Far Fire,2024-08-23,39.037213,-121.312694,12.0
fire_02244,dd8d3cf2-5fe1-4da7-9d5c-6a332b65f528,Chevelle Fire,2024-08-23,35.805079,-119.053499,26.5
fire_02245,3072d494-4c71-4f31-af3e-6b20ab08421a,Refugio Fire,2024-08-23,34.506,-120.064,86.0
fire_02246,03ea04f4-53d6-47a1-a553-ab52eba0ef5a,Motor Fire,2024-08-23,34.6592518,-118.7548048,11.0
fire_02247,cf3253e2-4f76-4773-b3fb-8165b83a3d41,Banning Fire,2024-08-23,33.928939,-116.846198,86.0
fire_02248,b1dd28a1-5757-4b62-83e2-71ec6e3a36ff,Proctor 8 Fire,2024-08-23,32.675679,-116.92502,27.0
fire_02249,245e918e-6df6-4096-be50-d9921df0e306,Benito Fire,2024-08-24,36.730979,-120.360998,17.0
fire_02250,157f43e4-79ff-4a63-a4bb-199894edc0f4,Summit Fire ,2024-08-24,34.318425,-117.340037,76.0
fire_02251,97a83444-c9d0-4fed-bf10-cf8650ce0efa,Wild Wash Fire,2024-08-24,34.701134,-117.204094,23.1
fire_02252,40dc98d3-a160-439b-ba3b-e969e0a201ef,Tenaja Fire,2024-08-25,33.583553,-117.403313,130.0
fire_02253,c52a7849-5237-4015-9f24-c69764f78c07,Echo Fire,2024-08-03,37.756167,-119.416517,11.5
fire_02254,e8b9c282-b3a6-48a3-ab48-e97a92615a25,Solar Fire,2024-08-25,37.115241,-121.033398,22.0
fire_02255,783fc0e6-ffd3-41a9-8ce5-843f092a007e,Park Fire ,2024-08-25,33.7580149,-116.9496357,15.5
fire_02256,a46ba8f8-21b5-4496-9f62-7544d63fe50f,Florin Fire,2024-08-26,38.496413,-121.297565,42.0
fire_02257,32eb6c42-4a6f-4ce9-9b47-1ad496dddd45,Excelsior Fire,2024-08-26,38.524067,-121.279094,38.0
fire_02258,d9d0b205-3d25-47eb-bdc1-40f5b6636e04,Pioneer Fire,2024-08-27,34.452109,-117.077204,22.1
fire_02259,78dac760-bdce-43dc-aa02-b1ca33472a30,Weller Fire,2024-08-27,35.5497,-118.958785,78.0
fire_02260,5a5fd941-d2c6-470c-9403-fa632a127c0d,Johnson Fire,2024-08-27,34.4045559,-117.559695,15.0
fire_02261,9617f448-9db9-4f9a-9192-688f939658cc,Keys Fire,2024-08-28,33.2902,-117.0764,18.0
fire_02262,a176fc51-c857-48c5-bba6-35fcc907de72,Gulch Fire,2024-08-28,38.233952,-122.520366,19.0
fire_02263,a3884db9-94ac-414f-883c-c71bcbf7c2e9,Silver Fire,2024-08-28,38.361834,-120.499717,12.2
fire_02264,b59f9cb4-566c-491f-99c1-262bf5f75999,Way Fire,2024-08-29,35.694044,-118.426716,88.2
fire_02265,18203802-22ca-41cb-8a32-366c82948168,Two Fire,2024-08-29,38.264246,-122.743925,33.0
fire_02266,03ab8b8e-1942-4f12-8401-e5af993ed822,Vasco Fire,2024-08-29,37.777334,-121.71679,16.1
fire_02267,a8c7cd92-82ca-4482-bdfe-ec87a1f5b5c2,High Fire,2024-08-31,39.993914,-122.560451,45.0
fire_02268,66410b74-8cbe-402a-9092-4aa366831702,Minton Fire,2024-08-31,33.758036,-117.112489,22.0
fire_02269,9fe2d2a0-b5e4-49fb-8dde-7c623be9b040,Bichota Fire,2024-08-31,34.25914,-117.856102,3.2
fire_02270,ec0d1ada-cec3-4876-a613-6c4b9b3cae89,Union Fire,2024-08-31,35.655361,-120.533933,11.0
fire_02271,f54c82c5-4429-4709-8ab9-ddf874e851c2,Armstrong Fire,2024-08-31,37.838349,-121.632921,19.9
fire_02272,88b1e67d-6869-4259-b9b7-7eaaf817e2a8,Robert Fire,2024-09-01,38.207676,-122.156703,48.0
fire_02273,fed9e05e-5772-41f1-a4f0-9318519d2691,Record Fire,2024-09-01,33.8126,-116.9476,517.0
fire_02274,68ebf089-c0a0-4d90-a0d6-366a6d4d78be,Argyle Fire,2024-09-01,36.015369,-121.129602,91.0
fire_02275,5b4a7dbe-b514-4994-ad30-92dbffb34d52,Bear Fire,2024-09-02,39.596704,-120.21859,3323.0
fire_02276,f2bce455-9fa7-4957-a9dd-17f05d8186f0,Centerville Fire,2024-09-02,39.73984,-121.69988,59.0
fire_02277,0d339412-fd42-4037-94ba-6d1ce25ac3e9,Gabriel Fire,2024-09-02,34.122607,-117.953154,40.0
fire_02278,d83e6e6e-75c6-4deb-b026-50e59a5818a3,Hwy 152 E/ Rd 13 Fire,2024-09-02,37.083449,-120.310758,40.0
fire_02279,030f3dea-4803-45b0-8bca-bc9ad347439d,Hawk Fire,2024-09-03,35.313339,-120.623763,13.7
fire_02280,97520779-99f5-4001-85ce-4c5f5f48cd61,Boone Fire,2024-09-03,36.12175,-120.58848,17600.0
fire_02281,b12acb92-61f8-43ef-8285-f243476588f2,Backus Fire,2024-09-03,34.876586,-118.248827,41.0
fire_02282,8417ba5b-e0ba-41f5-b811-71a9cb477a6f,Chapman Fire,2024-09-04,33.472372,-116.651385,18.0
fire_02283,266dcba8-5dd3-467d-988f-a49f8166694b,Post Fire,2024-09-04,33.773143,-117.297767,264.0
fire_02284,8848b58e-de98-46b8-bf67-914b2bbf2587,Midway Rd Fire,2024-09-05,37.055082,-120.750881,10.0
fire_02285,576ee459-903e-4b71-a658-214034e031db,Dorado Fire,2024-09-05,36.13751,-120.24039,502.0
fire_02286,cac520bf-e359-4f3c-a8ee-85510a476c67,Line Fire,2024-09-05,34.121119,-117.154705,43978.0
fire_02287,a8738494-879c-4588-a7c5-13a9419b2c9a,Pine Fire,2024-09-06,39.351831,-123.186117,18.0
fire_02288,74364d0b-b018-41f3-b821-ac5be7306645,Cove Fire,2024-09-06,33.758174,-116.738699,15.0
fire_02289,45291c5b-03f9-417f-b120-480be9b60315,Canary Fire,2024-09-06,33.44756,-117.40342,25.0
fire_02290,accf266c-8516-45cf-9570-8cf180c86ae1,Church 2 Fire,2024-09-07,32.700797,-116.357286,39.6
fire_02291,317db5a2-a6f0-43b8-b1b1-1e90a60124d7,Roblar Fire ,2024-09-07,33.4088,-117.3623,950.0
fire_02292,6f67d619-6533-4889-a740-c0d018ae9cda,Mill Creek 4 Fire,2024-09-07,41.1088,-123.6761,25.0
fire_02293,f36370f9-c5e3-4a22-840b-aebc4652737e,Cotton Fire,2024-09-07,36.639321,-120.30277,314.0
fire_02294,0d74ddd7-8a31-4014-8f25-d1e1eebca140,Boyles Fire,2024-09-08,38.92934,-122.61065,81.2
fire_02295,81e678d0-6b80-4a16-b8a6-1ec5a4fe0ba0,Bridge Fire,2024-09-08,34.2396,-117.7625,56030.0
fire_02296,fff641dd-ef49-4e70-b423-e93ff0735437,Crozier Fire,2024-08-06,38.82889,-120.6975,1938.0
fire_02297,0de2ba3a-b8de-447b-bd19-eced55f97497,Rice 2 Fire,2024-09-08,33.353446,-117.135771,20.0
fire_02298,482388dc-66e4-408d-bc60-01ce780ed0d8,Wicklow Fire,2024-09-09,38.361232,-120.814317,63.0
fire_02299,44d60d5a-522f-4c9f-ba55-ae09e9d2c973,Airport Fire,2024-09-09,33.6676762,-117.566221,23526.0
fire_02300,5d2a9d0a-2883-4ad1-8dfc-35d9e9b5402e,Sunset Fire,2024-09-09,33.917991,-116.91162,54.0
fire_02301,aa8bcbc8-31af-4d8a-b0d8-9351974cf51f,Train Fire,2024-09-09,35.2659,-118.62193,48.0
fire_02302,b84f3e58-3a60-4424-8ea9-3aa7a3d27c58,Apollo Fire,2024-09-10,34.77011,-118.53335,800.0
fire_02303,05edf868-2c42-4981-a7df-9f66f98800c3,Coyote Fire,2024-09-10,33.803944,-116.30113,20.0
fire_02304,a4abc467-5ae9-417d-b3e2-3d3469e698f1,Kelso Fire,2024-09-10,37.7952949,-121.6060708,22.0
fire_02305,70f3bd6a-1888-4eb7-8a88-db21c81ba049,Willow Fire,2024-09-11,38.0115396,-121.997014,62.0
fire_02306,02289a33-8abe-468b-93bf-55ef3ec7122f,Joshua Fire,2024-09-11,34.50295,-118.045033,30.0
fire_02307,65e96e18-3c2e-4211-a0f9-798f59264ef7,Alpaugh Fire,2024-09-11,35.863675,-119.536893,17.5
fire_02308,f5edaa5c-7880-4608-a1e7-12a6571a3e3c,Quincy Fire,2024-09-12,39.48058,-121.42105,85.0
fire_02309,47f8f0a7-6f42-4979-8030-0b0b6c60a9f4,Bell Fire,2024-09-14,38.545436,-120.840433,12.0
fire_02310,43d81aa4-9deb-4235-bfdd-332cb4d60f16,Cougar Fire,2024-09-15,38.145843,-122.485218,53.0
fire_02311,61e2fd92-51f6-403e-8448-cc94014c5cc1,Ripple Fire,2024-09-15,36.682583,-119.189459,15.0
fire_02312,0eabd5ea-c1e1-421a-a70a-12285cdaf62e,Rosa Fire,2024-09-16,34.59556,-120.35679,20.0
fire_02313,77efe2f0-3028-4644-bb42-b2fa555fb32f,Executive Fire,2024-09-17,39.93192,-122.307297,58.4
fire_02314,d915cd6a-951f-473b-89e3-d75c5f47abd6,Phelps Fire,2024-09-19,36.15407,-120.259824,35.0
fire_02315,ab5d40ea-130e-400d-9329-be910ce20dd6,Antonio Fire,2024-09-23,38.187148,-122.656105,11.0
fire_02316,2877ac5e-5f3c-45f5-bfdb-d39777b57f85,Plymire Fire,2024-09-26,40.201159,-122.284309,13.5
fire_02317,824367fb-ae02-4b05-a8cc-9b85fd03995c,Meiss Fire,2024-09-27,38.427179,-121.054386,42.0
fire_02318,2d3d58b3-520a-4751-8208-9e6266567369,Pinnacles Fire,2024-09-27,36.493781,-121.147092,16.8
fire_02319,fbc44da8-44a9-47ac-8051-d7aa398df2e5,86 Fire,2024-09-27,33.540008,-116.099893,38.0
fire_02320,7f988847-1efa-42e3-95b8-b9d736bdddbb,Chase Fire ,2024-09-27,35.374332,-118.84398,35.0
fire_02321,9a4f6a74-807d-4be5-bb55-c072f7600b83,Cindy Fire ,2024-09-28,34.5352699,-118.1176558,13.2
fire_02322,041dd61f-f516-421e-a295-8bdafe8fb5eb,Ridge Fire,2024-09-29,34.50334,-120.274,16.9
fire_02323,e0d686b7-5bb7-41e3-af4e-e14123429236,Soda Fire,2024-09-30,35.351479,-120.005229,633.4
fire_02324,f32ee943-4fe5-4e0a-a1fe-ac02ea7501c6,Tiger Fire,2024-09-30,38.4546979,-120.49265,4.0
fire_02325,a32d77be-a62d-444a-9872-68f997469297,Lago Fire,2024-10-02,34.497433,-118.616267,25.0
fire_02326,f0d922b5-7a19-4fa6-b22e-356840bd12d5,Peak Fire,2024-10-02,38.250731,-119.939391,316.0
fire_02327,9b8db758-3c0f-4e03-9bb0-de3c96a3154d,Bear Fire,2024-10-02,40.471128,-123.654313,22.5
fire_02328,713872e7-d6bb-411f-a490-6a2fe8078c82,Felicia Fire,2024-10-03,34.46437,-118.7641,367.0
fire_02329,76ad692e-263c-4d74-95f7-01fc4308a49c,Ranch Fire,2024-10-03,35.854009,-120.08283,9.5
fire_02330,2f239059-a2df-4589-bf92-de59e79b5754,Glenhaven Fire,2024-10-04,39.026764,-122.718183,417.0
fire_02331,cae6e64a-d5a1-4a13-9682-b49009f8aa63,Ruby Fire,2024-10-04,34.957874,-118.190532,50.0
fire_02332,253e08bd-21fb-4fab-8a2c-7aab9f700290,Central 2 Fire,2024-10-04,36.69212,-119.5922,15.0
fire_02333,ddf4e347-29bf-45c2-8e53-2120f3ceed5d,Wolf Fire,2024-10-04,36.692574,-119.645931,22.0
fire_02334,0ec4424a-581e-40e4-b2b2-1a92503b45a5,Dutch Fire,2024-10-05,39.227018,-120.834831,28.0
fire_02335,6fb9c69a-49be-4edc-8a5f-96d49df32cb1,Two Mile Fire,2024-10-03,39.218344,-122.153187,10.0
fire_02336,ccc0846d-97a2-4031-bf61-b02df50ca6b3,Tuledad Fire,2024-10-06,40.887485,-120.144717,564.0
fire_02337,93d607c9-fc8d-4e3c-b19b-3feb61bb224e,Hambone Fire,2024-10-06,41.281183,-121.652642,14.9
fire_02338,1b69ebdd-1add-4f85-a9f9-47275bc5118e,Verjeles Fire,2024-10-06,39.3574,-121.3681,12.0
fire_02339,100b8102-e9f6-411f-9440-26b92b8ebe94,Wood Fire,2024-10-06,40.176118,-123.820482,26.4
fire_02340,f75ae145-52cc-4e4e-ae7e-37007a29eca1,Posta 3 Fire,2024-10-07,32.723782,-116.424495,413.0
fire_02341,684041c4-6817-400c-96f5-22fedfdaf059,Cemetery Fire,2024-10-08,41.19492,-120.94668,56.4
fire_02342,958b27e4-3413-461d-b2f8-0a866707c9f0,Piney Fire ,2024-10-08,36.378918,-121.563092,225.0
fire_02343,7930514e-cc59-4b33-b931-790e3c9d60bb,Bahrman Fire,2024-10-09,33.555137,-116.683446,110.0
fire_02344,930c1a59-da0b-4b83-a3ae-af875cb8fd55,Shoe Fire,2024-10-09,40.923444,-122.10167,5124.0
fire_02345,e9d7f3de-d031-42d9-8a43-50fa01a145b8,Miles Fire,2024-10-11,33.733233,-117.441832,23.0
fire_02346,41337847-3e75-4091-96cb-a992c9563a13,Marvin Fire,2024-10-13,33.8185182621934,-117.076404666916,11.6
fire_02347,c687c452-39bc-4e47-bcc1-aa809fc2ef79,Jack Fire,2024-10-13,33.9239548,-117.0375417,260.0
fire_02348,d5b0f558-7125-43f1-a400-bb5c8eb7fbe1,Canyon Fire,2024-10-15,35.318949,-120.133664,16.2
fire_02349,db413a52-db59-4a89-9509-cfdc7082822c,Snake Fire,2024-10-17,35.375211,-120.435273,8.0
fire_02350,a95ecf21-9dac-45c9-bb16-67b7796a3c6f,Maria Fire,2024-10-17,34.98749,-120.430379,80.0
fire_02351,df887f12-c34a-4487-aeb2-ab0f3788237c,Hay Fire,2024-10-18,38.3151744,-121.8584227,869.0
fire_02352,a3d4d931-1eee-40ab-a990-4e907f4321db,Keller Fire,2024-10-18,37.7741494,-122.1569455,15.0
fire_02353,316917c5-f720-43df-8cd6-efe8d3a68fbc,Mission Fire,2024-10-18,33.979878,-117.401904,17.0
fire_02354,ab92e028-2483-4b95-93e6-76ff79061676,Lost Fire,2024-10-19,36.03643,-120.182476,13.0
fire_02355,6115c00f-5f33-43e2-9c4b-9f964af393e2,Gilardi Fire,2024-10-19,35.342748,-120.758104,50.0
fire_02356,886f0cf7-2fb7-4625-8fd0-5ee36ff32a3c,162 Fire,2024-10-19,39.4643049,-121.965973,60.0
fire_02357,cb4f3767-abd3-4c41-a36c-97e10a79a2b0,Dove Fire,2024-10-19,35.45554,-118.1033,954.0
fire_02358,b3daa0d0-d783-4551-8a29-c76e0f29a643,Pedley Fire,2024-10-19,34.017513,-117.479583,15.0
fire_02359,6417486d-65c9-46ef-9c66-09a224aae0d4,Iowa Fire,2024-10-21,39.293028,-121.48061,38.0
fire_02360,6a1188d5-5785-4ae8-b303-cc53d3f18104,Coalinga Fire,2024-10-24,36.281579,-120.300799,5.3
fire_02361,a36e624c-126e-4ca7-9444-d5d0edaace57,Golden Fire,2024-10-24,33.443458,-116.87992,40.0
fire_02362,0fbfd3a0-c425-4a0e-a7ae-831220e20166,Riverview Fire,2024-10-24,34.62078,-120.259123,64.1
fire_02363,eea01808-482f-4684-974f-a2b4e9608cf4,Lost Fire,2024-10-26,36.048799,-120.164271,15.0
fire_02364,0e052869-ee1a-4358-8f0f-179baea54b3b,Alray Fire,2024-10-26,34.35491,-117.467864,15.6
fire_02365,cbff3a6b-6540-405f-a6ea-8e554042a20f,Campbell Fire,2024-10-28,36.229517,-118.858046,524.0
fire_02366,3b90a126-3830-4950-8136-ef8684706a31,Hog Fire,2024-10-30,40.24402,-121.972909,40.0
fire_02367,cea84acc-7922-4e0e-b8ad-1df4819eb573,Quarry Fire,2024-10-31,32.69011,-117.01352,10.0
fire_02368,bb43ada8-6aba-4e9d-a1c9-b901804b5622,Montezuma Fire,2024-10-31,32.77126,-117.09495,37.0
fire_02369,f5de79a3-7bf4-461b-a6d6-b16219a3027f,Gaylord Fire,2024-11-03,39.925884,-122.132235,47.0
fire_02370,fdb3f801-7382-42c9-8377-57beef2432f2,Wolf Fire,2024-11-04,33.886528,-116.90239,25.0
fire_02371,f78e6fd0-c260-486c-98b4-620938406a45,Mountain Fire,2024-11-06,34.3189,-118.9689,19904.0
fire_02372,698b289b-437c-4961-b187-c1f03a8edbe6,Broad Fire,2024-11-06,34.033917,-118.704833,50.0
fire_02373,dbf89663-4a51-4869-aabd-9b3b49661af5,Lake Fire,2024-11-05,40.342148,-123.420067,44.0
fire_02374,57d63840-b05a-414b-ba25-27d8403302d5,Valley Fire,2024-11-06,40.432155,-122.426405,10.8
fire_02375,98ef38c2-a266-4900-9430-bc73c8c36e83,Lemon Fire,2024-11-06,36.393723,-119.011663,40.0
fire_02376,98160dda-7fdf-4765-995e-d8fb35460979,Horseshoe Fire,2024-10-30,36.496333,-118.139117,4537.0
fire_02377,18551530-3992-4731-9133-186480d092b2,Frenchman Fire,2024-11-07,34.615371,-118.749654,94.0
fire_02378,4c5759f6-e259-43d7-91db-0d21828ffb07,Santa Lucia Fire,2024-11-07,34.691118,-120.501728,125.0
fire_02379,df5eebdf-6814-41e1-ac31-0b4baebfd5fa,Garden Fire,2024-11-08,33.33393,-117.18097,48.0
fire_02380,23f4bb39-1e52-4d25-8f39-8ac42edcdc8d,Resort 2 Fire,2024-11-08,33.286514,-116.64017,24.9
fire_02381,ce14cca7-d5c4-4882-9008-d9b5493406fa,Waucoba Fire,2024-11-11,37.0211,-118.007,8.0
fire_02382,c5c7b82d-ff26-4aaf-ae25-692c281396c0,Bull Fire,2024-11-12,35.96313,-119.966199,11.0
fire_02383,042df069-7226-4d37-877b-3371902356a8,Eternal Fire,2024-11-13,40.361854,-120.446162,20.0
fire_02384,01c51255-f075-4460-9639-6105599ed000,John Fire,2024-11-14,36.862905,-120.781992,12.6
fire_02385,45775a15-671d-4ea1-868b-25ef4f487a28,Kamm Fire,2024-11-16,36.531149,-120.485099,10.0
fire_02386,42e08471-48c0-426e-961f-07542259f9c0,Sandy Fire,2024-11-17,35.956529,-120.654725,23.4
fire_02387,c0397710-317a-4c96-82e7-f1e409e94d96,Brauns Fire,2024-11-20,38.205892,-120.730521,50.0
fire_02388,d3452156-04ed-47d1-ae1a-3bb6c5478310,Millar Fire,2024-11-20,32.72754,-116.93722,11.0
fire_02389,e504cc42-2a53-48fc-bcad-a8ae6199bd34,Hidden Valley Fire,2024-11-20,33.963907,-114.513662,45.5
fire_02390,93b20c9d-a07e-4127-a8c9-3c342d2544f2,Duck Fire,2024-11-21,38.00025,-120.944749,73.4
fire_02391,ee8b1361-f3a8-4d56-a043-d54bbd3e3d4e,Michigan Fire,2024-11-21,38.379304,-120.986172,24.1
fire_02392,f20ead25-443a-4527-8f1e-d8947f8b4e24,Broadway Fire,2024-11-21,36.203824,-121.141238,57.0
fire_02393,18caa406-cd3d-4080-88c6-74ba37a456cf,Canal Fire,2024-11-22,37.051003,-119.926528,34.0
fire_02394,5d5a2374-c01e-4d87-9cf5-71dd9cce0c9a,Border 77 Fire,2024-11-23,32.5891998,-116.9079487,98.1
fire_02395,3d2b78af-b20b-4aaa-8f93-9ac3097cd705,Canyon Crest Fire,2024-11-28,34.034077,-117.481178,254.0
fire_02396,6f1c6068-575e-4301-aa6f-d4b66d8c3da6,Derrick Fire,2024-12-02,36.443544,-120.419992,74.0
fire_02397,54e9ee49-0c28-4477-8c29-b46738b07b78,Franklin Fire,2024-12-09,34.06343,-118.69642,4086.0
fire_02398,79847059-1dc0-4c33-8dec-750d312742a7,Rogers Fire ,2024-12-10,34.6492,-117.3543,10.0
fire_02399,d64ada14-14ac-4ef6-a77b-495b6b17136f,Addie Fire,2024-12-14,35.27248,-119.61551,30.0
fire_02400,6d5fa9cd-13a8-4f93-8a28-de9895dc9a30,Soto Fire,2024-12-17,34.002023,-117.440844,25.0
fire_02401,c991981e-892b-449a-b467-b5f742a4e9b1,Soda Fire,2024-12-21,34.9868,-119.477,419.0
fire_02402,bdead44e-0ddf-4a1a-ad05-440493024012,Five Fire,2024-07-14,35.3858693,-119.367525,360.0
fire_02403,6339e262-6ccf-4d19-8436-44e508d43ba6,Five 2 Fire,2024-07-15,35.5879546,-119.624655,347.0
