id,lon,lat,start,end
fire_00000,-122.43172,38.40958,2016-09-10,2016-10-09
fire_00001,-121.08036,37.2171,2016-03-25,2016-04-23
fire_00002,-120.528836,37.927613,2016-04-30,2016-05-29
fire_00003,-121.20059,36.38123,2016-04-22,2016-05-21
fire_00004,-118.354,34.276,2016-04-23,2016-05-22
fire_00005,-119.654,36.88286,2016-04-25,2016-05-24
fire_00006,-121.42238,37.17072,2016-05-08,2016-06-06
fire_00007,-121.78973,39.33035,2016-04-27,2016-05-26
fire_00008,-121.595093,39.624017,2016-04-29,2016-05-28
fire_00009,-120.39993,35.61961,2016-04-10,2016-05-09
fire_00010,-121.0381507,35.8378273,2016-04-12,2016-05-11
fire_00011,-119.38248,36.78769,2016-04-15,2016-05-14
fire_00012,-121.3090268,38.8390117,2016-04-17,2016-05-16
fire_00013,-117.08829,33.41639,2016-05-01,2016-05-30
fire_00014,-121.6008,39.595,2016-05-21,2016-06-19
fire_00015,-120.82266,35.70821,2016-05-28,2016-06-26
fire_00016,-120.8678,38.22017,2016-05-28,2016-06-26
fire_00017,-122.40142,39.93965,2016-05-22,2016-06-20
fire_00018,-121.37704,38.86804,2016-05-22,2016-06-20
fire_00019,-120.6955,38.64107,2016-05-04,2016-06-02
fire_00020,-121.40304,36.80296,2016-05-04,2016-06-02
fire_00021,-121.06452,38.3131,2016-05-04,2016-06-02
fire_00022,-117.140883,33.476894,2016-05-05,2016-06-03
fire_00023,-121.25029,36.01542,2016-05-05,2016-06-03
fire_00024,-122.46777,40.61388,2016-05-12,2016-06-10
fire_00025,-120.90265,38.26874,2016-05-18,2016-06-16
fire_00026,-116.63028,32.60729,2016-05-20,2016-06-18
fire_00027,-121.3306,36.2833,2016-05-19,2016-06-17
fire_00028,-121.857,39.7947,2016-05-12,2016-06-10
fire_00029,-120.251,35.77135,2016-05-12,2016-06-10
fire_00030,-121.04993,36.49914,2016-05-13,2016-06-11
fire_00031,-123.557,41.623,2016-05-08,2016-06-06
fire_00032,-119.643,34.776,2016-05-16,2016-06-14
fire_00033,-122.15457,38.69971,2016-05-27,2016-06-25
fire_00034,-121.6051,39.43351,2016-05-22,2016-06-20
fire_00035,-118.45628,35.6115,2016-05-24,2016-06-22
fire_00036,-120.9293,36.1934,2016-05-24,2016-06-22
fire_00037,-121.20155,37.07147,2016-05-26,2016-06-24
fire_00038,-117.77395,33.57872,2016-05-27,2016-06-25
fire_00039,-121.58677,37.74369,2016-05-26,2016-06-24
fire_00040,-119.14,37.97,2016-05-26,2016-06-24
fire_00041,-122.50373,39.12366,2016-05-27,2016-06-25
fire_00042,-120.9375,38.96741,2016-05-29,2016-06-27
fire_00043,-121.003611,38.385,2016-05-29,2016-06-27
fire_00044,-119.39619,36.92244,2016-06-11,2016-07-10
fire_00045,-118.57245,34.36763,2016-06-09,2016-07-08
fire_00046,-122.72913,40.36873,2016-06-08,2016-07-07
fire_00047,-122.56939,40.0353,2016-05-31,2016-06-29
fire_00048,-118.72272,35.20993,2016-06-01,2016-06-30
fire_00049,-119.144,34.701,2016-05-31,2016-06-29
fire_00050,-122.2071,40.07846,2016-06-01,2016-06-30
fire_00051,-120.452041,36.0749,2016-06-01,2016-06-30
fire_00052,-118.15589,36.58972,2016-06-01,2016-06-30
fire_00053,-120.61153,38.02845,2016-06-02,2016-07-01
fire_00054,-121.103642,38.517772,2016-06-10,2016-07-09
fire_00055,-120.62048,36.14161,2016-06-04,2016-07-03
fire_00056,-119.65776,37.25601,2016-06-04,2016-07-03
fire_00057,-118.63264,34.27619,2016-06-01,2016-06-30
fire_00058,-116.58542,33.11645,2016-06-11,2016-07-10
fire_00059,-120.81394,38.08056,2016-06-12,2016-07-11
fire_00060,-120.67335,37.96311,2016-06-12,2016-07-11
fire_00061,-122.04726,38.8866,2016-06-15,2016-07-14
fire_00062,-118.21793,35.68313,2016-06-13,2016-07-12
fire_00063,-119.39619,36.92244,2016-06-13,2016-07-12
fire_00064,-118.94811,35.60748,2016-06-15,2016-07-14
fire_00065,-119.5792,37.0099,2016-06-15,2016-07-14
fire_00066,-116.7945,32.9612,2016-06-18,2016-07-17
fire_00067,-122.7891,39.0863,2016-06-19,2016-07-18
fire_00068,-122.59328,41.96191,2016-06-19,2016-07-18
fire_00069,-119.50507,37.01591,2016-06-30,2016-07-29
fire_00070,-120.64241,37.98171,2016-06-21,2016-07-20
fire_00071,-122.02564,38.33475,2016-06-22,2016-07-21
fire_00072,-117.35093,33.393,2016-06-21,2016-07-20
fire_00073,-122.36924,41.71847,2016-06-21,2016-07-20
fire_00074,-120.81081,35.85093,2016-06-22,2016-07-21
fire_00075,-121.89938,36.45994,2016-06-22,2016-07-21
fire_00076,-117.5221,33.6542,2016-08-01,2016-08-30
fire_00077,-117.4415,34.25858,2016-08-04,2016-09-02
fire_00078,-121.571,39.6871,2016-08-06,2016-09-04
fire_00079,-123.5044,39.7299,2016-08-11,2016-09-09
fire_00080,-117.3189,34.3183,2016-08-08,2016-09-06
fire_00081,-120.51887,39.39051,2016-08-08,2016-09-06
fire_00082,-122.4096,40.68192,2016-08-11,2016-09-09
fire_00083,-121.00299,38.79549,2016-06-22,2016-07-21
fire_00084,-116.9571,33.00056,2016-06-22,2016-07-21
fire_00085,-122.1885,38.01264,2016-06-24,2016-07-23
fire_00086,-119.4741,37.24006,2016-06-29,2016-07-28
fire_00087,-120.69521,37.81434,2016-06-30,2016-07-29
fire_00088,-121.79669,37.41896,2016-06-30,2016-07-29
fire_00089,-117.14547,33.22558,2016-07-11,2016-08-09
fire_00090,-122.26736,40.19611,2016-07-04,2016-08-02
fire_00091,-121.7192,39.6708,2016-07-03,2016-08-01
fire_00092,-122.06788,38.52513,2016-07-03,2016-08-01
fire_00093,-118.60344,35.24504,2016-07-05,2016-08-03
fire_00094,-119.7738,37.3228,2016-07-05,2016-08-03
fire_00095,-120.8657,38.2581,2016-07-06,2016-08-04
fire_00096,-121.68577,37.06531,2016-07-13,2016-08-11
fire_00097,-117.27338,34.28771,2016-07-08,2016-08-06
fire_00098,-120.51057,36.09974,2016-07-10,2016-08-08
fire_00099,-122.26015,38.68403,2016-07-10,2016-08-08
fire_00100,-120.51057,36.09974,2016-07-09,2016-08-07
fire_00101,-117.49342,34.30372,2016-07-17,2016-08-15
fire_00102,-122.47091,40.61213,2016-07-10,2016-08-08
fire_00103,-123.77832,40.9878,2016-07-13,2016-08-11
fire_00104,-120.98316,35.70595,2016-07-14,2016-08-12
fire_00105,-122.60664,38.89741,2016-07-14,2016-08-12
fire_00106,-118.5678,35.7506,2016-07-17,2016-08-15
fire_00107,-124.05804,40.4572,2016-07-12,2016-08-10
fire_00108,-121.1309,38.558,2016-08-12,2016-09-10
fire_00109,-119.34487,36.84479,2016-08-04,2016-09-02
fire_00110,-121.69784,37.11831,2016-08-02,2016-08-31
fire_00111,-121.38775,36.16965,2016-07-19,2016-08-17
fire_00112,-123.4267011,39.8748511,2016-07-31,2016-08-29
fire_00113,-118.5097,35.4976,2016-07-29,2016-08-27
fire_00114,-123.118,41.851,2016-07-28,2016-08-26
fire_00115,-121.36665,37.62215,2016-07-21,2016-08-19
fire_00116,-123.82268,41.28486,2016-07-23,2016-08-21
fire_00117,-120.7845,40.3915,2016-08-12,2016-09-10
fire_00118,-121.71662,39.79547,2016-07-27,2016-08-25
fire_00119,-120.6381,38.1874,2016-07-29,2016-08-27
fire_00120,-118.73906,36.1648,2016-07-23,2016-08-21
fire_00121,-122.611,41.7813,2016-07-25,2016-08-23
fire_00122,-120.9066,41.4657,2016-08-12,2016-09-10
fire_00123,-118.7212,35.2013,2016-07-27,2016-08-25
fire_00124,-122.9148951,39.1408865,2016-07-31,2016-08-29
fire_00125,-122.7933,41.6314,2016-08-13,2016-09-11
fire_00126,-121.6998,39.8851,2016-08-17,2016-09-15
fire_00127,-122.1295,40.30594,2016-08-14,2016-09-12
fire_00128,-120.029626,37.75972,2016-08-14,2016-09-12
fire_00129,-121.05948,39.20427,2016-08-18,2016-09-16
fire_00130,-118.95309,37.75985,2016-08-18,2016-09-16
fire_00131,-120.3178,41.2649,2016-08-18,2016-09-16
fire_00132,-120.54421,34.63445,2016-08-18,2016-09-16
fire_00133,-120.55297,34.75134,2016-08-23,2016-09-21
fire_00134,-121.42647,39.4403,2016-08-23,2016-09-21
fire_00135,-121.78003,39.188321,2016-08-21,2016-09-19
fire_00136,-120.8416,38.5212,2016-08-24,2016-09-22
fire_00137,-120.32484,37.79635,2016-08-27,2016-09-25
fire_00138,-119.5327,36.6543,2016-08-24,2016-09-22
fire_00139,-121.93923,40.0,2016-08-26,2016-09-24
fire_00140,-122.82895,38.80017,2016-08-26,2016-09-24
fire_00141,-121.32,39.92,2016-08-27,2016-09-25
fire_00142,-121.85318,37.10632,2016-08-27,2016-09-25
fire_00143,-119.25959,36.94536,2016-09-11,2016-10-10
fire_00144,-120.10744,38.93449,2016-09-14,2016-10-13
fire_00145,-117.158475,33.254355,2016-10-14,2016-11-12
fire_00146,-118.335,34.31,2016-10-15,2016-11-13
fire_00147,-118.551,36.217,2016-09-20,2016-10-19
fire_00148,-118.551,35.984,2016-09-29,2016-10-28
fire_00149,-122.309,40.774,2017-10-01,2017-10-30
fire_00150,-121.85645,40.48712,2017-03-04,2017-04-02
fire_00151,-120.58342,41.16716,2017-03-04,2017-04-02
fire_00152,-116.08003,33.56777,2017-03-14,2017-04-12
fire_00153,-120.26561,36.07228,2017-03-21,2017-04-19
fire_00154,-121.34695,36.44141,2017-03-25,2017-04-23
fire_00155,-120.206592,36.530836,2017-03-29,2017-04-27
fire_00156,-120.6585,36.5355,2017-03-30,2017-04-28
fire_00157,-117.45646,34.30104,2017-03-31,2017-04-29
fire_00158,-117.30693,34.00566,2017-03-31,2017-04-29
fire_00159,-117.5048,33.7866,2017-03-31,2017-04-29
fire_00160,-118.30601,35.71704,2017-04-01,2017-04-30
fire_00161,-120.22647,35.78286,2017-04-02,2017-05-01
fire_00162,-120.3317,35.6879,2017-04-07,2017-05-06
fire_00163,-120.2445,36.45491,2017-04-10,2017-05-09
fire_00164,-118.4683,35.60001,2017-04-12,2017-05-11
fire_00165,-120.89261,36.96655,2017-04-12,2017-05-11
fire_00166,-120.92482,35.77082,2017-04-14,2017-05-13
fire_00167,-116.99229,33.88466,2017-04-14,2017-05-13
fire_00168,-118.90004,35.05076,2017-04-14,2017-05-13
fire_00169,-119.87525,35.21177,2017-04-15,2017-05-14
fire_00170,-118.84466,35.41283,2017-04-15,2017-05-14
fire_00171,-120.86682,36.1727,2017-04-16,2017-05-15
fire_00172,-120.94328,36.2771,2017-04-17,2017-05-16
fire_00173,-119.79315,36.90967,2017-04-17,2017-05-16
fire_00174,-120.76464,35.34541,2017-04-18,2017-05-17
fire_00175,-120.37116,36.12089,2017-04-18,2017-05-17
fire_00176,-119.91508,35.983,2017-04-18,2017-05-17
fire_00177,-117.44148,33.97155,2017-04-18,2017-05-17
fire_00178,-120.5828,36.60736,2017-04-19,2017-05-18
fire_00179,-117.32348,33.3906,2017-04-19,2017-05-18
fire_00180,-116.80527,32.65597,2017-04-20,2017-05-19
fire_00181,-120.474,35.556667,2017-04-20,2017-05-19
fire_00182,-118.85896,35.4605,2017-04-20,2017-05-19
fire_00183,-117.17773,33.94673,2017-04-23,2017-05-22
fire_00184,-119.8036,34.9465,2017-04-20,2017-05-19
fire_00185,-116.29296,32.679,2017-04-24,2017-05-23
fire_00186,-120.99552,36.35578,2017-04-22,2017-05-21
fire_00187,-117.20507,33.96419,2017-04-21,2017-05-20
fire_00188,-117.39818,33.34988,2017-04-25,2017-05-24
fire_00189,-116.99651,33.88287,2017-04-25,2017-05-24
fire_00190,-118.35296,34.87128,2017-04-28,2017-05-27
fire_00191,-119.58292,36.96642,2017-04-28,2017-05-27
fire_00192,-116.07429,33.58577,2017-04-28,2017-05-27
fire_00193,-120.83484,38.19906,2017-04-28,2017-05-27
fire_00194,-120.7109,36.61332,2017-04-28,2017-05-27
fire_00195,-116.55326,34.04412,2017-04-29,2017-05-28
fire_00196,-119.00334,35.89423,2017-05-01,2017-05-30
fire_00197,-121.376,39.23205,2017-04-29,2017-05-28
fire_00198,-121.11113,38.33707,2017-05-02,2017-05-31
fire_00199,-116.59719,33.94788,2017-05-02,2017-05-31
fire_00200,-119.2877,35.188,2017-05-03,2017-06-01
fire_00201,-120.53443,41.38247,2017-05-04,2017-06-02
fire_00202,-116.96079,33.82165,2017-05-04,2017-06-02
fire_00203,-118.37539,34.29931,2017-05-04,2017-06-02
fire_00204,-118.4642,35.60633,2017-05-05,2017-06-03
fire_00205,-122.13088,40.38944,2017-05-05,2017-06-03
fire_00206,-120.1064,40.03392,2017-05-05,2017-06-03
fire_00207,-116.88097,33.87107,2017-05-05,2017-06-03
fire_00208,-122.2102,37.86549,2017-05-06,2017-06-04
fire_00209,-118.796513,35.564124,2017-05-06,2017-06-04
fire_00210,-121.64897,39.52499,2017-05-07,2017-06-05
fire_00211,-122.4571,41.8721,2017-05-07,2017-06-05
fire_00212,-118.87676,36.45809,2017-05-08,2017-06-06
fire_00213,-120.0193,37.12759,2017-05-08,2017-06-06
fire_00214,-118.47939,35.59804,2017-05-11,2017-06-09
fire_00215,-118.84134,35.37351,2017-05-10,2017-06-08
fire_00216,-120.52508,35.80375,2017-05-10,2017-06-08
fire_00217,-119.8011,37.0825,2017-05-11,2017-06-09
fire_00218,-120.405077,36.704679,2017-05-12,2017-06-10
fire_00219,-122.2654,38.68347,2017-05-14,2017-06-12
fire_00220,-120.983684,35.902149,2017-05-12,2017-06-10
fire_00221,-120.369347,36.616986,2017-05-12,2017-06-10
fire_00222,-119.35901,36.8005,2017-05-12,2017-06-10
fire_00223,-120.45268,37.85137,2017-05-12,2017-06-10
fire_00224,-116.972036,33.584036,2017-05-14,2017-06-12
fire_00225,-117.29509,33.23281,2017-05-14,2017-06-12
fire_00226,-118.74542,35.8556,2017-05-14,2017-06-12
fire_00227,-116.85226,33.52584,2017-05-14,2017-06-12
fire_00228,-120.3187,35.6871,2017-05-15,2017-06-13
fire_00229,-120.0088,37.36914,2017-05-16,2017-06-14
fire_00230,-116.884446,33.950382,2017-05-16,2017-06-14
fire_00231,-117.11659,33.79925,2017-05-16,2017-06-14
fire_00232,-121.75417,39.69717,2017-05-17,2017-06-15
fire_00233,-120.93371,35.90092,2017-05-17,2017-06-15
fire_00234,-118.60703,34.55607,2017-05-18,2017-06-16
fire_00235,-122.83208,40.32063,2017-05-19,2017-06-17
fire_00236,-116.9669,33.90965,2017-05-19,2017-06-17
fire_00237,-117.21314,33.98639,2017-05-19,2017-06-17
fire_00238,-119.95136,37.02081,2017-05-19,2017-06-17
fire_00239,-118.66733,35.53456,2017-05-19,2017-06-17
fire_00240,-117.31924,33.71025,2017-05-19,2017-06-17
fire_00241,-122.36545,41.93006,2017-05-19,2017-06-17
fire_00242,-122.23004,38.07481,2017-05-23,2017-06-21
fire_00243,-116.826,34.2976,2017-05-20,2017-06-18
fire_00244,-120.02325,39.71101,2017-05-20,2017-06-18
fire_00245,-120.68992,37.82934,2017-05-22,2017-06-20
fire_00246,-121.76323,37.33454,2017-05-22,2017-06-20
fire_00247,-121.4143,39.364,2017-05-23,2017-06-21
fire_00248,-121.5786,39.38416,2017-05-23,2017-06-21
fire_00249,-120.65185,36.27306,2017-05-24,2017-06-22
fire_00250,-122.27379,40.10282,2017-05-25,2017-06-23
fire_00251,-118.49343,34.37443,2017-05-26,2017-06-24
fire_00252,-116.77342,33.1683,2017-05-26,2017-06-24
fire_00253,-116.594422,33.530045,2017-05-27,2017-06-25
fire_00254,-122.645079,40.703775,2017-05-27,2017-06-25
fire_00255,-120.4992,35.4025,2017-05-27,2017-06-25
fire_00256,-120.92162,38.45822,2017-05-28,2017-06-26
fire_00257,-122.65749,37.9775,2017-05-28,2017-06-26
fire_00258,-116.8516,32.7789,2017-05-28,2017-06-26
fire_00259,-117.17813,34.14575,2017-05-28,2017-06-26
fire_00260,-124.19629,41.93323,2017-05-27,2017-06-25
fire_00261,-121.71752,37.3344,2017-05-30,2017-06-28
fire_00262,-120.87492,35.947,2017-05-29,2017-06-27
fire_00263,-121.29581,41.85763,2017-05-29,2017-06-27
fire_00264,-119.9646,37.3762,2017-05-29,2017-06-27
fire_00265,-118.80123,35.38298,2017-05-31,2017-06-29
fire_00266,-121.08753,35.96275,2017-05-30,2017-06-28
fire_00267,-118.58624,34.03941,2017-05-30,2017-06-28
fire_00268,-118.70294,34.10446,2017-05-30,2017-06-28
fire_00269,-122.0122,40.69554,2017-06-01,2017-06-30
fire_00270,-121.06656,39.08382,2017-06-02,2017-07-01
fire_00271,-117.096233,33.913089,2017-06-02,2017-07-01
fire_00272,-121.6268,39.8629,2017-06-02,2017-07-01
fire_00273,-119.921,37.4591,2017-06-02,2017-07-01
fire_00274,-120.620791,36.269125,2017-06-02,2017-07-01
fire_00275,-117.25411,33.96896,2017-06-03,2017-07-02
fire_00276,-116.99321,33.91806,2017-06-03,2017-07-02
fire_00277,-117.16215,33.87739,2017-06-03,2017-07-02
fire_00278,-121.30983,36.85596,2017-06-04,2017-07-03
fire_00279,-117.3125,34.304722,2017-06-04,2017-07-03
fire_00280,-119.51592,36.81476,2017-06-04,2017-07-03
fire_00281,-117.48405,33.99316,2017-06-04,2017-07-03
fire_00282,-121.54722,39.53944,2017-06-04,2017-07-03
fire_00283,-118.98603,34.20599,2017-06-04,2017-07-03
fire_00284,-117.48195,33.85323,2017-06-04,2017-07-03
fire_00285,-118.81979,36.10858,2017-06-05,2017-07-04
fire_00286,-122.8428,41.3975,2017-06-05,2017-07-04
fire_00287,-120.97111,38.7803,2017-06-08,2017-07-07
fire_00288,-120.4925,37.64898,2017-06-08,2017-07-07
fire_00289,-119.65621,36.95104,2017-06-05,2017-07-04
fire_00290,-120.67848,38.20176,2017-06-05,2017-07-04
fire_00291,-122.0251,38.49521,2017-06-06,2017-07-05
fire_00292,-119.08312,35.59904,2017-06-06,2017-07-05
fire_00293,-120.3223,35.0179,2017-06-06,2017-07-05
fire_00294,-118.89627,35.77896,2017-06-07,2017-07-06
fire_00295,-120.02027,37.09773,2017-06-07,2017-07-06
fire_00296,-117.314994,33.763304,2017-06-07,2017-07-06
fire_00297,-121.41222,39.45352,2017-06-07,2017-07-06
fire_00298,-117.06765,34.07612,2017-06-07,2017-07-06
fire_00299,-120.62825,35.346,2017-06-07,2017-07-06
fire_00300,-120.34802,37.65963,2017-06-07,2017-07-06
fire_00301,-121.78677,37.87808,2017-06-08,2017-07-07
fire_00302,-122.38619,40.48972,2017-06-15,2017-07-14
fire_00303,-119.9494,34.55096,2017-06-08,2017-07-07
fire_00304,-121.30451,41.72163,2017-06-13,2017-07-12
fire_00305,-123.501,41.59,2017-06-26,2017-07-25
fire_00306,-120.47322,35.42433,2017-06-09,2017-07-08
fire_00307,-122.25544,38.02929,2017-06-08,2017-07-07
fire_00308,-121.303,39.06308,2017-06-08,2017-07-07
fire_00309,-121.06088,38.67474,2017-06-12,2017-07-11
fire_00310,-120.57894,35.86949,2017-06-08,2017-07-07
fire_00311,-122.42606,40.29118,2017-06-08,2017-07-07
fire_00312,-120.20014,35.93273,2017-06-09,2017-07-08
fire_00313,-121.53865,39.37192,2017-06-10,2017-07-09
fire_00314,-120.027222,39.439722,2017-06-10,2017-07-09
fire_00315,-121.68562,37.25014,2017-06-10,2017-07-09
fire_00316,-121.33785,39.50475,2017-06-12,2017-07-11
fire_00317,-120.13249,34.72379,2017-06-17,2017-07-16
fire_00318,-117.10567,34.09773,2017-06-14,2017-07-13
fire_00319,-116.85396,32.84796,2017-06-11,2017-07-10
fire_00320,-120.14013,40.07045,2017-06-11,2017-07-10
fire_00321,-121.8179,37.39801,2017-06-11,2017-07-10
fire_00322,-120.85322,38.18303,2017-06-12,2017-07-11
fire_00323,-117.07975,33.62613,2017-06-13,2017-07-12
fire_00324,-117.189,34.149,2017-06-12,2017-07-11
fire_00325,-122.77846,38.08055,2017-06-12,2017-07-11
fire_00326,-117.24091,33.77896,2017-06-13,2017-07-12
fire_00327,-121.74826,36.66684,2017-06-16,2017-07-15
fire_00328,-123.28825,39.30125,2017-06-16,2017-07-15
fire_00329,-120.21321,37.61757,2017-06-16,2017-07-15
fire_00330,-123.10227,39.13207,2017-06-17,2017-07-16
fire_00331,-120.55579,35.95911,2017-06-17,2017-07-16
fire_00332,-122.20127,39.01224,2017-06-17,2017-07-16
fire_00333,-120.62177,38.29113,2017-06-17,2017-07-16
fire_00334,-120.56933,41.45589,2017-06-17,2017-07-16
fire_00335,-122.62382,38.86056,2017-06-17,2017-07-16
fire_00336,-118.78928,36.18815,2017-06-17,2017-07-16
fire_00337,-120.05404,36.05187,2017-07-25,2017-08-23
fire_00338,-123.57562,40.39799,2017-07-02,2017-07-31
fire_00339,-119.44751,34.94373,2017-06-18,2017-07-17
fire_00340,-122.43608,40.47106,2017-06-18,2017-07-17
fire_00341,-117.25075,33.75526,2017-06-18,2017-07-17
fire_00342,-118.99944,36.64404,2017-06-18,2017-07-17
fire_00343,-118.94252,36.0226,2017-06-30,2017-07-29
fire_00344,-120.36005,37.90014,2017-06-30,2017-07-29
fire_00345,-118.851943,34.792882,2017-06-28,2017-07-27
fire_00346,-117.18552,33.81976,2017-06-28,2017-07-27
fire_00347,-120.65764,37.81827,2017-06-18,2017-07-17
fire_00348,-121.74121,39.76243,2017-06-19,2017-07-18
fire_00349,-120.9761,39.9034,2017-06-29,2017-07-28
fire_00350,-120.408135,37.905545,2017-06-29,2017-07-28
fire_00351,-120.5634,35.06472,2017-06-20,2017-07-19
fire_00352,-120.97586,39.36902,2017-06-21,2017-07-20
fire_00353,-120.70013,38.559707,2017-06-26,2017-07-25
fire_00354,-119.06598,36.22265,2017-06-20,2017-07-19
fire_00355,-121.104,38.5181,2017-06-26,2017-07-25
fire_00356,-121.84108,37.44485,2017-06-26,2017-07-25
fire_00357,-123.506,41.478,2017-06-19,2017-07-18
fire_00358,-117.14466,34.20152,2017-06-22,2017-07-21
fire_00359,-116.66107,33.34659,2017-06-22,2017-07-21
fire_00360,-117.199,34.139,2017-06-22,2017-07-21
fire_00361,-120.73757,38.69775,2017-06-25,2017-07-24
fire_00362,-120.23656,35.7751,2017-06-24,2017-07-23
fire_00363,-121.3519,39.06522,2017-06-24,2017-07-23
fire_00364,-121.55552,36.96607,2017-06-23,2017-07-22
fire_00365,-117.03031,34.41204,2017-06-23,2017-07-22
fire_00366,-122.3209,40.1583,2017-06-28,2017-07-27
fire_00367,-120.95498,39.16826,2017-06-27,2017-07-26
fire_00368,-120.31157,37.65986,2017-07-02,2017-07-31
fire_00369,-122.17384,40.69259,2017-06-29,2017-07-28
fire_00370,-121.9741,41.9808,2017-06-29,2017-07-28
fire_00371,-121.039267,38.538332,2017-06-30,2017-07-29
fire_00372,-118.654,35.543,2017-06-30,2017-07-29
fire_00373,-122.90217,38.70289,2017-07-01,2017-07-30
fire_00374,-117.26969,34.19076,2017-07-01,2017-07-30
fire_00375,-117.396404,33.689092,2017-07-01,2017-07-30
fire_00376,-123.39253,40.79902,2017-07-03,2017-08-01
fire_00377,-120.2913,35.4403,2017-07-03,2017-08-01
fire_00378,-120.28037,35.40357,2017-07-03,2017-08-01
fire_00379,-123.76099,40.11794,2017-07-04,2017-08-02
fire_00380,-117.03826,34.08492,2017-07-04,2017-08-02
fire_00381,-117.85182,34.23925,2017-07-04,2017-08-02
fire_00382,-123.64281,40.27582,2017-07-04,2017-08-02
fire_00383,-122.81135,38.94599,2017-07-09,2017-08-07
fire_00384,-117.239099,34.009026,2017-07-05,2017-08-03
fire_00385,-118.47307,35.70639,2017-07-06,2017-08-04
fire_00386,-120.1397,39.75371,2017-07-07,2017-08-05
fire_00387,-120.74968,41.11989,2017-07-07,2017-08-05
fire_00388,-120.066,39.888,2017-07-07,2017-08-05
fire_00389,-116.8247,33.57139,2017-07-08,2017-08-06
fire_00390,-120.64584,35.86596,2017-07-08,2017-08-06
fire_00391,-123.36882,40.17598,2017-07-08,2017-08-06
fire_00392,-118.9267,34.92907,2017-07-11,2017-08-09
fire_00393,-121.68165,37.14653,2017-07-12,2017-08-10
fire_00394,-122.5415,39.87983,2017-07-11,2017-08-09
fire_00395,-122.2483,38.49336,2017-07-12,2017-08-10
fire_00396,-117.124538,33.797216,2017-07-14,2017-08-12
fire_00397,-120.77485,35.7908,2017-07-12,2017-08-10
fire_00398,-122.9401,41.99279,2017-07-14,2017-08-12
fire_00399,-117.30819,33.98212,2017-07-14,2017-08-12
fire_00400,-120.30046,37.62823,2017-07-14,2017-08-12
fire_00401,-119.618,37.644,2017-07-02,2017-07-31
fire_00402,-119.598,37.538,2017-07-15,2017-08-13
fire_00403,-116.88066,33.95036,2017-07-15,2017-08-13
fire_00404,-121.5935,40.92602,2017-07-18,2017-08-16
fire_00405,-117.00258,33.87679,2017-07-20,2017-08-18
fire_00406,-121.32957,39.1234,2017-07-21,2017-08-19
fire_00407,-120.89746,39.9864,2017-07-21,2017-08-19
fire_00408,-123.474,41.841,2017-07-16,2017-08-14
fire_00409,-118.296,36.257,2017-07-03,2017-08-01
fire_00410,-116.42907,32.65003,2017-07-22,2017-08-20
fire_00411,-123.676,41.853,2017-07-08,2017-08-06
fire_00412,-120.321,41.466,2017-07-04,2017-08-02
fire_00413,-121.90516,37.72543,2017-07-23,2017-08-21
fire_00414,-120.443545,36.099681,2017-07-24,2017-08-22
fire_00415,-116.46989,33.20988,2017-07-27,2017-08-25
fire_00416,-120.48641,40.80968,2017-07-27,2017-08-25
fire_00417,-122.70449,40.29831,2017-07-27,2017-08-25
fire_00418,-119.43376,36.93332,2017-07-27,2017-08-25
fire_00419,-121.56425,37.56181,2017-07-28,2017-08-26
fire_00420,-122.71998,38.26294,2017-07-28,2017-08-26
fire_00421,-117.3968,33.6444,2017-07-28,2017-08-26
fire_00422,-119.28241,36.7279,2017-07-28,2017-08-26
fire_00423,-123.63721,41.02705,2017-07-29,2017-08-27
fire_00424,-120.72274,38.34421,2017-07-29,2017-08-27
fire_00425,-118.74103,36.15356,2017-07-30,2017-08-28
fire_00426,-122.27499,41.222,2017-07-29,2017-08-27
fire_00427,-121.30209,39.57701,2017-07-30,2017-08-28
fire_00428,-119.64622,37.44663,2017-07-30,2017-08-28
fire_00429,-120.22215,40.43962,2017-07-30,2017-08-28
fire_00430,-121.90077,41.99483,2017-07-30,2017-08-28
fire_00431,-119.55425,38.655,2017-07-30,2017-08-28
fire_00432,-120.36659,41.4844,2017-07-31,2017-08-29
fire_00433,-121.12004,39.34292,2017-07-31,2017-08-29
fire_00434,-120.31814,41.64469,2017-07-31,2017-08-29
fire_00435,-120.32685,36.36113,2017-07-31,2017-08-29
fire_00436,-123.64214,40.03697,2017-08-01,2017-08-30
fire_00437,-123.10003,40.76025,2017-07-31,2017-08-29
fire_00438,-118.62882,34.52055,2017-08-01,2017-08-30
fire_00439,-116.76997,32.6001,2017-08-02,2017-08-31
fire_00440,-119.782,38.329,2017-07-01,2017-07-30
fire_00441,-117.33364,33.73547,2017-08-11,2017-09-09
fire_00442,-119.941,38.12,2017-08-04,2017-09-02
fire_00443,-122.02525,40.71923,2017-08-02,2017-08-31
fire_00444,-118.406,35.76,2017-08-02,2017-08-31
fire_00445,-118.2674,34.22957,2017-08-02,2017-08-31
fire_00446,-119.48067,37.21616,2017-08-04,2017-09-02
fire_00447,-120.52189,36.09486,2017-08-04,2017-09-02
fire_00448,-117.09984,33.97471,2017-08-03,2017-09-01
fire_00449,-120.50886,35.31886,2017-08-04,2017-09-02
fire_00450,-122.49327,39.01748,2017-08-06,2017-09-04
fire_00451,-120.9204,40.13278,2017-08-04,2017-09-02
fire_00452,-121.59899,36.99092,2017-08-04,2017-09-02
fire_00453,-119.83556,37.37397,2017-08-04,2017-09-02
fire_00454,-119.93499,40.69573,2017-07-31,2017-08-29
fire_00455,-121.04445,35.76343,2017-08-24,2017-09-22
fire_00456,-122.292,41.222,2017-07-29,2017-08-27
fire_00457,-123.375,40.804,2017-07-03,2017-08-01
fire_00458,-120.504134,37.896778,2017-08-20,2017-09-18
fire_00459,-116.61609,32.59252,2017-08-08,2017-09-06
fire_00460,-120.56068,35.5956,2017-08-27,2017-09-25
fire_00461,-120.87609,36.17297,2017-08-12,2017-09-10
fire_00462,-120.75485,39.75312,2017-08-06,2017-09-04
fire_00463,-119.32109,37.10067,2017-08-12,2017-09-10
fire_00464,-122.85194,39.44543,2017-08-13,2017-09-11
fire_00465,-121.56858,40.07613,2017-08-29,2017-09-27
fire_00466,-122.3001,37.41591,2017-08-12,2017-09-10
fire_00467,-121.81623,40.98352,2017-08-12,2017-09-10
fire_00468,-124.01168,41.98128,2017-08-13,2017-09-11
fire_00469,-121.60683,39.44257,2017-08-13,2017-09-11
fire_00470,-123.03344,39.42604,2017-08-13,2017-09-11
fire_00471,-123.03583,40.2275,2017-08-13,2017-09-11
fire_00472,-120.915,38.5758,2017-08-18,2017-09-16
fire_00473,-120.015509,37.14624,2017-08-19,2017-09-17
fire_00474,-123.1362,39.02482,2017-08-20,2017-09-18
fire_00475,-121.49925,37.63358,2017-08-20,2017-09-18
fire_00476,-120.31598,36.24653,2017-08-20,2017-09-18
fire_00477,-120.90462,36.94652,2017-08-21,2017-09-19
fire_00478,-120.39387,35.12269,2017-08-21,2017-09-19
fire_00479,-120.15846,37.76888,2017-08-21,2017-09-19
fire_00480,-121.7127,39.8255,2017-08-26,2017-09-24
fire_00481,-122.0041,38.4446,2017-08-24,2017-09-22
fire_00482,-121.40947,39.03168,2017-08-27,2017-09-25
fire_00483,-122.169,37.77982,2017-08-27,2017-09-25
fire_00484,-120.65279,35.3024,2017-08-27,2017-09-25
fire_00485,-117.68598,33.8668,2017-08-26,2017-09-24
fire_00486,-118.48555,36.27138,2017-08-28,2017-09-26
fire_00487,-120.4393,34.67403,2017-08-30,2017-09-28
fire_00488,-118.46734,35.59302,2017-08-30,2017-09-28
fire_00489,-117.10301,33.74925,2017-08-30,2017-09-28
fire_00490,-121.97233,38.43658,2017-09-02,2017-10-01
fire_00491,-119.87465,37.41231,2017-09-03,2017-10-02
fire_00492,-122.24731,40.20077,2017-09-03,2017-10-02
fire_00493,-122.576,39.15016,2017-09-06,2017-10-05
fire_00494,-122.24199,40.70627,2017-09-08,2017-10-07
fire_00495,-123.24713,38.51937,2017-09-07,2017-10-06
fire_00496,-122.255,40.24789,2017-09-08,2017-10-07
fire_00497,-123.96844,40.88516,2017-09-08,2017-10-07
fire_00498,-121.52966,39.62496,2017-09-08,2017-10-07
fire_00499,-122.24367,38.39206,2017-09-09,2017-10-08
fire_00500,-122.62879,38.60895,2017-09-08,2017-10-07
fire_00501,-122.5209,38.4041,2017-09-09,2017-10-08
fire_00502,-122.39052,38.31802,2017-09-08,2017-10-07
fire_00503,-121.40613,39.39455,2017-09-09,2017-10-08
fire_00504,-121.4021,39.32198,2017-09-08,2017-10-07
fire_00505,-121.08406,39.19325,2017-09-09,2017-10-08
fire_00506,-123.16635,39.24873,2017-09-08,2017-10-07
fire_00507,-120.52953,38.40234,2017-09-09,2017-10-08
fire_00508,-122.47301,38.14242,2017-09-09,2017-10-08
fire_00509,-120.44448,35.28738,2017-09-09,2017-10-08
fire_00510,-118.56578,35.21556,2017-09-26,2017-10-25
fire_00511,-122.64543,39.01387,2017-09-09,2017-10-08
fire_00512,-121.12792,39.24549,2017-09-08,2017-10-07
fire_00513,-121.67261,39.74679,2017-09-09,2017-10-08
fire_00514,-117.70975,33.87041,2017-09-09,2017-10-08
fire_00515,-117.34192,33.60247,2017-09-26,2017-10-25
fire_00516,-121.91425,40.02261,2017-09-26,2017-10-25
fire_00517,-119.2288,36.7528,2017-09-11,2017-10-10
fire_00518,-122.90939,38.76549,2017-09-09,2017-10-08
fire_00519,-122.07012,37.18356,2017-09-16,2017-10-15
fire_00520,-118.05545,34.22551,2017-09-17,2017-10-16
fire_00521,-123.51619,40.46836,2017-09-14,2017-10-13
fire_00522,-118.76152,35.19008,2017-09-12,2017-10-11
fire_00523,-116.50897,33.18716,2017-09-15,2017-10-14
fire_00524,-121.13737,39.06414,2017-09-10,2017-10-09
fire_00525,-120.46234,38.77921,2017-09-10,2017-10-09
fire_00526,-117.02132,33.50488,2017-09-10,2017-10-09
fire_00527,-117.40625,34.21829,2017-11-05,2017-12-04
fire_00528,-117.33334,34.16564,2017-11-05,2017-12-04
fire_00529,-117.00589,33.8826,2017-09-23,2017-10-22
fire_00530,-117.4982,34.13534,2017-09-24,2017-10-23
fire_00531,-118.701,35.3091,2017-09-15,2017-10-14
fire_00532,-120.96514,35.78616,2017-09-13,2017-10-12
fire_00533,-120.287,38.848,2017-09-13,2017-10-12
fire_00534,-122.57487,39.0199,2017-09-14,2017-10-13
fire_00535,-122.58152,38.46123,2017-09-14,2017-10-13
fire_00536,-121.80377,36.5858,2017-09-15,2017-10-14
fire_00537,-121.85663,37.7393,2017-09-17,2017-10-16
fire_00538,-117.402445,33.402411,2017-09-17,2017-10-16
fire_00539,-120.84748,37.89532,2017-09-18,2017-10-17
fire_00540,-118.58188,34.45283,2017-11-05,2017-12-04
fire_00541,-118.35863,34.31283,2017-11-05,2017-12-04
fire_00542,-119.09124,34.41521,2017-11-04,2017-12-03
fire_00543,-117.4764,33.96514,2017-11-04,2017-12-03
fire_00544,-122.28165,39.81517,2017-10-03,2017-11-01
fire_00545,-119.48284,38.46111,2017-10-14,2017-11-12
fire_00546,-117.46709,33.38613,2017-09-13,2017-10-12
fire_00547,-116.50151,33.90327,2017-10-15,2017-11-13
fire_00548,-119.30918,34.34949,2017-09-24,2017-10-23
fire_00549,-120.00353,35.41112,2017-09-20,2017-10-19
fire_00550,-121.00391,36.38109,2017-10-26,2017-11-24
fire_00551,-116.37345,32.64962,2017-09-21,2017-10-20
fire_00552,-116.940661,34.035344,2017-10-30,2017-11-28
fire_00553,-117.163,33.3237,2017-11-07,2017-12-06
fire_00554,-117.14979,33.59257,2017-11-07,2017-12-06
fire_00555,-116.91023,33.88994,2017-11-13,2017-12-12
fire_00556,-118.48178,34.09454,2017-11-06,2017-12-05
fire_00557,-120.27077,34.71796,2017-11-16,2017-12-15
fire_00558,-120.414875,34.605358,2017-11-14,2017-12-13
fire_00559,-117.38417,33.9885,2017-11-21,2017-12-20
fire_00560,-119.61865,38.869036,2017-11-28,2017-12-27
fire_00561,-119.94083,35.92436,2018-03-13,2018-04-11
fire_00562,-121.28185,35.96689,2018-01-08,2018-02-06
fire_00563,-118.50235,37.40208,2018-01-19,2018-02-17
fire_00564,-121.6039,37.73835,2018-04-14,2018-05-13
fire_00565,-117.05992,33.62924,2018-04-17,2018-05-16
fire_00566,-116.164058,33.711263,2018-03-16,2018-04-14
fire_00567,-119.76576,34.0232,2018-02-25,2018-03-26
fire_00568,-121.77419,40.4635,2018-02-25,2018-03-26
fire_00569,-117.48144,33.86439,2018-03-10,2018-04-08
fire_00570,-116.58759,33.12213,2018-04-10,2018-05-09
fire_00571,-122.48556,41.65935,2018-04-09,2018-05-08
fire_00572,-117.16232,33.88744,2018-03-23,2018-04-21
fire_00573,-120.18499,39.89075,2018-03-27,2018-04-25
fire_00574,-120.18236,34.74245,2018-04-17,2018-05-16
fire_00575,-117.27467,33.40178,2018-04-09,2018-05-08
fire_00576,-117.502405,33.389425,2018-04-04,2018-05-03
fire_00577,-120.77206,36.85156,2018-04-02,2018-05-01
fire_00578,-117.148204,33.504964,2018-04-04,2018-05-03
fire_00579,-117.003829,33.467999,2018-04-04,2018-05-03
fire_00580,-118.08449,36.71537,2018-03-20,2018-04-18
fire_00581,-117.32281,33.67815,2018-03-29,2018-04-27
fire_00582,-118.9821,35.826333,2018-04-18,2018-05-17
fire_00583,-122.21032,40.31759,2018-04-18,2018-05-17
fire_00584,-122.513883,41.791859,2018-04-19,2018-05-18
fire_00585,-121.01638,37.056944,2018-04-20,2018-05-19
fire_00586,-122.23059,38.16303,2018-04-21,2018-05-20
fire_00587,-117.03134,33.35505,2018-04-22,2018-05-21
fire_00588,-119.75307,37.0979,2018-04-23,2018-05-22
fire_00589,-120.12441,35.56922,2018-04-24,2018-05-23
fire_00590,-119.42172,36.75581,2018-04-26,2018-05-25
fire_00591,-121.76828,37.21803,2018-04-27,2018-05-26
fire_00592,-116.10231,33.53924,2018-04-28,2018-05-27
fire_00593,-122.58666,39.65578,2018-04-28,2018-05-27
fire_00594,-121.10903,37.32744,2018-04-29,2018-05-28
fire_00595,-120.64028,35.71859,2018-04-29,2018-05-28
fire_00596,-121.57918,37.75375,2018-04-30,2018-05-29
fire_00597,-122.01762,38.64953,2018-05-02,2018-05-31
fire_00598,-122.65582,39.46543,2018-05-02,2018-05-31
fire_00599,-122.29388,40.201826,2018-05-02,2018-05-31
fire_00600,-121.86473,37.99113,2018-05-03,2018-06-01
fire_00601,-117.72044,33.55132,2018-05-03,2018-06-01
fire_00602,-117.22215,33.45014,2018-05-03,2018-06-01
fire_00603,-120.55324,36.10499,2018-05-03,2018-06-01
fire_00604,-122.3307,39.80827,2018-05-04,2018-06-02
fire_00605,-117.31468,33.47413,2018-05-04,2018-06-02
fire_00606,-117.28189,33.742,2018-05-04,2018-06-02
fire_00607,-121.36446,36.83036,2018-05-04,2018-06-02
fire_00608,-120.91793,35.75737,2018-05-04,2018-06-02
fire_00609,-122.33769,41.58233,2018-05-04,2018-06-02
fire_00610,-117.06782,32.78031,2018-05-04,2018-06-02
fire_00611,-116.92404,32.75072,2018-05-04,2018-06-02
fire_00612,-118.31138,34.5486,2018-05-05,2018-06-03
fire_00613,-122.98442,41.64805,2018-05-05,2018-06-03
fire_00614,-120.99322,36.40755,2018-05-05,2018-06-03
fire_00615,-120.901167,36.378333,2018-05-05,2018-06-03
fire_00616,-119.623981,37.10181,2018-05-05,2018-06-03
fire_00617,-121.03253,36.64832,2018-05-05,2018-06-03
fire_00618,-122.44408,38.245151,2018-05-06,2018-06-04
fire_00619,-117.22974,33.40769,2018-05-06,2018-06-04
fire_00620,-116.46674,32.63046,2018-05-07,2018-06-05
fire_00621,-121.09199,38.24033,2018-05-12,2018-06-10
fire_00622,-120.24315,37.33924,2018-05-08,2018-06-06
fire_00623,-122.3571,39.94355,2018-05-10,2018-06-08
fire_00624,-122.58218,39.64978,2018-05-10,2018-06-08
fire_00625,-122.5275,37.97638,2018-05-10,2018-06-08
fire_00626,-122.5275,37.97638,2018-05-10,2018-06-08
fire_00627,-121.11936,35.9352,2018-05-10,2018-06-08
fire_00628,-120.862579,36.37532,2018-05-13,2018-06-11
fire_00629,-120.670311,35.663607,2018-05-14,2018-06-12
fire_00630,-117.746625,33.787838,2018-05-12,2018-06-10
fire_00631,-117.654299,33.925862,2018-05-13,2018-06-11
fire_00632,-118.427886,34.110516,2018-05-13,2018-06-11
fire_00633,-122.135924,40.394073,2018-05-14,2018-06-12
fire_00634,-116.821724,33.524412,2018-05-15,2018-06-13
fire_00635,-121.617698,39.602703,2018-05-15,2018-06-13
fire_00636,-120.624135,35.58354,2018-05-15,2018-06-13
fire_00637,-120.36403,40.3768,2018-05-15,2018-06-13
fire_00638,-120.34207,37.39339,2018-05-16,2018-06-14
fire_00639,-119.91223,37.14663,2018-05-16,2018-06-14
fire_00640,-119.84299,37.47677,2018-05-16,2018-06-14
fire_00641,-121.521111,39.549167,2018-05-17,2018-06-15
fire_00642,-122.476381,38.886518,2018-05-17,2018-06-15
fire_00643,-121.998967,38.015323,2018-05-17,2018-06-15
fire_00644,-120.892404,38.265645,2018-05-18,2018-06-16
fire_00645,-119.416746,38.834395,2018-05-18,2018-06-16
fire_00646,-121.806775,37.627119,2018-05-18,2018-06-16
fire_00647,-121.176354,37.05876,2018-05-18,2018-06-16
fire_00648,-120.199162,37.707234,2018-05-19,2018-06-17
fire_00649,-121.908976,37.779209,2018-05-20,2018-06-18
fire_00650,-120.57833,35.77017,2018-05-20,2018-06-18
fire_00651,-120.75593,35.73629,2018-05-21,2018-06-19
fire_00652,-120.39295,35.05747,2018-05-22,2018-06-20
fire_00653,-122.17457,40.52909,2018-05-24,2018-06-22
fire_00654,-121.77867,40.35068,2018-05-24,2018-06-22
fire_00655,-122.19792,40.12791,2018-05-24,2018-06-22
fire_00656,-122.27574,40.18395,2018-05-24,2018-06-22
fire_00657,-122.59848,39.0674,2018-05-24,2018-06-22
fire_00658,-118.75495,34.53765,2018-05-24,2018-06-22
fire_00659,-122.512012,39.2976,2018-06-04,2018-07-03
fire_00660,-118.72905,35.1234,2018-05-30,2018-06-28
fire_00661,-122.42308,40.50318,2018-05-25,2018-06-23
fire_00662,-120.30187,37.80785,2018-05-25,2018-06-23
fire_00663,-120.68902,37.95766,2018-05-25,2018-06-23
fire_00664,-121.09354,37.08529,2018-05-25,2018-06-23
fire_00665,-123.38493,39.038859,2018-06-05,2018-07-04
fire_00666,-120.945482,38.052055,2018-05-30,2018-06-28
fire_00667,-121.954098,39.6139,2018-05-30,2018-06-28
fire_00668,-122.9144,40.60402,2018-05-29,2018-06-27
fire_00669,-120.86256,35.95515,2018-05-27,2018-06-25
fire_00670,-119.118,37.571,2018-05-12,2018-06-10
fire_00671,-119.304499,36.696879,2018-05-28,2018-06-26
fire_00672,-121.78208,39.59872,2018-05-27,2018-06-25
fire_00673,-120.71488,35.33916,2018-05-27,2018-06-25
fire_00674,-120.45053,40.316137,2018-05-28,2018-06-26
fire_00675,-122.99272,41.83359,2018-05-28,2018-06-26
fire_00676,-121.637759,39.491737,2018-06-04,2018-07-03
fire_00677,-121.17693,38.595865,2018-05-30,2018-06-28
fire_00678,-121.9921,37.94714,2018-05-30,2018-06-28
fire_00679,-121.67144,37.66074,2018-05-30,2018-06-28
fire_00680,-117.15381,34.17711,2018-05-31,2018-06-29
fire_00681,-122.18183,38.80583,2018-05-31,2018-06-29
fire_00682,-116.732032,33.56349,2018-06-04,2018-07-03
fire_00683,-122.44008,40.00293,2018-06-14,2018-07-13
fire_00684,-119.50461,37.22791,2018-06-10,2018-07-09
fire_00685,-123.051,41.085,2018-06-01,2018-06-30
fire_00686,-116.7311,32.833674,2018-06-06,2018-07-05
fire_00687,-122.12351,37.86339,2018-06-02,2018-07-01
fire_00688,-116.764733,32.619855,2018-06-06,2018-07-05
fire_00689,-121.059979,38.539806,2018-06-04,2018-07-03
fire_00690,-122.534655,41.893332,2018-06-05,2018-07-04
fire_00691,-120.95408,38.42623,2018-06-06,2018-07-05
fire_00692,-116.958806,34.095568,2018-06-06,2018-07-05
fire_00693,-120.11461,41.29363,2018-06-13,2018-07-12
fire_00694,-119.831389,34.463889,2018-06-06,2018-07-05
fire_00695,-121.53586,37.06367,2018-06-06,2018-07-05
fire_00696,-121.76859,39.77124,2018-06-12,2018-07-11
fire_00697,-117.35606,34.171786,2018-06-13,2018-07-12
fire_00698,-119.88581,37.6549,2018-06-13,2018-07-12
fire_00699,-118.87881,34.86022,2018-06-08,2018-07-07
fire_00700,-121.51772,39.66492,2018-06-10,2018-07-09
fire_00701,-121.79189,37.22545,2018-06-10,2018-07-09
fire_00702,-121.702547,37.163594,2018-06-10,2018-07-09
fire_00703,-120.61108,41.50105,2018-06-14,2018-07-13
fire_00704,-121.0454,36.65351,2018-06-11,2018-07-10
fire_00705,-118.21881,36.6734,2018-06-08,2018-07-07
fire_00706,-122.23449,40.62693,2018-06-08,2018-07-07
fire_00707,-121.85311,37.79718,2018-06-08,2018-07-07
fire_00708,-121.60646,37.75646,2018-06-08,2018-07-07
fire_00709,-119.82242,39.05391,2018-06-09,2018-07-08
fire_00710,-117.40967,34.22526,2018-06-06,2018-07-05
fire_00711,-119.80414,37.19817,2018-06-09,2018-07-08
fire_00712,-122.59789,39.06715,2018-06-09,2018-07-08
fire_00713,-121.93908,40.33682,2018-06-09,2018-07-08
fire_00714,-120.82355,36.59036,2018-06-12,2018-07-11
fire_00715,-120.02137,39.99309,2018-06-14,2018-07-13
fire_00716,-122.47293,41.70877,2018-06-15,2018-07-14
fire_00717,-121.21597,40.95234,2018-06-15,2018-07-14
fire_00718,-123.85404,41.34453,2018-06-15,2018-07-14
fire_00719,-121.05722,41.08583,2018-06-15,2018-07-14
fire_00720,-121.27049,40.94666,2018-06-15,2018-07-14
fire_00721,-122.11375,40.27754,2018-06-15,2018-07-14
fire_00722,-123.688056,41.07944,2018-07-17,2018-08-15
fire_00723,-120.97339,35.70086,2018-06-17,2018-07-16
fire_00724,-116.8663,32.557566,2018-06-17,2018-07-16
fire_00725,-122.37985,41.632373,2018-06-17,2018-07-16
fire_00726,-120.31805556,34.54305556,2018-06-18,2018-07-17
fire_00727,-121.99388889,38.59694444,2018-06-18,2018-07-17
fire_00728,-121.43131,39.57202,2018-06-19,2018-07-18
fire_00729,-119.97546,37.28365,2018-06-19,2018-07-18
fire_00730,-116.78928,33.04898,2018-06-20,2018-07-19
fire_00731,-117.607577,33.836101,2018-06-19,2018-07-18
fire_00732,-122.649626,40.741186,2018-06-20,2018-07-19
fire_00733,-120.22298,34.62412,2018-06-20,2018-07-19
fire_00734,-122.86854,38.91152,2018-06-21,2018-07-20
fire_00735,-120.95157,35.68539,2018-06-21,2018-07-20
fire_00736,-120.71907,35.64917,2018-06-21,2018-07-20
fire_00737,-121.88807,37.449425,2018-06-22,2018-07-21
fire_00738,-123.258319,39.279833,2018-06-21,2018-07-20
fire_00739,-118.70443,36.42638,2018-06-19,2018-07-18
fire_00740,-122.62357,40.65428,2018-06-23,2018-07-22
fire_00741,-118.60441,34.38039,2018-06-23,2018-07-22
fire_00742,-116.154398,33.56921,2018-06-23,2018-07-22
fire_00743,-122.97222,38.981389,2018-08-03,2018-09-01
fire_00744,-121.90215,40.824,2018-06-24,2018-07-23
fire_00745,-120.82497,40.34822,2018-06-24,2018-07-23
fire_00746,-121.600023,37.07793,2018-06-25,2018-07-24
fire_00747,-121.85847,37.89612,2018-06-25,2018-07-24
fire_00748,-121.40604,36.796,2018-06-25,2018-07-24
fire_00749,-121.55604,37.71173,2018-06-25,2018-07-24
fire_00750,-123.0496,38.8802,2018-07-02,2018-07-31
fire_00751,-116.91845,33.07892,2018-06-27,2018-07-26
fire_00752,-116.500058,33.571763,2018-06-26,2018-07-25
fire_00753,-120.46078,38.08424,2018-07-06,2018-08-04
fire_00754,-120.0545,37.69965,2018-07-05,2018-08-03
fire_00755,-121.79733,37.533026,2018-07-05,2018-08-03
fire_00756,-118.83556,35.37444,2018-07-04,2018-08-02
fire_00757,-123.103367,39.243283,2018-06-27,2018-07-26
fire_00758,-118.82989,36.21634,2018-06-27,2018-07-26
fire_00759,-123.11971,39.04786,2018-06-27,2018-07-26
fire_00760,-118.817934,35.387408,2018-06-27,2018-07-26
fire_00761,-120.868091,40.633536,2018-06-27,2018-07-26
fire_00762,-123.54642,41.95113,2018-06-15,2018-07-14
fire_00763,-119.929,38.349,2018-07-02,2018-07-31
fire_00764,-118.970443,37.735461,2018-07-01,2018-07-30
fire_00765,-117.43521,33.85852,2018-06-28,2018-07-27
fire_00766,-117.24044,33.41476,2018-06-28,2018-07-27
fire_00767,-121.792885,39.186144,2018-07-01,2018-07-30
fire_00768,-122.18353,38.51943,2018-06-28,2018-07-27
fire_00769,-123.08489,39.82877,2018-07-01,2018-07-30
fire_00770,-121.6002,40.95673,2018-06-29,2018-07-28
fire_00771,-120.64398,35.30151,2018-08-17,2018-09-15
fire_00772,-116.77154,33.05737,2018-07-07,2018-08-05
fire_00773,-120.874167,38.645,2018-07-02,2018-07-31
fire_00774,-121.03918,38.82128,2018-07-02,2018-07-31
fire_00775,-121.451307,38.82426,2018-07-02,2018-07-31
fire_00776,-120.343056,35.847778,2018-07-07,2018-08-05
fire_00777,-117.52055,33.69888,2018-07-07,2018-08-05
fire_00778,-117.460278,33.759722,2018-07-07,2018-08-05
fire_00779,-120.872244,38.061298,2018-07-07,2018-08-05
fire_00780,-121.27,39.996944,2018-07-08,2018-08-06
fire_00781,-119.98329,35.97896,2018-07-07,2018-08-05
fire_00782,-118.80138889,35.56888889,2018-07-17,2018-08-15
fire_00783,-122.219,40.896,2018-07-10,2018-08-08
fire_00784,-117.066643,33.946896,2018-07-23,2018-08-21
fire_00785,-116.902985,33.076239,2018-07-10,2018-08-08
fire_00786,-121.52225,40.99344,2018-07-10,2018-08-08
fire_00787,-122.26389,38.27229,2018-07-10,2018-08-08
fire_00788,-122.14097,37.99618,2018-07-18,2018-08-16
fire_00789,-122.44468,38.69601,2018-08-09,2018-09-07
fire_00790,-122.043747,38.431278,2018-07-11,2018-08-09
fire_00791,-118.51651,35.17156,2018-07-18,2018-08-16
fire_00792,-121.07039,39.10494,2018-07-13,2018-08-11
fire_00793,-117.0242529,33.0971179,2018-07-14,2018-08-12
fire_00794,-120.82226,36.00912,2018-07-12,2018-08-10
fire_00795,-118.7393,35.79012,2018-07-16,2018-08-14
fire_00796,-121.04386,41.38544,2018-07-16,2018-08-14
fire_00797,-122.02805,37.69926,2018-07-27,2018-08-25
fire_00798,-118.6525,35.51777778,2018-07-19,2018-08-17
fire_00799,-122.89055556,40.36888889,2018-07-20,2018-08-18
fire_00800,-120.09222222,35.11416667,2018-07-20,2018-08-18
fire_00801,-117.171731,33.627006,2018-07-20,2018-08-18
fire_00802,-120.002619,37.197039,2018-07-24,2018-08-22
fire_00803,-117.20534,33.97902,2018-07-26,2018-08-24
fire_00804,-119.431667,37.179167,2018-07-28,2018-08-26
fire_00805,-122.57496,39.02017,2018-07-27,2018-08-25
fire_00806,-117.085354,33.640051,2018-07-28,2018-08-26
fire_00807,-117.846111,34.2325,2018-08-10,2018-09-08
fire_00808,-122.3625,38.8275,2018-07-31,2018-08-29
fire_00809,-119.61416,34.576944,2018-08-02,2018-08-31
fire_00810,-120.72362,41.52123,2018-08-03,2018-09-01
fire_00811,-117.244366,34.15475,2018-08-01,2018-08-30
fire_00812,-122.43,40.9425,2018-08-06,2018-09-04
fire_00813,-122.85276,38.91842,2018-08-04,2018-09-02
fire_00814,-120.658333,39.268611,2018-08-04,2018-09-02
fire_00815,-120.92611,38.94388,2018-08-05,2018-09-03
fire_00816,-122.400556,40.678889,2018-08-05,2018-09-03
fire_00817,-120.61746,37.83388,2018-08-09,2018-09-07
fire_00818,-123.52019,40.616251,2018-08-05,2018-09-03
fire_00819,-119.45186,38.347395,2018-08-05,2018-09-03
fire_00820,-121.1563,36.35502,2018-08-14,2018-09-12
fire_00821,-122.727,38.02447,2018-08-11,2018-09-09
fire_00822,-118.92485,34.91482,2018-08-13,2018-09-11
fire_00823,-116.93188,33.80406,2018-08-15,2018-09-13
fire_00824,-120.65672,38.7448,2018-08-21,2018-09-19
fire_00825,-118.60858,34.48229,2018-08-23,2018-09-21
fire_00826,-119.68912,37.38789,2018-08-23,2018-09-21
fire_00827,-120.93005,40.33642,2018-08-23,2018-09-21
fire_00828,-121.43025,40.34256,2018-08-29,2018-09-27
fire_00829,-122.17173,40.5939,2018-08-29,2018-09-27
fire_00830,-121.75815,37.33563,2018-08-24,2018-09-22
fire_00831,-121.62168,39.84151,2018-08-25,2018-09-23
fire_00832,-117.42431,34.24138,2018-08-27,2018-09-25
fire_00833,-121.24898,35.97677,2018-09-02,2018-10-01
fire_00834,-119.3127769,36.938674,2018-09-02,2018-10-01
fire_00835,-122.18,40.22027778,2018-09-07,2018-10-06
fire_00836,-121.68694444,37.1769444,2018-09-07,2018-10-06
fire_00837,-122.43933,41.94046,2018-09-10,2018-10-09
fire_00838,-121.94658,38.45673,2018-09-12,2018-10-11
fire_00839,-120.69955,36.18401,2018-09-13,2018-10-12
fire_00840,-122.51597,40.49618,2018-09-14,2018-10-13
fire_00841,-122.38366,40.60866,2018-09-14,2018-10-13
fire_00842,-121.54103,39.93427,2018-09-15,2018-10-14
fire_00843,-120.48861,35.17693,2018-09-19,2018-10-18
fire_00844,-119.10433,36.47766,2018-09-24,2018-10-23
fire_00845,-121.51707,39.36529,2018-09-30,2018-10-29
fire_00846,-122.046,37.0125,2018-10-04,2018-11-02
fire_00847,-123.28774,39.62194,2018-10-09,2018-11-07
fire_00848,-121.4347,39.8134,2018-10-09,2018-11-07
fire_00849,-122.308479,40.346652,2018-10-06,2018-11-04
fire_00850,-120.19336,40.83116,2018-10-09,2018-11-07
fire_00851,-121.9424,38.21396,2018-10-09,2018-11-07
fire_00852,-118.93444,34.22685,2018-10-09,2018-11-07
fire_00853,-118.70128,34.235,2018-10-09,2018-11-07
fire_00854,-121.7944,37.81111,2018-10-16,2018-11-14
fire_00855,-124.001849,40.888785,2018-10-13,2018-11-11
fire_00856,-117.43184,34.18075,2018-10-14,2018-11-12
fire_00857,-121.94182,37.61158,2018-10-15,2018-11-13
fire_00858,-119.09916667,34.30166667,2018-10-16,2018-11-14
fire_00859,-118.64381589,34.26734825,2018-10-13,2018-11-11
fire_00860,-122.12036,37.12857,2018-10-17,2018-11-15
fire_00861,-123.67555556,40.61805556,2018-12-02,2018-12-31
fire_00862,-121.32399,39.24678,2019-05-26,2019-06-24
fire_00863,-120.09715,35.81778,2019-03-29,2019-04-27
fire_00864,-121.957,39.83958,2019-03-31,2019-04-29
fire_00865,-118.92545,35.65189,2019-03-31,2019-04-29
fire_00866,-121.905,39.85484,2019-04-01,2019-04-30
fire_00867,-119.19454,35.03855,2019-04-03,2019-05-02
fire_00868,-119.62762,35.72057,2019-04-07,2019-05-06
fire_00869,-120.76088,39.11536,2019-04-10,2019-05-09
fire_00870,-116.8663,32.557566,2019-04-13,2019-05-12
fire_00871,-116.172534,33.650237,2019-04-18,2019-05-17
fire_00872,-122.30737,39.98097,2019-04-20,2019-05-19
fire_00873,-117.18194,33.81678,2019-04-20,2019-05-19
fire_00874,-119.96498,35.30759,2019-04-29,2019-05-28
fire_00875,-119.3046,36.66909,2019-04-29,2019-05-28
fire_00876,-114.57265,33.69078,2019-04-30,2019-05-29
fire_00877,-121.22093,37.45899,2019-04-30,2019-05-29
fire_00878,-116.1466,33.57039,2019-04-29,2019-05-28
fire_00879,-119.10974,36.28001,2019-05-02,2019-05-31
fire_00880,-118.99229,36.18479,2019-05-03,2019-06-01
fire_00881,-118.85712,36.23012,2019-05-04,2019-06-02
fire_00882,-118.80582,36.14246,2019-05-04,2019-06-02
fire_00883,-119.913717,35.343761,2019-05-06,2019-06-04
fire_00884,-121.9763,38.02503,2019-05-07,2019-06-05
fire_00885,-122.12214,38.21416,2019-05-08,2019-06-06
fire_00886,-121.39259,38.75263,2019-05-08,2019-06-06
fire_00887,-121.09375,37.25988,2019-05-08,2019-06-06
fire_00888,-121.56363,39.15641,2019-05-09,2019-06-07
fire_00889,-122.23922,38.88978,2019-05-09,2019-06-07
fire_00890,-122.47282,38.63047,2019-05-09,2019-06-07
fire_00891,-121.85906,39.28926,2019-05-09,2019-06-07
fire_00892,-120.41128,35.66318,2019-05-13,2019-06-11
fire_00893,-121.70768,37.21638,2019-05-10,2019-06-08
fire_00894,-121.84082,37.44422,2019-05-11,2019-06-09
fire_00895,-120.88241,35.97059,2019-05-13,2019-06-11
fire_00896,-118.94106,35.89593,2019-05-11,2019-06-09
fire_00897,-120.11738,35.57376,2019-05-11,2019-06-09
fire_00898,-116.97772,33.30267,2019-05-11,2019-06-09
fire_00899,-121.73659,39.76242,2019-05-16,2019-06-14
fire_00900,-122.35962,41.64895,2019-05-15,2019-06-13
fire_00901,-122.40157,41.94622,2019-05-17,2019-06-15
fire_00902,-117.29665,33.39684,2019-05-21,2019-06-19
fire_00903,-121.85906,39.28926,2019-05-18,2019-06-16
fire_00904,-117.103765,33.919507,2019-05-22,2019-06-20
fire_00905,-121.57382,37.75427,2019-05-22,2019-06-20
fire_00906,-122.48277,39.97083,2019-05-23,2019-06-21
fire_00907,-121.32399,39.24678,2019-05-25,2019-06-23
fire_00908,-121.28312,37.46577,2019-05-26,2019-06-24
fire_00909,-120.94771,36.28426,2019-05-26,2019-06-24
fire_00910,-122.66779,40.41404,2019-05-27,2019-06-25
fire_00911,-121.534827,37.494136,2019-05-27,2019-06-25
fire_00912,-121.39419,38.73817,2019-05-27,2019-06-25
fire_00913,-117.15738,33.80493,2019-05-28,2019-06-26
fire_00914,-121.00055556,39.40972222,2019-05-29,2019-06-27
fire_00915,-116.91416667,32.62305556,2019-05-30,2019-06-28
fire_00916,-116.980528,33.911,2019-05-30,2019-06-28
fire_00917,-120.242411,37.312877,2019-05-30,2019-06-28
fire_00918,-121.23431,39.32889,2019-05-30,2019-06-28
fire_00919,-121.694968,37.18904,2019-06-02,2019-07-01
fire_00920,-121.538382,37.63206,2019-06-03,2019-07-02
fire_00921,-121.3697,37.469,2019-06-05,2019-07-04
fire_00922,-122.16201,37.99837,2019-06-05,2019-07-04
fire_00923,-122.767256,40.41741,2019-06-05,2019-07-04
fire_00924,-120.392768,40.679318,2019-06-05,2019-07-04
fire_00925,-121.35014,39.06066,2019-06-06,2019-07-05
fire_00926,-120.296551,37.524378,2019-06-08,2019-07-07
fire_00927,-120.2691666,35.6311111,2019-06-08,2019-07-07
fire_00928,-120.8092,35.95191,2019-06-09,2019-07-08
fire_00929,-116.953889,33.69055556,2019-06-11,2019-07-10
fire_00930,-116.7525,32.566389,2019-06-12,2019-07-11
fire_00931,-116.07896,33.56938,2019-06-12,2019-07-11
fire_00932,-121.586846,37.093243,2019-06-12,2019-07-11
fire_00933,-122.435492,40.463936,2019-06-12,2019-07-11
fire_00934,-117.1228851,33.8128372,2019-06-13,2019-07-12
fire_00935,-119.769881,39.631945,2019-06-13,2019-07-12
fire_00936,-120.158273,40.072739,2019-06-14,2019-07-13
fire_00937,-118.96,34.366111,2019-06-14,2019-07-13
fire_00938,-120.84372,37.944751,2019-06-15,2019-07-14
fire_00939,-121.76444444,37.32555556,2019-06-15,2019-07-14
fire_00940,-119.934167,37.016944,2019-06-15,2019-07-14
fire_00941,-116.7884,33.514658,2019-06-16,2019-07-15
fire_00942,-121.468074,37.962557,2019-06-16,2019-07-15
fire_00943,-120.306,41.909,2019-06-17,2019-07-16
fire_00944,-116.839743,32.794768,2019-06-17,2019-07-16
fire_00945,-121.371276,37.420988,2019-06-18,2019-07-17
fire_00946,-120.78068,38.115224,2019-06-18,2019-07-17
fire_00947,-120.027731,37.241427,2019-06-21,2019-07-20
fire_00948,-118.9183333,34.9008333,2019-06-21,2019-07-20
fire_00949,-122.143942,38.481258,2019-06-22,2019-07-21
fire_00950,-117.10318,34.42386,2019-06-22,2019-07-21
fire_00951,-121.579738,39.423833,2019-06-23,2019-07-22
fire_00952,-122.118889,38.158333,2019-06-24,2019-07-23
fire_00953,-121.807258,37.433192,2019-06-24,2019-07-23
fire_00954,-120.435278,35.004722,2019-06-24,2019-07-23
fire_00955,-122.656569,41.834366,2019-06-27,2019-07-26
fire_00956,-122.845,41.838,2019-06-27,2019-07-26
fire_00957,-123.846013,39.831762,2019-06-27,2019-07-26
fire_00958,-117.769766,33.997528,2019-06-28,2019-07-27
fire_00959,-121.260305,41.79591,2019-06-28,2019-07-27
fire_00960,-116.796032,32.767649,2019-06-28,2019-07-27
fire_00961,-119.94974,34.665699,2019-06-28,2019-07-27
fire_00962,-120.984167,35.908333,2019-06-29,2019-07-28
fire_00963,-121.466944,36.008889,2019-06-30,2019-07-29
fire_00964,-120.75664,38.757636,2019-06-30,2019-07-29
fire_00965,-118.41204,35.60989,2019-07-01,2019-07-30
fire_00966,-117.026667,32.575556,2019-07-02,2019-07-31
fire_00967,-121.123611,38.3525,2019-07-03,2019-08-01
fire_00968,-121.114095,38.622058,2019-07-03,2019-08-01
fire_00969,-120.23976,41.43783,2019-07-03,2019-08-01
fire_00970,-121.872941,37.908362,2019-07-04,2019-08-02
fire_00971,-118.752395,34.677864,2019-07-04,2019-08-02
fire_00972,-116.4449,34.202883,2019-07-04,2019-08-02
fire_00973,-122.25409,40.55924,2019-07-05,2019-08-03
fire_00974,-118.623651,35.287373,2019-07-06,2019-08-04
fire_00975,-117.333728,33.740219,2019-07-06,2019-08-04
fire_00976,-121.678172,37.968494,2019-07-08,2019-08-06
fire_00977,-120.336977,40.886677,2019-07-08,2019-08-06
fire_00978,-121.320838,40.900458,2019-07-08,2019-08-06
fire_00979,-122.7751,38.99174,2019-07-09,2019-08-07
fire_00980,-120.420058,37.949747,2019-07-09,2019-08-07
fire_00981,-120.275298,40.943799,2019-07-09,2019-08-07
fire_00982,-121.841879,37.708743,2019-07-10,2019-08-08
fire_00983,-121.423281,39.171091,2019-07-11,2019-08-09
fire_00984,-117.004667,33.909792,2019-07-13,2019-08-11
fire_00985,-122.54364,40.46968,2019-07-13,2019-08-11
fire_00986,-123.195306,39.005262,2019-07-13,2019-08-11
fire_00987,-118.254,34.91,2019-07-14,2019-08-12
fire_00988,-121.969167,38.455,2019-07-14,2019-08-12
fire_00989,-120.890556,38.703889,2019-07-15,2019-08-13
fire_00990,-122.309167,39.088333,2019-07-15,2019-08-13
fire_00991,-121.761974,37.219717,2019-07-16,2019-08-14
fire_00992,-122.159393,40.484329,2019-07-16,2019-08-14
fire_00993,-120.208019,37.532028,2019-07-16,2019-08-14
fire_00994,-116.760465,32.57394,2019-07-16,2019-08-14
fire_00995,-120.826165,38.652475,2019-07-16,2019-08-14
fire_00996,-116.658735,32.573437,2019-07-17,2019-08-15
fire_00997,-120.177018,37.536069,2019-07-17,2019-08-15
fire_00998,-121.55867,37.71734,2019-07-22,2019-08-20
fire_00999,-122.241944,40.715556,2019-07-23,2019-08-21
fire_01000,-116.857817,33.4506,2019-07-23,2019-08-21
fire_01001,-120.544,40.562,2019-07-25,2019-08-23
fire_01002,-120.029722,39.892222,2019-07-25,2019-08-23
fire_01003,-117.487578,33.77777348,2019-07-26,2019-08-24
fire_01004,-121.45597,37.034183,2019-07-26,2019-08-24
fire_01005,-116.873955,32.557546,2019-07-26,2019-08-24
fire_01006,-116.914799,33.463991,2019-07-28,2019-08-26
fire_01007,-120.581,40.593,2019-07-29,2019-08-27
fire_01008,-121.657011,37.718636,2019-08-01,2019-08-30
fire_01009,-119.030621,36.40193,2019-08-01,2019-08-30
fire_01010,-120.992914,35.906482,2019-08-02,2019-08-31
fire_01011,-119.3547,34.71011,2019-08-02,2019-08-31
fire_01012,-121.596667,37.545167,2019-08-03,2019-09-01
fire_01013,-120.8405,36.600167,2019-08-03,2019-09-01
fire_01014,-117.343833,34.353667,2019-08-03,2019-09-01
fire_01015,-120.946657,38.898915,2019-08-04,2019-09-02
fire_01016,-122.07743,37.178353,2019-08-04,2019-09-02
fire_01017,-120.680556,40.061389,2019-08-05,2019-09-03
fire_01018,-117.273157,33.528469,2019-08-05,2019-09-03
fire_01019,-122.642572,38.910498,2019-08-05,2019-09-03
fire_01020,-121.39478,36.732866,2019-08-05,2019-09-03
fire_01021,-122.64,40.12,2019-08-06,2019-09-04
fire_01022,-120.945044,38.017138,2019-08-06,2019-09-04
fire_01023,-123.222196,40.062304,2019-08-06,2019-09-04
fire_01024,-122.789,40.109,2019-08-06,2019-09-04
fire_01025,-118.872,37.826,2019-08-07,2019-09-05
fire_01026,-121.056,41.748,2019-08-07,2019-09-05
fire_01027,-118.228,36.284,2019-08-07,2019-09-05
fire_01028,-118.185,36.151,2019-08-07,2019-09-05
fire_01029,-118.345,37.034,2019-08-07,2019-09-05
fire_01030,-121.412333,39.470333,2019-08-07,2019-09-05
fire_01031,-122.662258,41.862237,2019-08-08,2019-09-06
fire_01032,-123.2129356,41.4929742,2019-08-08,2019-09-06
fire_01033,-122.634108,41.150392,2019-08-08,2019-09-06
fire_01034,-122.833831,38.955024,2019-08-08,2019-09-06
fire_01035,-121.412619,39.45296,2019-08-08,2019-09-06
fire_01036,-122.740333,41.512917,2019-08-08,2019-09-06
fire_01037,-117.3063,33.9369,2019-08-08,2019-09-06
fire_01038,-120.187368,34.630919,2019-08-10,2019-09-08
fire_01039,-116.631106,33.496633,2019-08-11,2019-09-09
fire_01040,-121.110146,37.32585,2019-08-12,2019-09-10
fire_01041,-117.270144,33.854597,2019-08-13,2019-09-11
fire_01042,-120.401028,37.492002,2019-08-14,2019-09-12
fire_01043,-117.043723,33.4853,2019-08-15,2019-09-13
fire_01044,-123.000833,41.749667,2019-08-16,2019-09-14
fire_01045,-116.801111,33.635,2019-08-16,2019-09-14
fire_01046,-121.432636,38.751648,2019-08-21,2019-09-19
fire_01047,-121.842751,37.467744,2019-08-22,2019-09-20
fire_01048,-120.455883,35.214364,2019-08-22,2019-09-20
fire_01049,-117.170588,33.900994,2019-08-22,2019-09-20
fire_01050,-120.827386,38.20177,2019-08-23,2019-09-21
fire_01051,-120.625556,37.838333,2019-08-24,2019-09-22
fire_01052,-122.039167,40.612556,2019-08-25,2019-09-23
fire_01053,-116.806941,32.787656,2019-08-25,2019-09-23
fire_01054,-120.67131,38.332083,2019-08-26,2019-09-24
fire_01055,-116.88,32.87833333,2019-08-26,2019-09-24
fire_01056,-122.25611111,38.07944444,2019-08-27,2019-09-25
fire_01057,-121.693472,39.622137,2019-08-29,2019-09-27
fire_01058,-120.965105,38.538467,2019-08-30,2019-09-28
fire_01059,-117.033598,33.703546,2019-08-31,2019-09-29
fire_01060,-120.634179,36.154184,2019-08-31,2019-09-29
fire_01061,-120.1755,35.189783,2019-09-01,2019-09-30
fire_01062,-121.336465,37.429506,2019-09-03,2019-10-02
fire_01063,-123.4375,41.70611111,2019-09-04,2019-10-03
fire_01064,-123.458782,39.613783,2019-09-04,2019-10-03
fire_01065,-119.96606,37.604638,2019-09-06,2019-10-05
fire_01066,-122.211671,38.165873,2019-09-06,2019-10-05
fire_01067,-121.219163,37.066483,2019-09-07,2019-10-06
fire_01068,-122.070055,40.314187,2019-09-07,2019-10-06
fire_01069,-121.853,37.606,2019-09-08,2019-10-07
fire_01070,-120.73102,35.79069,2019-09-09,2019-10-08
fire_01071,-122.1604,39.847708,2019-09-09,2019-10-08
fire_01072,-122.160416,39.847708,2019-09-09,2019-10-08
fire_01073,-122.103867,37.828267,2019-09-10,2019-10-09
fire_01074,-117.499619,33.827979,2019-09-10,2019-10-09
fire_01075,-117.207068,33.975405,2019-09-10,2019-10-09
fire_01076,-117.059167,33.9925,2019-09-10,2019-10-09
fire_01077,-122.19911,40.4988,2019-09-10,2019-10-09
fire_01078,-116.897333,33.8615,2019-09-10,2019-10-09
fire_01079,-118.950833,34.156389,2019-09-10,2019-10-09
fire_01080,-118.48161,34.32988,2019-09-10,2019-10-09
fire_01081,-120.312856,35.709176,2019-09-11,2019-10-10
fire_01082,-120.145,38.724,2019-09-11,2019-10-10
fire_01083,-119.20187,34.23955,2019-09-11,2019-10-10
fire_01084,-120.304341,40.387772,2019-09-13,2019-10-12
fire_01085,-116.05898,33.45148,2019-09-14,2019-10-13
fire_01086,-122.245186,38.045866,2019-09-15,2019-10-14
fire_01087,-117.097441,32.762706,2019-09-15,2019-10-14
fire_01088,-120.190833,34.484722,2019-09-17,2019-10-16
fire_01089,-122.604425,38.88913,2019-09-17,2019-10-16
fire_01090,-120.460189,36.319291,2019-09-18,2019-10-17
fire_01091,-117.21545,34.033117,2019-09-21,2019-10-20
fire_01092,-118.554091,34.055768,2019-09-21,2019-10-20
fire_01093,-122.780053,38.792458,2019-09-23,2019-10-22
fire_01094,-117.274276,34.183624,2019-09-24,2019-10-23
fire_01095,-122.636471,37.896231,2019-09-24,2019-10-23
fire_01096,-121.800538,39.551423,2019-09-24,2019-10-23
fire_01097,-118.368056,34.472778,2019-09-24,2019-10-23
fire_01098,-122.361112,37.166674,2019-09-24,2019-10-23
fire_01099,-121.68598,37.62782,2019-09-24,2019-10-23
fire_01100,-116.742508,33.055124,2019-09-25,2019-10-24
fire_01101,-117.027333,33.259861,2019-09-25,2019-10-24
fire_01102,-122.25421,40.00171,2019-09-27,2019-10-26
fire_01103,-121.64118,37.99136,2019-09-27,2019-10-26
fire_01104,-122.2241,38.03545,2019-09-27,2019-10-26
fire_01105,-122.22463,38.07205,2019-09-27,2019-10-26
fire_01106,-123.12887,39.22431,2019-09-27,2019-10-26
fire_01107,-122.11092,37.97911,2019-09-27,2019-10-26
fire_01108,-118.478717,34.098191,2019-09-28,2019-10-27
fire_01109,-118.803389,34.282179,2019-09-30,2019-10-29
fire_01110,-117.4625,34.01778,2019-10-01,2019-10-30
fire_01111,-117.414111,33.985972,2019-10-01,2019-10-30
fire_01112,-116.834583,32.564583,2019-10-01,2019-10-30
fire_01113,-117.285,34.183,2019-10-01,2019-10-30
fire_01114,-118.997115,34.302212,2019-10-01,2019-10-30
fire_01115,-117.461363,33.849906,2019-10-02,2019-10-31
fire_01116,-122.637837,40.036379,2019-10-04,2019-11-02
fire_01117,-122.496548,39.100408,2019-10-06,2019-11-04
fire_01118,-121.325842,38.838992,2019-10-26,2019-11-24
fire_01119,-119.785,34.5025,2019-10-26,2019-11-24
fire_01120,-123.6378411,40.511092,2020-01-16,2020-02-14
fire_01121,-120.3291855,39.6923001,2020-01-18,2020-02-16
fire_01122,-122.84722222,40.33583333,2020-01-24,2020-02-22
fire_01123,-120.49392,40.62155,2020-01-24,2020-02-22
fire_01124,-122.94111111,39.75638899,2020-01-26,2020-02-24
fire_01125,-122.384532,39.774968,2020-02-01,2020-03-01
fire_01126,-117.51793,33.96957,2020-02-02,2020-03-02
fire_01127,-117.40906,33.65263,2020-02-05,2020-03-05
fire_01128,-115.5865,32.93432,2020-03-05,2020-04-03
fire_01129,-122.43905,40.09554,2020-03-24,2020-04-22
fire_01130,-122.97693,40.63442,2020-03-26,2020-04-24
fire_01131,-121.595225,37.82066,2020-03-28,2020-04-26
fire_01132,-120.106407,36.075003,2020-04-03,2020-05-02
fire_01133,-120.29379,34.47438,2020-04-07,2020-05-06
fire_01134,-121.47273,39.42208,2020-04-08,2020-05-07
fire_01135,-117.024114,33.861054,2020-04-18,2020-05-17
fire_01136,-119.982359,37.11715,2020-04-21,2020-05-20
fire_01137,-122.403634,38.697834,2020-04-22,2020-05-21
fire_01138,-120.70524,35.34237,2020-04-27,2020-05-26
fire_01139,-117.34934,33.83167,2020-04-28,2020-05-27
fire_01140,-119.74577,34.01389,2020-05-01,2020-05-30
fire_01141,-119.93221,37.11806,2020-05-02,2020-05-31
fire_01142,-121.390862,38.824371,2020-05-02,2020-05-31
fire_01143,-123.48018,39.1296,2020-05-02,2020-05-31
fire_01144,-120.288882,40.809323,2020-05-03,2020-06-01
fire_01145,-116.524014,33.782532,2020-05-03,2020-06-01
fire_01146,-122.042199,38.232281,2020-05-04,2020-06-02
fire_01147,-121.726223,37.329163,2020-05-05,2020-06-03
fire_01148,-122.097933,40.837885,2020-05-05,2020-06-03
fire_01149,-121.851895,37.229703,2020-05-05,2020-06-03
fire_01150,-121.340239,38.98487,2020-05-06,2020-06-04
fire_01151,-122.549816,38.224849,2020-05-06,2020-06-04
fire_01152,-122.156313,38.196893,2020-05-06,2020-06-04
fire_01153,-122.536406,38.216134,2020-05-07,2020-06-05
fire_01154,-122.038208,38.470809,2020-05-07,2020-06-05
fire_01155,-122.002811,37.994368,2020-05-07,2020-06-05
fire_01156,-121.0781,36.2644,2020-05-08,2020-06-06
fire_01157,-120.215454,37.61955,2020-05-08,2020-06-06
fire_01158,-121.16483,37.463636,2020-05-09,2020-06-07
fire_01159,-117.37581,33.638067,2020-05-09,2020-06-07
fire_01160,-120.81509,35.94979,2020-05-09,2020-06-07
fire_01161,-117.46036,33.82925,2020-05-09,2020-06-07
fire_01162,-116.89655,33.78275,2020-05-09,2020-06-07
fire_01163,-120.988571,38.827755,2020-05-10,2020-06-08
fire_01164,-123.21318,38.89695,2020-05-10,2020-06-08
fire_01165,-117.47166,33.37579,2020-05-10,2020-06-08
fire_01166,-119.17808,34.29475,2020-05-11,2020-06-09
fire_01167,-120.00521,35.35146,2020-05-11,2020-06-09
fire_01168,-118.77347,34.46182,2020-05-11,2020-06-09
fire_01169,-116.7862,32.73044,2020-05-12,2020-06-10
fire_01170,-116.690712,32.580882,2020-05-12,2020-06-10
fire_01171,-121.378879,38.733421,2020-05-12,2020-06-10
fire_01172,-121.201927,38.520981,2020-05-13,2020-06-11
fire_01173,-119.36572,36.82276,2020-05-13,2020-06-11
fire_01174,-120.08522,37.40827,2020-05-14,2020-06-12
fire_01175,-117.461925,33.776033,2020-05-14,2020-06-12
fire_01176,-120.28867,34.63309,2020-05-15,2020-06-13
fire_01177,-120.69959,35.17977,2020-05-16,2020-06-14
fire_01178,-120.92925,36.3011,2020-05-17,2020-06-15
fire_01179,-120.56823,35.40953,2020-05-17,2020-06-15
fire_01180,-120.72958,38.07741,2020-05-17,2020-06-15
fire_01181,-121.60037,39.52408,2020-05-18,2020-06-16
fire_01182,-121.20828,38.23432,2020-05-18,2020-06-16
fire_01183,-122.205628,40.000132,2020-05-18,2020-06-16
fire_01184,-121.42113,35.9497,2020-05-18,2020-06-16
fire_01185,-118.6894,35.27678,2020-05-18,2020-06-16
fire_01186,-121.33956,38.89178,2020-05-19,2020-06-17
fire_01187,-118.845123,36.37085,2020-05-19,2020-06-17
fire_01188,-121.45372,39.37577,2020-05-19,2020-06-17
fire_01189,-118.8613,35.89133,2020-05-20,2020-06-18
fire_01190,-121.53976,39.36894,2020-05-21,2020-06-19
fire_01191,-120.54161,41.5017,2020-05-21,2020-06-19
fire_01192,-120.20316,38.08264,2020-05-22,2020-06-20
fire_01193,-121.08753,35.90835,2020-05-22,2020-06-20
fire_01194,-121.57407,36.69845,2020-05-22,2020-06-20
fire_01195,-119.19677,36.5537,2020-05-23,2020-06-21
fire_01196,-120.87858,35.9789,2020-05-23,2020-06-21
fire_01197,-120.68326,35.62906,2020-05-23,2020-06-21
fire_01198,-119.33439,36.97511,2020-05-24,2020-06-22
fire_01199,-120.28147,40.43203,2020-05-24,2020-06-22
fire_01200,-120.04635,40.44793,2020-05-25,2020-06-23
fire_01201,-115.96594,33.27665,2020-05-25,2020-06-23
fire_01202,-121.18355,37.46265,2020-05-26,2020-06-24
fire_01203,-119.88048,35.30742,2020-05-26,2020-06-24
fire_01204,-119.00289,38.22554,2020-05-27,2020-06-25
fire_01205,-116.750925,33.565093,2020-05-27,2020-06-25
fire_01206,-119.81098,39.32596,2020-05-28,2020-06-26
fire_01207,-121.21912,37.06641,2020-05-29,2020-06-27
fire_01208,-120.96759,35.69993,2020-05-29,2020-06-27
fire_01209,-121.2199939,41.0336731,2020-05-30,2020-06-28
fire_01210,-121.4319,39.3784,2020-05-31,2020-06-29
fire_01211,-123.437051,40.791509,2020-05-31,2020-06-29
fire_01212,-118.702732,35.310132,2020-06-01,2020-06-30
fire_01213,-118.324601,34.542742,2020-06-01,2020-06-30
fire_01214,-119.9252132,36.9678542,2020-06-02,2020-07-01
fire_01215,-120.053275,35.393889,2020-06-03,2020-07-02
fire_01216,-117.124353,34.182436,2020-06-03,2020-07-02
fire_01217,-121.876277,37.536015,2020-06-04,2020-07-03
fire_01218,-120.00485,35.351065,2020-06-05,2020-07-04
fire_01219,-121.567505,37.166733,2020-06-04,2020-07-03
fire_01220,-121.086625,37.091637,2020-06-05,2020-07-04
fire_01221,-119.116536,36.750186,2020-06-05,2020-07-04
fire_01222,-121.501532,37.034839,2020-06-05,2020-07-04
fire_01223,-118.328877,34.467915,2020-06-05,2020-07-04
fire_01224,-122.25471,38.02996,2020-06-06,2020-07-05
fire_01225,-121.53524,37.71984,2020-06-06,2020-07-05
fire_01226,-122.12447,38.21614,2020-06-06,2020-07-05
fire_01227,-120.941267,38.58488,2020-06-07,2020-07-06
fire_01228,-122.65813,39.35498,2020-06-07,2020-07-06
fire_01229,-116.7464168,33.551838,2020-06-09,2020-07-08
fire_01230,-121.79349,37.37731,2020-06-11,2020-07-10
fire_01231,-119.50307,37.1487,2020-06-11,2020-07-10
fire_01232,-117.108421,33.623968,2020-06-13,2020-07-12
fire_01233,-121.37994,39.43227,2020-06-13,2020-07-12
fire_01234,-116.83552,33.48429,2020-06-13,2020-07-12
fire_01235,-120.52193,36.09493,2020-06-13,2020-07-12
fire_01236,-121.04401,36.653,2020-06-15,2020-07-14
fire_01237,-119.95807,37.42319,2020-06-15,2020-07-14
fire_01238,-121.33589,39.10112,2020-06-15,2020-07-14
fire_01239,-121.59374,37.64044,2020-06-16,2020-07-15
fire_01240,-116.97557,34.39464,2020-06-17,2020-07-16
fire_01241,-122.69296,41.79319,2020-06-18,2020-07-17
fire_01242,-120.86375,40.420886,2020-06-18,2020-07-17
fire_01243,-122.792645,40.462621,2020-06-19,2020-07-18
fire_01244,-120.923293,41.11037,2020-06-20,2020-07-19
fire_01245,-123.6986222,41.1849445,2020-06-20,2020-07-19
fire_01246,-121.604579,39.506597,2020-06-20,2020-07-19
fire_01247,-121.620238,37.977309,2020-06-20,2020-07-19
fire_01248,-117.192142,34.135626,2020-06-20,2020-07-19
fire_01249,-119.932391,37.118075,2020-06-20,2020-07-19
fire_01250,-118.711135,37.518879,2020-06-21,2020-07-20
fire_01251,-121.477,41.699,2020-06-24,2020-07-23
fire_01252,-117.033124,33.93327,2020-06-24,2020-07-23
fire_01253,-122.359663,39.013591,2020-06-24,2020-07-23
fire_01254,-117.429598,34.028116,2020-06-25,2020-07-24
fire_01255,-121.044895,38.420382,2020-06-26,2020-07-25
fire_01256,-121.101634,37.083806,2020-06-27,2020-07-26
fire_01257,-118.72004,34.75844,2020-06-27,2020-07-26
fire_01258,-124.19954,40.78804,2020-06-27,2020-07-26
fire_01259,-116.77048,32.62212,2020-06-28,2020-07-27
fire_01260,-120.00521,35.35146,2020-06-28,2020-07-27
fire_01261,-117.45479,34.25143,2020-06-29,2020-07-28
fire_01262,-121.17197,38.40329,2020-06-29,2020-07-28
fire_01263,-117.034461,33.934137,2020-06-30,2020-07-29
fire_01264,-117.889503,34.17363,2020-06-30,2020-07-29
fire_01265,-118.7933,35.14357,2020-06-30,2020-07-29
fire_01266,-116.9617,33.99139,2020-07-01,2020-07-30
fire_01267,-121.6415,40.34659,2020-07-02,2020-07-31
fire_01268,-118.59699,34.51853,2020-07-02,2020-07-31
fire_01269,-120.47346,35.43128,2020-07-02,2020-07-31
fire_01270,-121.103299,38.686478,2020-07-03,2020-08-01
fire_01271,-116.641846,33.924086,2020-07-03,2020-08-01
fire_01272,-120.44811,40.36764,2020-07-03,2020-08-01
fire_01273,-122.48525,39.31313,2020-07-03,2020-08-01
fire_01274,-118.21608,34.04447,2020-07-03,2020-08-01
fire_01275,-121.38178,39.11307,2020-07-03,2020-08-01
fire_01276,-118.49731,34.3428,2020-07-04,2020-08-02
fire_01277,-118.53361,35.43044,2020-07-04,2020-08-02
fire_01278,-119.2439,36.90933,2020-07-05,2020-08-03
fire_01279,-120.40457,35.61521,2020-07-05,2020-08-03
fire_01280,-118.92967,34.93929,2020-07-07,2020-08-05
fire_01281,-123.262437,39.82454,2020-07-11,2020-08-09
fire_01282,-121.318472,38.81111,2020-07-11,2020-08-09
fire_01283,-120.549595,40.590714,2020-07-12,2020-08-10
fire_01284,-119.444977,34.962524,2020-07-13,2020-08-11
fire_01285,-118.452,34.679,2020-07-13,2020-08-11
fire_01286,-119.987565,35.308259,2020-07-13,2020-08-11
fire_01287,-121.172572,38.474502,2020-07-14,2020-08-12
fire_01288,-117.910498,34.160265,2020-07-14,2020-08-12
fire_01289,-121.633994,39.647686,2020-07-15,2020-08-13
fire_01290,-120.143473,39.702438,2020-07-15,2020-08-13
fire_01291,-120.856731,35.472114,2020-07-16,2020-08-14
fire_01292,-120.427342,36.09876,2020-07-16,2020-08-14
fire_01293,-120.801074,35.519723,2020-07-17,2020-08-15
fire_01294,-122.427358,39.52452,2020-07-17,2020-08-15
fire_01295,-121.62161,36.60239,2020-07-17,2020-08-15
fire_01296,-122.673,39.776,2020-07-17,2020-08-15
fire_01297,-121.100352,39.29241,2020-07-18,2020-08-16
fire_01298,-122.5012461,39.555943,2020-07-18,2020-08-16
fire_01299,-118.758965,34.438759,2020-07-18,2020-08-16
fire_01300,-120.876546,38.840068,2020-07-18,2020-08-16
fire_01301,-122.22275,37.17162,2020-07-17,2020-08-15
fire_01302,-121.30435,37.439437,2020-07-17,2020-08-15
fire_01303,-121.68181,36.4463,2020-07-19,2020-08-17
fire_01304,-123.013667,39.276,2020-07-19,2020-08-17
fire_01305,-120.763258,38.027921,2020-07-19,2020-08-17
fire_01306,-123.2111007,39.8174372,2020-07-19,2020-08-17
fire_01307,-122.14864,38.48193,2020-07-18,2020-08-16
fire_01308,-122.4393,40.09571,2020-07-18,2020-08-16
fire_01309,-120.85258,38.03106,2020-07-20,2020-08-18
fire_01310,-120.312565,37.813779,2020-07-21,2020-08-19
fire_01311,-117.328234,33.454896,2020-07-21,2020-08-19
fire_01312,-121.68465,37.18725,2020-07-22,2020-08-20
fire_01313,-120.757,40.274,2020-07-23,2020-08-21
fire_01314,-122.836701,38.018089,2020-07-19,2020-08-17
fire_01315,-120.1243296,35.4335197,2020-07-26,2020-08-24
fire_01316,-120.536,40.773,2020-07-27,2020-08-25
fire_01317,-121.10411,38.8825,2020-07-27,2020-08-25
fire_01318,-118.36411,34.65979,2020-07-29,2020-08-27
fire_01319,-119.88673,37.08053,2020-07-31,2020-08-29
fire_01320,-122.637037,39.012743,2020-08-02,2020-08-31
fire_01321,-119.261175,37.19147,2020-08-05,2020-09-03
fire_01322,-116.98669,34.08056,2020-08-06,2020-09-04
fire_01323,-116.692705,32.765615,2020-08-06,2020-09-04
fire_01324,-123.3965,39.4935,2020-08-08,2020-09-06
fire_01325,-121.32361,39.3637,2020-08-10,2020-09-08
fire_01326,-121.18018,37.46377,2020-08-09,2020-09-07
fire_01327,-122.84057,41.68229,2020-08-10,2020-09-08
fire_01328,-123.021635,41.575549,2020-08-12,2020-09-10
fire_01329,-119.027309,37.135474,2020-08-13,2020-09-11
fire_01330,-122.847359,41.211022,2020-08-17,2020-09-15
fire_01331,-120.491594,34.773809,2020-08-17,2020-09-15
fire_01332,-116.68386,33.88831,2020-08-18,2020-09-16
fire_01333,-122.49745,38.56295,2020-08-28,2020-09-26
fire_01334,-122.56656,40.53927,2020-08-28,2020-09-26
fire_01335,-118.4,34.563,2020-08-29,2020-09-27
fire_01336,-117.374419,33.764357,2020-08-30,2020-09-28
fire_01337,-121.003602,38.49375,2020-08-31,2020-09-29
fire_01338,-121.039236,38.464074,2020-09-03,2020-10-02
fire_01339,-121.006635,38.424016,2020-09-04,2020-10-03
fire_01340,-121.450982,39.181047,2020-09-07,2020-10-06
fire_01341,-122.104314,37.821737,2020-09-11,2020-10-10
fire_01342,-120.64541,37.98337,2020-09-13,2020-10-12
fire_01343,-117.138078,34.014728,2020-09-15,2020-10-14
fire_01344,-120.964726,38.659387,2020-09-18,2020-10-17
fire_01345,-121.54475,39.51694,2020-09-22,2020-10-21
fire_01346,-123.88658,40.55823,2020-09-23,2020-10-22
fire_01347,-122.37828,38.56184,2020-09-23,2020-10-22
fire_01348,-122.39033,40.38869,2020-09-25,2020-10-24
fire_01349,-122.18102,40.47646,2020-09-25,2020-10-24
fire_01350,-122.342,40.41486,2020-09-25,2020-10-24
fire_01351,-117.65719,33.73614,2020-09-26,2020-10-25
fire_01352,-117.675067,33.877257,2020-09-26,2020-10-25
fire_01353,-117.51476,34.03343,2020-10-02,2020-10-31
fire_01354,-117.778561,34.146195,2020-10-07,2020-11-05
fire_01355,-120.87054,41.4435,2020-10-18,2020-11-16
fire_01356,-117.62109,33.893351,2020-11-01,2020-11-30
fire_01357,-117.051463,33.773754,2020-11-03,2020-12-02
fire_01358,-117.674967,33.743842,2020-11-02,2020-12-01
fire_01359,-120.374514,41.591948,2020-11-03,2020-12-02
fire_01360,-119.078,34.33622,2020-11-07,2020-12-06
fire_01361,-117.03459,33.93244,2020-11-13,2020-12-12
fire_01362,-118.83967,34.20955,2020-12-15,2021-01-13
fire_01363,-119.51982,37.25086,2020-12-20,2021-01-18
fire_01364,-122.10509,37.08931,2020-12-20,2021-01-18
fire_01365,-122.28823,37.18259,2020-12-19,2021-01-17
fire_01366,-122.1756,37.17749,2020-12-19,2021-01-17
fire_01367,-119.185309,34.99432,2020-12-20,2021-01-18
fire_01368,-116.10723,33.52871,2020-12-20,2021-01-18
fire_01369,-118.5553174,34.3585229,2020-12-20,2021-01-18
fire_01370,-122.13372,37.18381,2020-12-20,2021-01-18
fire_01371,-121.83627,36.98767,2020-12-20,2021-01-18
fire_01372,-117.5910734433329,35.5819816117628,2021-02-12,2021-03-13
fire_01373,-121.627082,41.927772,2021-02-25,2021-03-26
fire_01374,-120.131236,37.813464,2021-02-26,2021-03-27
fire_01375,-122.0536419,40.6758842,2021-03-02,2021-03-31
fire_01376,-118.70009500551254,34.30277328465364,2021-03-05,2021-04-03
fire_01377,-116.582369,32.958961,2021-03-13,2021-04-11
fire_01378,-123.35838,38.99914,2021-03-19,2021-04-17
fire_01379,-121.5896697,38.9743823,2021-03-20,2021-04-18
fire_01380,-121.143154,37.0953436,2021-03-25,2021-04-23
fire_01381,-118.616276,34.449686,2021-03-29,2021-04-27
fire_01382,-122.51771555326388,38.88437128468346,2021-03-30,2021-04-28
fire_01383,-120.856628,38.223179,2021-03-30,2021-04-28
fire_01384,-121.034998,38.773294,2021-04-01,2021-04-30
fire_01385,-116.443391,32.987532,2021-04-02,2021-05-01
fire_01386,-116.767011,33.532246,2021-04-04,2021-05-03
fire_01387,-117.044072,33.86972,2021-04-05,2021-05-04
fire_01388,-121.91936,39.85479,2021-04-08,2021-05-07
fire_01389,-120.85258,38.03106,2021-04-08,2021-05-07
fire_01390,-121.45965,38.28328,2021-04-08,2021-05-07
fire_01391,-121.361339,39.2510745,2021-04-12,2021-05-11
fire_01392,-117.663815,34.454231,2021-04-12,2021-05-11
fire_01393,-120.419624,37.560209,2021-04-14,2021-05-13
fire_01394,-120.094517,40.971612,2021-04-14,2021-05-13
fire_01395,-118.558938,34.079046,2021-04-14,2021-05-13
fire_01396,-117.1116,33.8948,2021-04-18,2021-05-17
fire_01397,-115.917099,33.50994,2021-04-19,2021-05-18
fire_01398,-121.01365,38.56101,2021-04-19,2021-05-18
fire_01399,-118.5044868,34.7591895,2021-04-20,2021-05-19
fire_01400,-123.66003,41.23106,2021-04-21,2021-05-20
fire_01401,-123.23205,39.384319,2021-04-21,2021-05-20
fire_01402,-117.471517,33.965596,2021-04-24,2021-05-23
fire_01403,-120.00392,37.45646,2021-04-27,2021-05-26
fire_01404,-120.8391587117288,37.89346196853137,2021-04-27,2021-05-26
fire_01405,-120.854096,35.932852,2021-04-30,2021-05-29
fire_01406,-119.3484121800294,36.86201725309289,2021-05-01,2021-05-30
fire_01407,-119.5166045,37.1619216,2021-05-01,2021-05-30
fire_01408,-117.089849,33.631955,2021-05-02,2021-05-31
fire_01409,-116.90145,33.895007,2021-05-03,2021-06-01
fire_01410,-119.86047836209606,37.24484944019164,2021-05-07,2021-06-05
fire_01411,-121.333346,39.084872,2021-05-09,2021-06-07
fire_01412,-117.41835464122236,34.383247203440405,2021-05-10,2021-06-08
fire_01413,-117.34832277422022,33.315711565249096,2021-05-10,2021-06-08
fire_01414,-122.238889,38.899722,2021-05-10,2021-06-08
fire_01415,-116.4518615,33.5812044,2021-05-14,2021-06-12
fire_01416,-120.9608439,38.3046414,2021-05-14,2021-06-12
fire_01417,-121.3587065,39.1956433,2021-05-14,2021-06-12
fire_01418,-121.76309,37.24042,2021-05-15,2021-06-13
fire_01419,-116.94956,33.67127,2021-05-16,2021-06-14
fire_01420,-122.49164,40.61468,2021-05-16,2021-06-14
fire_01421,-122.16025,40.10806,2021-05-16,2021-06-14
fire_01422,-121.01273,38.79988,2021-05-17,2021-06-15
fire_01423,-122.916,39.16338,2021-05-18,2021-06-16
fire_01424,-121.76629,39.77144,2021-05-18,2021-06-16
fire_01425,-118.20355,36.59717,2021-05-19,2021-06-17
fire_01426,-119.10788,36.47887,2021-05-19,2021-06-17
fire_01427,-118.85799,36.03223,2021-05-19,2021-06-17
fire_01428,-118.76857,36.03887,2021-05-19,2021-06-17
fire_01429,-121.558858,36.151231,2021-05-19,2021-06-17
fire_01430,-118.86258,34.83498,2021-05-19,2021-06-17
fire_01431,-116.233056,32.903917,2021-05-20,2021-06-18
fire_01432,-116.707967,33.551747,2021-05-20,2021-06-18
fire_01433,-118.1420738,36.6000177,2021-05-20,2021-06-18
fire_01434,-122.12107,40.53297,2021-05-21,2021-06-19
fire_01435,-116.1147496,33.499081,2021-05-21,2021-06-19
fire_01436,-116.9543,33.09183,2021-05-21,2021-06-19
fire_01437,-121.39247,38.728881,2021-05-22,2021-06-20
fire_01438,-120.729446,41.583949,2021-05-23,2021-06-21
fire_01439,-120.987172,36.63228,2021-05-24,2021-06-22
fire_01440,-122.481055,40.475558,2021-05-24,2021-06-22
fire_01441,-117.095858,33.337282,2021-05-24,2021-06-22
fire_01442,-120.497502,41.562302,2021-05-25,2021-06-23
fire_01443,-121.584194,37.118582,2021-05-26,2021-06-24
fire_01444,-120.876096,38.659971,2021-05-27,2021-06-25
fire_01445,-122.329,41.459,2021-05-25,2021-06-23
fire_01446,-118.793912,35.442533,2021-05-27,2021-06-25
fire_01447,-118.891,34.919,2021-05-28,2021-06-26
fire_01448,-121.406,40.039,2021-05-28,2021-06-26
fire_01449,-119.735,36.932,2021-05-28,2021-06-26
fire_01450,-117.280416,34.20849,2021-05-29,2021-06-27
fire_01451,-117.050236,33.740058,2021-05-29,2021-06-27
fire_01452,-122.054254,41.665191,2021-05-29,2021-06-27
fire_01453,-122.054254,41.665191,2021-05-29,2021-06-27
fire_01454,-122.374848,41.917209,2021-05-29,2021-06-27
fire_01455,-119.25484409482164,37.02865766813302,2021-05-31,2021-06-29
fire_01456,-122.348956,40.860525,2021-05-31,2021-06-29
fire_01457,-116.677511,33.119448,2021-06-03,2021-07-02
fire_01458,-119.017899,36.10007,2021-06-03,2021-07-02
fire_01459,-120.3415,39.83203,2021-06-04,2021-07-03
fire_01460,-118.87933,34.808751,2021-06-04,2021-07-03
fire_01461,-119.393795,36.802809,2021-06-04,2021-07-03
fire_01462,-120.638464,41.80728,2021-06-05,2021-07-04
fire_01463,-123.224377,39.253647,2021-06-07,2021-07-06
fire_01464,-121.05758,37.06047,2021-06-09,2021-07-08
fire_01465,-121.77593,41.28523,2021-06-09,2021-07-08
fire_01466,-116.6253,32.82731,2021-06-10,2021-07-09
fire_01467,-121.667665,37.865193,2021-06-11,2021-07-10
fire_01468,-118.81448,34.85178,2021-06-11,2021-07-10
fire_01469,-119.869785,37.350823,2021-06-11,2021-07-10
fire_01470,-121.82403,41.25272,2021-06-11,2021-07-10
fire_01471,-118.8745,37.8024,2021-06-12,2021-07-11
fire_01472,-121.389439,39.871306,2021-06-13,2021-07-12
fire_01473,-122.64768,40.1703,2021-06-14,2021-07-13
fire_01474,-122.7418335,38.0975072,2021-06-14,2021-07-13
fire_01475,-119.7512546,38.4504695,2021-05-26,2021-06-24
fire_01476,-116.634023,32.578481,2021-06-15,2021-07-14
fire_01477,-119.8591887,38.6280042,2021-06-04,2021-07-03
fire_01478,-122.55195,39.999396,2021-06-17,2021-07-16
fire_01479,-120.45187,40.86955,2021-06-18,2021-07-17
fire_01480,-117.070814,33.889516,2021-06-20,2021-07-19
fire_01481,-118.46461,35.41153,2021-06-20,2021-07-19
fire_01482,-121.24684,39.383922,2021-06-20,2021-07-19
fire_01483,-123.505,39.976,2021-06-23,2021-07-22
fire_01484,-118.722167,36.199833,2021-06-26,2021-07-25
fire_01485,-121.224797,36.476664,2021-06-28,2021-07-27
fire_01486,-120.8468224,40.183504,2021-06-29,2021-07-28
fire_01487,-123.034,40.35,2021-06-30,2021-07-29
fire_01488,-120.867498,38.054116,2021-06-30,2021-07-29
fire_01489,-118.8217926,34.7479248,2021-07-01,2021-07-30
fire_01490,-120.560856,35.65927,2021-07-01,2021-07-30
fire_01491,-121.9154934,41.5289901,2021-07-02,2021-07-31
fire_01492,-122.482826,40.466364,2021-07-02,2021-07-31
fire_01493,-123.337,40.752,2021-06-30,2021-07-29
fire_01494,-123.057,41.389,2021-06-30,2021-07-29
fire_01495,-117.65989,34.23604,2021-07-04,2021-08-02
fire_01496,-122.506112,40.604986,2021-07-05,2021-08-03
fire_01497,-121.01468,39.08805,2021-07-05,2021-08-03
fire_01498,-121.53946,41.68499,2021-07-07,2021-08-05
fire_01499,-121.89008,41.034362,2021-07-08,2021-08-06
fire_01500,-121.30845,39.403918,2021-07-12,2021-08-10
fire_01501,-122.727542,38.250596,2021-07-14,2021-08-12
fire_01502,-122.581257,38.826123,2021-07-14,2021-08-12
fire_01503,-123.637032,39.834099,2021-07-15,2021-08-13
fire_01504,-120.537833,38.586,2021-07-15,2021-08-13
fire_01505,-118.555,36.268,2021-07-17,2021-08-15
fire_01506,-122.601395,38.928133,2021-07-19,2021-08-17
fire_01507,-123.404,41.564,2021-07-19,2021-08-17
fire_01508,-116.659688,33.474823,2021-07-25,2021-08-23
fire_01509,-122.514391,40.616416,2021-07-26,2021-08-24
fire_01510,-120.454797,38.038795,2021-07-26,2021-08-24
fire_01511,-117.440263,34.186147,2021-07-26,2021-08-24
fire_01512,-116.877776,33.918089,2021-07-26,2021-08-24
fire_01513,-121.040771,39.216752,2021-07-26,2021-08-24
fire_01514,-120.402221,37.962933,2021-07-27,2021-08-25
fire_01515,-117.4546,34.25145,2021-07-29,2021-08-27
fire_01516,-117.39309,33.484721,2021-07-29,2021-08-27
fire_01517,-117.466,34.34,2021-07-30,2021-08-28
fire_01518,-123.6744,40.8652,2021-07-30,2021-08-28
fire_01519,-123.52733,41.03877,2021-07-31,2021-08-29
fire_01520,-122.6131992,38.0591827,2021-08-02,2021-08-31
fire_01521,-120.731748,38.529123,2021-08-06,2021-09-04
fire_01522,-121.036613,38.921239,2021-08-06,2021-09-04
fire_01523,-117.111157,33.380079,2021-08-06,2021-09-04
fire_01524,-120.09009,34.6776,2021-08-07,2021-09-05
fire_01525,-118.688821,34.569383,2021-08-12,2021-09-10
fire_01526,-123.202039,39.232362,2021-08-13,2021-09-11
fire_01527,-119.792528,36.89365,2021-08-20,2021-09-18
fire_01528,-117.333215,34.164501,2021-08-23,2021-09-21
fire_01529,-122.416983,38.269863,2021-08-23,2021-09-21
fire_01530,-122.320243,40.729811,2021-08-23,2021-09-21
fire_01531,-123.02375,40.649917,2021-09-05,2021-10-04
fire_01532,-122.436754,40.287225,2021-09-11,2021-10-10
fire_01533,-119.960099,35.983649,2021-09-11,2021-10-10
fire_01534,-122.241128,38.170366,2021-09-11,2021-10-10
fire_01535,-120.136,34.553,2021-09-11,2021-10-10
fire_01536,-122.277441,39.986836,2021-09-14,2021-10-13
fire_01537,-120.358206,41.862388,2021-09-15,2021-10-14
fire_01538,-121.752106,37.013464,2021-09-15,2021-10-14
fire_01539,-121.52692,37.62879,2021-09-24,2021-10-23
fire_01540,-117.487947,33.952633,2021-10-22,2021-11-20
fire_01541,-121.880533,36.396461,2021-12-22,2022-01-20
fire_01542,-117.805666,33.558085,2022-01-11,2022-02-09
fire_01543,-118.371813,37.369355,2022-01-17,2022-02-15
fire_01544,-123.015106,38.46234,2022-01-30,2022-02-28
fire_01545,-122.4073,40.67671,2022-02-02,2022-03-03
fire_01546,-120.2770391,34.4687419,2022-02-10,2022-03-11
fire_01547,-121.9015432,41.9525087,2022-02-10,2022-03-11
fire_01548,-122.3685584,41.4455854,2022-02-10,2022-03-11
fire_01549,-121.692093,41.234712,2022-02-23,2022-03-24
fire_01550,-122.690559,40.44412,2022-03-28,2022-04-26
fire_01551,-115.916687,33.510716,2022-03-31,2022-04-29
fire_01552,-117.462367,34.018021,2022-04-06,2022-05-05
fire_01553,-119.443013,36.974622,2022-04-11,2022-05-10
fire_01554,-117.744398,33.509464,2022-04-11,2022-05-10
fire_01555,-116.900635,33.886637,2022-04-15,2022-05-14
fire_01556,-118.98167,36.051411,2022-04-16,2022-05-15
fire_01557,-118.873889,34.935583,2022-04-19,2022-05-18
fire_01558,-121.998735,38.015611,2022-04-20,2022-05-19
fire_01559,-122.049621,38.824462,2022-04-20,2022-05-19
fire_01560,-123.6641833,38.8733747,2022-04-20,2022-05-19
fire_01561,-122.051923,38.467322,2022-04-21,2022-05-20
fire_01562,-122.275649,40.150329,2022-04-24,2022-05-23
fire_01563,-122.0246463,39.2333948,2022-04-24,2022-05-23
fire_01564,-120.3564497,35.0155237,2022-04-24,2022-05-23
fire_01565,-116.447636,34.090619,2022-04-26,2022-05-25
fire_01566,-114.484173,34.010838,2022-04-26,2022-05-25
fire_01567,-122.270417,38.370078,2022-05-01,2022-05-30
fire_01568,-118.721683,35.199501,2022-05-04,2022-06-02
fire_01569,-116.23339,33.59823,2022-05-05,2022-06-03
fire_01570,-120.56019,35.72373,2022-05-07,2022-06-05
fire_01571,-117.34635,34.31267,2022-05-07,2022-06-05
fire_01572,-121.696808,37.895892,2022-05-10,2022-06-08
fire_01573,-121.431372,39.385829,2022-05-10,2022-06-08
fire_01574,-121.776,40.05,2022-05-11,2022-06-09
fire_01575,-118.9253809,34.9324042,2022-05-12,2022-06-10
fire_01576,-121.392285,39.319804,2022-05-12,2022-06-10
fire_01577,-117.61508,34.355593,2022-05-13,2022-06-11
fire_01578,-116.5882585,32.8134303,2022-05-13,2022-06-11
fire_01579,-116.737119,32.614832,2022-05-14,2022-06-12
fire_01580,-122.45621,40.00919,2022-05-14,2022-06-12
fire_01581,-116.750667,32.567333,2022-05-22,2022-06-20
fire_01582,-122.27742,37.459222,2022-05-22,2022-06-20
fire_01583,-118.889446,34.936618,2022-05-23,2022-06-21
fire_01584,-121.68694,39.37879,2022-05-23,2022-06-21
fire_01585,-122.191103,38.046255,2022-05-24,2022-06-22
fire_01586,-121.903018,37.642217,2022-05-24,2022-06-22
fire_01587,-121.556086,37.365652,2022-05-24,2022-06-22
fire_01588,-121.97785,38.42619,2022-05-24,2022-06-22
fire_01589,-121.97785,38.42619,2022-05-24,2022-06-22
fire_01590,-121.908735,37.97689,2022-05-25,2022-06-23
fire_01591,-117.462524,33.968307,2022-05-26,2022-06-24
fire_01592,-122.359698,41.317476,2022-05-27,2022-06-25
fire_01593,-122.796221,38.323263,2022-05-28,2022-06-26
fire_01594,-122.574563,38.163521,2022-05-28,2022-06-26
fire_01595,-122.55002,39.713372,2022-05-29,2022-06-27
fire_01596,-120.437395,35.136141,2022-05-29,2022-06-27
fire_01597,-121.192271,39.319145,2022-05-29,2022-06-27
fire_01598,-121.650851,39.524038,2022-05-31,2022-06-29
fire_01599,-121.366789,39.480813,2022-05-31,2022-06-29
fire_01600,-119.576797,37.013878,2022-06-01,2022-06-30
fire_01601,-120.819059,35.8640822,2022-06-04,2022-07-03
fire_01602,-120.665415,38.334802,2022-06-04,2022-07-03
fire_01603,-121.430071,39.42972,2022-06-04,2022-07-03
fire_01604,-123.2055576,39.8166571,2022-06-05,2022-07-04
fire_01605,-121.372749,39.300253,2022-06-08,2022-07-07
fire_01606,-119.614,37.499,2022-06-07,2022-07-06
fire_01607,-121.344587,39.020051,2022-06-09,2022-07-08
fire_01608,-116.8460273,32.7947379,2022-06-12,2022-07-11
fire_01609,-122.1347757,38.0936839,2022-06-13,2022-07-12
fire_01610,-122.3182313,40.4411992,2022-06-14,2022-07-13
fire_01611,-121.1183895,38.5570067,2022-06-14,2022-07-13
fire_01612,-122.433855,40.010233,2022-06-16,2022-07-15
fire_01613,-121.340201,38.9848309,2022-06-17,2022-07-16
fire_01614,-116.6077664,32.6077664,2022-06-17,2022-07-16
fire_01615,-123.598273,39.90557,2022-06-17,2022-07-16
fire_01616,-120.02107,37.481701,2022-06-18,2022-07-17
fire_01617,-121.27693,39.314076,2022-06-18,2022-07-17
fire_01618,-123.33756,39.058043,2022-06-19,2022-07-18
fire_01619,-121.656106,37.719206,2022-06-19,2022-07-18
fire_01620,-120.4422218,37.935092,2022-06-21,2022-07-20
fire_01621,-121.604728,36.8927679,2022-06-21,2022-07-20
fire_01622,-119.9234728,37.5509366,2022-06-22,2022-07-21
fire_01623,-120.63742,38.75794,2022-06-26,2022-07-25
fire_01624,-116.7626279,33.0819687,2022-06-27,2022-07-26
fire_01625,-121.304167,39.323167,2022-06-27,2022-07-26
fire_01626,-122.894782,41.833813,2022-06-29,2022-07-28
fire_01627,-117.3463886,34.312437,2022-06-29,2022-07-28
fire_01628,-118.4125811,35.5745007,2022-06-30,2022-07-29
fire_01629,-123.0213226,41.5734543,2022-06-30,2022-07-29
fire_01630,-119.1902259,36.6760553,2022-07-01,2022-07-30
fire_01631,-123.1193265,41.6430162,2022-06-30,2022-07-29
fire_01632,-122.988315,41.640867,2022-07-01,2022-07-30
fire_01633,-118.853671,36.378236,2022-07-03,2022-08-01
fire_01634,-120.50806,37.84349,2022-07-04,2022-08-02
fire_01635,-122.7825581,41.9708541,2022-07-05,2022-08-03
fire_01636,-121.211449,41.060445,2022-07-09,2022-08-07
fire_01637,-118.732882,34.765322,2022-07-11,2022-08-09
fire_01638,-118.6292243,35.2882644,2022-07-15,2022-08-13
fire_01639,-120.9526,39.04941,2022-07-16,2022-08-14
fire_01640,-118.71829,36.17768,2022-07-16,2022-08-14
fire_01641,-121.97822,37.70049,2022-07-16,2022-08-14
fire_01642,-118.60811,34.48202,2022-07-18,2022-08-16
fire_01643,-121.1329,39.2805,2022-07-21,2022-08-19
fire_01644,-122.6556,38.9494,2022-07-21,2022-08-19
fire_01645,-117.8004523,34.2338842,2022-07-26,2022-08-24
fire_01646,-121.1103,39.0543,2022-07-28,2022-08-26
fire_01647,-123.9277,41.4672,2022-07-30,2022-08-28
fire_01648,-123.9477,41.4626,2022-07-30,2022-08-28
fire_01649,-117.8608,34.2026,2022-07-30,2022-08-28
fire_01650,-118.6479,34.5255,2022-08-01,2022-08-30
fire_01651,-116.707395,32.612181,2022-08-01,2022-08-30
fire_01652,-122.3975,40.5336,2022-08-02,2022-08-31
fire_01653,-123.3159,39.3669,2022-08-02,2022-08-31
fire_01654,-120.4013,37.968,2022-08-02,2022-08-31
fire_01655,-122.3852,41.4303,2022-08-03,2022-09-01
fire_01656,-120.7489517,38.0182816,2022-08-03,2022-09-01
fire_01657,-122.627469,41.459009,2022-08-03,2022-09-01
fire_01658,-117.246996,33.432924,2022-08-05,2022-09-03
fire_01659,-116.811345,33.064629,2022-08-06,2022-09-04
fire_01660,-116.893227,33.717062,2022-08-06,2022-09-04
fire_01661,-120.816083,39.1252,2022-08-07,2022-09-05
fire_01662,-116.882,34.177,2022-08-06,2022-09-04
fire_01663,-121.012313,35.580125,2022-08-07,2022-09-05
fire_01664,-119.485927,37.080478,2022-08-07,2022-09-05
fire_01665,-120.7447,39.00591,2022-08-07,2022-09-05
fire_01666,-119.50881,37.21945,2022-08-08,2022-09-06
fire_01667,-121.839853,41.8739166,2022-08-08,2022-09-06
fire_01668,-120.29122,41.87117,2022-08-08,2022-09-06
fire_01669,-121.81822,40.44109,2022-08-10,2022-09-08
fire_01670,-120.8266,39.1902,2022-08-14,2022-09-12
fire_01671,-121.2122,39.9929,2022-08-18,2022-09-16
fire_01672,-122.3414,41.4987,2022-08-28,2022-09-26
fire_01673,-118.50091,37.38939,2022-09-23,2022-10-22
fire_01674,-118.650278,36.319167,2022-07-04,2022-08-02
fire_01675,-116.092746,33.569342,2023-04-15,2023-05-14
fire_01676,-122.47542,40.417676,2023-04-21,2023-05-20
fire_01677,-117.033714,33.823424,2023-04-22,2023-05-21
fire_01678,-119.6801,36.9466,2023-04-30,2023-05-29
fire_01679,-121.3475,39.2349,2023-04-30,2023-05-29
fire_01680,-119.2971,36.678,2023-05-02,2023-05-31
fire_01681,-120.8991,36.7536,2023-05-04,2023-06-02
fire_01682,-118.8582,36.0322,2023-05-04,2023-06-02
fire_01683,-121.3319,36.4647,2023-05-05,2023-06-03
fire_01684,-119.304258,36.70984,2023-05-10,2023-06-08
fire_01685,-120.1499,37.4404,2023-05-11,2023-06-09
fire_01686,-116.0533,33.896,2023-05-11,2023-06-09
fire_01687,-122.7145,39.023,2023-05-15,2023-06-13
fire_01688,-122.5955,40.2869,2023-05-16,2023-06-14
fire_01689,-121.3686,39.3256,2023-05-16,2023-06-14
fire_01690,-122.4379,38.6994,2023-05-17,2023-06-15
fire_01691,-119.0828,36.3002,2023-05-19,2023-06-17
fire_01692,-120.188,36.5737,2023-05-19,2023-06-17
fire_01693,-116.34461,32.734788,2023-05-21,2023-06-19
fire_01694,-117.201092,33.656034,2023-05-21,2023-06-19
fire_01695,-117.138268,33.984167,2023-05-22,2023-06-20
fire_01696,-120.3728742,37.8558452,2023-05-22,2023-06-20
fire_01697,-121.3801,39.258,2023-05-24,2023-06-22
fire_01698,-121.7676,37.9143,2023-05-26,2023-06-24
fire_01699,-119.0137,36.8675,2023-05-28,2023-06-26
fire_01700,-117.330286,33.787329,2023-05-28,2023-06-26
fire_01701,-117.0957,34.0568,2023-05-28,2023-06-26
fire_01702,-118.4252,34.9516,2023-05-31,2023-06-29
fire_01703,-120.798285,38.114444,2023-06-02,2023-07-01
fire_01704,-118.193056,34.516944,2023-06-03,2023-07-02
fire_01705,-117.186767,34.38695,2023-06-04,2023-07-03
fire_01706,-117.153554,33.838928,2023-06-04,2023-07-03
fire_01707,-116.078906,33.583941,2023-06-05,2023-07-04
fire_01708,-117.278984,33.837311,2023-06-05,2023-07-04
fire_01709,-117.0575,33.479,2023-06-06,2023-07-05
fire_01710,-118.9033,34.8866,2023-06-07,2023-07-06
fire_01711,-116.5836,32.6003,2023-06-09,2023-07-08
fire_01712,-120.8169,35.8,2023-06-09,2023-07-08
fire_01713,-117.2616,33.8302,2023-06-11,2023-07-10
fire_01714,-120.98731,38.43948,2023-06-11,2023-07-10
fire_01715,-117.348,33.7505,2023-06-11,2023-07-10
fire_01716,-117.124,33.9364,2023-06-11,2023-07-10
fire_01717,-121.0089,38.2387,2023-06-11,2023-07-10
fire_01718,-117.300098,33.505725,2023-06-12,2023-07-11
fire_01719,-117.068009,33.821929,2023-06-13,2023-07-12
fire_01720,-116.946498,33.907342,2023-06-14,2023-07-13
fire_01721,-117.070916,33.889467,2023-06-14,2023-07-13
fire_01722,-117.358124,33.817004,2023-06-15,2023-07-14
fire_01723,-122.466,39.2694,2023-06-16,2023-07-15
fire_01724,-122.5259,39.6685,2023-06-18,2023-07-17
fire_01725,-120.5689,36.1132,2023-06-18,2023-07-17
fire_01726,-117.2169,33.9835,2023-06-14,2023-07-13
fire_01727,-120.801732,36.490487,2023-06-19,2023-07-18
fire_01728,-117.4261,34.0182,2023-06-19,2023-07-18
fire_01729,-122.3232056,40.7316228,2023-06-24,2023-07-23
fire_01730,-119.1521739,36.6932792,2023-06-25,2023-07-24
fire_01731,-118.507954,34.356691,2023-06-25,2023-07-24
fire_01732,-118.326389,34.438333,2023-06-25,2023-07-24
fire_01733,-121.399989,39.446994,2023-06-26,2023-07-25
fire_01734,-116.7247,33.4769,2023-06-27,2023-07-26
fire_01735,-116.9081,33.9372,2023-06-27,2023-07-26
fire_01736,-118.2148,35.6967,2023-06-28,2023-07-27
fire_01737,-121.6065,37.7356,2023-06-29,2023-07-28
fire_01738,-120.334625,35.458459,2023-06-30,2023-07-29
fire_01739,-115.317389,35.191889,2023-07-02,2023-07-31
fire_01740,-119.988888,36.7611111,2023-07-02,2023-07-31
fire_01741,-120.181725,35.403564,2023-07-02,2023-07-31
fire_01742,-117.11938,33.7995,2023-07-02,2023-07-31
fire_01743,-120.8839,36.9648,2023-07-02,2023-07-31
fire_01744,-118.875657,35.490591,2023-07-02,2023-07-31
fire_01745,-116.76111,33.91436,2023-07-03,2023-08-01
fire_01746,-116.84334,33.602019,2023-07-03,2023-08-01
fire_01747,-121.464716,37.368648,2023-07-04,2023-08-02
fire_01748,-122.624538,40.735974,2023-07-05,2023-08-03
fire_01749,-118.2951023,35.0990626,2023-07-05,2023-08-03
fire_01750,-117.8875,35.78611,2023-07-06,2023-08-04
fire_01751,-119.835808,35.614674,2023-07-07,2023-08-05
fire_01752,-116.3017,32.68535,2023-07-07,2023-08-05
fire_01753,-116.855731,32.994676,2023-07-10,2023-08-08
fire_01754,-117.150639,33.871189,2023-07-10,2023-08-08
fire_01755,-121.68793,39.377918,2023-07-10,2023-08-08
fire_01756,-119.0113,36.5323,2023-07-11,2023-08-09
fire_01757,-120.9783812,36.4392121,2023-07-11,2023-08-09
fire_01758,-118.6027987,35.1387962,2023-07-15,2023-08-13
fire_01759,-120.0574,35.4854,2023-07-16,2023-08-14
fire_01760,-121.5041,41.2477,2023-07-16,2023-08-14
fire_01761,-122.94871,40.93686,2023-07-17,2023-08-15
fire_01762,-122.855,40.036944,2023-07-17,2023-08-15
fire_01763,-123.868447,41.958269,2023-07-16,2023-08-14
fire_01764,-121.67208,37.18725,2023-07-17,2023-08-15
fire_01765,-122.3287,39.6194,2023-07-18,2023-08-16
fire_01766,-116.6415,32.6347,2023-07-18,2023-08-16
fire_01767,-123.045093,41.777554,2023-07-17,2023-08-15
fire_01768,-123.662677,40.623606,2023-07-16,2023-08-14
fire_01769,-119.73328,34.9190169,2023-07-20,2023-08-18
fire_01770,-123.611167,41.017222,2023-07-21,2023-08-19
fire_01771,-122.601667,38.903333,2023-08-07,2023-09-05
fire_01772,-120.7942,38.18291,2023-08-11,2023-09-09
fire_01773,-122.1796,38.3702,2023-08-13,2023-09-11
fire_01774,-118.616,35.2674,2023-08-17,2023-09-15
fire_01775,-117.279764,33.753608,2023-08-27,2023-09-25
fire_01776,-120.9739,35.5421,2023-09-06,2023-10-05
fire_01777,-121.07148,36.0295,2023-09-06,2023-10-05
fire_01778,-121.981732,38.265241,2023-09-07,2023-10-06
fire_01779,-116.857302,33.592915,2023-09-17,2023-10-16
fire_01780,-116.9196,32.598,2023-09-29,2023-10-28
fire_01781,-116.82307,33.438207,2023-09-30,2023-10-29
fire_01782,-120.644,35.2808,2023-09-30,2023-10-29
fire_01783,-120.32318,34.55742,2023-10-10,2023-11-08
fire_01784,-116.99867,33.85008,2023-10-15,2023-11-13
fire_01785,-117.003584,33.839416,2023-10-15,2023-11-13
fire_01786,-116.246207,33.809953,2023-10-20,2023-11-18
fire_01787,-117.46406,33.8438665,2023-10-21,2023-11-19
fire_01788,-116.891493,32.723389,2023-10-24,2023-11-22
fire_01789,-116.7986,32.5666,2023-11-05,2023-12-04
fire_01790,-116.7635,33.9007,2023-11-09,2023-12-08
fire_01791,-118.9938,34.327,2023-11-09,2023-12-08
fire_01792,-118.8696,35.5593,2023-11-15,2023-12-14
fire_01793,-116.7718,32.6036,2023-11-21,2023-12-20
fire_01794,-123.5797,40.636317,2023-07-17,2023-08-15
fire_01795,-119.991667,38.06095,2023-08-10,2023-09-08
fire_01796,-115.82784,33.5103795,2024-01-21,2024-02-19
fire_01797,-121.084104,35.81148,2024-01-28,2024-02-26
fire_01798,-118.026767,36.316401,2024-03-04,2024-04-02
fire_01799,-119.39529,35.153062,2024-03-13,2024-04-11
fire_01800,-121.070752,39.494086,2024-03-22,2024-04-20
fire_01801,-120.097738,35.817759,2024-03-22,2024-04-20
fire_01802,-120.360998,36.730979,2024-03-27,2024-04-25
fire_01803,-120.99063,37.020145,2024-03-31,2024-04-29
fire_01804,-119.33179,35.04847,2024-04-02,2024-05-01
fire_01805,-118.23,34.9117,2024-04-04,2024-05-03
fire_01806,-116.55819,33.858369,2024-04-04,2024-05-03
fire_01807,-121.201005,38.902253,2024-04-02,2024-05-01
fire_01808,-116.807061,33.9208,2024-04-07,2024-05-06
fire_01809,-116.774124,33.903392,2024-04-07,2024-05-06
fire_01810,-118.9429,35.7193,2024-04-10,2024-05-09
fire_01811,-120.340061,36.362559,2024-04-11,2024-05-10
fire_01812,-120.192362,36.137571,2024-04-11,2024-05-10
fire_01813,-116.711161,32.571374,2024-04-11,2024-05-10
fire_01814,-117.601135,35.388107,2024-04-11,2024-05-10
fire_01815,-117.339379,34.602884,2024-04-12,2024-05-11
fire_01816,-116.8004,32.7754088,2024-04-13,2024-05-12
fire_01817,-116.8539685,33.471139,2024-04-14,2024-05-13
fire_01818,-120.652034,37.244144,2024-04-14,2024-05-13
fire_01819,-118.7503007,35.4759526,2024-04-15,2024-05-14
fire_01820,-121.449913,39.693268,2024-04-15,2024-05-14
fire_01821,-120.801731,36.490486,2024-04-15,2024-05-14
fire_01822,-120.33456,36.2748148,2024-04-17,2024-05-16
fire_01823,-116.583317,33.984278,2024-04-18,2024-05-17
fire_01824,-118.99692,34.96545,2024-04-20,2024-05-19
fire_01825,-122.129559,40.014819,2024-04-20,2024-05-19
fire_01826,-122.476758,39.598771,2024-04-21,2024-05-20
fire_01827,-120.31,41.2449,2024-04-21,2024-05-20
fire_01828,-117.170895,33.02113,2024-04-22,2024-05-21
fire_01829,-121.908346,39.539678,2024-04-23,2024-05-22
fire_01830,-120.8471351,36.5097274,2024-04-25,2024-05-24
fire_01831,-117.340976,33.812223,2024-04-25,2024-05-24
fire_01832,-116.901498,33.895775,2024-04-25,2024-05-24
fire_01833,-118.2554355,34.8492868,2024-04-25,2024-05-24
fire_01834,-120.771299,36.850279,2024-04-25,2024-05-24
fire_01835,-119.7858,36.67799,2024-04-25,2024-05-24
fire_01836,-116.76972,32.57583,2024-04-26,2024-05-25
fire_01837,-120.944834,38.017376,2024-04-26,2024-05-25
fire_01838,-119.689804,37.01741,2024-04-26,2024-05-25
fire_01839,-118.05215,34.50941,2024-04-27,2024-05-26
fire_01840,-120.393699,36.43706,2024-04-28,2024-05-27
fire_01841,-119.5572279,34.8936966,2024-04-28,2024-05-27
fire_01842,-119.158199,36.68768,2024-04-28,2024-05-27
fire_01843,-116.600203,33.925778,2024-04-28,2024-05-27
fire_01844,-120.389098,36.501499,2024-04-28,2024-05-27
fire_01845,-119.558308,35.180776,2024-04-28,2024-05-27
fire_01846,-116.917099,33.896179,2024-04-28,2024-05-27
fire_01847,-121.392475,38.728881,2024-04-28,2024-05-27
fire_01848,-120.314598,36.734329,2024-04-29,2024-05-28
fire_01849,-119.520906,36.617148,2024-04-28,2024-05-27
fire_01850,-120.634375,37.828925,2024-04-29,2024-05-28
fire_01851,-119.915199,35.85008,2024-04-29,2024-05-28
fire_01852,-122.398582,40.089713,2024-04-30,2024-05-29
fire_01853,-116.718429,33.56557,2024-04-30,2024-05-29
fire_01854,-116.44756,32.99611,2024-04-30,2024-05-29
fire_01855,-119.962104,37.081421,2024-04-30,2024-05-29
fire_01856,-119.601701,36.842961,2024-04-30,2024-05-29
fire_01857,-120.25511,36.87565,2024-04-30,2024-05-29
fire_01858,-116.792378,34.879647,2024-04-28,2024-05-27
fire_01859,-116.815632,34.88011,2024-04-28,2024-05-27
fire_01860,-116.663042,34.812972,2024-04-28,2024-05-27
fire_01861,-118.25483,34.72107,2024-04-30,2024-05-29
fire_01862,-119.7939,37.01047,2024-05-01,2024-05-30
fire_01863,-117.505873,33.975351,2024-05-01,2024-05-30
fire_01864,-118.4733,35.601284,2024-05-01,2024-05-30
fire_01865,-119.698014,34.9592,2024-05-01,2024-05-30
fire_01866,-120.425878,37.565014,2024-05-01,2024-05-30
fire_01867,-118.82214,35.442336,2024-05-01,2024-05-30
fire_01868,-119.238103,36.573169,2024-05-02,2024-05-31
fire_01869,-121.50259,37.633908,2024-05-02,2024-05-31
fire_01870,-116.806666,32.577083,2024-05-02,2024-05-31
fire_01871,-120.044449,36.974519,2024-05-02,2024-05-31
fire_01872,-116.927045,33.790804,2024-05-03,2024-06-01
fire_01873,-118.254,34.91,2024-04-30,2024-05-29
fire_01874,-118.401334,35.619008,2024-05-04,2024-06-02
fire_01875,-121.568029,37.714616,2024-05-04,2024-06-02
fire_01876,-117.118935,34.68341,2024-05-04,2024-06-02
fire_01877,-120.524741,37.842308,2024-05-05,2024-06-03
fire_01878,-120.657895,36.916374,2024-05-05,2024-06-03
fire_01879,-119.48669,35.113531,2024-05-05,2024-06-03
fire_01880,-117.403656,34.013717,2024-05-06,2024-06-04
fire_01881,-120.094361,35.37367,2024-05-06,2024-06-04
fire_01882,-122.494472,38.55954,2024-05-06,2024-06-04
fire_01883,-120.729222,36.777907,2024-05-07,2024-06-05
fire_01884,-119.94084,35.85594,2024-05-07,2024-06-05
fire_01885,-116.980503,33.910994,2024-05-07,2024-06-05
fire_01886,-118.30848,34.82333,2024-05-07,2024-06-05
fire_01887,-118.46771,35.692183,2024-05-07,2024-06-05
fire_01888,-119.69294,35.735279,2024-05-07,2024-06-05
fire_01889,-120.764998,36.786999,2024-05-08,2024-06-06
fire_01890,-121.765839,37.904572,2024-05-08,2024-06-06
fire_01891,-119.514348,36.991558,2024-05-08,2024-06-06
fire_01892,-117.052745,33.487833,2024-05-08,2024-06-06
fire_01893,-120.834941,36.928296,2024-05-08,2024-06-06
fire_01894,-117.451094,34.520882,2024-05-08,2024-06-06
fire_01895,-122.520453,41.474683,2024-05-08,2024-06-06
fire_01896,-121.702293,37.72154,2024-05-09,2024-06-07
fire_01897,-119.031458,35.64995,2024-05-09,2024-06-07
fire_01898,-117.08492,32.84445,2024-05-09,2024-06-07
fire_01899,-120.772339,35.774138,2024-05-09,2024-06-07
fire_01900,-118.386667,35.346667,2024-05-10,2024-06-08
fire_01901,-121.91945,38.00994,2024-05-10,2024-06-08
fire_01902,-117.785551,34.51346,2024-05-10,2024-06-08
fire_01903,-122.232365,40.111484,2024-05-11,2024-06-09
fire_01904,-121.309465,39.133016,2024-05-11,2024-06-09
fire_01905,-120.79181,38.1179241,2024-05-11,2024-06-09
fire_01906,-122.444022,41.900664,2024-05-11,2024-06-09
fire_01907,-121.660326,37.719182,2024-05-12,2024-06-10
fire_01908,-122.172379,40.354308,2024-05-12,2024-06-10
fire_01909,-117.16739,34.72209,2024-05-12,2024-06-10
fire_01910,-116.75466,33.91768,2024-05-12,2024-06-10
fire_01911,-120.102025,36.074598,2024-05-12,2024-06-10
fire_01912,-118.09927,34.65729,2024-05-12,2024-06-10
fire_01913,-117.188996,34.89273,2024-05-12,2024-06-10
fire_01914,-119.071667,35.506667,2024-05-12,2024-06-10
fire_01915,-119.953932,35.293114,2024-05-13,2024-06-11
fire_01916,-121.17954,38.59179,2024-05-13,2024-06-11
fire_01917,-117.686469,34.498542,2024-05-13,2024-06-11
fire_01918,-121.033739,38.177683,2024-05-14,2024-06-12
fire_01919,-120.028888,39.879737,2024-05-14,2024-06-12
fire_01920,-119.53449,35.50256,2024-05-15,2024-06-13
fire_01921,-121.73844,37.28197,2024-05-16,2024-06-14
fire_01922,-118.8521,34.79208,2024-05-16,2024-06-14
fire_01923,-121.518592,39.369439,2024-05-16,2024-06-14
fire_01924,-120.986676,36.400976,2024-05-16,2024-06-14
fire_01925,-121.355159,39.548761,2024-05-16,2024-06-14
fire_01926,-119.673538,37.207647,2024-05-16,2024-06-14
fire_01927,-118.29017,34.73279,2024-05-16,2024-06-14
fire_01928,-117.28811,34.30769,2024-05-16,2024-06-14
fire_01929,-121.28408,38.52658,2024-05-17,2024-06-15
fire_01930,-117.06443,33.943389,2024-05-17,2024-06-15
fire_01931,-123.012253,38.705475,2024-05-17,2024-06-15
fire_01932,-116.099983,32.655183,2024-05-17,2024-06-15
fire_01933,-117.335667,34.369667,2024-05-17,2024-06-15
fire_01934,-120.635371,37.097775,2024-05-17,2024-06-15
fire_01935,-118.27108,34.67529,2024-05-17,2024-06-15
fire_01936,-122.23967,40.72052,2024-05-17,2024-06-15
fire_01937,-116.583039,33.984079,2024-05-17,2024-06-15
fire_01938,-116.569117,33.847642,2024-05-18,2024-06-16
fire_01939,-120.383187,36.996139,2024-05-18,2024-06-16
fire_01940,-120.056215,37.010829,2024-05-18,2024-06-16
fire_01941,-122.46934,39.31646,2024-05-18,2024-06-16
fire_01942,-118.946399,35.942249,2024-05-18,2024-06-16
fire_01943,-121.855352,36.311477,2024-05-18,2024-06-16
fire_01944,-121.24438,38.54166,2024-05-18,2024-06-16
fire_01945,-120.684174,38.031684,2024-05-18,2024-06-16
fire_01946,-120.968478,37.15858,2024-05-18,2024-06-16
fire_01947,-120.50804,37.843349,2024-05-19,2024-06-17
fire_01948,-119.462711,35.32752,2024-05-20,2024-06-18
fire_01949,-122.984408,39.118221,2024-05-20,2024-06-18
fire_01950,-118.878444,35.382,2024-05-20,2024-06-18
fire_01951,-120.653749,36.960029,2024-05-20,2024-06-18
fire_01952,-118.828001,36.016118,2024-05-20,2024-06-18
fire_01953,-122.234173,38.220139,2024-05-21,2024-06-19
fire_01954,-121.303342,39.458459,2024-05-21,2024-06-19
fire_01955,-121.392475,38.728881,2024-05-21,2024-06-19
fire_01956,-121.057483,37.060845,2024-05-22,2024-06-20
fire_01957,-119.791537,37.313117,2024-05-22,2024-06-20
fire_01958,-119.96709,35.60366,2024-05-22,2024-06-20
fire_01959,-120.835545,35.87405,2024-05-22,2024-06-20
fire_01960,-119.91267,37.154953,2024-05-23,2024-06-21
fire_01961,-116.894511,32.58748,2024-05-23,2024-06-21
fire_01962,-119.419517,36.91237,2024-05-23,2024-06-21
fire_01963,-114.61131,34.85092,2024-05-23,2024-06-21
fire_01964,-119.090599,36.274399,2024-05-23,2024-06-21
fire_01965,-116.927015,33.653953,2024-05-24,2024-06-22
fire_01966,-118.137537,34.974609,2024-05-25,2024-06-23
fire_01967,-117.55522,33.89433,2024-05-25,2024-06-23
fire_01968,-119.35579,36.68179,2024-05-25,2024-06-23
fire_01969,-120.00789,37.42087,2024-05-25,2024-06-23
fire_01970,-120.656478,37.814796,2024-05-25,2024-06-23
fire_01971,-121.3909,38.82437,2024-05-25,2024-06-23
fire_01972,-120.956888,38.029246,2024-05-25,2024-06-23
fire_01973,-121.482631,39.418598,2024-05-25,2024-06-23
fire_01974,-120.171776,37.557104,2024-05-25,2024-06-23
fire_01975,-119.956633,35.61181,2024-05-26,2024-06-24
fire_01976,-123.019703,38.845861,2024-05-26,2024-06-24
fire_01977,-119.345863,36.78113,2024-05-25,2024-06-23
fire_01978,-119.3226,36.631882,2024-05-26,2024-06-24
fire_01979,-118.93111,35.48989,2024-05-26,2024-06-24
fire_01980,-120.596351,37.732422,2024-05-26,2024-06-24
fire_01981,-121.596245,37.744764,2024-05-27,2024-06-25
fire_01982,-119.110336,36.868064,2024-05-27,2024-06-25
fire_01983,-118.325308,34.72313,2024-05-27,2024-06-25
fire_01984,-121.239191,41.884414,2024-05-27,2024-06-25
fire_01985,-121.777999,37.933129,2024-05-27,2024-06-25
fire_01986,-121.457333,37.672148,2024-05-28,2024-06-26
fire_01987,-122.544406,40.477613,2024-05-28,2024-06-26
fire_01988,-121.533535,39.5281902,2024-05-28,2024-06-26
fire_01989,-118.49,38.000167,2024-05-27,2024-06-25
fire_01990,-121.994709,40.402809,2024-05-29,2024-06-27
fire_01991,-120.80076,38.197384,2024-05-29,2024-06-27
fire_01992,-119.985167,38.163167,2024-05-25,2024-06-23
fire_01993,-121.36663,37.422757,2024-05-29,2024-06-27
fire_01994,-120.202099,35.782724,2024-05-29,2024-06-27
fire_01995,-119.50857,37.06783,2024-05-29,2024-06-27
fire_01996,-121.08223,36.21923,2024-05-29,2024-06-27
fire_01997,-117.061943,33.94343,2024-05-30,2024-06-28
fire_01998,-121.5458,37.520283,2024-05-30,2024-06-28
fire_01999,-120.930485,38.895723,2024-05-30,2024-06-28
fire_02000,-117.74823,35.486517,2024-05-30,2024-06-28
fire_02001,-118.64093,34.45733,2024-05-31,2024-06-29
fire_02002,-117.43441,34.04119,2024-05-31,2024-06-29
fire_02003,-119.95363,35.279739,2024-05-31,2024-06-29
fire_02004,-121.335653,37.438803,2024-05-31,2024-06-29
fire_02005,-116.47191,32.717444,2024-06-01,2024-06-30
fire_02006,-117.977028,35.434012,2024-06-01,2024-06-30
fire_02007,-116.231794,32.660837,2024-06-01,2024-06-30
fire_02008,-117.834801,34.432003,2024-06-01,2024-06-30
fire_02009,-120.52602,40.408993,2024-06-01,2024-06-30
fire_02010,-122.585297,38.63744,2024-06-02,2024-07-01
fire_02011,-121.5467,39.53793,2024-06-02,2024-07-01
fire_02012,-122.760479,40.386141,2024-06-02,2024-07-01
fire_02013,-121.91466,38.242509,2024-06-02,2024-07-01
fire_02014,-116.616755,32.582559,2024-06-02,2024-07-01
fire_02015,-121.22114,36.65921,2024-06-02,2024-07-01
fire_02016,-120.774929,38.63826,2024-06-02,2024-07-01
fire_02017,-117.899544,35.608374,2024-06-02,2024-07-01
fire_02018,-117.264072,33.79682,2024-06-02,2024-07-01
fire_02019,-118.750959,35.470889,2024-06-02,2024-07-01
fire_02020,-118.742209,34.294625,2024-06-03,2024-07-02
fire_02021,-119.9569496,35.612809,2024-06-03,2024-07-02
fire_02022,-118.816667,35.633333,2024-06-03,2024-07-02
fire_02023,-123.057551,41.465297,2024-06-03,2024-07-02
fire_02024,-118.3970832,35.10995,2024-06-03,2024-07-02
fire_02025,-122.607362,38.91033,2024-06-03,2024-07-02
fire_02026,-121.392532,38.736113,2024-06-03,2024-07-02
fire_02027,-122.415486,40.439362,2024-06-03,2024-07-02
fire_02028,-120.757128,36.786172,2024-06-03,2024-07-02
fire_02029,-121.507399,39.43511,2024-06-03,2024-07-02
fire_02030,-121.161253,38.493205,2024-06-03,2024-07-02
fire_02031,-118.1935,34.573279,2024-06-03,2024-07-02
fire_02032,-121.23728,37.46973,2024-06-04,2024-07-03
fire_02033,-117.23049,33.72325,2024-06-04,2024-07-03
fire_02034,-122.30328,40.2003,2024-06-04,2024-07-03
fire_02035,-119.2071,35.25322,2024-06-04,2024-07-03
fire_02036,-121.074404,38.483838,2024-06-04,2024-07-03
fire_02037,-119.9771,37.50959,2024-06-04,2024-07-03
fire_02038,-117.191529,33.928252,2024-06-04,2024-07-03
fire_02039,-117.5124,34.50711,2024-06-04,2024-07-03
fire_02040,-121.35037,39.54992,2024-06-04,2024-07-03
fire_02041,-120.206748,37.09824,2024-06-04,2024-07-03
fire_02042,-120.032252,36.974414,2024-06-04,2024-07-03
fire_02043,-120.460411,37.396908,2024-06-05,2024-07-04
fire_02044,-122.04948,40.494374,2024-06-05,2024-07-04
fire_02045,-117.113903,33.757944,2024-06-05,2024-07-04
fire_02046,-120.05765,35.82553,2024-06-05,2024-07-04
fire_02047,-120.044833,34.785,2024-06-05,2024-07-04
fire_02048,-118.506107,34.4792756,2024-06-05,2024-07-04
fire_02049,-118.853661,34.173631,2024-06-05,2024-07-04
fire_02050,-122.539089,40.200879,2024-06-05,2024-07-04
fire_02051,-122.907373,38.742834,2024-06-06,2024-07-05
fire_02052,-120.7549,38.7231,2024-06-06,2024-07-05
fire_02053,-117.131163,34.5444065,2024-06-06,2024-07-05
fire_02054,-117.03341,34.45196,2024-06-06,2024-07-05
fire_02055,-117.3048,33.964275,2024-06-06,2024-07-05
fire_02056,-120.325444,37.7133123,2024-06-06,2024-07-05
fire_02057,-118.90918,34.19518,2024-06-06,2024-07-05
fire_02058,-114.276308,34.169517,2024-06-06,2024-07-05
fire_02059,-117.606101,34.292101,2024-06-07,2024-07-06
fire_02060,-117.293584,33.788907,2024-06-07,2024-07-06
fire_02061,-120.503588,41.256864,2024-06-07,2024-07-06
fire_02062,-120.4168,39.2393,2024-06-07,2024-07-06
fire_02063,-120.998125,37.081199,2024-06-07,2024-07-06
fire_02064,-121.696665,37.66504,2024-06-08,2024-07-07
fire_02065,-119.242623,36.640352,2024-06-08,2024-07-07
fire_02066,-123.38746,39.970543,2024-06-08,2024-07-07
fire_02067,-122.392257,41.884429,2024-06-08,2024-07-07
fire_02068,-120.645939,35.591462,2024-06-08,2024-07-07
fire_02069,-118.651434,35.273067,2024-06-08,2024-07-07
fire_02070,-118.801528,36.026333,2024-06-09,2024-07-08
fire_02071,-121.736403,37.201128,2024-06-09,2024-07-08
fire_02072,-118.023431,34.7192091,2024-06-09,2024-07-08
fire_02073,-120.8765,36.6067,2024-06-09,2024-07-08
fire_02074,-118.3211,34.60698,2024-06-10,2024-07-09
fire_02075,-118.3404,34.43725,2024-06-10,2024-07-09
fire_02076,-123.7729,40.11416,2024-06-10,2024-07-09
fire_02077,-118.783698,34.400099,2024-06-09,2024-07-08
fire_02078,-120.03505,39.803617,2024-06-10,2024-07-09
fire_02079,-121.49395,39.40436,2024-06-11,2024-07-10
fire_02080,-116.165773,32.636552,2024-06-11,2024-07-10
fire_02081,-116.87638,33.95319,2024-06-12,2024-07-11
fire_02082,-120.433304,35.9001968,2024-06-12,2024-07-11
fire_02083,-121.332377,38.8364594,2024-06-12,2024-07-11
fire_02084,-117.02173,33.485557,2024-06-12,2024-07-11
fire_02085,-120.595644,37.112938,2024-06-12,2024-07-11
fire_02086,-119.242617,35.2928626,2024-06-12,2024-07-11
fire_02087,-119.695667,35.199333,2024-06-13,2024-07-12
fire_02088,-119.531779,35.009077,2024-06-13,2024-07-12
fire_02089,-118.533425,34.963024,2024-06-13,2024-07-12
fire_02090,-118.311422,35.986772,2024-06-13,2024-07-12
fire_02091,-118.253976,34.67478,2024-06-13,2024-07-12
fire_02092,-118.746636,35.10343,2024-06-13,2024-07-12
fire_02093,-118.429923,35.9273945,2024-06-13,2024-07-12
fire_02094,-121.179979,40.9067636,2024-06-13,2024-07-12
fire_02095,-121.160755,40.90368,2024-06-13,2024-07-12
fire_02096,-118.057587,36.576457,2024-06-13,2024-07-12
fire_02097,-123.15297,39.041985,2024-06-14,2024-07-13
fire_02098,-120.278024,35.856649,2024-06-14,2024-07-13
fire_02099,-118.40739,35.56702,2024-06-14,2024-07-13
fire_02100,-122.353169,41.765149,2024-06-14,2024-07-13
fire_02101,-123.362,40.3464,2024-06-14,2024-07-13
fire_02102,-119.669093,35.636093,2024-06-14,2024-07-13
fire_02103,-119.76107,35.6453,2024-06-14,2024-07-13
fire_02104,-122.516407,41.787938,2024-06-15,2024-07-14
fire_02105,-119.779871,35.784624,2024-06-15,2024-07-14
fire_02106,-121.369,41.7975,2024-06-15,2024-07-14
fire_02107,-122.684661,38.979194,2024-06-15,2024-07-14
fire_02108,-123.63975,40.7721611,2024-06-15,2024-07-14
fire_02109,-118.257558,34.92221,2024-06-16,2024-07-15
fire_02110,-118.663333,36.759833,2024-06-14,2024-07-13
fire_02111,-116.803223,32.773489,2024-06-17,2024-07-16
fire_02112,-119.0507,35.96289,2024-06-18,2024-07-17
fire_02113,-120.267799,36.29538,2024-06-18,2024-07-17
fire_02114,-120.211458,36.29802,2024-06-18,2024-07-17
fire_02115,-120.876583,36.606754,2024-06-19,2024-07-18
fire_02116,-121.0869519,38.2391935,2024-06-19,2024-07-18
fire_02117,-118.063529,34.5938959,2024-06-19,2024-07-18
fire_02118,-117.139626,34.083439,2024-06-19,2024-07-18
fire_02119,-117.76113,34.239686,2024-06-19,2024-07-18
fire_02120,-118.30239,34.23514,2024-06-19,2024-07-18
fire_02121,-121.156605,38.8807773,2024-06-19,2024-07-18
fire_02122,-119.6859,37.3137,2024-06-19,2024-07-18
fire_02123,-122.457217,39.0329124,2024-06-20,2024-07-19
fire_02124,-117.461546,33.847742,2024-06-20,2024-07-19
fire_02125,-123.344954,39.635533,2024-06-20,2024-07-19
fire_02126,-120.852597,38.031044,2024-06-20,2024-07-19
fire_02127,-120.777302,36.1933173,2024-06-20,2024-07-19
fire_02128,-117.502905,33.824352,2024-06-21,2024-07-20
fire_02129,-117.3727011,33.9278521,2024-06-21,2024-07-20
fire_02130,-121.24303,37.47012,2024-06-21,2024-07-20
fire_02131,-119.782853,34.9842984,2024-06-21,2024-07-20
fire_02132,-117.32122,33.999524,2024-06-22,2024-07-21
fire_02133,-120.154889,35.960403,2024-06-22,2024-07-21
fire_02134,-120.535158,39.726014,2024-06-22,2024-07-21
fire_02135,-120.519727,41.80078,2024-06-22,2024-07-21
fire_02136,-117.112942,33.757839,2024-06-22,2024-07-21
fire_02137,-120.656662,38.2856696,2024-06-23,2024-07-22
fire_02138,-116.568589,32.59738,2024-06-23,2024-07-22
fire_02139,-119.65963,37.152487,2024-06-23,2024-07-22
fire_02140,-121.199629,36.3404047,2024-06-23,2024-07-22
fire_02141,-120.541611,37.430142,2024-06-23,2024-07-22
fire_02142,-119.074167,38.300167,2024-06-23,2024-07-22
fire_02143,-122.369802,41.673939,2024-06-23,2024-07-22
fire_02144,-120.802733,36.362544,2024-06-23,2024-07-22
fire_02145,-120.074549,37.081853,2024-06-23,2024-07-22
fire_02146,-116.741601,33.409448,2024-06-24,2024-07-23
fire_02147,-120.046081,37.51019,2024-06-24,2024-07-23
fire_02148,-122.283667,40.356228,2024-06-24,2024-07-23
fire_02149,-121.76168,39.7789,2024-06-24,2024-07-23
fire_02150,-121.304529,41.742143,2024-06-24,2024-07-23
fire_02151,-120.0485,40.914833,2024-06-23,2024-07-22
fire_02152,-122.768983,38.590922,2024-06-24,2024-07-23
fire_02153,-121.680996,39.638817,2024-06-24,2024-07-23
fire_02154,-118.934596,35.99271,2024-06-25,2024-07-24
fire_02155,-122.87667,39.140133,2024-06-25,2024-07-24
fire_02156,-117.26745,34.042687,2024-06-25,2024-07-24
fire_02157,-117.383235,33.656742,2024-06-25,2024-07-24
fire_02158,-121.69605,37.724532,2024-06-25,2024-07-24
fire_02159,-118.245656,34.50523,2024-06-26,2024-07-25
fire_02160,-121.4764,37.7146,2024-06-26,2024-07-25
fire_02161,-121.99056,38.02175,2024-06-26,2024-07-25
fire_02162,-121.830534,37.515462,2024-06-26,2024-07-25
fire_02163,-119.601794,36.573716,2024-06-26,2024-07-25
fire_02164,-120.802822,38.222987,2024-06-27,2024-07-26
fire_02165,-123.590238,39.418982,2024-06-27,2024-07-26
fire_02166,-117.204108,33.856642,2024-06-27,2024-07-26
fire_02167,-117.257982,33.826534,2024-06-27,2024-07-26
fire_02168,-117.393766,33.731572,2024-06-28,2024-07-27
fire_02169,-116.699961,32.576716,2024-06-28,2024-07-27
fire_02170,-118.61484,36.98268,2024-06-25,2024-07-24
fire_02171,-124.362017,40.368506,2024-06-28,2024-07-27
fire_02172,-116.7805,33.4773,2024-06-29,2024-07-28
fire_02173,-122.404759,40.002008,2024-06-29,2024-07-28
fire_02174,-116.782856,33.910649,2024-06-29,2024-07-28
fire_02175,-116.6961,32.5736,2024-06-30,2024-07-29
fire_02176,-119.394,37.1336,2024-06-29,2024-07-28
fire_02177,-120.31848,37.689773,2024-06-30,2024-07-29
fire_02178,-120.341894,41.842269,2024-06-17,2024-07-16
fire_02179,-120.561774,35.7205881,2024-06-30,2024-07-29
fire_02180,-118.6836,35.515,2024-06-24,2024-07-23
fire_02181,-117.172494,34.413261,2024-06-30,2024-07-29
fire_02182,-118.738174,36.850037,2024-06-16,2024-07-15
fire_02183,-121.213195,37.068124,2024-07-01,2024-07-30
fire_02184,-117.166941,33.582198,2024-07-03,2024-08-01
fire_02185,-120.507495,37.353634,2024-07-04,2024-08-02
fire_02186,-118.475521,34.172602,2024-07-04,2024-08-02
fire_02187,-117.318087,33.671261,2024-07-05,2024-08-03
fire_02188,-117.970987,35.633966,2024-07-05,2024-08-03
fire_02189,-122.176593,40.393586,2024-07-06,2024-08-04
fire_02190,-123.807764,40.08453,2024-07-06,2024-08-04
fire_02191,-119.704567,37.862367,2024-07-05,2024-08-03
fire_02192,-117.3043742,34.1516679,2024-07-06,2024-08-04
fire_02193,-120.833961,38.217239,2024-07-08,2024-08-06
fire_02194,-121.020844,38.7027118,2024-07-08,2024-08-06
fire_02195,-121.35725,39.46018,2024-07-08,2024-08-06
fire_02196,-119.615283,37.9043,2024-07-05,2024-08-03
fire_02197,-120.291882,36.954837,2024-07-09,2024-08-07
fire_02198,-120.21464,37.978113,2024-07-09,2024-08-07
fire_02199,-123.5113,41.2522,2024-07-10,2024-08-08
fire_02200,-122.0501,38.3073,2024-07-10,2024-08-08
fire_02201,-118.364146,35.0307313,2024-07-10,2024-08-08
fire_02202,-117.282555,33.822694,2024-07-11,2024-08-09
fire_02203,-120.427903,38.324942,2024-07-11,2024-08-09
fire_02204,-122.449341,40.581893,2024-07-11,2024-08-09
fire_02205,-118.419612,35.33324,2024-07-11,2024-08-09
fire_02206,-117.292525,33.640118,2024-07-11,2024-08-09
fire_02207,-121.054386,38.427179,2024-07-12,2024-08-10
fire_02208,-118.3419912,35.0200352,2024-07-13,2024-08-11
fire_02209,-121.23737,37.471329,2024-07-13,2024-08-11
fire_02210,-122.509941,39.07015,2024-07-13,2024-08-11
fire_02211,-116.927749,32.717599,2024-07-13,2024-08-11
fire_02212,-122.562044,38.043415,2024-07-14,2024-08-12
fire_02213,-117.368598,33.3073021,2024-07-14,2024-08-12
fire_02214,-117.8406047,34.284624,2024-07-14,2024-08-12
fire_02215,-118.768,36.38857,2024-07-04,2024-08-02
fire_02216,-120.32559,37.181034,2024-07-14,2024-08-12
fire_02217,-121.604861,37.809344,2024-07-15,2024-08-13
fire_02218,-116.650391,33.922735,2024-07-15,2024-08-13
fire_02219,-120.313718,37.630738,2024-07-16,2024-08-14
fire_02220,-120.238125,37.349442,2024-07-16,2024-08-14
fire_02221,-117.463332,34.475777,2024-07-17,2024-08-15
fire_02222,-118.8709169,35.4189737,2024-07-17,2024-08-15
fire_02223,-120.901571,35.578845,2024-07-18,2024-08-16
fire_02224,-121.561366,39.468991,2024-07-18,2024-08-16
fire_02225,-119.792619,36.909429,2024-07-19,2024-08-17
fire_02226,-121.585729,37.740555,2024-07-20,2024-08-18
fire_02227,-121.038125,35.8378,2024-07-20,2024-08-18
fire_02228,-121.740217,37.665174,2024-07-20,2024-08-18
fire_02229,-121.6971111,37.7055278,2024-07-20,2024-08-18
fire_02230,-121.8572856,38.193824,2024-07-20,2024-08-18
fire_02231,-121.7338333,37.333444,2024-07-20,2024-08-18
fire_02232,-120.644048,35.275553,2024-07-21,2024-08-19
fire_02233,-120.582252,35.704967,2024-07-21,2024-08-19
fire_02234,-120.195855,34.5337178,2024-07-21,2024-08-19
fire_02235,-117.08414,33.71271,2024-07-21,2024-08-19
fire_02236,-122.171501,38.252807,2024-07-22,2024-08-20
fire_02237,-120.959582,37.372385,2024-07-22,2024-08-20
fire_02238,-118.288398,34.29046,2024-07-22,2024-08-20
fire_02239,-120.828003,38.190649,2024-07-22,2024-08-20
fire_02240,-117.49379,33.9689911,2024-07-23,2024-08-21
fire_02241,-116.869456,33.9009,2024-07-23,2024-08-21
fire_02242,-121.251908,38.3809,2024-07-23,2024-08-21
fire_02243,-121.312694,39.037213,2024-07-24,2024-08-22
fire_02244,-119.053499,35.805079,2024-07-24,2024-08-22
fire_02245,-120.064,34.506,2024-07-24,2024-08-22
fire_02246,-118.7548048,34.6592518,2024-07-24,2024-08-22
fire_02247,-116.846198,33.928939,2024-07-24,2024-08-22
fire_02248,-116.92502,32.675679,2024-07-24,2024-08-22
fire_02249,-120.360998,36.730979,2024-07-25,2024-08-23
fire_02250,-117.340037,34.318425,2024-07-25,2024-08-23
fire_02251,-117.204094,34.701134,2024-07-25,2024-08-23
fire_02252,-117.403313,33.583553,2024-07-26,2024-08-24
fire_02253,-119.416517,37.756167,2024-07-04,2024-08-02
fire_02254,-121.033398,37.115241,2024-07-26,2024-08-24
fire_02255,-116.9496357,33.7580149,2024-07-26,2024-08-24
fire_02256,-121.297565,38.496413,2024-07-27,2024-08-25
fire_02257,-121.279094,38.524067,2024-07-27,2024-08-25
fire_02258,-117.077204,34.452109,2024-07-28,2024-08-26
fire_02259,-118.958785,35.5497,2024-07-28,2024-08-26
fire_02260,-117.559695,34.4045559,2024-07-28,2024-08-26
fire_02261,-117.0764,33.2902,2024-07-29,2024-08-27
fire_02262,-122.520366,38.233952,2024-07-29,2024-08-27
fire_02263,-120.499717,38.361834,2024-07-29,2024-08-27
fire_02264,-118.426716,35.694044,2024-07-30,2024-08-28
fire_02265,-122.743925,38.264246,2024-07-30,2024-08-28
fire_02266,-121.71679,37.777334,2024-07-30,2024-08-28
fire_02267,-122.560451,39.993914,2024-08-01,2024-08-30
fire_02268,-117.112489,33.758036,2024-08-01,2024-08-30
fire_02269,-117.856102,34.25914,2024-08-01,2024-08-30
fire_02270,-120.533933,35.655361,2024-08-01,2024-08-30
fire_02271,-121.632921,37.838349,2024-08-01,2024-08-30
fire_02272,-122.156703,38.207676,2024-08-02,2024-08-31
fire_02273,-116.9476,33.8126,2024-08-02,2024-08-31
fire_02274,-121.129602,36.015369,2024-08-02,2024-08-31
fire_02275,-120.21859,39.596704,2024-08-03,2024-09-01
fire_02276,-121.69988,39.73984,2024-08-03,2024-09-01
fire_02277,-117.953154,34.122607,2024-08-03,2024-09-01
fire_02278,-120.310758,37.083449,2024-08-03,2024-09-01
fire_02279,-120.623763,35.313339,2024-08-04,2024-09-02
fire_02280,-120.58848,36.12175,2024-08-04,2024-09-02
fire_02281,-118.248827,34.876586,2024-08-04,2024-09-02
fire_02282,-116.651385,33.472372,2024-08-05,2024-09-03
fire_02283,-117.297767,33.773143,2024-08-05,2024-09-03
fire_02284,-120.750881,37.055082,2024-08-06,2024-09-04
fire_02285,-120.24039,36.13751,2024-08-06,2024-09-04
fire_02286,-117.154705,34.121119,2024-08-06,2024-09-04
fire_02287,-123.186117,39.351831,2024-08-07,2024-09-05
fire_02288,-116.738699,33.758174,2024-08-07,2024-09-05
fire_02289,-117.40342,33.44756,2024-08-07,2024-09-05
fire_02290,-116.357286,32.700797,2024-08-08,2024-09-06
fire_02291,-117.3623,33.4088,2024-08-08,2024-09-06
fire_02292,-123.6761,41.1088,2024-08-08,2024-09-06
fire_02293,-120.30277,36.639321,2024-08-08,2024-09-06
fire_02294,-122.61065,38.92934,2024-08-09,2024-09-07
fire_02295,-117.7625,34.2396,2024-08-09,2024-09-07
fire_02296,-120.6975,38.82889,2024-07-07,2024-08-05
fire_02297,-117.135771,33.353446,2024-08-09,2024-09-07
fire_02298,-120.814317,38.361232,2024-08-10,2024-09-08
fire_02299,-117.566221,33.6676762,2024-08-10,2024-09-08
fire_02300,-116.91162,33.917991,2024-08-10,2024-09-08
fire_02301,-118.62193,35.2659,2024-08-10,2024-09-08
fire_02302,-118.53335,34.77011,2024-08-11,2024-09-09
fire_02303,-116.30113,33.803944,2024-08-11,2024-09-09
fire_02304,-121.6060708,37.7952949,2024-08-11,2024-09-09
fire_02305,-121.997014,38.0115396,2024-08-12,2024-09-10
fire_02306,-118.045033,34.50295,2024-08-12,2024-09-10
fire_02307,-119.536893,35.863675,2024-08-12,2024-09-10
fire_02308,-121.42105,39.48058,2024-08-13,2024-09-11
fire_02309,-120.840433,38.545436,2024-08-15,2024-09-13
fire_02310,-122.485218,38.145843,2024-08-16,2024-09-14
fire_02311,-119.189459,36.682583,2024-08-16,2024-09-14
fire_02312,-120.35679,34.59556,2024-08-17,2024-09-15
fire_02313,-122.307297,39.93192,2024-08-18,2024-09-16
fire_02314,-120.259824,36.15407,2024-08-20,2024-09-18
fire_02315,-122.656105,38.187148,2024-08-24,2024-09-22
fire_02316,-122.284309,40.201159,2024-08-27,2024-09-25
fire_02317,-121.054386,38.427179,2024-08-28,2024-09-26
fire_02318,-121.147092,36.493781,2024-08-28,2024-09-26
fire_02319,-116.099893,33.540008,2024-08-28,2024-09-26
fire_02320,-118.84398,35.374332,2024-08-28,2024-09-26
fire_02321,-118.1176558,34.5352699,2024-08-29,2024-09-27
fire_02322,-120.274,34.50334,2024-08-30,2024-09-28
fire_02323,-120.005229,35.351479,2024-08-31,2024-09-29
fire_02324,-120.49265,38.4546979,2024-08-31,2024-09-29
fire_02325,-118.616267,34.497433,2024-09-02,2024-10-01
fire_02326,-119.939391,38.250731,2024-09-02,2024-10-01
fire_02327,-123.654313,40.471128,2024-09-02,2024-10-01
fire_02328,-118.7641,34.46437,2024-09-03,2024-10-02
fire_02329,-120.08283,35.854009,2024-09-03,2024-10-02
fire_02330,-122.718183,39.026764,2024-09-04,2024-10-03
fire_02331,-118.190532,34.957874,2024-09-04,2024-10-03
fire_02332,-119.5922,36.69212,2024-09-04,2024-10-03
fire_02333,-119.645931,36.692574,2024-09-04,2024-10-03
fire_02334,-120.834831,39.227018,2024-09-05,2024-10-04
fire_02335,-122.153187,39.218344,2024-09-03,2024-10-02
fire_02336,-120.144717,40.887485,2024-09-06,2024-10-05
fire_02337,-121.652642,41.281183,2024-09-06,2024-10-05
fire_02338,-121.3681,39.3574,2024-09-06,2024-10-05
fire_02339,-123.820482,40.176118,2024-09-06,2024-10-05
fire_02340,-116.424495,32.723782,2024-09-07,2024-10-06
fire_02341,-120.94668,41.19492,2024-09-08,2024-10-07
fire_02342,-121.563092,36.378918,2024-09-08,2024-10-07
fire_02343,-116.683446,33.555137,2024-09-09,2024-10-08
fire_02344,-122.10167,40.923444,2024-09-09,2024-10-08
fire_02345,-117.441832,33.733233,2024-09-11,2024-10-10
fire_02346,-117.076404666916,33.8185182621934,2024-09-13,2024-10-12
fire_02347,-117.0375417,33.9239548,2024-09-13,2024-10-12
fire_02348,-120.133664,35.318949,2024-09-15,2024-10-14
fire_02349,-120.435273,35.375211,2024-09-17,2024-10-16
fire_02350,-120.430379,34.98749,2024-09-17,2024-10-16
fire_02351,-121.8584227,38.3151744,2024-09-18,2024-10-17
fire_02352,-122.1569455,37.7741494,2024-09-18,2024-10-17
fire_02353,-117.401904,33.979878,2024-09-18,2024-10-17
fire_02354,-120.182476,36.03643,2024-09-19,2024-10-18
fire_02355,-120.758104,35.342748,2024-09-19,2024-10-18
fire_02356,-121.965973,39.4643049,2024-09-19,2024-10-18
fire_02357,-118.1033,35.45554,2024-09-19,2024-10-18
fire_02358,-117.479583,34.017513,2024-09-19,2024-10-18
fire_02359,-121.48061,39.293028,2024-09-21,2024-10-20
fire_02360,-120.300799,36.281579,2024-09-24,2024-10-23
fire_02361,-116.87992,33.443458,2024-09-24,2024-10-23
fire_02362,-120.259123,34.62078,2024-09-24,2024-10-23
fire_02363,-120.164271,36.048799,2024-09-26,2024-10-25
fire_02364,-117.467864,34.35491,2024-09-26,2024-10-25
fire_02365,-118.858046,36.229517,2024-09-28,2024-10-27
fire_02366,-121.972909,40.24402,2024-09-30,2024-10-29
fire_02367,-117.01352,32.69011,2024-10-01,2024-10-30
fire_02368,-117.09495,32.77126,2024-10-01,2024-10-30
fire_02369,-122.132235,39.925884,2024-10-04,2024-11-02
fire_02370,-116.90239,33.886528,2024-10-05,2024-11-03
fire_02371,-118.9689,34.3189,2024-10-07,2024-11-05
fire_02372,-118.704833,34.033917,2024-10-07,2024-11-05
fire_02373,-123.420067,40.342148,2024-10-06,2024-11-04
fire_02374,-122.426405,40.432155,2024-10-07,2024-11-05
fire_02375,-119.011663,36.393723,2024-10-07,2024-11-05
fire_02376,-118.139117,36.496333,2024-09-30,2024-10-29
fire_02377,-118.749654,34.615371,2024-10-08,2024-11-06
fire_02378,-120.501728,34.691118,2024-10-08,2024-11-06
fire_02379,-117.18097,33.33393,2024-10-09,2024-11-07
fire_02380,-116.64017,33.286514,2024-10-09,2024-11-07
fire_02381,-118.007,37.0211,2024-10-12,2024-11-10
fire_02382,-119.966199,35.96313,2024-10-13,2024-11-11
fire_02383,-120.446162,40.361854,2024-10-14,2024-11-12
fire_02384,-120.781992,36.862905,2024-10-15,2024-11-13
fire_02385,-120.485099,36.531149,2024-10-17,2024-11-15
fire_02386,-120.654725,35.956529,2024-10-18,2024-11-16
fire_02387,-120.730521,38.205892,2024-10-21,2024-11-19
fire_02388,-116.93722,32.72754,2024-10-21,2024-11-19
fire_02389,-114.513662,33.963907,2024-10-21,2024-11-19
fire_02390,-120.944749,38.00025,2024-10-22,2024-11-20
fire_02391,-120.986172,38.379304,2024-10-22,2024-11-20
fire_02392,-121.141238,36.203824,2024-10-22,2024-11-20
fire_02393,-119.926528,37.051003,2024-10-23,2024-11-21
fire_02394,-116.9079487,32.5891998,2024-10-24,2024-11-22
fire_02395,-117.481178,34.034077,2024-10-29,2024-11-27
fire_02396,-120.419992,36.443544,2024-11-02,2024-12-01
fire_02397,-118.69642,34.06343,2024-11-09,2024-12-08
fire_02398,-117.3543,34.6492,2024-11-10,2024-12-09
fire_02399,-119.61551,35.27248,2024-11-14,2024-12-13
fire_02400,-117.440844,34.002023,2024-11-17,2024-12-16
fire_02401,-119.477,34.9868,2024-11-21,2024-12-20
fire_02402,-119.367525,35.3858693,2024-06-14,2024-07-13
fire_02403,-119.624655,35.5879546,2024-06-15,2024-07-14
